year,month,month_name,district,division,water_area_km2,total_area_km2,water_fraction,water_area_calibrated_km2,season
2015,1,January,Bagerhat,Khulna,674.55,3965.62,0.1701,333.9,Dry Winter (Dec-Feb)
2015,1,January,Bandarban,Chittagong,1988.59,5000.66,0.397666,984.2,Dry Winter (Dec-Feb)
2015,1,January,Barguna,Barisal,153.88,1547.28,0.099453,76.2,Dry Winter (Dec-Feb)
2015,1,January,Barisal,Barisal,423.67,2767.25,0.153101,209.7,Dry Winter (Dec-Feb)
2015,1,January,Bhola,Barisal,643.95,2471.69,0.260531,318.7,Dry Winter (Dec-Feb)
2015,1,January,Bogra,Rajshahi,146.12,3233.63,0.045188,72.3,Dry Winter (Dec-Feb)
2015,1,January,Brahamanbaria,Chittagong,998.53,2104.07,0.474569,494.2,Dry Winter (Dec-Feb)
2015,1,January,Chandpur,Chittagong,240.49,1864.17,0.129006,119.0,Dry Winter (Dec-Feb)
2015,1,January,Chittagong,Chittagong,2358.09,4736.75,0.497829,1167.1,Dry Winter (Dec-Feb)
2015,1,January,Chuadanga,Khulna,518.95,1233.0,0.42088,256.9,Dry Winter (Dec-Feb)
2015,1,January,Comilla,Chittagong,1743.53,3351.85,0.520168,863.0,Dry Winter (Dec-Feb)
2015,1,January,Cox's Bazar,Chittagong,919.28,2206.6,0.416603,455.0,Dry Winter (Dec-Feb)
2015,1,January,Dhaka,Dhaka,900.68,1611.18,0.559018,445.8,Dry Winter (Dec-Feb)
2015,1,January,Dinajpur,Rangpur,1017.72,3829.09,0.265787,503.7,Dry Winter (Dec-Feb)
2015,1,January,Faridpur,Dhaka,829.25,2227.54,0.372273,410.4,Dry Winter (Dec-Feb)
2015,1,January,Feni,Chittagong,531.66,960.78,0.553365,263.1,Dry Winter (Dec-Feb)
2015,1,January,Gaibandha,Rangpur,77.54,2410.25,0.032171,38.4,Dry Winter (Dec-Feb)
2015,1,January,Gazipur,Dhaka,1141.37,1940.74,0.588113,564.9,Dry Winter (Dec-Feb)
2015,1,January,Gopalganj,Dhaka,750.37,1602.77,0.468171,371.4,Dry Winter (Dec-Feb)
2015,1,January,Habiganj,Sylhet,1740.9,2857.81,0.609171,861.6,Dry Winter (Dec-Feb)
2015,1,January,Jamalpur,Dhaka,200.43,2272.36,0.088203,99.2,Dry Winter (Dec-Feb)
2015,1,January,Jessore,Khulna,601.07,2784.67,0.215851,297.5,Dry Winter (Dec-Feb)
2015,1,January,Jhalokati,Barisal,33.45,807.93,0.041403,16.6,Dry Winter (Dec-Feb)
2015,1,January,Jhenaidah,Khulna,805.98,2143.26,0.376055,398.9,Dry Winter (Dec-Feb)
2015,1,January,Joypurhat,Rajshahi,314.22,1081.54,0.29053,155.5,Dry Winter (Dec-Feb)
2015,1,January,Khagrachhari,Chittagong,1934.0,3108.48,0.622169,957.2,Dry Winter (Dec-Feb)
2015,1,January,Khulna,Khulna,736.16,3868.06,0.190317,364.4,Dry Winter (Dec-Feb)
2015,1,January,Kishoreganj,Dhaka,1214.39,2821.62,0.430389,601.1,Dry Winter (Dec-Feb)
2015,1,January,Kurigram,Rangpur,352.73,2481.86,0.142123,174.6,Dry Winter (Dec-Feb)
2015,1,January,Kushtia,Khulna,116.09,1830.28,0.063429,57.5,Dry Winter (Dec-Feb)
2015,1,January,Lakshmipur,Chittagong,283.75,1573.07,0.180383,140.4,Dry Winter (Dec-Feb)
2015,1,January,Lalmonirhat,Rangpur,57.87,1381.75,0.041878,28.6,Dry Winter (Dec-Feb)
2015,1,January,Madaripur,Dhaka,69.27,1257.23,0.055101,34.3,Dry Winter (Dec-Feb)
2015,1,January,Magura,Khulna,460.15,1143.98,0.402233,227.7,Dry Winter (Dec-Feb)
2015,1,January,Manikganj,Dhaka,171.1,1531.92,0.111687,84.7,Dry Winter (Dec-Feb)
2015,1,January,Maulvibazar,Sylhet,1159.79,2819.05,0.411412,574.0,Dry Winter (Dec-Feb)
2015,1,January,Meherpur,Khulna,384.27,732.79,0.52439,190.2,Dry Winter (Dec-Feb)
2015,1,January,Munshiganj,Dhaka,83.18,1036.66,0.080237,41.2,Dry Winter (Dec-Feb)
2015,1,January,Mymensingh,Dhaka,3068.42,4784.19,0.641367,1518.7,Dry Winter (Dec-Feb)
2015,1,January,Naogaon,Rajshahi,2077.3,3823.94,0.543236,1028.1,Dry Winter (Dec-Feb)
2015,1,January,Narail,Khulna,66.79,1072.86,0.062251,33.1,Dry Winter (Dec-Feb)
2015,1,January,Narayanganj,Dhaka,368.94,832.16,0.443355,182.6,Dry Winter (Dec-Feb)
2015,1,January,Narsingdi,Dhaka,62.02,1281.34,0.048399,30.7,Dry Winter (Dec-Feb)
2015,1,January,Natore,Rajshahi,902.17,2101.7,0.42926,446.5,Dry Winter (Dec-Feb)
2015,1,January,Nawabganj,Rajshahi,787.4,1804.38,0.43638,389.7,Dry Winter (Dec-Feb)
2015,1,January,Netrakona,Dhaka,1639.4,3089.39,0.530653,811.4,Dry Winter (Dec-Feb)
2015,1,January,Nilphamari,Rangpur,36.58,1836.84,0.019914,18.1,Dry Winter (Dec-Feb)
2015,1,January,Noakhali,Chittagong,101.75,2642.03,0.038513,50.4,Dry Winter (Dec-Feb)
2015,1,January,Pabna,Rajshahi,745.24,2634.14,0.282917,368.9,Dry Winter (Dec-Feb)
2015,1,January,Panchagarh,Rangpur,810.14,1548.93,0.52303,401.0,Dry Winter (Dec-Feb)
2015,1,January,Patuakhali,Barisal,204.18,2730.09,0.074789,101.1,Dry Winter (Dec-Feb)
2015,1,January,Pirojpur,Barisal,93.46,1365.69,0.068437,46.3,Dry Winter (Dec-Feb)
2015,1,January,Rajbari,Dhaka,107.02,1249.73,0.085636,53.0,Dry Winter (Dec-Feb)
2015,1,January,Rajshahi,Rajshahi,533.37,2664.72,0.20016,264.0,Dry Winter (Dec-Feb)
2015,1,January,Rangamati,Chittagong,418.77,6226.79,0.067252,207.3,Dry Winter (Dec-Feb)
2015,1,January,Rangpur,Rangpur,120.36,2572.65,0.046785,59.6,Dry Winter (Dec-Feb)
2015,1,January,Satkhira,Khulna,983.86,3543.74,0.277632,487.0,Dry Winter (Dec-Feb)
2015,1,January,Shariatpur,Dhaka,168.49,1362.06,0.123702,83.4,Dry Winter (Dec-Feb)
2015,1,January,Sherpur,Dhaka,1056.98,1455.19,0.72635,523.1,Dry Winter (Dec-Feb)
2015,1,January,Sirajganj,Rajshahi,337.79,2755.65,0.122582,167.2,Dry Winter (Dec-Feb)
2015,1,January,Sunamganj,Sylhet,595.8,4043.04,0.147363,294.9,Dry Winter (Dec-Feb)
2015,1,January,Sylhet,Sylhet,2121.93,3847.75,0.551473,1050.2,Dry Winter (Dec-Feb)
2015,1,January,Tangail,Dhaka,2035.62,3707.07,0.54912,1007.5,Dry Winter (Dec-Feb)
2015,1,January,Thakurgaon,Rangpur,1267.62,2008.93,0.63099,627.4,Dry Winter (Dec-Feb)
2015,2,February,Bagerhat,Khulna,595.49,3965.62,0.150164,294.7,Dry Winter (Dec-Feb)
2015,2,February,Bandarban,Chittagong,3036.62,4999.8,0.607348,1503.0,Dry Winter (Dec-Feb)
2015,2,February,Barguna,Barisal,156.15,1547.28,0.10092,77.3,Dry Winter (Dec-Feb)
2015,2,February,Barisal,Barisal,392.75,2767.25,0.141927,194.4,Dry Winter (Dec-Feb)
2015,2,February,Bhola,Barisal,607.48,2471.69,0.245775,300.7,Dry Winter (Dec-Feb)
2015,2,February,Bogra,Rajshahi,1215.46,3233.63,0.375881,601.6,Dry Winter (Dec-Feb)
2015,2,February,Brahamanbaria,Chittagong,941.6,2104.07,0.447512,466.0,Dry Winter (Dec-Feb)
2015,2,February,Chandpur,Chittagong,230.85,1864.17,0.123834,114.3,Dry Winter (Dec-Feb)
2015,2,February,Chittagong,Chittagong,2112.13,4736.75,0.445903,1045.4,Dry Winter (Dec-Feb)
2015,2,February,Chuadanga,Khulna,461.96,1233.0,0.374666,228.6,Dry Winter (Dec-Feb)
2015,2,February,Comilla,Chittagong,1560.41,3351.85,0.465536,772.3,Dry Winter (Dec-Feb)
2015,2,February,Cox's Bazar,Chittagong,943.39,2206.3,0.42759,466.9,Dry Winter (Dec-Feb)
2015,2,February,Dhaka,Dhaka,844.87,1611.18,0.52438,418.2,Dry Winter (Dec-Feb)
2015,2,February,Dinajpur,Rangpur,1643.76,3829.09,0.429283,813.6,Dry Winter (Dec-Feb)
2015,2,February,Faridpur,Dhaka,802.47,2227.54,0.36025,397.2,Dry Winter (Dec-Feb)
2015,2,February,Feni,Chittagong,443.48,960.76,0.461596,219.5,Dry Winter (Dec-Feb)
2015,2,February,Gaibandha,Rangpur,321.92,2410.25,0.133562,159.3,Dry Winter (Dec-Feb)
2015,2,February,Gazipur,Dhaka,1308.49,1940.02,0.674474,647.6,Dry Winter (Dec-Feb)
2015,2,February,Gopalganj,Dhaka,748.43,1602.77,0.466961,370.4,Dry Winter (Dec-Feb)
2015,2,February,Habiganj,Sylhet,1242.53,2857.16,0.434882,615.0,Dry Winter (Dec-Feb)
2015,2,February,Jamalpur,Dhaka,777.81,2272.36,0.342294,385.0,Dry Winter (Dec-Feb)
2015,2,February,Jessore,Khulna,515.73,2784.67,0.185202,255.3,Dry Winter (Dec-Feb)
2015,2,February,Jhalokati,Barisal,34.34,807.93,0.042506,17.0,Dry Winter (Dec-Feb)
2015,2,February,Jhenaidah,Khulna,741.74,2015.52,0.368016,367.1,Dry Winter (Dec-Feb)
2015,2,February,Joypurhat,Rajshahi,524.28,1081.54,0.484753,259.5,Dry Winter (Dec-Feb)
2015,2,February,Khagrachhari,Chittagong,1852.94,3107.25,0.596326,917.1,Dry Winter (Dec-Feb)
2015,2,February,Khulna,Khulna,565.64,3868.06,0.146232,280.0,Dry Winter (Dec-Feb)
2015,2,February,Kishoreganj,Dhaka,1048.83,2820.2,0.371901,519.1,Dry Winter (Dec-Feb)
2015,2,February,Kurigram,Rangpur,460.37,2481.86,0.185494,227.9,Dry Winter (Dec-Feb)
2015,2,February,Kushtia,Khulna,177.65,1830.28,0.097063,87.9,Dry Winter (Dec-Feb)
2015,2,February,Lakshmipur,Chittagong,264.9,1573.07,0.168398,131.1,Dry Winter (Dec-Feb)
2015,2,February,Lalmonirhat,Rangpur,453.66,1381.75,0.32832,224.5,Dry Winter (Dec-Feb)
2015,2,February,Madaripur,Dhaka,51.29,1257.23,0.040795,25.4,Dry Winter (Dec-Feb)
2015,2,February,Magura,Khulna,554.44,1143.98,0.484659,274.4,Dry Winter (Dec-Feb)
2015,2,February,Manikganj,Dhaka,161.66,1531.92,0.105529,80.0,Dry Winter (Dec-Feb)
2015,2,February,Maulvibazar,Sylhet,1537.33,2818.38,0.545465,760.9,Dry Winter (Dec-Feb)
2015,2,February,Meherpur,Khulna,379.94,732.79,0.518485,188.0,Dry Winter (Dec-Feb)
2015,2,February,Munshiganj,Dhaka,83.51,1036.66,0.080557,41.3,Dry Winter (Dec-Feb)
2015,2,February,Mymensingh,Dhaka,2607.62,4783.69,0.545108,1290.6,Dry Winter (Dec-Feb)
2015,2,February,Naogaon,Rajshahi,2560.07,3823.93,0.669487,1267.1,Dry Winter (Dec-Feb)
2015,2,February,Narail,Khulna,32.94,1072.86,0.0307,16.3,Dry Winter (Dec-Feb)
2015,2,February,Narayanganj,Dhaka,461.64,832.16,0.554746,228.5,Dry Winter (Dec-Feb)
2015,2,February,Narsingdi,Dhaka,77.0,1281.34,0.060095,38.1,Dry Winter (Dec-Feb)
2015,2,February,Natore,Rajshahi,1077.74,2101.7,0.512797,533.4,Dry Winter (Dec-Feb)
2015,2,February,Nawabganj,Rajshahi,1039.52,1804.38,0.576106,514.5,Dry Winter (Dec-Feb)
2015,2,February,Netrakona,Dhaka,1162.69,3089.39,0.376351,575.5,Dry Winter (Dec-Feb)
2015,2,February,Nilphamari,Rangpur,729.2,1836.84,0.396984,360.9,Dry Winter (Dec-Feb)
2015,2,February,Noakhali,Chittagong,106.63,2640.89,0.040378,52.8,Dry Winter (Dec-Feb)
2015,2,February,Pabna,Rajshahi,1071.13,2633.01,0.40681,530.2,Dry Winter (Dec-Feb)
2015,2,February,Panchagarh,Rangpur,1133.72,1548.93,0.731934,561.1,Dry Winter (Dec-Feb)
2015,2,February,Patuakhali,Barisal,209.46,2730.09,0.076723,103.7,Dry Winter (Dec-Feb)
2015,2,February,Pirojpur,Barisal,90.77,1365.69,0.066466,44.9,Dry Winter (Dec-Feb)
2015,2,February,Rajbari,Dhaka,96.6,1249.73,0.077296,47.8,Dry Winter (Dec-Feb)
2015,2,February,Rajshahi,Rajshahi,1286.28,2664.72,0.482708,636.6,Dry Winter (Dec-Feb)
2015,2,February,Rangamati,Chittagong,385.11,6226.06,0.061855,190.6,Dry Winter (Dec-Feb)
2015,2,February,Rangpur,Rangpur,977.88,2572.65,0.380106,484.0,Dry Winter (Dec-Feb)
2015,2,February,Satkhira,Khulna,778.23,3543.74,0.219607,385.2,Dry Winter (Dec-Feb)
2015,2,February,Shariatpur,Dhaka,149.37,1362.06,0.109667,73.9,Dry Winter (Dec-Feb)
2015,2,February,Sherpur,Dhaka,816.25,1455.19,0.560923,404.0,Dry Winter (Dec-Feb)
2015,2,February,Sirajganj,Rajshahi,226.47,2754.77,0.082208,112.1,Dry Winter (Dec-Feb)
2015,2,February,Sunamganj,Sylhet,1021.37,4043.04,0.252625,505.5,Dry Winter (Dec-Feb)
2015,2,February,Sylhet,Sylhet,2082.19,3846.15,0.54137,1030.6,Dry Winter (Dec-Feb)
2015,2,February,Tangail,Dhaka,1750.27,3705.34,0.472366,866.3,Dry Winter (Dec-Feb)
2015,2,February,Thakurgaon,Rangpur,1515.65,2008.93,0.754454,750.2,Dry Winter (Dec-Feb)
2015,3,March,Bagerhat,Khulna,570.8,3965.62,0.143936,282.5,Pre-Monsoon (Mar-May)
2015,3,March,Bandarban,Chittagong,2824.43,5000.66,0.564812,1397.9,Pre-Monsoon (Mar-May)
2015,3,March,Barguna,Barisal,153.83,1547.28,0.099422,76.1,Pre-Monsoon (Mar-May)
2015,3,March,Barisal,Barisal,402.25,2767.25,0.145362,199.1,Pre-Monsoon (Mar-May)
2015,3,March,Bhola,Barisal,635.3,2471.69,0.257032,314.4,Pre-Monsoon (Mar-May)
2015,3,March,Bogra,Rajshahi,575.69,3233.63,0.178031,284.9,Pre-Monsoon (Mar-May)
2015,3,March,Brahamanbaria,Chittagong,1051.4,2104.07,0.499698,520.4,Pre-Monsoon (Mar-May)
2015,3,March,Chandpur,Chittagong,233.95,1864.17,0.1255,115.8,Pre-Monsoon (Mar-May)
2015,3,March,Chittagong,Chittagong,2130.9,4736.75,0.449865,1054.7,Pre-Monsoon (Mar-May)
2015,3,March,Chuadanga,Khulna,246.86,1233.0,0.200214,122.2,Pre-Monsoon (Mar-May)
2015,3,March,Comilla,Chittagong,1764.74,3351.85,0.526497,873.4,Pre-Monsoon (Mar-May)
2015,3,March,Cox's Bazar,Chittagong,650.46,2206.6,0.29478,321.9,Pre-Monsoon (Mar-May)
2015,3,March,Dhaka,Dhaka,893.77,1611.18,0.554734,442.4,Pre-Monsoon (Mar-May)
2015,3,March,Dinajpur,Rangpur,1846.43,3829.09,0.482211,913.9,Pre-Monsoon (Mar-May)
2015,3,March,Faridpur,Dhaka,1144.84,2227.54,0.513948,566.6,Pre-Monsoon (Mar-May)
2015,3,March,Feni,Chittagong,433.33,960.78,0.451024,214.5,Pre-Monsoon (Mar-May)
2015,3,March,Gaibandha,Rangpur,270.42,2410.25,0.112198,133.8,Pre-Monsoon (Mar-May)
2015,3,March,Gazipur,Dhaka,1139.38,1940.74,0.587087,563.9,Pre-Monsoon (Mar-May)
2015,3,March,Gopalganj,Dhaka,1007.91,1602.77,0.628856,498.9,Pre-Monsoon (Mar-May)
2015,3,March,Habiganj,Sylhet,1902.66,2857.81,0.665776,941.7,Pre-Monsoon (Mar-May)
2015,3,March,Jamalpur,Dhaka,260.07,2272.36,0.114452,128.7,Pre-Monsoon (Mar-May)
2015,3,March,Jessore,Khulna,143.18,2784.67,0.051416,70.9,Pre-Monsoon (Mar-May)
2015,3,March,Jhalokati,Barisal,31.47,807.93,0.038958,15.6,Pre-Monsoon (Mar-May)
2015,3,March,Jhenaidah,Khulna,764.48,2143.28,0.356687,378.4,Pre-Monsoon (Mar-May)
2015,3,March,Joypurhat,Rajshahi,708.11,1081.54,0.654722,350.5,Pre-Monsoon (Mar-May)
2015,3,March,Khagrachhari,Chittagong,1851.61,3108.48,0.595665,916.4,Pre-Monsoon (Mar-May)
2015,3,March,Khulna,Khulna,556.68,3868.06,0.143917,275.5,Pre-Monsoon (Mar-May)
2015,3,March,Kishoreganj,Dhaka,1493.19,2821.62,0.529196,739.0,Pre-Monsoon (Mar-May)
2015,3,March,Kurigram,Rangpur,597.79,2481.86,0.240865,295.9,Pre-Monsoon (Mar-May)
2015,3,March,Kushtia,Khulna,114.85,1830.28,0.062748,56.8,Pre-Monsoon (Mar-May)
2015,3,March,Lakshmipur,Chittagong,285.63,1573.07,0.181574,141.4,Pre-Monsoon (Mar-May)
2015,3,March,Lalmonirhat,Rangpur,186.91,1381.75,0.135267,92.5,Pre-Monsoon (Mar-May)
2015,3,March,Madaripur,Dhaka,51.2,1257.23,0.040723,25.3,Pre-Monsoon (Mar-May)
2015,3,March,Magura,Khulna,490.21,1143.98,0.428517,242.6,Pre-Monsoon (Mar-May)
2015,3,March,Manikganj,Dhaka,177.56,1531.92,0.115907,87.9,Pre-Monsoon (Mar-May)
2015,3,March,Maulvibazar,Sylhet,1267.83,2819.05,0.449736,627.5,Pre-Monsoon (Mar-May)
2015,3,March,Meherpur,Khulna,341.85,732.79,0.466504,169.2,Pre-Monsoon (Mar-May)
2015,3,March,Munshiganj,Dhaka,72.82,1036.66,0.07025,36.0,Pre-Monsoon (Mar-May)
2015,3,March,Mymensingh,Dhaka,2762.29,4784.19,0.577379,1367.2,Pre-Monsoon (Mar-May)
2015,3,March,Naogaon,Rajshahi,2033.66,3824.58,0.531734,1006.5,Pre-Monsoon (Mar-May)
2015,3,March,Narail,Khulna,29.63,1072.86,0.02762,14.7,Pre-Monsoon (Mar-May)
2015,3,March,Narayanganj,Dhaka,428.3,832.16,0.514683,212.0,Pre-Monsoon (Mar-May)
2015,3,March,Narsingdi,Dhaka,158.85,1281.34,0.123972,78.6,Pre-Monsoon (Mar-May)
2015,3,March,Natore,Rajshahi,775.31,2101.7,0.368898,383.7,Pre-Monsoon (Mar-May)
2015,3,March,Nawabganj,Rajshahi,484.02,1804.38,0.268249,239.6,Pre-Monsoon (Mar-May)
2015,3,March,Netrakona,Dhaka,1638.92,3089.39,0.530499,811.2,Pre-Monsoon (Mar-May)
2015,3,March,Nilphamari,Rangpur,856.56,1836.84,0.466322,423.9,Pre-Monsoon (Mar-May)
2015,3,March,Noakhali,Chittagong,94.55,2642.03,0.035788,46.8,Pre-Monsoon (Mar-May)
2015,3,March,Pabna,Rajshahi,1094.4,2634.14,0.415468,541.7,Pre-Monsoon (Mar-May)
2015,3,March,Panchagarh,Rangpur,863.05,1548.93,0.557194,427.2,Pre-Monsoon (Mar-May)
2015,3,March,Patuakhali,Barisal,209.79,2730.09,0.076842,103.8,Pre-Monsoon (Mar-May)
2015,3,March,Pirojpur,Barisal,87.06,1365.69,0.063751,43.1,Pre-Monsoon (Mar-May)
2015,3,March,Rajbari,Dhaka,112.25,1249.73,0.089819,55.6,Pre-Monsoon (Mar-May)
2015,3,March,Rajshahi,Rajshahi,163.46,2664.72,0.061341,80.9,Pre-Monsoon (Mar-May)
2015,3,March,Rangamati,Chittagong,315.76,6226.79,0.050709,156.3,Pre-Monsoon (Mar-May)
2015,3,March,Rangpur,Rangpur,1647.1,2572.65,0.640235,815.2,Pre-Monsoon (Mar-May)
2015,3,March,Satkhira,Khulna,900.43,3543.74,0.25409,445.7,Pre-Monsoon (Mar-May)
2015,3,March,Shariatpur,Dhaka,157.6,1362.06,0.115706,78.0,Pre-Monsoon (Mar-May)
2015,3,March,Sherpur,Dhaka,990.4,1455.19,0.680597,490.2,Pre-Monsoon (Mar-May)
2015,3,March,Sirajganj,Rajshahi,319.47,2755.65,0.115934,158.1,Pre-Monsoon (Mar-May)
2015,3,March,Sunamganj,Sylhet,1911.11,4043.04,0.472692,945.9,Pre-Monsoon (Mar-May)
2015,3,March,Sylhet,Sylhet,2377.08,3847.75,0.617784,1176.5,Pre-Monsoon (Mar-May)
2015,3,March,Tangail,Dhaka,1750.39,3707.07,0.472176,866.3,Pre-Monsoon (Mar-May)
2015,3,March,Thakurgaon,Rangpur,1369.12,2008.93,0.681515,677.6,Pre-Monsoon (Mar-May)
2015,4,April,Bagerhat,Khulna,586.55,3965.62,0.147909,290.3,Pre-Monsoon (Mar-May)
2015,4,April,Bandarban,Chittagong,784.36,5000.66,0.156851,388.2,Pre-Monsoon (Mar-May)
2015,4,April,Barguna,Barisal,155.84,1547.28,0.100718,77.1,Pre-Monsoon (Mar-May)
2015,4,April,Barisal,Barisal,377.13,2767.25,0.136283,186.7,Pre-Monsoon (Mar-May)
2015,4,April,Bhola,Barisal,624.64,2471.69,0.252719,309.2,Pre-Monsoon (Mar-May)
2015,4,April,Bogra,Rajshahi,506.31,3233.63,0.156576,250.6,Pre-Monsoon (Mar-May)
2015,4,April,Brahamanbaria,Chittagong,344.49,2104.07,0.163727,170.5,Pre-Monsoon (Mar-May)
2015,4,April,Chandpur,Chittagong,232.74,1864.17,0.12485,115.2,Pre-Monsoon (Mar-May)
2015,4,April,Chittagong,Chittagong,757.6,4736.75,0.159942,375.0,Pre-Monsoon (Mar-May)
2015,4,April,Chuadanga,Khulna,320.87,1233.0,0.260238,158.8,Pre-Monsoon (Mar-May)
2015,4,April,Comilla,Chittagong,886.31,3351.85,0.264425,438.7,Pre-Monsoon (Mar-May)
2015,4,April,Cox's Bazar,Chittagong,494.3,2206.6,0.224008,244.7,Pre-Monsoon (Mar-May)
2015,4,April,Dhaka,Dhaka,667.55,1611.18,0.414325,330.4,Pre-Monsoon (Mar-May)
2015,4,April,Dinajpur,Rangpur,1967.83,3829.09,0.513917,974.0,Pre-Monsoon (Mar-May)
2015,4,April,Faridpur,Dhaka,189.92,2227.54,0.085262,94.0,Pre-Monsoon (Mar-May)
2015,4,April,Feni,Chittagong,243.32,960.78,0.253258,120.4,Pre-Monsoon (Mar-May)
2015,4,April,Gaibandha,Rangpur,179.64,2410.25,0.074531,88.9,Pre-Monsoon (Mar-May)
2015,4,April,Gazipur,Dhaka,524.16,1940.74,0.270085,259.4,Pre-Monsoon (Mar-May)
2015,4,April,Gopalganj,Dhaka,511.86,1602.77,0.319361,253.3,Pre-Monsoon (Mar-May)
2015,4,April,Habiganj,Sylhet,674.4,2857.81,0.235985,333.8,Pre-Monsoon (Mar-May)
2015,4,April,Jamalpur,Dhaka,798.39,2272.36,0.351348,395.2,Pre-Monsoon (Mar-May)
2015,4,April,Jessore,Khulna,144.59,2784.67,0.051922,71.6,Pre-Monsoon (Mar-May)
2015,4,April,Jhalokati,Barisal,31.48,807.93,0.038967,15.6,Pre-Monsoon (Mar-May)
2015,4,April,Jhenaidah,Khulna,514.4,2143.47,0.239984,254.6,Pre-Monsoon (Mar-May)
2015,4,April,Joypurhat,Rajshahi,591.54,1081.54,0.546942,292.8,Pre-Monsoon (Mar-May)
2015,4,April,Khagrachhari,Chittagong,587.34,3108.48,0.188946,290.7,Pre-Monsoon (Mar-May)
2015,4,April,Khulna,Khulna,470.66,3868.06,0.121679,233.0,Pre-Monsoon (Mar-May)
2015,4,April,Kishoreganj,Dhaka,352.06,2821.62,0.124771,174.3,Pre-Monsoon (Mar-May)
2015,4,April,Kurigram,Rangpur,326.89,2481.86,0.131712,161.8,Pre-Monsoon (Mar-May)
2015,4,April,Kushtia,Khulna,126.19,1830.28,0.068944,62.5,Pre-Monsoon (Mar-May)
2015,4,April,Lakshmipur,Chittagong,280.37,1573.07,0.178234,138.8,Pre-Monsoon (Mar-May)
2015,4,April,Lalmonirhat,Rangpur,291.95,1381.75,0.21129,144.5,Pre-Monsoon (Mar-May)
2015,4,April,Madaripur,Dhaka,43.95,1257.23,0.034958,21.8,Pre-Monsoon (Mar-May)
2015,4,April,Magura,Khulna,231.81,1143.98,0.202635,114.7,Pre-Monsoon (Mar-May)
2015,4,April,Manikganj,Dhaka,132.59,1531.92,0.086553,65.6,Pre-Monsoon (Mar-May)
2015,4,April,Maulvibazar,Sylhet,374.21,2819.05,0.132743,185.2,Pre-Monsoon (Mar-May)
2015,4,April,Meherpur,Khulna,325.35,732.79,0.443992,161.0,Pre-Monsoon (Mar-May)
2015,4,April,Munshiganj,Dhaka,72.86,1036.66,0.070279,36.1,Pre-Monsoon (Mar-May)
2015,4,April,Mymensingh,Dhaka,1612.86,4784.19,0.337122,798.3,Pre-Monsoon (Mar-May)
2015,4,April,Naogaon,Rajshahi,1470.39,3824.58,0.384458,727.8,Pre-Monsoon (Mar-May)
2015,4,April,Narail,Khulna,24.08,1072.86,0.022441,11.9,Pre-Monsoon (Mar-May)
2015,4,April,Narayanganj,Dhaka,293.31,832.16,0.352475,145.2,Pre-Monsoon (Mar-May)
2015,4,April,Narsingdi,Dhaka,184.07,1281.34,0.143652,91.1,Pre-Monsoon (Mar-May)
2015,4,April,Natore,Rajshahi,489.96,2101.7,0.233125,242.5,Pre-Monsoon (Mar-May)
2015,4,April,Nawabganj,Rajshahi,407.83,1804.38,0.226023,201.9,Pre-Monsoon (Mar-May)
2015,4,April,Netrakona,Dhaka,975.07,3089.39,0.31562,482.6,Pre-Monsoon (Mar-May)
2015,4,April,Nilphamari,Rangpur,771.98,1836.84,0.420276,382.1,Pre-Monsoon (Mar-May)
2015,4,April,Noakhali,Chittagong,100.74,2642.03,0.038128,49.9,Pre-Monsoon (Mar-May)
2015,4,April,Pabna,Rajshahi,752.01,2634.14,0.285486,372.2,Pre-Monsoon (Mar-May)
2015,4,April,Panchagarh,Rangpur,373.04,1548.93,0.240837,184.6,Pre-Monsoon (Mar-May)
2015,4,April,Patuakhali,Barisal,211.45,2730.09,0.077453,104.7,Pre-Monsoon (Mar-May)
2015,4,April,Pirojpur,Barisal,90.47,1365.69,0.066246,44.8,Pre-Monsoon (Mar-May)
2015,4,April,Rajbari,Dhaka,105.46,1249.73,0.084383,52.2,Pre-Monsoon (Mar-May)
2015,4,April,Rajshahi,Rajshahi,334.16,2664.72,0.125402,165.4,Pre-Monsoon (Mar-May)
2015,4,April,Rangamati,Chittagong,278.27,6226.79,0.044688,137.7,Pre-Monsoon (Mar-May)
2015,4,April,Rangpur,Rangpur,1775.38,2572.65,0.690097,878.7,Pre-Monsoon (Mar-May)
2015,4,April,Satkhira,Khulna,744.33,3543.74,0.210041,368.4,Pre-Monsoon (Mar-May)
2015,4,April,Shariatpur,Dhaka,137.77,1362.06,0.10115,68.2,Pre-Monsoon (Mar-May)
2015,4,April,Sherpur,Dhaka,869.75,1455.19,0.597689,430.5,Pre-Monsoon (Mar-May)
2015,4,April,Sirajganj,Rajshahi,198.12,2755.65,0.071898,98.1,Pre-Monsoon (Mar-May)
2015,4,April,Sunamganj,Sylhet,332.7,4043.04,0.082289,164.7,Pre-Monsoon (Mar-May)
2015,4,April,Sylhet,Sylhet,479.07,3847.75,0.124506,237.1,Pre-Monsoon (Mar-May)
2015,4,April,Tangail,Dhaka,1322.37,3707.07,0.356715,654.5,Pre-Monsoon (Mar-May)
2015,4,April,Thakurgaon,Rangpur,769.35,2008.93,0.382964,380.8,Pre-Monsoon (Mar-May)
2015,5,May,Bagerhat,Khulna,855.23,3965.62,0.215662,423.3,Pre-Monsoon (Mar-May)
2015,5,May,Bandarban,Chittagong,1657.0,5000.66,0.331357,820.1,Pre-Monsoon (Mar-May)
2015,5,May,Barguna,Barisal,165.48,1547.28,0.106951,81.9,Pre-Monsoon (Mar-May)
2015,5,May,Barisal,Barisal,459.88,2767.25,0.166187,227.6,Pre-Monsoon (Mar-May)
2015,5,May,Bhola,Barisal,653.86,2471.69,0.264539,323.6,Pre-Monsoon (Mar-May)
2015,5,May,Bogra,Rajshahi,166.43,3233.63,0.051469,82.4,Pre-Monsoon (Mar-May)
2015,5,May,Brahamanbaria,Chittagong,120.6,2104.07,0.057317,59.7,Pre-Monsoon (Mar-May)
2015,5,May,Chandpur,Chittagong,257.45,1864.17,0.138105,127.4,Pre-Monsoon (Mar-May)
2015,5,May,Chittagong,Chittagong,842.9,4736.75,0.17795,417.2,Pre-Monsoon (Mar-May)
2015,5,May,Chuadanga,Khulna,38.32,1233.0,0.031076,19.0,Pre-Monsoon (Mar-May)
2015,5,May,Comilla,Chittagong,681.01,3351.85,0.203174,337.1,Pre-Monsoon (Mar-May)
2015,5,May,Cox's Bazar,Chittagong,437.66,2206.6,0.198339,216.6,Pre-Monsoon (Mar-May)
2015,5,May,Dhaka,Dhaka,713.09,1611.18,0.442589,352.9,Pre-Monsoon (Mar-May)
2015,5,May,Dinajpur,Rangpur,596.09,3829.09,0.155675,295.0,Pre-Monsoon (Mar-May)
2015,5,May,Faridpur,Dhaka,117.61,2227.54,0.052798,58.2,Pre-Monsoon (Mar-May)
2015,5,May,Feni,Chittagong,229.63,960.78,0.239001,113.7,Pre-Monsoon (Mar-May)
2015,5,May,Gaibandha,Rangpur,228.84,2410.25,0.094946,113.3,Pre-Monsoon (Mar-May)
2015,5,May,Gazipur,Dhaka,575.88,1940.74,0.296733,285.0,Pre-Monsoon (Mar-May)
2015,5,May,Gopalganj,Dhaka,405.54,1602.77,0.253025,200.7,Pre-Monsoon (Mar-May)
2015,5,May,Habiganj,Sylhet,538.75,2857.81,0.188517,266.7,Pre-Monsoon (Mar-May)
2015,5,May,Jamalpur,Dhaka,134.4,2272.36,0.059145,66.5,Pre-Monsoon (Mar-May)
2015,5,May,Jessore,Khulna,237.79,2784.67,0.085391,117.7,Pre-Monsoon (Mar-May)
2015,5,May,Jhalokati,Barisal,45.46,807.93,0.056268,22.5,Pre-Monsoon (Mar-May)
2015,5,May,Jhenaidah,Khulna,219.57,2143.27,0.102444,108.7,Pre-Monsoon (Mar-May)
2015,5,May,Joypurhat,Rajshahi,430.38,1081.54,0.397934,213.0,Pre-Monsoon (Mar-May)
2015,5,May,Khagrachhari,Chittagong,724.83,3108.48,0.233179,358.8,Pre-Monsoon (Mar-May)
2015,5,May,Khulna,Khulna,555.96,3868.06,0.143731,275.2,Pre-Monsoon (Mar-May)
2015,5,May,Kishoreganj,Dhaka,400.94,2821.62,0.142096,198.4,Pre-Monsoon (Mar-May)
2015,5,May,Kurigram,Rangpur,399.07,2481.86,0.160793,197.5,Pre-Monsoon (Mar-May)
2015,5,May,Kushtia,Khulna,104.06,1830.28,0.056857,51.5,Pre-Monsoon (Mar-May)
2015,5,May,Lakshmipur,Chittagong,288.75,1573.07,0.183559,142.9,Pre-Monsoon (Mar-May)
2015,5,May,Lalmonirhat,Rangpur,84.64,1381.75,0.061257,41.9,Pre-Monsoon (Mar-May)
2015,5,May,Madaripur,Dhaka,55.26,1257.23,0.043951,27.4,Pre-Monsoon (Mar-May)
2015,5,May,Magura,Khulna,100.49,1143.98,0.087844,49.7,Pre-Monsoon (Mar-May)
2015,5,May,Manikganj,Dhaka,152.4,1531.92,0.099484,75.4,Pre-Monsoon (Mar-May)
2015,5,May,Maulvibazar,Sylhet,344.36,2819.05,0.122155,170.4,Pre-Monsoon (Mar-May)
2015,5,May,Meherpur,Khulna,37.4,732.79,0.051036,18.5,Pre-Monsoon (Mar-May)
2015,5,May,Munshiganj,Dhaka,82.12,1036.66,0.079212,40.6,Pre-Monsoon (Mar-May)
2015,5,May,Mymensingh,Dhaka,1336.43,4784.19,0.279343,661.5,Pre-Monsoon (Mar-May)
2015,5,May,Naogaon,Rajshahi,1233.17,3824.58,0.322434,610.4,Pre-Monsoon (Mar-May)
2015,5,May,Narail,Khulna,28.94,1072.86,0.026977,14.3,Pre-Monsoon (Mar-May)
2015,5,May,Narayanganj,Dhaka,68.54,832.16,0.082362,33.9,Pre-Monsoon (Mar-May)
2015,5,May,Narsingdi,Dhaka,72.51,1281.34,0.056588,35.9,Pre-Monsoon (Mar-May)
2015,5,May,Natore,Rajshahi,205.97,2101.7,0.098004,101.9,Pre-Monsoon (Mar-May)
2015,5,May,Nawabganj,Rajshahi,133.76,1804.38,0.074131,66.2,Pre-Monsoon (Mar-May)
2015,5,May,Netrakona,Dhaka,546.33,3089.39,0.176842,270.4,Pre-Monsoon (Mar-May)
2015,5,May,Nilphamari,Rangpur,413.07,1836.84,0.224883,204.4,Pre-Monsoon (Mar-May)
2015,5,May,Noakhali,Chittagong,96.61,2642.03,0.036565,47.8,Pre-Monsoon (Mar-May)
2015,5,May,Pabna,Rajshahi,148.9,2634.14,0.056528,73.7,Pre-Monsoon (Mar-May)
2015,5,May,Panchagarh,Rangpur,317.01,1548.93,0.204663,156.9,Pre-Monsoon (Mar-May)
2015,5,May,Patuakhali,Barisal,234.56,2730.09,0.085916,116.1,Pre-Monsoon (Mar-May)
2015,5,May,Pirojpur,Barisal,102.53,1365.69,0.075074,50.7,Pre-Monsoon (Mar-May)
2015,5,May,Rajbari,Dhaka,126.66,1249.73,0.101347,62.7,Pre-Monsoon (Mar-May)
2015,5,May,Rajshahi,Rajshahi,139.18,2664.72,0.05223,68.9,Pre-Monsoon (Mar-May)
2015,5,May,Rangamati,Chittagong,288.28,6226.79,0.046296,142.7,Pre-Monsoon (Mar-May)
2015,5,May,Rangpur,Rangpur,513.98,2572.65,0.199788,254.4,Pre-Monsoon (Mar-May)
2015,5,May,Satkhira,Khulna,916.73,3543.74,0.258691,453.7,Pre-Monsoon (Mar-May)
2015,5,May,Shariatpur,Dhaka,179.89,1362.06,0.132072,89.0,Pre-Monsoon (Mar-May)
2015,5,May,Sherpur,Dhaka,549.03,1455.19,0.37729,271.7,Pre-Monsoon (Mar-May)
2015,5,May,Sirajganj,Rajshahi,278.57,2755.65,0.101092,137.9,Pre-Monsoon (Mar-May)
2015,5,May,Sunamganj,Sylhet,1317.73,4043.04,0.325925,652.2,Pre-Monsoon (Mar-May)
2015,5,May,Sylhet,Sylhet,522.46,3847.75,0.135782,258.6,Pre-Monsoon (Mar-May)
2015,5,May,Tangail,Dhaka,484.53,3707.07,0.130703,239.8,Pre-Monsoon (Mar-May)
2015,5,May,Thakurgaon,Rangpur,391.94,2008.93,0.195099,194.0,Pre-Monsoon (Mar-May)
2015,6,June,Bagerhat,Khulna,1253.05,3965.62,0.315977,620.2,Monsoon (Jun-Sep)
2015,6,June,Bandarban,Chittagong,2206.91,5000.66,0.441324,1092.3,Monsoon (Jun-Sep)
2015,6,June,Barguna,Barisal,568.25,1547.28,0.367257,281.3,Monsoon (Jun-Sep)
2015,6,June,Barisal,Barisal,696.57,2767.25,0.251719,344.8,Monsoon (Jun-Sep)
2015,6,June,Bhola,Barisal,830.3,2471.69,0.335923,411.0,Monsoon (Jun-Sep)
2015,6,June,Bogra,Rajshahi,188.9,3233.63,0.058416,93.5,Monsoon (Jun-Sep)
2015,6,June,Brahamanbaria,Chittagong,731.46,2104.07,0.347642,362.0,Monsoon (Jun-Sep)
2015,6,June,Chandpur,Chittagong,348.38,1864.17,0.186885,172.4,Monsoon (Jun-Sep)
2015,6,June,Chittagong,Chittagong,1545.88,4736.75,0.326359,765.1,Monsoon (Jun-Sep)
2015,6,June,Chuadanga,Khulna,437.88,1233.0,0.355133,216.7,Monsoon (Jun-Sep)
2015,6,June,Comilla,Chittagong,814.33,3351.85,0.242951,403.0,Monsoon (Jun-Sep)
2015,6,June,Cox's Bazar,Chittagong,337.02,2206.6,0.15273,166.8,Monsoon (Jun-Sep)
2015,6,June,Dhaka,Dhaka,547.08,1611.18,0.339556,270.8,Monsoon (Jun-Sep)
2015,6,June,Dinajpur,Rangpur,986.73,3829.09,0.257694,488.4,Monsoon (Jun-Sep)
2015,6,June,Faridpur,Dhaka,148.11,2227.54,0.066491,73.3,Monsoon (Jun-Sep)
2015,6,June,Feni,Chittagong,318.99,960.78,0.332015,157.9,Monsoon (Jun-Sep)
2015,6,June,Gaibandha,Rangpur,330.75,2410.25,0.137229,163.7,Monsoon (Jun-Sep)
2015,6,June,Gazipur,Dhaka,350.41,1940.74,0.180556,173.4,Monsoon (Jun-Sep)
2015,6,June,Gopalganj,Dhaka,522.48,1602.77,0.325986,258.6,Monsoon (Jun-Sep)
2015,6,June,Habiganj,Sylhet,889.85,2857.81,0.311374,440.4,Monsoon (Jun-Sep)
2015,6,June,Jamalpur,Dhaka,221.41,2272.36,0.097435,109.6,Monsoon (Jun-Sep)
2015,6,June,Jessore,Khulna,278.81,2784.67,0.100123,138.0,Monsoon (Jun-Sep)
2015,6,June,Jhalokati,Barisal,246.46,807.93,0.305057,122.0,Monsoon (Jun-Sep)
2015,6,June,Jhenaidah,Khulna,558.76,2143.29,0.2607,276.6,Monsoon (Jun-Sep)
2015,6,June,Joypurhat,Rajshahi,292.41,1081.54,0.270363,144.7,Monsoon (Jun-Sep)
2015,6,June,Khagrachhari,Chittagong,1158.9,3108.48,0.372818,573.6,Monsoon (Jun-Sep)
2015,6,June,Khulna,Khulna,745.49,3868.06,0.19273,369.0,Monsoon (Jun-Sep)
2015,6,June,Kishoreganj,Dhaka,1495.53,2821.62,0.530026,740.2,Monsoon (Jun-Sep)
2015,6,June,Kurigram,Rangpur,525.51,2481.86,0.211741,260.1,Monsoon (Jun-Sep)
2015,6,June,Kushtia,Khulna,114.94,1830.28,0.062798,56.9,Monsoon (Jun-Sep)
2015,6,June,Lakshmipur,Chittagong,329.02,1573.07,0.209156,162.8,Monsoon (Jun-Sep)
2015,6,June,Lalmonirhat,Rangpur,78.39,1381.75,0.056734,38.8,Monsoon (Jun-Sep)
2015,6,June,Madaripur,Dhaka,129.95,1257.23,0.103365,64.3,Monsoon (Jun-Sep)
2015,6,June,Magura,Khulna,35.99,1143.98,0.03146,17.8,Monsoon (Jun-Sep)
2015,6,June,Manikganj,Dhaka,130.99,1531.92,0.085509,64.8,Monsoon (Jun-Sep)
2015,6,June,Maulvibazar,Sylhet,389.12,2819.05,0.138032,192.6,Monsoon (Jun-Sep)
2015,6,June,Meherpur,Khulna,205.99,732.79,0.281105,102.0,Monsoon (Jun-Sep)
2015,6,June,Munshiganj,Dhaka,177.95,1036.66,0.171655,88.1,Monsoon (Jun-Sep)
2015,6,June,Mymensingh,Dhaka,1313.55,4784.19,0.274561,650.1,Monsoon (Jun-Sep)
2015,6,June,Naogaon,Rajshahi,945.42,3824.58,0.247196,467.9,Monsoon (Jun-Sep)
2015,6,June,Narail,Khulna,77.4,1072.86,0.072141,38.3,Monsoon (Jun-Sep)
2015,6,June,Narayanganj,Dhaka,103.72,832.16,0.124637,51.3,Monsoon (Jun-Sep)
2015,6,June,Narsingdi,Dhaka,217.69,1281.34,0.169889,107.7,Monsoon (Jun-Sep)
2015,6,June,Natore,Rajshahi,136.07,2101.7,0.064745,67.3,Monsoon (Jun-Sep)
2015,6,June,Nawabganj,Rajshahi,111.18,1804.38,0.061614,55.0,Monsoon (Jun-Sep)
2015,6,June,Netrakona,Dhaka,1186.23,3089.39,0.383968,587.1,Monsoon (Jun-Sep)
2015,6,June,Nilphamari,Rangpur,343.83,1836.84,0.187185,170.2,Monsoon (Jun-Sep)
2015,6,June,Noakhali,Chittagong,331.52,2642.03,0.125479,164.1,Monsoon (Jun-Sep)
2015,6,June,Pabna,Rajshahi,272.83,2634.14,0.103575,135.0,Monsoon (Jun-Sep)
2015,6,June,Panchagarh,Rangpur,489.85,1548.93,0.316248,242.4,Monsoon (Jun-Sep)
2015,6,June,Patuakhali,Barisal,702.05,2730.09,0.257152,347.5,Monsoon (Jun-Sep)
2015,6,June,Pirojpur,Barisal,441.53,1365.69,0.323299,218.5,Monsoon (Jun-Sep)
2015,6,June,Rajbari,Dhaka,131.05,1249.73,0.104859,64.9,Monsoon (Jun-Sep)
2015,6,June,Rajshahi,Rajshahi,156.92,2664.72,0.058886,77.7,Monsoon (Jun-Sep)
2015,6,June,Rangamati,Chittagong,323.44,6226.79,0.051943,160.1,Monsoon (Jun-Sep)
2015,6,June,Rangpur,Rangpur,789.59,2572.65,0.306917,390.8,Monsoon (Jun-Sep)
2015,6,June,Satkhira,Khulna,1114.32,3543.74,0.314447,551.5,Monsoon (Jun-Sep)
2015,6,June,Shariatpur,Dhaka,231.7,1362.06,0.170107,114.7,Monsoon (Jun-Sep)
2015,6,June,Sherpur,Dhaka,432.57,1455.19,0.297256,214.1,Monsoon (Jun-Sep)
2015,6,June,Sirajganj,Rajshahi,467.51,2755.65,0.169654,231.4,Monsoon (Jun-Sep)
2015,6,June,Sunamganj,Sylhet,2282.7,4043.04,0.564598,1129.8,Monsoon (Jun-Sep)
2015,6,June,Sylhet,Sylhet,1206.97,3847.75,0.313682,597.4,Monsoon (Jun-Sep)
2015,6,June,Tangail,Dhaka,390.89,3707.07,0.105446,193.5,Monsoon (Jun-Sep)
2015,6,June,Thakurgaon,Rangpur,766.05,2008.93,0.381322,379.2,Monsoon (Jun-Sep)
2015,7,July,Bagerhat,Khulna,1337.97,3965.48,0.337403,662.2,Monsoon (Jun-Sep)
2015,7,July,Bandarban,Chittagong,1632.33,5000.66,0.326422,807.9,Monsoon (Jun-Sep)
2015,7,July,Barguna,Barisal,290.46,1547.28,0.187723,143.8,Monsoon (Jun-Sep)
2015,7,July,Barisal,Barisal,578.81,2767.25,0.209166,286.5,Monsoon (Jun-Sep)
2015,7,July,Bhola,Barisal,726.95,2471.69,0.294109,359.8,Monsoon (Jun-Sep)
2015,7,July,Bogra,Rajshahi,535.41,3233.63,0.165575,265.0,Monsoon (Jun-Sep)
2015,7,July,Brahamanbaria,Chittagong,631.12,2104.07,0.299952,312.4,Monsoon (Jun-Sep)
2015,7,July,Chandpur,Chittagong,340.6,1864.17,0.182706,168.6,Monsoon (Jun-Sep)
2015,7,July,Chittagong,Chittagong,1203.94,4736.75,0.254169,595.9,Monsoon (Jun-Sep)
2015,7,July,Chuadanga,Khulna,213.04,1233.0,0.172784,105.4,Monsoon (Jun-Sep)
2015,7,July,Comilla,Chittagong,594.35,3351.85,0.177321,294.2,Monsoon (Jun-Sep)
2015,7,July,Cox's Bazar,Chittagong,398.42,2206.6,0.180556,197.2,Monsoon (Jun-Sep)
2015,7,July,Dhaka,Dhaka,153.69,1611.18,0.095391,76.1,Monsoon (Jun-Sep)
2015,7,July,Dinajpur,Rangpur,1221.59,3829.09,0.319029,604.6,Monsoon (Jun-Sep)
2015,7,July,Faridpur,Dhaka,186.2,2227.54,0.083591,92.2,Monsoon (Jun-Sep)
2015,7,July,Feni,Chittagong,242.95,960.78,0.252866,120.2,Monsoon (Jun-Sep)
2015,7,July,Gaibandha,Rangpur,296.73,2410.25,0.123111,146.9,Monsoon (Jun-Sep)
2015,7,July,Gazipur,Dhaka,223.02,1940.74,0.114916,110.4,Monsoon (Jun-Sep)
2015,7,July,Gopalganj,Dhaka,353.47,1602.77,0.220535,174.9,Monsoon (Jun-Sep)
2015,7,July,Habiganj,Sylhet,793.58,2857.81,0.277687,392.8,Monsoon (Jun-Sep)
2015,7,July,Jamalpur,Dhaka,174.38,2272.36,0.076739,86.3,Monsoon (Jun-Sep)
2015,7,July,Jessore,Khulna,343.16,2784.67,0.123231,169.8,Monsoon (Jun-Sep)
2015,7,July,Jhalokati,Barisal,150.95,807.93,0.186837,74.7,Monsoon (Jun-Sep)
2015,7,July,Jhenaidah,Khulna,263.23,2143.29,0.122814,130.3,Monsoon (Jun-Sep)
2015,7,July,Joypurhat,Rajshahi,431.57,1081.54,0.399034,213.6,Monsoon (Jun-Sep)
2015,7,July,Khagrachhari,Chittagong,1373.33,3108.48,0.441802,679.7,Monsoon (Jun-Sep)
2015,7,July,Khulna,Khulna,1263.96,3867.73,0.326796,625.6,Monsoon (Jun-Sep)
2015,7,July,Kishoreganj,Dhaka,1359.45,2821.62,0.4818,672.9,Monsoon (Jun-Sep)
2015,7,July,Kurigram,Rangpur,517.2,2481.86,0.208391,256.0,Monsoon (Jun-Sep)
2015,7,July,Kushtia,Khulna,138.94,1830.28,0.07591,68.8,Monsoon (Jun-Sep)
2015,7,July,Lakshmipur,Chittagong,318.07,1573.07,0.202201,157.4,Monsoon (Jun-Sep)
2015,7,July,Lalmonirhat,Rangpur,258.09,1381.75,0.186786,127.7,Monsoon (Jun-Sep)
2015,7,July,Madaripur,Dhaka,91.37,1257.23,0.072673,45.2,Monsoon (Jun-Sep)
2015,7,July,Magura,Khulna,138.91,1143.98,0.121425,68.8,Monsoon (Jun-Sep)
2015,7,July,Manikganj,Dhaka,222.42,1531.92,0.145193,110.1,Monsoon (Jun-Sep)
2015,7,July,Maulvibazar,Sylhet,500.29,2819.05,0.177468,247.6,Monsoon (Jun-Sep)
2015,7,July,Meherpur,Khulna,111.5,732.79,0.152164,55.2,Monsoon (Jun-Sep)
2015,7,July,Munshiganj,Dhaka,145.57,1036.66,0.140418,72.0,Monsoon (Jun-Sep)
2015,7,July,Mymensingh,Dhaka,1505.03,4784.19,0.314585,744.9,Monsoon (Jun-Sep)
2015,7,July,Naogaon,Rajshahi,1435.73,3824.58,0.375396,710.6,Monsoon (Jun-Sep)
2015,7,July,Narail,Khulna,184.33,1072.86,0.171813,91.2,Monsoon (Jun-Sep)
2015,7,July,Narayanganj,Dhaka,77.45,832.16,0.093072,38.3,Monsoon (Jun-Sep)
2015,7,July,Narsingdi,Dhaka,190.29,1281.34,0.148509,94.2,Monsoon (Jun-Sep)
2015,7,July,Natore,Rajshahi,337.16,2101.7,0.160424,166.9,Monsoon (Jun-Sep)
2015,7,July,Nawabganj,Rajshahi,228.93,1804.38,0.126875,113.3,Monsoon (Jun-Sep)
2015,7,July,Netrakona,Dhaka,1074.72,3089.39,0.347875,531.9,Monsoon (Jun-Sep)
2015,7,July,Nilphamari,Rangpur,648.63,1836.84,0.353122,321.0,Monsoon (Jun-Sep)
2015,7,July,Noakhali,Chittagong,377.2,2642.03,0.142767,186.7,Monsoon (Jun-Sep)
2015,7,July,Pabna,Rajshahi,364.88,2634.14,0.13852,180.6,Monsoon (Jun-Sep)
2015,7,July,Panchagarh,Rangpur,411.35,1548.93,0.265571,203.6,Monsoon (Jun-Sep)
2015,7,July,Patuakhali,Barisal,524.76,2730.09,0.192212,259.7,Monsoon (Jun-Sep)
2015,7,July,Pirojpur,Barisal,262.93,1365.69,0.192522,130.1,Monsoon (Jun-Sep)
2015,7,July,Rajbari,Dhaka,157.94,1249.73,0.126379,78.2,Monsoon (Jun-Sep)
2015,7,July,Rajshahi,Rajshahi,505.34,2664.72,0.189643,250.1,Monsoon (Jun-Sep)
2015,7,July,Rangamati,Chittagong,320.06,6226.79,0.051401,158.4,Monsoon (Jun-Sep)
2015,7,July,Rangpur,Rangpur,925.12,2572.65,0.3596,457.9,Monsoon (Jun-Sep)
2015,7,July,Satkhira,Khulna,1259.51,3543.04,0.355489,623.4,Monsoon (Jun-Sep)
2015,7,July,Shariatpur,Dhaka,223.63,1362.06,0.164185,110.7,Monsoon (Jun-Sep)
2015,7,July,Sherpur,Dhaka,321.37,1455.19,0.220844,159.1,Monsoon (Jun-Sep)
2015,7,July,Sirajganj,Rajshahi,545.68,2755.65,0.198024,270.1,Monsoon (Jun-Sep)
2015,7,July,Sunamganj,Sylhet,2031.68,4043.04,0.502514,1005.6,Monsoon (Jun-Sep)
2015,7,July,Sylhet,Sylhet,563.76,3847.75,0.146517,279.0,Monsoon (Jun-Sep)
2015,7,July,Tangail,Dhaka,368.94,3707.07,0.099523,182.6,Monsoon (Jun-Sep)
2015,7,July,Thakurgaon,Rangpur,414.34,2008.93,0.206249,205.1,Monsoon (Jun-Sep)
2015,8,August,Bagerhat,Khulna,1295.81,3965.49,0.326771,641.4,Monsoon (Jun-Sep)
2015,8,August,Bandarban,Chittagong,1355.2,5000.66,0.271004,670.7,Monsoon (Jun-Sep)
2015,8,August,Barguna,Barisal,219.69,1547.28,0.141982,108.7,Monsoon (Jun-Sep)
2015,8,August,Barisal,Barisal,461.69,2767.25,0.16684,228.5,Monsoon (Jun-Sep)
2015,8,August,Bhola,Barisal,655.71,2471.69,0.26529,324.5,Monsoon (Jun-Sep)
2015,8,August,Bogra,Rajshahi,438.48,3233.63,0.135598,217.0,Monsoon (Jun-Sep)
2015,8,August,Brahamanbaria,Chittagong,549.34,2104.07,0.261083,271.9,Monsoon (Jun-Sep)
2015,8,August,Chandpur,Chittagong,310.67,1864.17,0.166651,153.8,Monsoon (Jun-Sep)
2015,8,August,Chittagong,Chittagong,1491.6,4736.75,0.3149,738.3,Monsoon (Jun-Sep)
2015,8,August,Chuadanga,Khulna,341.65,1233.0,0.277089,169.1,Monsoon (Jun-Sep)
2015,8,August,Comilla,Chittagong,616.83,3351.85,0.184028,305.3,Monsoon (Jun-Sep)
2015,8,August,Cox's Bazar,Chittagong,461.45,2206.6,0.209122,228.4,Monsoon (Jun-Sep)
2015,8,August,Dhaka,Dhaka,151.29,1611.18,0.093898,74.9,Monsoon (Jun-Sep)
2015,8,August,Dinajpur,Rangpur,1301.18,3829.09,0.339814,644.0,Monsoon (Jun-Sep)
2015,8,August,Faridpur,Dhaka,360.32,2227.54,0.161756,178.3,Monsoon (Jun-Sep)
2015,8,August,Feni,Chittagong,257.3,960.78,0.2678,127.3,Monsoon (Jun-Sep)
2015,8,August,Gaibandha,Rangpur,304.37,2410.25,0.126284,150.6,Monsoon (Jun-Sep)
2015,8,August,Gazipur,Dhaka,272.39,1940.74,0.140355,134.8,Monsoon (Jun-Sep)
2015,8,August,Gopalganj,Dhaka,227.95,1602.77,0.142225,112.8,Monsoon (Jun-Sep)
2015,8,August,Habiganj,Sylhet,606.26,2857.81,0.212142,300.1,Monsoon (Jun-Sep)
2015,8,August,Jamalpur,Dhaka,250.59,2272.36,0.110279,124.0,Monsoon (Jun-Sep)
2015,8,August,Jessore,Khulna,463.9,2784.67,0.166591,229.6,Monsoon (Jun-Sep)
2015,8,August,Jhalokati,Barisal,88.5,807.93,0.109541,43.8,Monsoon (Jun-Sep)
2015,8,August,Jhenaidah,Khulna,372.49,2143.27,0.173793,184.4,Monsoon (Jun-Sep)
2015,8,August,Joypurhat,Rajshahi,582.31,1081.54,0.538403,288.2,Monsoon (Jun-Sep)
2015,8,August,Khagrachhari,Chittagong,775.94,3108.48,0.249622,384.0,Monsoon (Jun-Sep)
2015,8,August,Khulna,Khulna,1449.41,3867.71,0.374746,717.4,Monsoon (Jun-Sep)
2015,8,August,Kishoreganj,Dhaka,1225.62,2821.62,0.434369,606.6,Monsoon (Jun-Sep)
2015,8,August,Kurigram,Rangpur,571.5,2481.86,0.230271,282.9,Monsoon (Jun-Sep)
2015,8,August,Kushtia,Khulna,171.19,1830.28,0.093532,84.7,Monsoon (Jun-Sep)
2015,8,August,Lakshmipur,Chittagong,336.77,1573.07,0.214087,166.7,Monsoon (Jun-Sep)
2015,8,August,Lalmonirhat,Rangpur,313.22,1381.75,0.22668,155.0,Monsoon (Jun-Sep)
2015,8,August,Madaripur,Dhaka,93.51,1257.23,0.074376,46.3,Monsoon (Jun-Sep)
2015,8,August,Magura,Khulna,169.35,1143.98,0.148034,83.8,Monsoon (Jun-Sep)
2015,8,August,Manikganj,Dhaka,260.14,1531.92,0.169815,128.8,Monsoon (Jun-Sep)
2015,8,August,Maulvibazar,Sylhet,429.35,2819.05,0.152302,212.5,Monsoon (Jun-Sep)
2015,8,August,Meherpur,Khulna,255.46,732.79,0.348616,126.4,Monsoon (Jun-Sep)
2015,8,August,Munshiganj,Dhaka,123.74,1036.66,0.119365,61.2,Monsoon (Jun-Sep)
2015,8,August,Mymensingh,Dhaka,1541.04,4784.19,0.32211,762.7,Monsoon (Jun-Sep)
2015,8,August,Naogaon,Rajshahi,454.02,3823.82,0.118736,224.7,Monsoon (Jun-Sep)
2015,8,August,Narail,Khulna,127.6,1072.86,0.118938,63.2,Monsoon (Jun-Sep)
2015,8,August,Narayanganj,Dhaka,82.05,832.16,0.098597,40.6,Monsoon (Jun-Sep)
2015,8,August,Narsingdi,Dhaka,183.29,1281.34,0.143048,90.7,Monsoon (Jun-Sep)
2015,8,August,Natore,Rajshahi,294.62,2101.7,0.140182,145.8,Monsoon (Jun-Sep)
2015,8,August,Nawabganj,Rajshahi,170.86,1804.38,0.094691,84.6,Monsoon (Jun-Sep)
2015,8,August,Netrakona,Dhaka,612.88,3089.39,0.198381,303.3,Monsoon (Jun-Sep)
2015,8,August,Nilphamari,Rangpur,709.36,1836.84,0.386183,351.1,Monsoon (Jun-Sep)
2015,8,August,Noakhali,Chittagong,368.9,2642.03,0.139626,182.6,Monsoon (Jun-Sep)
2015,8,August,Pabna,Rajshahi,478.63,2634.14,0.181703,236.9,Monsoon (Jun-Sep)
2015,8,August,Panchagarh,Rangpur,518.05,1548.93,0.334458,256.4,Monsoon (Jun-Sep)
2015,8,August,Patuakhali,Barisal,477.33,2730.09,0.17484,236.3,Monsoon (Jun-Sep)
2015,8,August,Pirojpur,Barisal,201.14,1365.69,0.147285,99.6,Monsoon (Jun-Sep)
2015,8,August,Rajbari,Dhaka,246.99,1249.73,0.197634,122.2,Monsoon (Jun-Sep)
2015,8,August,Rajshahi,Rajshahi,257.26,2664.72,0.096543,127.3,Monsoon (Jun-Sep)
2015,8,August,Rangamati,Chittagong,490.13,6226.79,0.078713,242.6,Monsoon (Jun-Sep)
2015,8,August,Rangpur,Rangpur,1222.06,2572.65,0.475018,604.9,Monsoon (Jun-Sep)
2015,8,August,Satkhira,Khulna,1438.45,3543.05,0.405992,712.0,Monsoon (Jun-Sep)
2015,8,August,Shariatpur,Dhaka,219.14,1362.06,0.160885,108.5,Monsoon (Jun-Sep)
2015,8,August,Sherpur,Dhaka,428.72,1455.19,0.294615,212.2,Monsoon (Jun-Sep)
2015,8,August,Sirajganj,Rajshahi,601.35,2755.65,0.218223,297.6,Monsoon (Jun-Sep)
2015,8,August,Sunamganj,Sylhet,1537.54,4043.04,0.380293,761.0,Monsoon (Jun-Sep)
2015,8,August,Sylhet,Sylhet,1085.71,3847.75,0.282169,537.4,Monsoon (Jun-Sep)
2015,8,August,Tangail,Dhaka,382.0,3707.07,0.103047,189.1,Monsoon (Jun-Sep)
2015,8,August,Thakurgaon,Rangpur,952.63,2008.93,0.474196,471.5,Monsoon (Jun-Sep)
2015,9,September,Bagerhat,Khulna,1240.75,3965.62,0.312876,614.1,Monsoon (Jun-Sep)
2015,9,September,Bandarban,Chittagong,2094.64,5000.66,0.418873,1036.7,Monsoon (Jun-Sep)
2015,9,September,Barguna,Barisal,286.62,1547.28,0.185241,141.9,Monsoon (Jun-Sep)
2015,9,September,Barisal,Barisal,618.4,2767.25,0.223469,306.1,Monsoon (Jun-Sep)
2015,9,September,Bhola,Barisal,775.83,2468.94,0.314237,384.0,Monsoon (Jun-Sep)
2015,9,September,Bogra,Rajshahi,357.18,3233.63,0.110459,176.8,Monsoon (Jun-Sep)
2015,9,September,Brahamanbaria,Chittagong,706.02,2104.07,0.335552,349.4,Monsoon (Jun-Sep)
2015,9,September,Chandpur,Chittagong,314.83,1864.17,0.168887,155.8,Monsoon (Jun-Sep)
2015,9,September,Chittagong,Chittagong,1012.44,4736.75,0.213741,501.1,Monsoon (Jun-Sep)
2015,9,September,Chuadanga,Khulna,386.3,1225.84,0.315134,191.2,Monsoon (Jun-Sep)
2015,9,September,Comilla,Chittagong,806.07,3351.85,0.240486,399.0,Monsoon (Jun-Sep)
2015,9,September,Cox's Bazar,Chittagong,146.24,2206.6,0.066276,72.4,Monsoon (Jun-Sep)
2015,9,September,Dhaka,Dhaka,147.18,1611.18,0.091351,72.8,Monsoon (Jun-Sep)
2015,9,September,Dinajpur,Rangpur,663.93,2371.85,0.279921,328.6,Monsoon (Jun-Sep)
2015,9,September,Faridpur,Dhaka,302.56,2227.54,0.135829,149.8,Monsoon (Jun-Sep)
2015,9,September,Feni,Chittagong,236.05,960.78,0.245684,116.8,Monsoon (Jun-Sep)
2015,9,September,Gaibandha,Rangpur,471.27,2410.25,0.195526,233.3,Monsoon (Jun-Sep)
2015,9,September,Gazipur,Dhaka,199.16,1940.74,0.102623,98.6,Monsoon (Jun-Sep)
2015,9,September,Gopalganj,Dhaka,278.33,1602.77,0.173657,137.8,Monsoon (Jun-Sep)
2015,9,September,Habiganj,Sylhet,691.22,2857.81,0.24187,342.1,Monsoon (Jun-Sep)
2015,9,September,Jamalpur,Dhaka,298.1,2272.36,0.131184,147.5,Monsoon (Jun-Sep)
2015,9,September,Jessore,Khulna,260.94,2783.23,0.093755,129.2,Monsoon (Jun-Sep)
2015,9,September,Jhalokati,Barisal,176.06,807.93,0.217921,87.1,Monsoon (Jun-Sep)
2015,9,September,Jhenaidah,Khulna,471.47,2143.59,0.219945,233.4,Monsoon (Jun-Sep)
2015,9,September,Joypurhat,Rajshahi,605.7,1081.53,0.560038,299.8,Monsoon (Jun-Sep)
2015,9,September,Khagrachhari,Chittagong,701.79,3108.48,0.225768,347.3,Monsoon (Jun-Sep)
2015,9,September,Khulna,Khulna,1352.7,3868.06,0.34971,669.5,Monsoon (Jun-Sep)
2015,9,September,Kishoreganj,Dhaka,1464.23,2821.62,0.518932,724.7,Monsoon (Jun-Sep)
2015,9,September,Kurigram,Rangpur,582.87,2481.86,0.234853,288.5,Monsoon (Jun-Sep)
2015,9,September,Kushtia,Khulna,117.49,1755.37,0.066933,58.2,Monsoon (Jun-Sep)
2015,9,September,Lakshmipur,Chittagong,320.95,1573.07,0.204027,158.9,Monsoon (Jun-Sep)
2015,9,September,Lalmonirhat,Rangpur,168.41,1381.75,0.12188,83.4,Monsoon (Jun-Sep)
2015,9,September,Madaripur,Dhaka,99.04,1257.23,0.078776,49.0,Monsoon (Jun-Sep)
2015,9,September,Magura,Khulna,102.59,1143.98,0.089682,50.8,Monsoon (Jun-Sep)
2015,9,September,Manikganj,Dhaka,284.88,1531.92,0.18596,141.0,Monsoon (Jun-Sep)
2015,9,September,Maulvibazar,Sylhet,407.4,2819.05,0.144518,201.6,Monsoon (Jun-Sep)
2015,9,September,Meherpur,Khulna,186.35,445.53,0.418274,92.2,Monsoon (Jun-Sep)
2015,9,September,Munshiganj,Dhaka,134.4,1036.66,0.129646,66.5,Monsoon (Jun-Sep)
2015,9,September,Mymensingh,Dhaka,1490.27,4784.19,0.311498,737.6,Monsoon (Jun-Sep)
2015,9,September,Naogaon,Rajshahi,295.02,1218.31,0.242157,146.0,Monsoon (Jun-Sep)
2015,9,September,Narail,Khulna,102.08,1072.86,0.09515,50.5,Monsoon (Jun-Sep)
2015,9,September,Narayanganj,Dhaka,91.33,832.16,0.109756,45.2,Monsoon (Jun-Sep)
2015,9,September,Narsingdi,Dhaka,208.07,1281.34,0.162385,103.0,Monsoon (Jun-Sep)
2015,9,September,Natore,Rajshahi,227.84,2101.7,0.108408,112.8,Monsoon (Jun-Sep)
2015,9,September,Nawabganj,Rajshahi,132.27,1804.38,0.073302,65.5,Monsoon (Jun-Sep)
2015,9,September,Netrakona,Dhaka,980.16,3089.39,0.317265,485.1,Monsoon (Jun-Sep)
2015,9,September,Nilphamari,Rangpur,294.44,1836.84,0.160297,145.7,Monsoon (Jun-Sep)
2015,9,September,Noakhali,Chittagong,173.26,2589.17,0.066916,85.8,Monsoon (Jun-Sep)
2015,9,September,Pabna,Rajshahi,478.93,2634.14,0.181818,237.0,Monsoon (Jun-Sep)
2015,9,September,Panchagarh,Rangpur,76.36,851.88,0.089639,37.8,Monsoon (Jun-Sep)
2015,9,September,Patuakhali,Barisal,382.71,2730.09,0.140181,189.4,Monsoon (Jun-Sep)
2015,9,September,Pirojpur,Barisal,318.12,1365.69,0.232938,157.5,Monsoon (Jun-Sep)
2015,9,September,Rajbari,Dhaka,210.37,1249.73,0.168333,104.1,Monsoon (Jun-Sep)
2015,9,September,Rajshahi,Rajshahi,44.29,580.14,0.076345,21.9,Monsoon (Jun-Sep)
2015,9,September,Rangamati,Chittagong,515.94,6226.79,0.082858,255.4,Monsoon (Jun-Sep)
2015,9,September,Rangpur,Rangpur,1507.46,2572.65,0.585958,746.1,Monsoon (Jun-Sep)
2015,9,September,Satkhira,Khulna,1160.62,3543.74,0.327514,574.4,Monsoon (Jun-Sep)
2015,9,September,Shariatpur,Dhaka,233.53,1362.06,0.171455,115.6,Monsoon (Jun-Sep)
2015,9,September,Sherpur,Dhaka,334.65,1455.19,0.22997,165.6,Monsoon (Jun-Sep)
2015,9,September,Sirajganj,Rajshahi,702.16,2755.65,0.254807,347.5,Monsoon (Jun-Sep)
2015,9,September,Sunamganj,Sylhet,2238.13,4043.04,0.553576,1107.8,Monsoon (Jun-Sep)
2015,9,September,Sylhet,Sylhet,1154.44,3847.75,0.300029,571.4,Monsoon (Jun-Sep)
2015,9,September,Tangail,Dhaka,399.87,3707.07,0.107867,197.9,Monsoon (Jun-Sep)
2015,9,September,Thakurgaon,Rangpur,1.36,14.86,0.091545,0.7,Monsoon (Jun-Sep)
2015,10,October,Bagerhat,Khulna,934.69,3965.48,0.235706,462.6,Post-Monsoon (Oct-Nov)
2015,10,October,Bandarban,Chittagong,2370.06,4998.97,0.474111,1173.0,Post-Monsoon (Oct-Nov)
2015,10,October,Barguna,Barisal,159.09,1547.28,0.102816,78.7,Post-Monsoon (Oct-Nov)
2015,10,October,Barisal,Barisal,456.76,2767.25,0.165059,226.1,Post-Monsoon (Oct-Nov)
2015,10,October,Bhola,Barisal,674.05,2471.69,0.272707,333.6,Post-Monsoon (Oct-Nov)
2015,10,October,Bogra,Rajshahi,257.23,3233.63,0.079548,127.3,Post-Monsoon (Oct-Nov)
2015,10,October,Brahamanbaria,Chittagong,352.08,2104.07,0.167332,174.3,Post-Monsoon (Oct-Nov)
2015,10,October,Chandpur,Chittagong,276.83,1864.17,0.148502,137.0,Post-Monsoon (Oct-Nov)
2015,10,October,Chittagong,Chittagong,1320.84,4736.75,0.278851,653.7,Post-Monsoon (Oct-Nov)
2015,10,October,Chuadanga,Khulna,299.97,1233.0,0.243282,148.5,Post-Monsoon (Oct-Nov)
2015,10,October,Comilla,Chittagong,798.73,3351.85,0.238296,395.3,Post-Monsoon (Oct-Nov)
2015,10,October,Cox's Bazar,Chittagong,261.02,2205.74,0.118337,129.2,Post-Monsoon (Oct-Nov)
2015,10,October,Dhaka,Dhaka,117.69,1611.18,0.073047,58.3,Post-Monsoon (Oct-Nov)
2015,10,October,Dinajpur,Rangpur,2629.52,3829.09,0.686723,1301.5,Post-Monsoon (Oct-Nov)
2015,10,October,Faridpur,Dhaka,177.06,2227.54,0.079488,87.6,Post-Monsoon (Oct-Nov)
2015,10,October,Feni,Chittagong,278.15,960.78,0.289507,137.7,Post-Monsoon (Oct-Nov)
2015,10,October,Gaibandha,Rangpur,230.94,2410.25,0.095815,114.3,Post-Monsoon (Oct-Nov)
2015,10,October,Gazipur,Dhaka,157.44,1940.74,0.081122,77.9,Post-Monsoon (Oct-Nov)
2015,10,October,Gopalganj,Dhaka,101.85,1602.77,0.063548,50.4,Post-Monsoon (Oct-Nov)
2015,10,October,Habiganj,Sylhet,335.93,2857.81,0.117548,166.3,Post-Monsoon (Oct-Nov)
2015,10,October,Jamalpur,Dhaka,172.77,2272.36,0.076029,85.5,Post-Monsoon (Oct-Nov)
2015,10,October,Jessore,Khulna,408.38,2784.67,0.146654,202.1,Post-Monsoon (Oct-Nov)
2015,10,October,Jhalokati,Barisal,34.89,807.93,0.043187,17.3,Post-Monsoon (Oct-Nov)
2015,10,October,Jhenaidah,Khulna,621.32,2143.24,0.289897,307.5,Post-Monsoon (Oct-Nov)
2015,10,October,Joypurhat,Rajshahi,741.54,1081.54,0.68563,367.0,Post-Monsoon (Oct-Nov)
2015,10,October,Khagrachhari,Chittagong,1047.09,3107.17,0.33699,518.3,Post-Monsoon (Oct-Nov)
2015,10,October,Khulna,Khulna,763.5,3867.72,0.197404,377.9,Post-Monsoon (Oct-Nov)
2015,10,October,Kishoreganj,Dhaka,1025.1,2821.62,0.363301,507.4,Post-Monsoon (Oct-Nov)
2015,10,October,Kurigram,Rangpur,370.87,2481.86,0.149431,183.6,Post-Monsoon (Oct-Nov)
2015,10,October,Kushtia,Khulna,102.37,1830.28,0.05593,50.7,Post-Monsoon (Oct-Nov)
2015,10,October,Lakshmipur,Chittagong,293.01,1573.07,0.186264,145.0,Post-Monsoon (Oct-Nov)
2015,10,October,Lalmonirhat,Rangpur,602.51,1381.75,0.436049,298.2,Post-Monsoon (Oct-Nov)
2015,10,October,Madaripur,Dhaka,75.36,1257.23,0.05994,37.3,Post-Monsoon (Oct-Nov)
2015,10,October,Magura,Khulna,48.42,1143.98,0.042329,24.0,Post-Monsoon (Oct-Nov)
2015,10,October,Manikganj,Dhaka,209.08,1531.92,0.136484,103.5,Post-Monsoon (Oct-Nov)
2015,10,October,Maulvibazar,Sylhet,234.16,2818.44,0.083081,115.9,Post-Monsoon (Oct-Nov)
2015,10,October,Meherpur,Khulna,162.06,732.79,0.221162,80.2,Post-Monsoon (Oct-Nov)
2015,10,October,Munshiganj,Dhaka,111.14,1036.66,0.107206,55.0,Post-Monsoon (Oct-Nov)
2015,10,October,Mymensingh,Dhaka,2070.96,4784.19,0.432875,1025.0,Post-Monsoon (Oct-Nov)
2015,10,October,Naogaon,Rajshahi,1020.72,3824.58,0.266884,505.2,Post-Monsoon (Oct-Nov)
2015,10,October,Narail,Khulna,66.67,1072.86,0.062143,33.0,Post-Monsoon (Oct-Nov)
2015,10,October,Narayanganj,Dhaka,64.74,832.16,0.077792,32.0,Post-Monsoon (Oct-Nov)
2015,10,October,Narsingdi,Dhaka,110.95,1281.34,0.086589,54.9,Post-Monsoon (Oct-Nov)
2015,10,October,Natore,Rajshahi,181.83,2101.7,0.086517,90.0,Post-Monsoon (Oct-Nov)
2015,10,October,Nawabganj,Rajshahi,93.67,1804.38,0.051913,46.4,Post-Monsoon (Oct-Nov)
2015,10,October,Netrakona,Dhaka,562.02,3089.39,0.18192,278.2,Post-Monsoon (Oct-Nov)
2015,10,October,Nilphamari,Rangpur,999.08,1836.84,0.543915,494.5,Post-Monsoon (Oct-Nov)
2015,10,October,Noakhali,Chittagong,120.4,2642.03,0.04557,59.6,Post-Monsoon (Oct-Nov)
2015,10,October,Pabna,Rajshahi,338.84,2634.14,0.128635,167.7,Post-Monsoon (Oct-Nov)
2015,10,October,Panchagarh,Rangpur,899.56,1548.93,0.580762,445.2,Post-Monsoon (Oct-Nov)
2015,10,October,Patuakhali,Barisal,224.64,2730.09,0.082285,111.2,Post-Monsoon (Oct-Nov)
2015,10,October,Pirojpur,Barisal,93.23,1365.69,0.068266,46.1,Post-Monsoon (Oct-Nov)
2015,10,October,Rajbari,Dhaka,141.01,1249.73,0.112835,69.8,Post-Monsoon (Oct-Nov)
2015,10,October,Rajshahi,Rajshahi,222.89,2664.72,0.083646,110.3,Post-Monsoon (Oct-Nov)
2015,10,October,Rangamati,Chittagong,478.15,6226.09,0.076799,236.7,Post-Monsoon (Oct-Nov)
2015,10,October,Rangpur,Rangpur,1630.85,2572.65,0.633921,807.2,Post-Monsoon (Oct-Nov)
2015,10,October,Satkhira,Khulna,1165.97,3543.08,0.329083,577.1,Post-Monsoon (Oct-Nov)
2015,10,October,Shariatpur,Dhaka,193.46,1362.06,0.142032,95.8,Post-Monsoon (Oct-Nov)
2015,10,October,Sherpur,Dhaka,681.16,1455.19,0.468087,337.1,Post-Monsoon (Oct-Nov)
2015,10,October,Sirajganj,Rajshahi,427.36,2755.65,0.155084,211.5,Post-Monsoon (Oct-Nov)
2015,10,October,Sunamganj,Sylhet,1575.51,4042.22,0.389765,779.8,Post-Monsoon (Oct-Nov)
2015,10,October,Sylhet,Sylhet,372.71,3846.22,0.096903,184.5,Post-Monsoon (Oct-Nov)
2015,10,October,Tangail,Dhaka,200.84,3707.07,0.054179,99.4,Post-Monsoon (Oct-Nov)
2015,10,October,Thakurgaon,Rangpur,1288.44,2008.93,0.641356,637.7,Post-Monsoon (Oct-Nov)
2015,11,November,Bagerhat,Khulna,947.16,3965.62,0.238843,468.8,Post-Monsoon (Oct-Nov)
2015,11,November,Bandarban,Chittagong,1943.44,4999.83,0.388701,961.9,Post-Monsoon (Oct-Nov)
2015,11,November,Barguna,Barisal,156.57,1547.28,0.10119,77.5,Post-Monsoon (Oct-Nov)
2015,11,November,Barisal,Barisal,487.9,2767.25,0.176311,241.5,Post-Monsoon (Oct-Nov)
2015,11,November,Bhola,Barisal,668.22,2471.69,0.270349,330.7,Post-Monsoon (Oct-Nov)
2015,11,November,Bogra,Rajshahi,316.54,3233.63,0.09789,156.7,Post-Monsoon (Oct-Nov)
2015,11,November,Brahamanbaria,Chittagong,134.84,2104.07,0.064088,66.7,Post-Monsoon (Oct-Nov)
2015,11,November,Chandpur,Chittagong,263.52,1864.17,0.141358,130.4,Post-Monsoon (Oct-Nov)
2015,11,November,Chittagong,Chittagong,1029.35,4735.85,0.217352,509.5,Post-Monsoon (Oct-Nov)
2015,11,November,Chuadanga,Khulna,709.0,1226.07,0.578266,350.9,Post-Monsoon (Oct-Nov)
2015,11,November,Comilla,Chittagong,1214.54,3351.85,0.362351,601.1,Post-Monsoon (Oct-Nov)
2015,11,November,Cox's Bazar,Chittagong,163.85,2206.6,0.074254,81.1,Post-Monsoon (Oct-Nov)
2015,11,November,Dhaka,Dhaka,159.68,1611.18,0.099108,79.0,Post-Monsoon (Oct-Nov)
2015,11,November,Dinajpur,Rangpur,1500.76,2369.11,0.63347,742.8,Post-Monsoon (Oct-Nov)
2015,11,November,Faridpur,Dhaka,127.21,2227.54,0.057109,63.0,Post-Monsoon (Oct-Nov)
2015,11,November,Feni,Chittagong,370.61,960.78,0.385741,183.4,Post-Monsoon (Oct-Nov)
2015,11,November,Gaibandha,Rangpur,251.41,2410.25,0.104309,124.4,Post-Monsoon (Oct-Nov)
2015,11,November,Gazipur,Dhaka,918.81,1940.74,0.473432,454.8,Post-Monsoon (Oct-Nov)
2015,11,November,Gopalganj,Dhaka,159.66,1602.77,0.099616,79.0,Post-Monsoon (Oct-Nov)
2015,11,November,Habiganj,Sylhet,389.37,2857.81,0.136248,192.7,Post-Monsoon (Oct-Nov)
2015,11,November,Jamalpur,Dhaka,233.1,2272.36,0.102579,115.4,Post-Monsoon (Oct-Nov)
2015,11,November,Jessore,Khulna,234.18,2784.67,0.084097,115.9,Post-Monsoon (Oct-Nov)
2015,11,November,Jhalokati,Barisal,38.61,807.93,0.047792,19.1,Post-Monsoon (Oct-Nov)
2015,11,November,Jhenaidah,Khulna,1091.2,2143.59,0.509051,540.1,Post-Monsoon (Oct-Nov)
2015,11,November,Joypurhat,Rajshahi,787.63,1081.54,0.728249,389.8,Post-Monsoon (Oct-Nov)
2015,11,November,Khagrachhari,Chittagong,1008.79,3107.91,0.324588,499.3,Post-Monsoon (Oct-Nov)
2015,11,November,Khulna,Khulna,994.72,3867.69,0.257188,492.3,Post-Monsoon (Oct-Nov)
2015,11,November,Kishoreganj,Dhaka,287.08,2821.62,0.101744,142.1,Post-Monsoon (Oct-Nov)
2015,11,November,Kurigram,Rangpur,425.25,2481.86,0.171342,210.5,Post-Monsoon (Oct-Nov)
2015,11,November,Kushtia,Khulna,129.13,1755.02,0.073576,63.9,Post-Monsoon (Oct-Nov)
2015,11,November,Lakshmipur,Chittagong,292.33,1573.07,0.185836,144.7,Post-Monsoon (Oct-Nov)
2015,11,November,Lalmonirhat,Rangpur,761.25,1381.75,0.55093,376.8,Post-Monsoon (Oct-Nov)
2015,11,November,Madaripur,Dhaka,73.01,1257.23,0.058075,36.1,Post-Monsoon (Oct-Nov)
2015,11,November,Magura,Khulna,25.86,1143.98,0.022607,12.8,Post-Monsoon (Oct-Nov)
2015,11,November,Manikganj,Dhaka,185.99,1531.92,0.121412,92.1,Post-Monsoon (Oct-Nov)
2015,11,November,Maulvibazar,Sylhet,171.5,2819.05,0.060835,84.9,Post-Monsoon (Oct-Nov)
2015,11,November,Meherpur,Khulna,345.74,446.13,0.774964,171.1,Post-Monsoon (Oct-Nov)
2015,11,November,Munshiganj,Dhaka,98.14,1036.66,0.094669,48.6,Post-Monsoon (Oct-Nov)
2015,11,November,Mymensingh,Dhaka,2537.43,4784.19,0.530379,1255.9,Post-Monsoon (Oct-Nov)
2015,11,November,Naogaon,Rajshahi,363.49,1218.97,0.298196,179.9,Post-Monsoon (Oct-Nov)
2015,11,November,Narail,Khulna,66.96,1072.86,0.062415,33.1,Post-Monsoon (Oct-Nov)
2015,11,November,Narayanganj,Dhaka,53.33,832.16,0.064087,26.4,Post-Monsoon (Oct-Nov)
2015,11,November,Narsingdi,Dhaka,72.65,1281.34,0.0567,36.0,Post-Monsoon (Oct-Nov)
2015,11,November,Natore,Rajshahi,145.05,2101.7,0.069014,71.8,Post-Monsoon (Oct-Nov)
2015,11,November,Nawabganj,Rajshahi,196.32,1804.38,0.108802,97.2,Post-Monsoon (Oct-Nov)
2015,11,November,Netrakona,Dhaka,286.98,3089.39,0.092893,142.0,Post-Monsoon (Oct-Nov)
2015,11,November,Nilphamari,Rangpur,722.13,1836.84,0.39314,357.4,Post-Monsoon (Oct-Nov)
2015,11,November,Noakhali,Chittagong,111.36,2642.03,0.042148,55.1,Post-Monsoon (Oct-Nov)
2015,11,November,Pabna,Rajshahi,183.21,2634.14,0.069552,90.7,Post-Monsoon (Oct-Nov)
2015,11,November,Panchagarh,Rangpur,157.11,850.23,0.184785,77.8,Post-Monsoon (Oct-Nov)
2015,11,November,Patuakhali,Barisal,213.94,2730.09,0.078365,105.9,Post-Monsoon (Oct-Nov)
2015,11,November,Pirojpur,Barisal,102.74,1365.69,0.075226,50.9,Post-Monsoon (Oct-Nov)
2015,11,November,Rajbari,Dhaka,125.57,1249.73,0.10048,62.2,Post-Monsoon (Oct-Nov)
2015,11,November,Rajshahi,Rajshahi,30.02,582.76,0.051512,14.9,Post-Monsoon (Oct-Nov)
2015,11,November,Rangamati,Chittagong,451.7,6226.13,0.07255,223.6,Post-Monsoon (Oct-Nov)
2015,11,November,Rangpur,Rangpur,1877.34,2572.65,0.72973,929.2,Post-Monsoon (Oct-Nov)
2015,11,November,Satkhira,Khulna,1340.5,3542.97,0.378353,663.5,Post-Monsoon (Oct-Nov)
2015,11,November,Shariatpur,Dhaka,190.33,1362.06,0.139734,94.2,Post-Monsoon (Oct-Nov)
2015,11,November,Sherpur,Dhaka,916.43,1455.19,0.629764,453.6,Post-Monsoon (Oct-Nov)
2015,11,November,Sirajganj,Rajshahi,351.58,2755.65,0.127587,174.0,Post-Monsoon (Oct-Nov)
2015,11,November,Sunamganj,Sylhet,1023.42,4043.04,0.253131,506.5,Post-Monsoon (Oct-Nov)
2015,11,November,Sylhet,Sylhet,369.56,3845.89,0.096093,182.9,Post-Monsoon (Oct-Nov)
2015,11,November,Tangail,Dhaka,653.43,3707.07,0.176266,323.4,Post-Monsoon (Oct-Nov)
2015,11,November,Thakurgaon,Rangpur,9.75,14.46,0.674769,4.8,Post-Monsoon (Oct-Nov)
2015,12,December,Bagerhat,Khulna,929.14,3965.62,0.234298,459.9,Dry Winter (Dec-Feb)
2015,12,December,Bandarban,Chittagong,2815.83,5000.66,0.563091,1393.7,Dry Winter (Dec-Feb)
2015,12,December,Barguna,Barisal,159.63,1547.28,0.103168,79.0,Dry Winter (Dec-Feb)
2015,12,December,Barisal,Barisal,445.51,2767.25,0.160994,220.5,Dry Winter (Dec-Feb)
2015,12,December,Bhola,Barisal,666.83,2471.69,0.269787,330.0,Dry Winter (Dec-Feb)
2015,12,December,Bogra,Rajshahi,396.78,3232.88,0.122733,196.4,Dry Winter (Dec-Feb)
2015,12,December,Brahamanbaria,Chittagong,972.27,2104.07,0.462088,481.2,Dry Winter (Dec-Feb)
2015,12,December,Chandpur,Chittagong,246.63,1863.85,0.132321,122.1,Dry Winter (Dec-Feb)
2015,12,December,Chittagong,Chittagong,2152.63,4736.75,0.454454,1065.4,Dry Winter (Dec-Feb)
2015,12,December,Chuadanga,Khulna,244.21,1232.24,0.198187,120.9,Dry Winter (Dec-Feb)
2015,12,December,Comilla,Chittagong,1902.4,3351.85,0.567568,941.6,Dry Winter (Dec-Feb)
2015,12,December,Cox's Bazar,Chittagong,879.03,2206.6,0.398365,435.1,Dry Winter (Dec-Feb)
2015,12,December,Dhaka,Dhaka,968.49,1611.18,0.601109,479.3,Dry Winter (Dec-Feb)
2015,12,December,Dinajpur,Rangpur,2760.82,3829.09,0.721013,1366.5,Dry Winter (Dec-Feb)
2015,12,December,Faridpur,Dhaka,117.69,2226.51,0.052859,58.3,Dry Winter (Dec-Feb)
2015,12,December,Feni,Chittagong,547.5,960.78,0.569847,271.0,Dry Winter (Dec-Feb)
2015,12,December,Gaibandha,Rangpur,280.78,2410.25,0.116495,139.0,Dry Winter (Dec-Feb)
2015,12,December,Gazipur,Dhaka,1408.04,1940.74,0.725517,696.9,Dry Winter (Dec-Feb)
2015,12,December,Gopalganj,Dhaka,310.61,1602.39,0.193842,153.7,Dry Winter (Dec-Feb)
2015,12,December,Habiganj,Sylhet,1078.19,2857.81,0.377278,533.6,Dry Winter (Dec-Feb)
2015,12,December,Jamalpur,Dhaka,398.33,2271.43,0.175363,197.2,Dry Winter (Dec-Feb)
2015,12,December,Jessore,Khulna,144.59,1464.93,0.098703,71.6,Dry Winter (Dec-Feb)
2015,12,December,Jhalokati,Barisal,35.81,807.93,0.044328,17.7,Dry Winter (Dec-Feb)
2015,12,December,Jhenaidah,Khulna,482.43,1734.5,0.278137,238.8,Dry Winter (Dec-Feb)
2015,12,December,Joypurhat,Rajshahi,595.05,1081.54,0.55019,294.5,Dry Winter (Dec-Feb)
2015,12,December,Khagrachhari,Chittagong,1958.2,3108.48,0.629955,969.2,Dry Winter (Dec-Feb)
2015,12,December,Khulna,Khulna,508.31,2390.5,0.212637,251.6,Dry Winter (Dec-Feb)
2015,12,December,Kishoreganj,Dhaka,192.56,2821.62,0.068244,95.3,Dry Winter (Dec-Feb)
2015,12,December,Kurigram,Rangpur,435.48,2481.86,0.175464,215.5,Dry Winter (Dec-Feb)
2015,12,December,Kushtia,Khulna,109.68,1830.19,0.059927,54.3,Dry Winter (Dec-Feb)
2015,12,December,Lakshmipur,Chittagong,291.65,1573.07,0.185402,144.4,Dry Winter (Dec-Feb)
2015,12,December,Lalmonirhat,Rangpur,767.4,1381.75,0.555383,379.8,Dry Winter (Dec-Feb)
2015,12,December,Madaripur,Dhaka,84.59,1256.82,0.067305,41.9,Dry Winter (Dec-Feb)
2015,12,December,Magura,Khulna,258.17,1143.97,0.225675,127.8,Dry Winter (Dec-Feb)
2015,12,December,Manikganj,Dhaka,175.16,1531.92,0.11434,86.7,Dry Winter (Dec-Feb)
2015,12,December,Maulvibazar,Sylhet,296.26,2819.05,0.105091,146.6,Dry Winter (Dec-Feb)
2015,12,December,Meherpur,Khulna,260.3,732.09,0.355552,128.8,Dry Winter (Dec-Feb)
2015,12,December,Munshiganj,Dhaka,84.9,1036.03,0.08195,42.0,Dry Winter (Dec-Feb)
2015,12,December,Mymensingh,Dhaka,3337.71,4783.61,0.697738,1652.0,Dry Winter (Dec-Feb)
2015,12,December,Naogaon,Rajshahi,2273.8,3824.58,0.594523,1125.4,Dry Winter (Dec-Feb)
2015,12,December,Narail,Khulna,108.17,1072.26,0.100878,53.5,Dry Winter (Dec-Feb)
2015,12,December,Narayanganj,Dhaka,439.04,832.16,0.527595,217.3,Dry Winter (Dec-Feb)
2015,12,December,Narsingdi,Dhaka,64.93,1281.34,0.05067,32.1,Dry Winter (Dec-Feb)
2015,12,December,Natore,Rajshahi,328.37,2101.7,0.156239,162.5,Dry Winter (Dec-Feb)
2015,12,December,Nawabganj,Rajshahi,298.97,1804.38,0.165691,148.0,Dry Winter (Dec-Feb)
2015,12,December,Netrakona,Dhaka,748.0,3089.33,0.242123,370.2,Dry Winter (Dec-Feb)
2015,12,December,Nilphamari,Rangpur,1068.74,1836.84,0.581836,529.0,Dry Winter (Dec-Feb)
2015,12,December,Noakhali,Chittagong,156.02,2642.03,0.059055,77.2,Dry Winter (Dec-Feb)
2015,12,December,Pabna,Rajshahi,192.66,2634.14,0.073141,95.4,Dry Winter (Dec-Feb)
2015,12,December,Panchagarh,Rangpur,885.7,1548.93,0.571815,438.4,Dry Winter (Dec-Feb)
2015,12,December,Patuakhali,Barisal,224.07,2730.09,0.082074,110.9,Dry Winter (Dec-Feb)
2015,12,December,Pirojpur,Barisal,104.71,1365.69,0.07667,51.8,Dry Winter (Dec-Feb)
2015,12,December,Rajbari,Dhaka,125.15,1249.73,0.100138,61.9,Dry Winter (Dec-Feb)
2015,12,December,Rajshahi,Rajshahi,292.65,2664.72,0.109822,144.8,Dry Winter (Dec-Feb)
2015,12,December,Rangamati,Chittagong,508.89,6226.79,0.081726,251.9,Dry Winter (Dec-Feb)
2015,12,December,Rangpur,Rangpur,1823.84,2572.65,0.708935,902.7,Dry Winter (Dec-Feb)
2015,12,December,Satkhira,Khulna,0.49,22.75,0.02161,0.2,Dry Winter (Dec-Feb)
2015,12,December,Shariatpur,Dhaka,173.63,1361.6,0.127521,85.9,Dry Winter (Dec-Feb)
2015,12,December,Sherpur,Dhaka,1117.51,1454.52,0.768299,553.1,Dry Winter (Dec-Feb)
2015,12,December,Sirajganj,Rajshahi,328.86,2755.65,0.119338,162.8,Dry Winter (Dec-Feb)
2015,12,December,Sunamganj,Sylhet,762.11,4043.04,0.1885,377.2,Dry Winter (Dec-Feb)
2015,12,December,Sylhet,Sylhet,982.47,3847.75,0.255336,486.3,Dry Winter (Dec-Feb)
2015,12,December,Tangail,Dhaka,2055.95,3707.07,0.554601,1017.6,Dry Winter (Dec-Feb)
2015,12,December,Thakurgaon,Rangpur,1455.79,2008.93,0.72466,720.5,Dry Winter (Dec-Feb)
2016,1,January,Bagerhat,Khulna,739.7,3965.62,0.186528,366.1,Dry Winter (Dec-Feb)
2016,1,January,Bandarban,Chittagong,2378.99,5000.66,0.475736,1177.5,Dry Winter (Dec-Feb)
2016,1,January,Barguna,Barisal,156.77,1547.28,0.101321,77.6,Dry Winter (Dec-Feb)
2016,1,January,Barisal,Barisal,154.03,286.97,0.536751,76.2,Dry Winter (Dec-Feb)
2016,1,January,Bhola,Barisal,674.32,2469.75,0.27303,333.8,Dry Winter (Dec-Feb)
2016,1,January,Bogra,Rajshahi,157.12,1101.71,0.142614,77.8,Dry Winter (Dec-Feb)
2016,1,January,Brahamanbaria,Chittagong,1214.32,2097.64,0.578899,601.0,Dry Winter (Dec-Feb)
2016,1,January,Chandpur,Chittagong,98.91,1434.83,0.068937,49.0,Dry Winter (Dec-Feb)
2016,1,January,Chittagong,Chittagong,1727.2,4736.75,0.364638,854.9,Dry Winter (Dec-Feb)
2016,1,January,Chuadanga,Khulna,283.83,1232.62,0.230262,140.5,Dry Winter (Dec-Feb)
2016,1,January,Comilla,Chittagong,1889.71,3261.75,0.579354,935.3,Dry Winter (Dec-Feb)
2016,1,January,Cox's Bazar,Chittagong,709.98,2206.6,0.321751,351.4,Dry Winter (Dec-Feb)
2016,1,January,Dhaka,Dhaka,873.82,1611.18,0.54235,432.5,Dry Winter (Dec-Feb)
2016,1,January,Dinajpur,Rangpur,2056.42,3829.09,0.537053,1017.8,Dry Winter (Dec-Feb)
2016,1,January,Faridpur,Dhaka,576.46,2227.02,0.258847,285.3,Dry Winter (Dec-Feb)
2016,1,January,Feni,Chittagong,473.92,960.78,0.493273,234.6,Dry Winter (Dec-Feb)
2016,1,January,Gaibandha,Rangpur,65.72,193.53,0.339594,32.5,Dry Winter (Dec-Feb)
2016,1,January,Gazipur,Dhaka,1218.32,1940.74,0.627762,603.0,Dry Winter (Dec-Feb)
2016,1,January,Gopalganj,Dhaka,492.94,1602.58,0.307591,244.0,Dry Winter (Dec-Feb)
2016,1,January,Habiganj,Sylhet,1706.17,2857.81,0.597018,844.5,Dry Winter (Dec-Feb)
2016,1,January,Jamalpur,Dhaka,652.88,2271.89,0.287373,323.1,Dry Winter (Dec-Feb)
2016,1,January,Jessore,Khulna,427.25,2124.8,0.201078,211.5,Dry Winter (Dec-Feb)
2016,1,January,Jhalokati,Barisal,34.27,807.93,0.042423,17.0,Dry Winter (Dec-Feb)
2016,1,January,Jhenaidah,Khulna,715.65,1939.05,0.369074,354.2,Dry Winter (Dec-Feb)
2016,1,January,Joypurhat,Rajshahi,680.93,1081.54,0.629592,337.0,Dry Winter (Dec-Feb)
2016,1,January,Khagrachhari,Chittagong,1668.47,3108.48,0.536747,825.8,Dry Winter (Dec-Feb)
2016,1,January,Khulna,Khulna,520.49,3129.12,0.166336,257.6,Dry Winter (Dec-Feb)
2016,1,January,Kishoreganj,Dhaka,1245.09,1989.31,0.62589,616.3,Dry Winter (Dec-Feb)
2016,1,January,Kurigram,Rangpur,446.0,2481.86,0.179706,220.7,Dry Winter (Dec-Feb)
2016,1,January,Kushtia,Khulna,121.23,1830.23,0.06624,60.0,Dry Winter (Dec-Feb)
2016,1,January,Lakshmipur,Chittagong,293.1,1573.07,0.186326,145.1,Dry Winter (Dec-Feb)
2016,1,January,Lalmonirhat,Rangpur,205.24,495.31,0.414355,101.6,Dry Winter (Dec-Feb)
2016,1,January,Madaripur,Dhaka,69.6,1257.03,0.055372,34.4,Dry Winter (Dec-Feb)
2016,1,January,Magura,Khulna,460.45,1143.97,0.4025,227.9,Dry Winter (Dec-Feb)
2016,1,January,Manikganj,Dhaka,171.71,1531.92,0.112088,85.0,Dry Winter (Dec-Feb)
2016,1,January,Maulvibazar,Sylhet,1036.22,2819.05,0.367579,512.9,Dry Winter (Dec-Feb)
2016,1,January,Meherpur,Khulna,289.3,732.27,0.395068,143.2,Dry Winter (Dec-Feb)
2016,1,January,Munshiganj,Dhaka,1.52,6.27,0.24187,0.8,Dry Winter (Dec-Feb)
2016,1,January,Mymensingh,Dhaka,3063.65,4783.9,0.640407,1516.3,Dry Winter (Dec-Feb)
2016,1,January,Naogaon,Rajshahi,2398.4,3357.11,0.714424,1187.1,Dry Winter (Dec-Feb)
2016,1,January,Narail,Khulna,71.65,1072.56,0.0668,35.5,Dry Winter (Dec-Feb)
2016,1,January,Narayanganj,Dhaka,6.58,7.9,0.833391,3.3,Dry Winter (Dec-Feb)
2016,1,January,Narsingdi,Dhaka,50.05,531.7,0.094136,24.8,Dry Winter (Dec-Feb)
2016,1,January,Natore,Rajshahi,682.31,2101.7,0.324646,337.7,Dry Winter (Dec-Feb)
2016,1,January,Nawabganj,Rajshahi,890.42,1691.12,0.526528,440.7,Dry Winter (Dec-Feb)
2016,1,January,Netrakona,Dhaka,652.38,1018.62,0.64046,322.9,Dry Winter (Dec-Feb)
2016,1,January,Nilphamari,Rangpur,325.68,1832.48,0.177727,161.2,Dry Winter (Dec-Feb)
2016,1,January,Noakhali,Chittagong,116.24,2641.82,0.044001,57.5,Dry Winter (Dec-Feb)
2016,1,January,Pabna,Rajshahi,681.18,2634.14,0.258597,337.1,Dry Winter (Dec-Feb)
2016,1,January,Panchagarh,Rangpur,1307.02,1548.53,0.84404,646.9,Dry Winter (Dec-Feb)
2016,1,January,Patuakhali,Barisal,114.29,1148.92,0.099474,56.6,Dry Winter (Dec-Feb)
2016,1,January,Pirojpur,Barisal,96.25,1365.69,0.070479,47.6,Dry Winter (Dec-Feb)
2016,1,January,Rajbari,Dhaka,117.29,1249.73,0.093855,58.1,Dry Winter (Dec-Feb)
2016,1,January,Rajshahi,Rajshahi,183.34,347.28,0.527923,90.7,Dry Winter (Dec-Feb)
2016,1,January,Rangamati,Chittagong,474.99,6226.79,0.076281,235.1,Dry Winter (Dec-Feb)
2016,1,January,Rangpur,Rangpur,520.97,1244.68,0.418558,257.9,Dry Winter (Dec-Feb)
2016,1,January,Satkhira,Khulna,382.53,1782.84,0.214563,189.3,Dry Winter (Dec-Feb)
2016,1,January,Shariatpur,Dhaka,163.24,1361.83,0.119865,80.8,Dry Winter (Dec-Feb)
2016,1,January,Sherpur,Dhaka,1011.86,1454.86,0.695502,500.8,Dry Winter (Dec-Feb)
2016,1,January,Sirajganj,Rajshahi,307.47,2755.65,0.111579,152.2,Dry Winter (Dec-Feb)
2016,1,January,Sunamganj,Sylhet,687.89,4043.04,0.170141,340.5,Dry Winter (Dec-Feb)
2016,1,January,Sylhet,Sylhet,2086.3,3847.75,0.542213,1032.6,Dry Winter (Dec-Feb)
2016,1,January,Tangail,Dhaka,1897.12,3707.07,0.511758,939.0,Dry Winter (Dec-Feb)
2016,1,January,Thakurgaon,Rangpur,1679.19,2008.93,0.835861,831.1,Dry Winter (Dec-Feb)
2016,2,February,Bagerhat,Khulna,550.26,3965.62,0.138758,272.3,Dry Winter (Dec-Feb)
2016,2,February,Bandarban,Chittagong,2779.04,5000.66,0.555735,1375.5,Dry Winter (Dec-Feb)
2016,2,February,Barguna,Barisal,153.91,1547.28,0.099473,76.2,Dry Winter (Dec-Feb)
2016,2,February,Barisal,Barisal,414.64,2767.25,0.149837,205.2,Dry Winter (Dec-Feb)
2016,2,February,Bhola,Barisal,613.84,2471.69,0.24835,303.8,Dry Winter (Dec-Feb)
2016,2,February,Bogra,Rajshahi,1282.62,3233.63,0.396648,634.8,Dry Winter (Dec-Feb)
2016,2,February,Brahamanbaria,Chittagong,1175.41,2104.07,0.558636,581.8,Dry Winter (Dec-Feb)
2016,2,February,Chandpur,Chittagong,232.39,1864.17,0.12466,115.0,Dry Winter (Dec-Feb)
2016,2,February,Chittagong,Chittagong,1821.18,4736.75,0.384479,901.4,Dry Winter (Dec-Feb)
2016,2,February,Chuadanga,Khulna,323.44,1233.0,0.262317,160.1,Dry Winter (Dec-Feb)
2016,2,February,Comilla,Chittagong,1846.29,3351.85,0.550828,913.8,Dry Winter (Dec-Feb)
2016,2,February,Cox's Bazar,Chittagong,720.37,2206.6,0.326463,356.5,Dry Winter (Dec-Feb)
2016,2,February,Dhaka,Dhaka,779.15,1611.18,0.483591,385.6,Dry Winter (Dec-Feb)
2016,2,February,Dinajpur,Rangpur,1043.69,3829.09,0.272569,516.6,Dry Winter (Dec-Feb)
2016,2,February,Faridpur,Dhaka,1035.23,2227.54,0.46474,512.4,Dry Winter (Dec-Feb)
2016,2,February,Feni,Chittagong,495.68,960.78,0.515916,245.3,Dry Winter (Dec-Feb)
2016,2,February,Gaibandha,Rangpur,309.51,2410.25,0.128416,153.2,Dry Winter (Dec-Feb)
2016,2,February,Gazipur,Dhaka,1028.6,1940.74,0.530006,509.1,Dry Winter (Dec-Feb)
2016,2,February,Gopalganj,Dhaka,675.27,1602.77,0.421314,334.2,Dry Winter (Dec-Feb)
2016,2,February,Habiganj,Sylhet,1390.05,2857.81,0.486405,688.0,Dry Winter (Dec-Feb)
2016,2,February,Jamalpur,Dhaka,907.43,2272.36,0.399336,449.1,Dry Winter (Dec-Feb)
2016,2,February,Jessore,Khulna,709.91,2784.67,0.254935,351.4,Dry Winter (Dec-Feb)
2016,2,February,Jhalokati,Barisal,32.74,807.93,0.040518,16.2,Dry Winter (Dec-Feb)
2016,2,February,Jhenaidah,Khulna,948.88,2143.59,0.442657,469.6,Dry Winter (Dec-Feb)
2016,2,February,Joypurhat,Rajshahi,428.1,1081.54,0.395824,211.9,Dry Winter (Dec-Feb)
2016,2,February,Khagrachhari,Chittagong,1679.59,3108.48,0.540324,831.3,Dry Winter (Dec-Feb)
2016,2,February,Khulna,Khulna,532.66,3867.74,0.13772,263.6,Dry Winter (Dec-Feb)
2016,2,February,Kishoreganj,Dhaka,1415.21,2821.62,0.50156,700.5,Dry Winter (Dec-Feb)
2016,2,February,Kurigram,Rangpur,456.53,2481.86,0.183947,226.0,Dry Winter (Dec-Feb)
2016,2,February,Kushtia,Khulna,132.79,1830.28,0.072553,65.7,Dry Winter (Dec-Feb)
2016,2,February,Lakshmipur,Chittagong,270.42,1573.07,0.171906,133.8,Dry Winter (Dec-Feb)
2016,2,February,Lalmonirhat,Rangpur,375.09,1381.75,0.271456,185.6,Dry Winter (Dec-Feb)
2016,2,February,Madaripur,Dhaka,54.62,1257.23,0.043442,27.0,Dry Winter (Dec-Feb)
2016,2,February,Magura,Khulna,662.73,1143.98,0.579323,328.0,Dry Winter (Dec-Feb)
2016,2,February,Manikganj,Dhaka,168.26,1531.92,0.109835,83.3,Dry Winter (Dec-Feb)
2016,2,February,Maulvibazar,Sylhet,1350.39,2819.05,0.479022,668.4,Dry Winter (Dec-Feb)
2016,2,February,Meherpur,Khulna,318.3,732.44,0.434566,157.5,Dry Winter (Dec-Feb)
2016,2,February,Munshiganj,Dhaka,79.75,1036.66,0.076931,39.5,Dry Winter (Dec-Feb)
2016,2,February,Mymensingh,Dhaka,2789.58,4784.19,0.583083,1380.7,Dry Winter (Dec-Feb)
2016,2,February,Naogaon,Rajshahi,2370.46,3824.58,0.619798,1173.2,Dry Winter (Dec-Feb)
2016,2,February,Narail,Khulna,35.13,1072.86,0.032741,17.4,Dry Winter (Dec-Feb)
2016,2,February,Narayanganj,Dhaka,429.59,832.16,0.516237,212.6,Dry Winter (Dec-Feb)
2016,2,February,Narsingdi,Dhaka,79.08,1281.34,0.061719,39.1,Dry Winter (Dec-Feb)
2016,2,February,Natore,Rajshahi,1036.25,2101.7,0.493052,512.9,Dry Winter (Dec-Feb)
2016,2,February,Nawabganj,Rajshahi,781.31,1804.38,0.433004,386.7,Dry Winter (Dec-Feb)
2016,2,February,Netrakona,Dhaka,1825.14,3089.39,0.590778,903.3,Dry Winter (Dec-Feb)
2016,2,February,Nilphamari,Rangpur,504.93,1836.84,0.274889,249.9,Dry Winter (Dec-Feb)
2016,2,February,Noakhali,Chittagong,105.85,2642.03,0.040064,52.4,Dry Winter (Dec-Feb)
2016,2,February,Pabna,Rajshahi,1169.7,2634.14,0.444053,578.9,Dry Winter (Dec-Feb)
2016,2,February,Panchagarh,Rangpur,952.53,1548.93,0.614957,471.4,Dry Winter (Dec-Feb)
2016,2,February,Patuakhali,Barisal,207.96,2730.09,0.076175,102.9,Dry Winter (Dec-Feb)
2016,2,February,Pirojpur,Barisal,87.8,1365.69,0.064288,43.5,Dry Winter (Dec-Feb)
2016,2,February,Rajbari,Dhaka,109.44,1249.73,0.087573,54.2,Dry Winter (Dec-Feb)
2016,2,February,Rajshahi,Rajshahi,801.27,2664.72,0.300697,396.6,Dry Winter (Dec-Feb)
2016,2,February,Rangamati,Chittagong,411.67,6226.79,0.066112,203.8,Dry Winter (Dec-Feb)
2016,2,February,Rangpur,Rangpur,774.57,2572.65,0.301078,383.4,Dry Winter (Dec-Feb)
2016,2,February,Satkhira,Khulna,764.57,3542.93,0.215802,378.4,Dry Winter (Dec-Feb)
2016,2,February,Shariatpur,Dhaka,152.84,1362.06,0.112212,75.6,Dry Winter (Dec-Feb)
2016,2,February,Sherpur,Dhaka,906.2,1455.19,0.622738,448.5,Dry Winter (Dec-Feb)
2016,2,February,Sirajganj,Rajshahi,286.09,2755.65,0.10382,141.6,Dry Winter (Dec-Feb)
2016,2,February,Sunamganj,Sylhet,1605.47,4043.04,0.397095,794.6,Dry Winter (Dec-Feb)
2016,2,February,Sylhet,Sylhet,1817.66,3847.75,0.472396,899.6,Dry Winter (Dec-Feb)
2016,2,February,Tangail,Dhaka,1738.3,3707.07,0.468915,860.4,Dry Winter (Dec-Feb)
2016,2,February,Thakurgaon,Rangpur,1248.03,2008.93,0.621238,617.7,Dry Winter (Dec-Feb)
2016,3,March,Bagerhat,Khulna,570.74,3965.62,0.143922,282.5,Pre-Monsoon (Mar-May)
2016,3,March,Bandarban,Chittagong,2710.02,5000.66,0.541932,1341.3,Pre-Monsoon (Mar-May)
2016,3,March,Barguna,Barisal,157.81,1547.28,0.101992,78.1,Pre-Monsoon (Mar-May)
2016,3,March,Barisal,Barisal,412.13,2767.25,0.14893,204.0,Pre-Monsoon (Mar-May)
2016,3,March,Bhola,Barisal,661.23,2471.69,0.26752,327.3,Pre-Monsoon (Mar-May)
2016,3,March,Bogra,Rajshahi,872.7,3233.63,0.269883,431.9,Pre-Monsoon (Mar-May)
2016,3,March,Brahamanbaria,Chittagong,918.25,2104.07,0.436418,454.5,Pre-Monsoon (Mar-May)
2016,3,March,Chandpur,Chittagong,237.49,1864.17,0.127395,117.5,Pre-Monsoon (Mar-May)
2016,3,March,Chittagong,Chittagong,1727.57,4736.75,0.364718,855.1,Pre-Monsoon (Mar-May)
2016,3,March,Chuadanga,Khulna,381.05,1225.82,0.31085,188.6,Pre-Monsoon (Mar-May)
2016,3,March,Comilla,Chittagong,1816.83,3351.85,0.542037,899.2,Pre-Monsoon (Mar-May)
2016,3,March,Cox's Bazar,Chittagong,660.12,2206.6,0.299156,326.7,Pre-Monsoon (Mar-May)
2016,3,March,Dhaka,Dhaka,803.03,1611.18,0.498414,397.5,Pre-Monsoon (Mar-May)
2016,3,March,Dinajpur,Rangpur,2821.36,3829.09,0.736822,1396.4,Pre-Monsoon (Mar-May)
2016,3,March,Faridpur,Dhaka,1002.29,2227.54,0.449953,496.1,Pre-Monsoon (Mar-May)
2016,3,March,Feni,Chittagong,368.86,960.78,0.383919,182.6,Pre-Monsoon (Mar-May)
2016,3,March,Gaibandha,Rangpur,313.84,2410.25,0.130212,155.3,Pre-Monsoon (Mar-May)
2016,3,March,Gazipur,Dhaka,1042.55,1940.74,0.53719,516.0,Pre-Monsoon (Mar-May)
2016,3,March,Gopalganj,Dhaka,858.37,1602.77,0.535554,424.8,Pre-Monsoon (Mar-May)
2016,3,March,Habiganj,Sylhet,1563.9,2857.81,0.547235,774.0,Pre-Monsoon (Mar-May)
2016,3,March,Jamalpur,Dhaka,308.54,2272.36,0.135781,152.7,Pre-Monsoon (Mar-May)
2016,3,March,Jessore,Khulna,209.15,2784.67,0.075108,103.5,Pre-Monsoon (Mar-May)
2016,3,March,Jhalokati,Barisal,32.84,807.93,0.040645,16.3,Pre-Monsoon (Mar-May)
2016,3,March,Jhenaidah,Khulna,877.67,2143.59,0.40944,434.4,Pre-Monsoon (Mar-May)
2016,3,March,Joypurhat,Rajshahi,884.61,1081.54,0.817915,437.8,Pre-Monsoon (Mar-May)
2016,3,March,Khagrachhari,Chittagong,1176.84,3108.48,0.378589,582.5,Pre-Monsoon (Mar-May)
2016,3,March,Khulna,Khulna,568.76,3867.74,0.147052,281.5,Pre-Monsoon (Mar-May)
2016,3,March,Kishoreganj,Dhaka,1242.99,2821.62,0.440524,615.2,Pre-Monsoon (Mar-May)
2016,3,March,Kurigram,Rangpur,650.39,2481.86,0.262058,321.9,Pre-Monsoon (Mar-May)
2016,3,March,Kushtia,Khulna,160.08,1754.48,0.09124,79.2,Pre-Monsoon (Mar-May)
2016,3,March,Lakshmipur,Chittagong,292.35,1573.07,0.185844,144.7,Pre-Monsoon (Mar-May)
2016,3,March,Lalmonirhat,Rangpur,416.14,1381.75,0.301171,206.0,Pre-Monsoon (Mar-May)
2016,3,March,Madaripur,Dhaka,54.2,1257.23,0.043113,26.8,Pre-Monsoon (Mar-May)
2016,3,March,Magura,Khulna,557.93,1143.98,0.487709,276.1,Pre-Monsoon (Mar-May)
2016,3,March,Manikganj,Dhaka,176.51,1531.92,0.115222,87.4,Pre-Monsoon (Mar-May)
2016,3,March,Maulvibazar,Sylhet,568.76,2819.05,0.201756,281.5,Pre-Monsoon (Mar-May)
2016,3,March,Meherpur,Khulna,310.19,445.02,0.697037,153.5,Pre-Monsoon (Mar-May)
2016,3,March,Munshiganj,Dhaka,69.63,1036.66,0.067169,34.5,Pre-Monsoon (Mar-May)
2016,3,March,Mymensingh,Dhaka,2360.8,4784.19,0.493459,1168.5,Pre-Monsoon (Mar-May)
2016,3,March,Naogaon,Rajshahi,2826.46,3776.31,0.748471,1398.9,Pre-Monsoon (Mar-May)
2016,3,March,Narail,Khulna,28.77,1072.86,0.026821,14.2,Pre-Monsoon (Mar-May)
2016,3,March,Narayanganj,Dhaka,417.3,832.16,0.501473,206.5,Pre-Monsoon (Mar-May)
2016,3,March,Narsingdi,Dhaka,171.43,1281.34,0.133793,84.8,Pre-Monsoon (Mar-May)
2016,3,March,Natore,Rajshahi,1132.26,2101.7,0.538738,560.4,Pre-Monsoon (Mar-May)
2016,3,March,Nawabganj,Rajshahi,647.7,1690.16,0.383221,320.6,Pre-Monsoon (Mar-May)
2016,3,March,Netrakona,Dhaka,1420.84,3089.39,0.45991,703.2,Pre-Monsoon (Mar-May)
2016,3,March,Nilphamari,Rangpur,1231.82,1836.84,0.670619,609.7,Pre-Monsoon (Mar-May)
2016,3,March,Noakhali,Chittagong,107.47,2642.03,0.040677,53.2,Pre-Monsoon (Mar-May)
2016,3,March,Pabna,Rajshahi,1005.68,2634.14,0.381786,497.8,Pre-Monsoon (Mar-May)
2016,3,March,Panchagarh,Rangpur,1135.8,1548.2,0.733627,562.2,Pre-Monsoon (Mar-May)
2016,3,March,Patuakhali,Barisal,216.51,2730.09,0.079306,107.2,Pre-Monsoon (Mar-May)
2016,3,March,Pirojpur,Barisal,86.42,1365.69,0.06328,42.8,Pre-Monsoon (Mar-May)
2016,3,March,Rajbari,Dhaka,114.98,1249.73,0.092001,56.9,Pre-Monsoon (Mar-May)
2016,3,March,Rajshahi,Rajshahi,96.8,924.72,0.104683,47.9,Pre-Monsoon (Mar-May)
2016,3,March,Rangamati,Chittagong,314.06,6226.79,0.050436,155.4,Pre-Monsoon (Mar-May)
2016,3,March,Rangpur,Rangpur,2118.87,2572.65,0.823615,1048.7,Pre-Monsoon (Mar-May)
2016,3,March,Satkhira,Khulna,828.22,3542.95,0.233765,409.9,Pre-Monsoon (Mar-May)
2016,3,March,Shariatpur,Dhaka,152.37,1362.06,0.111867,75.4,Pre-Monsoon (Mar-May)
2016,3,March,Sherpur,Dhaka,958.17,1455.19,0.658447,474.2,Pre-Monsoon (Mar-May)
2016,3,March,Sirajganj,Rajshahi,330.42,2755.65,0.119906,163.5,Pre-Monsoon (Mar-May)
2016,3,March,Sunamganj,Sylhet,1671.1,4043.04,0.413327,827.1,Pre-Monsoon (Mar-May)
2016,3,March,Sylhet,Sylhet,1630.69,3847.75,0.423804,807.1,Pre-Monsoon (Mar-May)
2016,3,March,Tangail,Dhaka,1499.36,3707.07,0.40446,742.1,Pre-Monsoon (Mar-May)
2016,3,March,Thakurgaon,Rangpur,1534.78,2008.93,0.763976,759.6,Pre-Monsoon (Mar-May)
2016,4,April,Bagerhat,Khulna,861.85,3965.62,0.217331,426.6,Pre-Monsoon (Mar-May)
2016,4,April,Bandarban,Chittagong,3010.33,5000.66,0.601987,1489.9,Pre-Monsoon (Mar-May)
2016,4,April,Barguna,Barisal,154.92,1547.28,0.100121,76.7,Pre-Monsoon (Mar-May)
2016,4,April,Barisal,Barisal,418.69,2767.25,0.151303,207.2,Pre-Monsoon (Mar-May)
2016,4,April,Bhola,Barisal,654.05,2471.69,0.264617,323.7,Pre-Monsoon (Mar-May)
2016,4,April,Bogra,Rajshahi,1267.08,3233.63,0.391845,627.1,Pre-Monsoon (Mar-May)
2016,4,April,Brahamanbaria,Chittagong,1110.0,2104.07,0.52755,549.4,Pre-Monsoon (Mar-May)
2016,4,April,Chandpur,Chittagong,252.41,1864.17,0.135401,124.9,Pre-Monsoon (Mar-May)
2016,4,April,Chittagong,Chittagong,2246.68,4736.75,0.474309,1112.0,Pre-Monsoon (Mar-May)
2016,4,April,Chuadanga,Khulna,655.71,1233.0,0.531797,324.5,Pre-Monsoon (Mar-May)
2016,4,April,Comilla,Chittagong,1869.14,3351.85,0.557645,925.1,Pre-Monsoon (Mar-May)
2016,4,April,Cox's Bazar,Chittagong,798.61,2206.6,0.36192,395.3,Pre-Monsoon (Mar-May)
2016,4,April,Dhaka,Dhaka,952.03,1611.18,0.590894,471.2,Pre-Monsoon (Mar-May)
2016,4,April,Dinajpur,Rangpur,2839.49,3829.09,0.741559,1405.4,Pre-Monsoon (Mar-May)
2016,4,April,Faridpur,Dhaka,540.54,2227.54,0.242661,267.5,Pre-Monsoon (Mar-May)
2016,4,April,Feni,Chittagong,589.03,960.78,0.613082,291.5,Pre-Monsoon (Mar-May)
2016,4,April,Gaibandha,Rangpur,261.69,2410.25,0.108575,129.5,Pre-Monsoon (Mar-May)
2016,4,April,Gazipur,Dhaka,1116.73,1940.74,0.575415,552.7,Pre-Monsoon (Mar-May)
2016,4,April,Gopalganj,Dhaka,872.01,1602.77,0.544068,431.6,Pre-Monsoon (Mar-May)
2016,4,April,Habiganj,Sylhet,1235.52,2857.81,0.432329,611.5,Pre-Monsoon (Mar-May)
2016,4,April,Jamalpur,Dhaka,1285.2,2272.36,0.565579,636.1,Pre-Monsoon (Mar-May)
2016,4,April,Jessore,Khulna,881.62,2784.67,0.316598,436.4,Pre-Monsoon (Mar-May)
2016,4,April,Jhalokati,Barisal,32.91,807.93,0.040736,16.3,Pre-Monsoon (Mar-May)
2016,4,April,Jhenaidah,Khulna,1143.84,2143.59,0.53361,566.1,Pre-Monsoon (Mar-May)
2016,4,April,Joypurhat,Rajshahi,819.39,1081.54,0.75761,405.6,Pre-Monsoon (Mar-May)
2016,4,April,Khagrachhari,Chittagong,1755.89,3108.48,0.564872,869.1,Pre-Monsoon (Mar-May)
2016,4,April,Khulna,Khulna,563.81,3867.71,0.145773,279.1,Pre-Monsoon (Mar-May)
2016,4,April,Kishoreganj,Dhaka,829.87,2821.62,0.294113,410.7,Pre-Monsoon (Mar-May)
2016,4,April,Kurigram,Rangpur,432.38,2481.86,0.174217,214.0,Pre-Monsoon (Mar-May)
2016,4,April,Kushtia,Khulna,154.95,1830.28,0.084661,76.7,Pre-Monsoon (Mar-May)
2016,4,April,Lakshmipur,Chittagong,292.14,1573.07,0.185716,144.6,Pre-Monsoon (Mar-May)
2016,4,April,Lalmonirhat,Rangpur,627.9,1381.75,0.454425,310.8,Pre-Monsoon (Mar-May)
2016,4,April,Madaripur,Dhaka,58.91,1257.23,0.046855,29.2,Pre-Monsoon (Mar-May)
2016,4,April,Magura,Khulna,634.77,1143.98,0.554878,314.2,Pre-Monsoon (Mar-May)
2016,4,April,Manikganj,Dhaka,164.28,1531.92,0.10724,81.3,Pre-Monsoon (Mar-May)
2016,4,April,Maulvibazar,Sylhet,698.14,2819.05,0.247652,345.5,Pre-Monsoon (Mar-May)
2016,4,April,Meherpur,Khulna,470.07,732.42,0.641803,232.7,Pre-Monsoon (Mar-May)
2016,4,April,Munshiganj,Dhaka,90.05,1036.66,0.086866,44.6,Pre-Monsoon (Mar-May)
2016,4,April,Mymensingh,Dhaka,2572.75,4784.19,0.53776,1273.4,Pre-Monsoon (Mar-May)
2016,4,April,Naogaon,Rajshahi,2983.43,3824.58,0.780068,1476.6,Pre-Monsoon (Mar-May)
2016,4,April,Narail,Khulna,29.21,1072.86,0.027225,14.5,Pre-Monsoon (Mar-May)
2016,4,April,Narayanganj,Dhaka,494.72,832.16,0.594498,244.9,Pre-Monsoon (Mar-May)
2016,4,April,Narsingdi,Dhaka,428.64,1281.34,0.334527,212.2,Pre-Monsoon (Mar-May)
2016,4,April,Natore,Rajshahi,1087.36,2101.7,0.517373,538.2,Pre-Monsoon (Mar-May)
2016,4,April,Nawabganj,Rajshahi,990.53,1804.38,0.548955,490.3,Pre-Monsoon (Mar-May)
2016,4,April,Netrakona,Dhaka,1424.67,3089.39,0.461148,705.1,Pre-Monsoon (Mar-May)
2016,4,April,Nilphamari,Rangpur,1200.68,1836.84,0.653668,594.3,Pre-Monsoon (Mar-May)
2016,4,April,Noakhali,Chittagong,109.75,2642.03,0.041539,54.3,Pre-Monsoon (Mar-May)
2016,4,April,Pabna,Rajshahi,1155.79,2634.14,0.438773,572.1,Pre-Monsoon (Mar-May)
2016,4,April,Panchagarh,Rangpur,952.83,1548.93,0.615153,471.6,Pre-Monsoon (Mar-May)
2016,4,April,Patuakhali,Barisal,227.07,2730.09,0.083174,112.4,Pre-Monsoon (Mar-May)
2016,4,April,Pirojpur,Barisal,91.63,1365.69,0.067097,45.4,Pre-Monsoon (Mar-May)
2016,4,April,Rajbari,Dhaka,126.15,1249.73,0.100942,62.4,Pre-Monsoon (Mar-May)
2016,4,April,Rajshahi,Rajshahi,913.15,2664.72,0.34268,452.0,Pre-Monsoon (Mar-May)
2016,4,April,Rangamati,Chittagong,332.59,6226.79,0.053412,164.6,Pre-Monsoon (Mar-May)
2016,4,April,Rangpur,Rangpur,1968.64,2572.65,0.765218,974.4,Pre-Monsoon (Mar-May)
2016,4,April,Satkhira,Khulna,1042.77,3542.97,0.294322,516.1,Pre-Monsoon (Mar-May)
2016,4,April,Shariatpur,Dhaka,165.05,1362.06,0.121178,81.7,Pre-Monsoon (Mar-May)
2016,4,April,Sherpur,Dhaka,1116.68,1455.19,0.767375,552.7,Pre-Monsoon (Mar-May)
2016,4,April,Sirajganj,Rajshahi,287.88,2755.65,0.104468,142.5,Pre-Monsoon (Mar-May)
2016,4,April,Sunamganj,Sylhet,1445.42,4043.04,0.357507,715.4,Pre-Monsoon (Mar-May)
2016,4,April,Sylhet,Sylhet,1809.37,3847.75,0.470241,895.5,Pre-Monsoon (Mar-May)
2016,4,April,Tangail,Dhaka,1819.94,3707.07,0.490938,900.8,Pre-Monsoon (Mar-May)
2016,4,April,Thakurgaon,Rangpur,1500.9,2008.93,0.747115,742.9,Pre-Monsoon (Mar-May)
2016,5,May,Bagerhat,Khulna,1274.67,3965.62,0.321429,630.9,Pre-Monsoon (Mar-May)
2016,5,May,Bandarban,Chittagong,3310.53,5000.66,0.662019,1638.5,Pre-Monsoon (Mar-May)
2016,5,May,Barguna,Barisal,482.54,1547.28,0.311861,238.8,Pre-Monsoon (Mar-May)
2016,5,May,Barisal,Barisal,589.16,2767.25,0.212904,291.6,Pre-Monsoon (Mar-May)
2016,5,May,Bhola,Barisal,765.83,2471.69,0.30984,379.0,Pre-Monsoon (Mar-May)
2016,5,May,Bogra,Rajshahi,196.6,3233.63,0.0608,97.3,Pre-Monsoon (Mar-May)
2016,5,May,Brahamanbaria,Chittagong,283.32,2104.07,0.134652,140.2,Pre-Monsoon (Mar-May)
2016,5,May,Chandpur,Chittagong,279.47,1864.17,0.149919,138.3,Pre-Monsoon (Mar-May)
2016,5,May,Chittagong,Chittagong,1657.85,4736.75,0.349998,820.5,Pre-Monsoon (Mar-May)
2016,5,May,Chuadanga,Khulna,382.11,1233.0,0.309903,189.1,Pre-Monsoon (Mar-May)
2016,5,May,Comilla,Chittagong,1849.96,3351.85,0.551921,915.6,Pre-Monsoon (Mar-May)
2016,5,May,Cox's Bazar,Chittagong,494.78,2206.6,0.224229,244.9,Pre-Monsoon (Mar-May)
2016,5,May,Dhaka,Dhaka,750.63,1611.18,0.46589,371.5,Pre-Monsoon (Mar-May)
2016,5,May,Dinajpur,Rangpur,1137.81,3829.09,0.297149,563.2,Pre-Monsoon (Mar-May)
2016,5,May,Faridpur,Dhaka,122.07,2227.54,0.054799,60.4,Pre-Monsoon (Mar-May)
2016,5,May,Feni,Chittagong,471.35,960.78,0.490594,233.3,Pre-Monsoon (Mar-May)
2016,5,May,Gaibandha,Rangpur,287.54,2410.25,0.119298,142.3,Pre-Monsoon (Mar-May)
2016,5,May,Gazipur,Dhaka,995.47,1940.74,0.512933,492.7,Pre-Monsoon (Mar-May)
2016,5,May,Gopalganj,Dhaka,701.76,1602.77,0.437845,347.3,Pre-Monsoon (Mar-May)
2016,5,May,Habiganj,Sylhet,893.66,2857.81,0.312708,442.3,Pre-Monsoon (Mar-May)
2016,5,May,Jamalpur,Dhaka,163.11,2272.36,0.071782,80.7,Pre-Monsoon (Mar-May)
2016,5,May,Jessore,Khulna,272.62,2784.67,0.097899,134.9,Pre-Monsoon (Mar-May)
2016,5,May,Jhalokati,Barisal,104.17,807.93,0.128932,51.6,Pre-Monsoon (Mar-May)
2016,5,May,Jhenaidah,Khulna,457.03,2143.59,0.213205,226.2,Pre-Monsoon (Mar-May)
2016,5,May,Joypurhat,Rajshahi,614.07,1081.54,0.567768,303.9,Pre-Monsoon (Mar-May)
2016,5,May,Khagrachhari,Chittagong,1577.75,3108.48,0.507563,780.9,Pre-Monsoon (Mar-May)
2016,5,May,Khulna,Khulna,698.75,3868.06,0.180647,345.8,Pre-Monsoon (Mar-May)
2016,5,May,Kishoreganj,Dhaka,1024.97,2821.62,0.363256,507.3,Pre-Monsoon (Mar-May)
2016,5,May,Kurigram,Rangpur,481.58,2481.86,0.194041,238.4,Pre-Monsoon (Mar-May)
2016,5,May,Kushtia,Khulna,119.47,1830.28,0.065276,59.1,Pre-Monsoon (Mar-May)
2016,5,May,Lakshmipur,Chittagong,316.62,1573.07,0.201276,156.7,Pre-Monsoon (Mar-May)
2016,5,May,Lalmonirhat,Rangpur,116.95,1381.75,0.084638,57.9,Pre-Monsoon (Mar-May)
2016,5,May,Madaripur,Dhaka,90.57,1257.23,0.072037,44.8,Pre-Monsoon (Mar-May)
2016,5,May,Magura,Khulna,131.93,1143.98,0.115322,65.3,Pre-Monsoon (Mar-May)
2016,5,May,Manikganj,Dhaka,173.22,1531.92,0.113073,85.7,Pre-Monsoon (Mar-May)
2016,5,May,Maulvibazar,Sylhet,684.54,2819.05,0.242828,338.8,Pre-Monsoon (Mar-May)
2016,5,May,Meherpur,Khulna,297.39,732.41,0.406047,147.2,Pre-Monsoon (Mar-May)
2016,5,May,Munshiganj,Dhaka,103.49,1036.66,0.099833,51.2,Pre-Monsoon (Mar-May)
2016,5,May,Mymensingh,Dhaka,2142.25,4784.19,0.447776,1060.3,Pre-Monsoon (Mar-May)
2016,5,May,Naogaon,Rajshahi,2157.68,3824.58,0.564163,1067.9,Pre-Monsoon (Mar-May)
2016,5,May,Narail,Khulna,113.61,1072.86,0.105899,56.2,Pre-Monsoon (Mar-May)
2016,5,May,Narayanganj,Dhaka,96.33,832.16,0.115765,47.7,Pre-Monsoon (Mar-May)
2016,5,May,Narsingdi,Dhaka,104.78,1281.34,0.081776,51.9,Pre-Monsoon (Mar-May)
2016,5,May,Natore,Rajshahi,585.16,2101.7,0.278421,289.6,Pre-Monsoon (Mar-May)
2016,5,May,Nawabganj,Rajshahi,292.13,1804.38,0.161898,144.6,Pre-Monsoon (Mar-May)
2016,5,May,Netrakona,Dhaka,825.94,3089.39,0.267346,408.8,Pre-Monsoon (Mar-May)
2016,5,May,Nilphamari,Rangpur,879.45,1836.84,0.478785,435.3,Pre-Monsoon (Mar-May)
2016,5,May,Noakhali,Chittagong,174.38,2642.03,0.066002,86.3,Pre-Monsoon (Mar-May)
2016,5,May,Pabna,Rajshahi,220.56,2634.14,0.08373,109.2,Pre-Monsoon (Mar-May)
2016,5,May,Panchagarh,Rangpur,788.47,1548.93,0.509043,390.2,Pre-Monsoon (Mar-May)
2016,5,May,Patuakhali,Barisal,550.56,2730.09,0.201663,272.5,Pre-Monsoon (Mar-May)
2016,5,May,Pirojpur,Barisal,237.98,1365.69,0.174255,117.8,Pre-Monsoon (Mar-May)
2016,5,May,Rajbari,Dhaka,128.82,1249.73,0.103077,63.8,Pre-Monsoon (Mar-May)
2016,5,May,Rajshahi,Rajshahi,172.54,2664.72,0.06475,85.4,Pre-Monsoon (Mar-May)
2016,5,May,Rangamati,Chittagong,313.1,6226.79,0.050283,155.0,Pre-Monsoon (Mar-May)
2016,5,May,Rangpur,Rangpur,1117.53,2572.65,0.434388,553.1,Pre-Monsoon (Mar-May)
2016,5,May,Satkhira,Khulna,965.53,3543.74,0.27246,477.9,Pre-Monsoon (Mar-May)
2016,5,May,Shariatpur,Dhaka,181.67,1362.06,0.133381,89.9,Pre-Monsoon (Mar-May)
2016,5,May,Sherpur,Dhaka,922.99,1455.19,0.634273,456.8,Pre-Monsoon (Mar-May)
2016,5,May,Sirajganj,Rajshahi,344.52,2755.65,0.125024,170.5,Pre-Monsoon (Mar-May)
2016,5,May,Sunamganj,Sylhet,2182.13,4043.04,0.539724,1080.0,Pre-Monsoon (Mar-May)
2016,5,May,Sylhet,Sylhet,1478.34,3847.75,0.384208,731.7,Pre-Monsoon (Mar-May)
2016,5,May,Tangail,Dhaka,461.63,3707.07,0.124527,228.5,Pre-Monsoon (Mar-May)
2016,5,May,Thakurgaon,Rangpur,712.33,2008.93,0.35458,352.6,Pre-Monsoon (Mar-May)
2016,6,June,Bagerhat,Khulna,1491.81,3965.62,0.376185,738.4,Monsoon (Jun-Sep)
2016,6,June,Bandarban,Chittagong,2712.54,5000.66,0.542437,1342.6,Monsoon (Jun-Sep)
2016,6,June,Barguna,Barisal,335.84,1547.28,0.217049,166.2,Monsoon (Jun-Sep)
2016,6,June,Barisal,Barisal,715.84,2767.25,0.258682,354.3,Monsoon (Jun-Sep)
2016,6,June,Bhola,Barisal,682.85,2471.69,0.27627,338.0,Monsoon (Jun-Sep)
2016,6,June,Bogra,Rajshahi,221.6,3233.63,0.068531,109.7,Monsoon (Jun-Sep)
2016,6,June,Brahamanbaria,Chittagong,471.57,2104.07,0.224125,233.4,Monsoon (Jun-Sep)
2016,6,June,Chandpur,Chittagong,320.54,1864.17,0.171949,158.6,Monsoon (Jun-Sep)
2016,6,June,Chittagong,Chittagong,2033.4,4736.75,0.429282,1006.4,Monsoon (Jun-Sep)
2016,6,June,Chuadanga,Khulna,640.99,1225.5,0.523045,317.3,Monsoon (Jun-Sep)
2016,6,June,Comilla,Chittagong,938.38,3351.85,0.27996,464.4,Monsoon (Jun-Sep)
2016,6,June,Cox's Bazar,Chittagong,493.36,2206.6,0.223582,244.2,Monsoon (Jun-Sep)
2016,6,June,Dhaka,Dhaka,675.22,1611.18,0.419082,334.2,Monsoon (Jun-Sep)
2016,6,June,Dinajpur,Rangpur,1870.84,3829.09,0.488586,926.0,Monsoon (Jun-Sep)
2016,6,June,Faridpur,Dhaka,135.61,2227.54,0.060879,67.1,Monsoon (Jun-Sep)
2016,6,June,Feni,Chittagong,482.69,960.78,0.502393,238.9,Monsoon (Jun-Sep)
2016,6,June,Gaibandha,Rangpur,323.3,2409.64,0.134168,160.0,Monsoon (Jun-Sep)
2016,6,June,Gazipur,Dhaka,327.93,1940.74,0.168971,162.3,Monsoon (Jun-Sep)
2016,6,June,Gopalganj,Dhaka,590.23,1602.77,0.368258,292.1,Monsoon (Jun-Sep)
2016,6,June,Habiganj,Sylhet,820.08,2857.81,0.28696,405.9,Monsoon (Jun-Sep)
2016,6,June,Jamalpur,Dhaka,186.69,2271.6,0.082187,92.4,Monsoon (Jun-Sep)
2016,6,June,Jessore,Khulna,219.26,2784.67,0.078738,108.5,Monsoon (Jun-Sep)
2016,6,June,Jhalokati,Barisal,155.23,807.93,0.192128,76.8,Monsoon (Jun-Sep)
2016,6,June,Jhenaidah,Khulna,728.2,2143.2,0.339771,360.4,Monsoon (Jun-Sep)
2016,6,June,Joypurhat,Rajshahi,938.67,1081.54,0.867901,464.6,Monsoon (Jun-Sep)
2016,6,June,Khagrachhari,Chittagong,1694.91,3108.48,0.545253,838.9,Monsoon (Jun-Sep)
2016,6,June,Khulna,Khulna,1083.15,3867.59,0.280059,536.1,Monsoon (Jun-Sep)
2016,6,June,Kishoreganj,Dhaka,1295.94,2821.62,0.45929,641.4,Monsoon (Jun-Sep)
2016,6,June,Kurigram,Rangpur,565.68,2481.86,0.227925,280.0,Monsoon (Jun-Sep)
2016,6,June,Kushtia,Khulna,131.31,1756.17,0.074773,65.0,Monsoon (Jun-Sep)
2016,6,June,Lakshmipur,Chittagong,298.59,1573.07,0.189813,147.8,Monsoon (Jun-Sep)
2016,6,June,Lalmonirhat,Rangpur,80.79,1381.73,0.05847,40.0,Monsoon (Jun-Sep)
2016,6,June,Madaripur,Dhaka,145.32,1257.23,0.11559,71.9,Monsoon (Jun-Sep)
2016,6,June,Magura,Khulna,134.84,1143.98,0.117873,66.7,Monsoon (Jun-Sep)
2016,6,June,Manikganj,Dhaka,202.7,1531.92,0.132318,100.3,Monsoon (Jun-Sep)
2016,6,June,Maulvibazar,Sylhet,555.94,2819.05,0.197207,275.2,Monsoon (Jun-Sep)
2016,6,June,Meherpur,Khulna,351.57,447.29,0.785993,174.0,Monsoon (Jun-Sep)
2016,6,June,Munshiganj,Dhaka,132.29,1036.66,0.127609,65.5,Monsoon (Jun-Sep)
2016,6,June,Mymensingh,Dhaka,1338.64,4783.42,0.279851,662.6,Monsoon (Jun-Sep)
2016,6,June,Naogaon,Rajshahi,2436.1,3824.58,0.636961,1205.7,Monsoon (Jun-Sep)
2016,6,June,Narail,Khulna,122.39,1072.86,0.114082,60.6,Monsoon (Jun-Sep)
2016,6,June,Narayanganj,Dhaka,78.59,832.16,0.094442,38.9,Monsoon (Jun-Sep)
2016,6,June,Narsingdi,Dhaka,152.15,1281.34,0.118741,75.3,Monsoon (Jun-Sep)
2016,6,June,Natore,Rajshahi,447.13,2101.7,0.212745,221.3,Monsoon (Jun-Sep)
2016,6,June,Nawabganj,Rajshahi,260.42,1567.59,0.166127,128.9,Monsoon (Jun-Sep)
2016,6,June,Netrakona,Dhaka,744.17,3088.27,0.240967,368.3,Monsoon (Jun-Sep)
2016,6,June,Nilphamari,Rangpur,695.99,1835.68,0.379147,344.5,Monsoon (Jun-Sep)
2016,6,June,Noakhali,Chittagong,212.67,2642.03,0.080497,105.3,Monsoon (Jun-Sep)
2016,6,June,Pabna,Rajshahi,305.37,2634.14,0.115927,151.1,Monsoon (Jun-Sep)
2016,6,June,Panchagarh,Rangpur,683.3,1548.44,0.441285,338.2,Monsoon (Jun-Sep)
2016,6,June,Patuakhali,Barisal,475.58,2730.09,0.174201,235.4,Monsoon (Jun-Sep)
2016,6,June,Pirojpur,Barisal,312.21,1365.69,0.228612,154.5,Monsoon (Jun-Sep)
2016,6,June,Rajbari,Dhaka,137.0,1249.73,0.109625,67.8,Monsoon (Jun-Sep)
2016,6,June,Rajshahi,Rajshahi,51.3,1262.52,0.040632,25.4,Monsoon (Jun-Sep)
2016,6,June,Rangamati,Chittagong,355.61,6226.79,0.057109,176.0,Monsoon (Jun-Sep)
2016,6,June,Rangpur,Rangpur,1871.51,2572.65,0.727464,926.3,Monsoon (Jun-Sep)
2016,6,June,Satkhira,Khulna,1177.86,3543.16,0.332434,583.0,Monsoon (Jun-Sep)
2016,6,June,Shariatpur,Dhaka,207.22,1362.06,0.15214,102.6,Monsoon (Jun-Sep)
2016,6,June,Sherpur,Dhaka,470.05,1454.31,0.323213,232.6,Monsoon (Jun-Sep)
2016,6,June,Sirajganj,Rajshahi,577.92,2755.65,0.209722,286.0,Monsoon (Jun-Sep)
2016,6,June,Sunamganj,Sylhet,2187.64,4043.04,0.541088,1082.8,Monsoon (Jun-Sep)
2016,6,June,Sylhet,Sylhet,930.33,3847.75,0.241785,460.5,Monsoon (Jun-Sep)
2016,6,June,Tangail,Dhaka,251.72,3707.07,0.067902,124.6,Monsoon (Jun-Sep)
2016,6,June,Thakurgaon,Rangpur,1050.72,2007.43,0.523416,520.0,Monsoon (Jun-Sep)
2016,7,July,Bagerhat,Khulna,1549.34,3964.73,0.39078,766.8,Monsoon (Jun-Sep)
2016,7,July,Bandarban,Chittagong,2524.9,5000.66,0.504914,1249.7,Monsoon (Jun-Sep)
2016,7,July,Barguna,Barisal,243.44,1547.03,0.15736,120.5,Monsoon (Jun-Sep)
2016,7,July,Barisal,Barisal,746.69,2767.25,0.269831,369.6,Monsoon (Jun-Sep)
2016,7,July,Bhola,Barisal,765.8,2471.55,0.309848,379.0,Monsoon (Jun-Sep)
2016,7,July,Bogra,Rajshahi,1002.17,3233.63,0.30992,496.0,Monsoon (Jun-Sep)
2016,7,July,Brahamanbaria,Chittagong,729.98,2104.05,0.346943,361.3,Monsoon (Jun-Sep)
2016,7,July,Chandpur,Chittagong,376.61,1863.72,0.202075,186.4,Monsoon (Jun-Sep)
2016,7,July,Chittagong,Chittagong,2216.88,4736.75,0.468018,1097.2,Monsoon (Jun-Sep)
2016,7,July,Chuadanga,Khulna,538.81,1233.0,0.436989,266.7,Monsoon (Jun-Sep)
2016,7,July,Comilla,Chittagong,937.88,3351.85,0.279808,464.2,Monsoon (Jun-Sep)
2016,7,July,Cox's Bazar,Chittagong,423.59,2206.6,0.191967,209.7,Monsoon (Jun-Sep)
2016,7,July,Dhaka,Dhaka,211.61,1611.18,0.131337,104.7,Monsoon (Jun-Sep)
2016,7,July,Dinajpur,Rangpur,1466.03,3829.09,0.382866,725.6,Monsoon (Jun-Sep)
2016,7,July,Faridpur,Dhaka,330.23,2225.48,0.148387,163.4,Monsoon (Jun-Sep)
2016,7,July,Feni,Chittagong,394.36,960.78,0.410462,195.2,Monsoon (Jun-Sep)
2016,7,July,Gaibandha,Rangpur,528.07,2409.51,0.219159,261.4,Monsoon (Jun-Sep)
2016,7,July,Gazipur,Dhaka,267.43,1940.74,0.1378,132.4,Monsoon (Jun-Sep)
2016,7,July,Gopalganj,Dhaka,577.32,1602.77,0.360202,285.7,Monsoon (Jun-Sep)
2016,7,July,Habiganj,Sylhet,973.81,2857.81,0.340755,482.0,Monsoon (Jun-Sep)
2016,7,July,Jamalpur,Dhaka,449.25,2271.41,0.197785,222.4,Monsoon (Jun-Sep)
2016,7,July,Jessore,Khulna,588.53,2784.67,0.211346,291.3,Monsoon (Jun-Sep)
2016,7,July,Jhalokati,Barisal,251.7,807.93,0.311539,124.6,Monsoon (Jun-Sep)
2016,7,July,Jhenaidah,Khulna,431.28,2142.78,0.20127,213.5,Monsoon (Jun-Sep)
2016,7,July,Joypurhat,Rajshahi,576.65,1081.54,0.53317,285.4,Monsoon (Jun-Sep)
2016,7,July,Khagrachhari,Chittagong,1942.79,3108.48,0.624997,961.6,Monsoon (Jun-Sep)
2016,7,July,Khulna,Khulna,1504.46,3867.36,0.389015,744.6,Monsoon (Jun-Sep)
2016,7,July,Kishoreganj,Dhaka,1421.02,2821.62,0.503618,703.3,Monsoon (Jun-Sep)
2016,7,July,Kurigram,Rangpur,873.95,2481.86,0.352135,432.6,Monsoon (Jun-Sep)
2016,7,July,Kushtia,Khulna,188.6,1830.28,0.103045,93.3,Monsoon (Jun-Sep)
2016,7,July,Lakshmipur,Chittagong,350.06,1573.07,0.222537,173.3,Monsoon (Jun-Sep)
2016,7,July,Lalmonirhat,Rangpur,607.14,1381.75,0.439398,300.5,Monsoon (Jun-Sep)
2016,7,July,Madaripur,Dhaka,177.93,1256.7,0.141585,88.1,Monsoon (Jun-Sep)
2016,7,July,Magura,Khulna,209.61,1143.43,0.183314,103.7,Monsoon (Jun-Sep)
2016,7,July,Manikganj,Dhaka,390.21,1531.92,0.254721,193.1,Monsoon (Jun-Sep)
2016,7,July,Maulvibazar,Sylhet,717.71,2819.05,0.254594,355.2,Monsoon (Jun-Sep)
2016,7,July,Meherpur,Khulna,364.99,732.38,0.498359,180.6,Monsoon (Jun-Sep)
2016,7,July,Munshiganj,Dhaka,202.55,1036.45,0.195423,100.3,Monsoon (Jun-Sep)
2016,7,July,Mymensingh,Dhaka,1790.12,4783.23,0.37425,886.0,Monsoon (Jun-Sep)
2016,7,July,Naogaon,Rajshahi,1555.87,3824.58,0.406809,770.1,Monsoon (Jun-Sep)
2016,7,July,Narail,Khulna,179.4,1072.86,0.167213,88.8,Monsoon (Jun-Sep)
2016,7,July,Narayanganj,Dhaka,117.22,832.16,0.140865,58.0,Monsoon (Jun-Sep)
2016,7,July,Narsingdi,Dhaka,241.81,1281.34,0.188717,119.7,Monsoon (Jun-Sep)
2016,7,July,Natore,Rajshahi,428.73,2101.7,0.203992,212.2,Monsoon (Jun-Sep)
2016,7,July,Nawabganj,Rajshahi,309.85,1804.38,0.17172,153.4,Monsoon (Jun-Sep)
2016,7,July,Netrakona,Dhaka,1393.84,3087.96,0.45138,689.9,Monsoon (Jun-Sep)
2016,7,July,Nilphamari,Rangpur,1020.06,1836.84,0.555332,504.9,Monsoon (Jun-Sep)
2016,7,July,Noakhali,Chittagong,432.67,2641.82,0.163777,214.1,Monsoon (Jun-Sep)
2016,7,July,Pabna,Rajshahi,564.28,2634.14,0.214218,279.3,Monsoon (Jun-Sep)
2016,7,July,Panchagarh,Rangpur,801.37,1548.93,0.517367,396.6,Monsoon (Jun-Sep)
2016,7,July,Patuakhali,Barisal,635.5,2729.49,0.232828,314.5,Monsoon (Jun-Sep)
2016,7,July,Pirojpur,Barisal,381.15,1365.69,0.279088,188.6,Monsoon (Jun-Sep)
2016,7,July,Rajbari,Dhaka,209.01,1249.73,0.167248,103.4,Monsoon (Jun-Sep)
2016,7,July,Rajshahi,Rajshahi,637.0,2664.72,0.239051,315.3,Monsoon (Jun-Sep)
2016,7,July,Rangamati,Chittagong,415.19,6226.79,0.066679,205.5,Monsoon (Jun-Sep)
2016,7,July,Rangpur,Rangpur,1646.55,2572.65,0.640022,815.0,Monsoon (Jun-Sep)
2016,7,July,Satkhira,Khulna,1461.19,3543.02,0.412414,723.2,Monsoon (Jun-Sep)
2016,7,July,Shariatpur,Dhaka,279.66,1361.41,0.205423,138.4,Monsoon (Jun-Sep)
2016,7,July,Sherpur,Dhaka,572.12,1454.1,0.393454,283.2,Monsoon (Jun-Sep)
2016,7,July,Sirajganj,Rajshahi,963.97,2755.65,0.349814,477.1,Monsoon (Jun-Sep)
2016,7,July,Sunamganj,Sylhet,2269.9,4043.04,0.561433,1123.5,Monsoon (Jun-Sep)
2016,7,July,Sylhet,Sylhet,1240.52,3847.75,0.322403,614.0,Monsoon (Jun-Sep)
2016,7,July,Tangail,Dhaka,656.86,3707.07,0.177192,325.1,Monsoon (Jun-Sep)
2016,7,July,Thakurgaon,Rangpur,647.74,2008.93,0.32243,320.6,Monsoon (Jun-Sep)
2016,8,August,Bagerhat,Khulna,1545.92,3965.62,0.389831,765.1,Monsoon (Jun-Sep)
2016,8,August,Bandarban,Chittagong,2848.89,5000.66,0.569704,1410.0,Monsoon (Jun-Sep)
2016,8,August,Barguna,Barisal,360.04,1547.28,0.232694,178.2,Monsoon (Jun-Sep)
2016,8,August,Barisal,Barisal,814.65,2767.25,0.294391,403.2,Monsoon (Jun-Sep)
2016,8,August,Bhola,Barisal,679.44,2471.69,0.27489,336.3,Monsoon (Jun-Sep)
2016,8,August,Bogra,Rajshahi,467.99,3233.63,0.144725,231.6,Monsoon (Jun-Sep)
2016,8,August,Brahamanbaria,Chittagong,634.56,2104.07,0.301586,314.1,Monsoon (Jun-Sep)
2016,8,August,Chandpur,Chittagong,381.41,1864.17,0.204601,188.8,Monsoon (Jun-Sep)
2016,8,August,Chittagong,Chittagong,2446.92,4736.75,0.516583,1211.1,Monsoon (Jun-Sep)
2016,8,August,Chuadanga,Khulna,407.15,1233.0,0.330209,201.5,Monsoon (Jun-Sep)
2016,8,August,Comilla,Chittagong,780.62,3351.85,0.232893,386.4,Monsoon (Jun-Sep)
2016,8,August,Cox's Bazar,Chittagong,564.06,2206.6,0.255624,279.2,Monsoon (Jun-Sep)
2016,8,August,Dhaka,Dhaka,191.06,1611.18,0.118584,94.6,Monsoon (Jun-Sep)
2016,8,August,Dinajpur,Rangpur,2037.88,3829.09,0.532211,1008.6,Monsoon (Jun-Sep)
2016,8,August,Faridpur,Dhaka,474.56,2227.54,0.213042,234.9,Monsoon (Jun-Sep)
2016,8,August,Feni,Chittagong,411.86,960.78,0.428672,203.8,Monsoon (Jun-Sep)
2016,8,August,Gaibandha,Rangpur,329.99,2410.25,0.136911,163.3,Monsoon (Jun-Sep)
2016,8,August,Gazipur,Dhaka,399.5,1940.74,0.205851,197.7,Monsoon (Jun-Sep)
2016,8,August,Gopalganj,Dhaka,588.37,1602.77,0.367099,291.2,Monsoon (Jun-Sep)
2016,8,August,Habiganj,Sylhet,610.76,2857.81,0.213718,302.3,Monsoon (Jun-Sep)
2016,8,August,Jamalpur,Dhaka,249.73,2272.36,0.1099,123.6,Monsoon (Jun-Sep)
2016,8,August,Jessore,Khulna,743.69,2784.67,0.267066,368.1,Monsoon (Jun-Sep)
2016,8,August,Jhalokati,Barisal,251.87,807.93,0.311746,124.7,Monsoon (Jun-Sep)
2016,8,August,Jhenaidah,Khulna,769.98,2143.52,0.359215,381.1,Monsoon (Jun-Sep)
2016,8,August,Joypurhat,Rajshahi,760.17,1081.54,0.702859,376.2,Monsoon (Jun-Sep)
2016,8,August,Khagrachhari,Chittagong,1896.74,3108.48,0.610183,938.8,Monsoon (Jun-Sep)
2016,8,August,Khulna,Khulna,1789.54,3867.51,0.462711,885.7,Monsoon (Jun-Sep)
2016,8,August,Kishoreganj,Dhaka,1317.63,2821.62,0.466977,652.2,Monsoon (Jun-Sep)
2016,8,August,Kurigram,Rangpur,532.73,2481.86,0.214652,263.7,Monsoon (Jun-Sep)
2016,8,August,Kushtia,Khulna,135.89,1830.28,0.074248,67.3,Monsoon (Jun-Sep)
2016,8,August,Lakshmipur,Chittagong,360.23,1573.07,0.228996,178.3,Monsoon (Jun-Sep)
2016,8,August,Lalmonirhat,Rangpur,489.2,1381.75,0.354043,242.1,Monsoon (Jun-Sep)
2016,8,August,Madaripur,Dhaka,187.37,1257.23,0.149035,92.7,Monsoon (Jun-Sep)
2016,8,August,Magura,Khulna,200.77,1143.98,0.175503,99.4,Monsoon (Jun-Sep)
2016,8,August,Manikganj,Dhaka,464.95,1531.92,0.303509,230.1,Monsoon (Jun-Sep)
2016,8,August,Maulvibazar,Sylhet,373.7,2819.05,0.132562,185.0,Monsoon (Jun-Sep)
2016,8,August,Meherpur,Khulna,221.47,732.4,0.302393,109.6,Monsoon (Jun-Sep)
2016,8,August,Munshiganj,Dhaka,149.3,1036.66,0.144016,73.9,Monsoon (Jun-Sep)
2016,8,August,Mymensingh,Dhaka,2250.42,4784.19,0.470387,1113.8,Monsoon (Jun-Sep)
2016,8,August,Naogaon,Rajshahi,573.33,3824.58,0.149906,283.8,Monsoon (Jun-Sep)
2016,8,August,Narail,Khulna,199.35,1072.86,0.18581,98.7,Monsoon (Jun-Sep)
2016,8,August,Narayanganj,Dhaka,100.25,832.16,0.120475,49.6,Monsoon (Jun-Sep)
2016,8,August,Narsingdi,Dhaka,210.59,1281.34,0.164348,104.2,Monsoon (Jun-Sep)
2016,8,August,Natore,Rajshahi,312.54,2101.7,0.148709,154.7,Monsoon (Jun-Sep)
2016,8,August,Nawabganj,Rajshahi,160.96,1804.38,0.089208,79.7,Monsoon (Jun-Sep)
2016,8,August,Netrakona,Dhaka,653.89,3089.39,0.211656,323.6,Monsoon (Jun-Sep)
2016,8,August,Nilphamari,Rangpur,1016.46,1836.84,0.553373,503.1,Monsoon (Jun-Sep)
2016,8,August,Noakhali,Chittagong,355.35,2642.03,0.1345,175.9,Monsoon (Jun-Sep)
2016,8,August,Pabna,Rajshahi,551.82,2634.14,0.209486,273.1,Monsoon (Jun-Sep)
2016,8,August,Panchagarh,Rangpur,877.84,1548.93,0.566739,434.5,Monsoon (Jun-Sep)
2016,8,August,Patuakhali,Barisal,733.85,2730.09,0.2688,363.2,Monsoon (Jun-Sep)
2016,8,August,Pirojpur,Barisal,439.56,1365.69,0.321857,217.6,Monsoon (Jun-Sep)
2016,8,August,Rajbari,Dhaka,297.36,1249.73,0.237941,147.2,Monsoon (Jun-Sep)
2016,8,August,Rajshahi,Rajshahi,153.45,2664.72,0.057587,75.9,Monsoon (Jun-Sep)
2016,8,August,Rangamati,Chittagong,463.28,6226.79,0.074401,229.3,Monsoon (Jun-Sep)
2016,8,August,Rangpur,Rangpur,1575.51,2572.65,0.612408,779.8,Monsoon (Jun-Sep)
2016,8,August,Satkhira,Khulna,1625.94,3543.07,0.458906,804.8,Monsoon (Jun-Sep)
2016,8,August,Shariatpur,Dhaka,301.4,1362.06,0.221284,149.2,Monsoon (Jun-Sep)
2016,8,August,Sherpur,Dhaka,535.09,1455.19,0.367713,264.8,Monsoon (Jun-Sep)
2016,8,August,Sirajganj,Rajshahi,696.58,2755.65,0.252784,344.8,Monsoon (Jun-Sep)
2016,8,August,Sunamganj,Sylhet,1909.02,4043.04,0.472175,944.9,Monsoon (Jun-Sep)
2016,8,August,Sylhet,Sylhet,533.58,3847.75,0.138673,264.1,Monsoon (Jun-Sep)
2016,8,August,Tangail,Dhaka,646.11,3707.07,0.174292,319.8,Monsoon (Jun-Sep)
2016,8,August,Thakurgaon,Rangpur,1434.76,2008.93,0.714189,710.1,Monsoon (Jun-Sep)
2016,9,September,Bagerhat,Khulna,1529.28,3965.62,0.385634,756.9,Monsoon (Jun-Sep)
2016,9,September,Bandarban,Chittagong,2864.79,5000.66,0.572884,1417.9,Monsoon (Jun-Sep)
2016,9,September,Barguna,Barisal,271.88,1547.28,0.175712,134.6,Monsoon (Jun-Sep)
2016,9,September,Barisal,Barisal,586.36,2767.25,0.211891,290.2,Monsoon (Jun-Sep)
2016,9,September,Bhola,Barisal,812.77,2471.69,0.328832,402.3,Monsoon (Jun-Sep)
2016,9,September,Bogra,Rajshahi,332.68,3233.63,0.102882,164.7,Monsoon (Jun-Sep)
2016,9,September,Brahamanbaria,Chittagong,529.3,2104.07,0.251562,262.0,Monsoon (Jun-Sep)
2016,9,September,Chandpur,Chittagong,322.65,1864.17,0.173082,159.7,Monsoon (Jun-Sep)
2016,9,September,Chittagong,Chittagong,1589.31,4736.75,0.335528,786.6,Monsoon (Jun-Sep)
2016,9,September,Chuadanga,Khulna,443.53,1233.0,0.359718,219.5,Monsoon (Jun-Sep)
2016,9,September,Comilla,Chittagong,990.22,3351.85,0.295424,490.1,Monsoon (Jun-Sep)
2016,9,September,Cox's Bazar,Chittagong,154.33,2206.6,0.06994,76.4,Monsoon (Jun-Sep)
2016,9,September,Dhaka,Dhaka,140.69,1611.18,0.087323,69.6,Monsoon (Jun-Sep)
2016,9,September,Dinajpur,Rangpur,2658.89,3829.09,0.694394,1316.0,Monsoon (Jun-Sep)
2016,9,September,Faridpur,Dhaka,372.21,2227.54,0.167093,184.2,Monsoon (Jun-Sep)
2016,9,September,Feni,Chittagong,413.03,960.78,0.429892,204.4,Monsoon (Jun-Sep)
2016,9,September,Gaibandha,Rangpur,332.19,2410.25,0.137826,164.4,Monsoon (Jun-Sep)
2016,9,September,Gazipur,Dhaka,173.66,1940.74,0.089482,86.0,Monsoon (Jun-Sep)
2016,9,September,Gopalganj,Dhaka,509.61,1602.77,0.317954,252.2,Monsoon (Jun-Sep)
2016,9,September,Habiganj,Sylhet,391.49,2857.81,0.13699,193.8,Monsoon (Jun-Sep)
2016,9,September,Jamalpur,Dhaka,206.46,2272.36,0.090857,102.2,Monsoon (Jun-Sep)
2016,9,September,Jessore,Khulna,475.59,2784.67,0.170788,235.4,Monsoon (Jun-Sep)
2016,9,September,Jhalokati,Barisal,185.08,807.93,0.22908,91.6,Monsoon (Jun-Sep)
2016,9,September,Jhenaidah,Khulna,753.93,2143.49,0.351728,373.2,Monsoon (Jun-Sep)
2016,9,September,Joypurhat,Rajshahi,808.23,1081.54,0.747294,400.0,Monsoon (Jun-Sep)
2016,9,September,Khagrachhari,Chittagong,1101.99,3108.48,0.354511,545.4,Monsoon (Jun-Sep)
2016,9,September,Khulna,Khulna,1685.9,3867.47,0.435917,834.4,Monsoon (Jun-Sep)
2016,9,September,Kishoreganj,Dhaka,1299.8,2821.62,0.460659,643.3,Monsoon (Jun-Sep)
2016,9,September,Kurigram,Rangpur,537.13,2481.86,0.216424,265.8,Monsoon (Jun-Sep)
2016,9,September,Kushtia,Khulna,174.27,1830.28,0.095215,86.3,Monsoon (Jun-Sep)
2016,9,September,Lakshmipur,Chittagong,343.82,1573.07,0.218564,170.2,Monsoon (Jun-Sep)
2016,9,September,Lalmonirhat,Rangpur,368.55,1381.75,0.266728,182.4,Monsoon (Jun-Sep)
2016,9,September,Madaripur,Dhaka,118.76,1257.23,0.094458,58.8,Monsoon (Jun-Sep)
2016,9,September,Magura,Khulna,103.95,1143.98,0.09087,51.4,Monsoon (Jun-Sep)
2016,9,September,Manikganj,Dhaka,309.98,1531.92,0.202349,153.4,Monsoon (Jun-Sep)
2016,9,September,Maulvibazar,Sylhet,395.93,2819.05,0.140449,196.0,Monsoon (Jun-Sep)
2016,9,September,Meherpur,Khulna,312.97,732.79,0.4271,154.9,Monsoon (Jun-Sep)
2016,9,September,Munshiganj,Dhaka,133.7,1036.66,0.128971,66.2,Monsoon (Jun-Sep)
2016,9,September,Mymensingh,Dhaka,2274.28,4784.19,0.475375,1125.6,Monsoon (Jun-Sep)
2016,9,September,Naogaon,Rajshahi,669.21,3824.58,0.174976,331.2,Monsoon (Jun-Sep)
2016,9,September,Narail,Khulna,160.69,1072.86,0.149779,79.5,Monsoon (Jun-Sep)
2016,9,September,Narayanganj,Dhaka,83.91,832.16,0.100831,41.5,Monsoon (Jun-Sep)
2016,9,September,Narsingdi,Dhaka,168.6,1281.34,0.131582,83.4,Monsoon (Jun-Sep)
2016,9,September,Natore,Rajshahi,186.3,2101.7,0.088645,92.2,Monsoon (Jun-Sep)
2016,9,September,Nawabganj,Rajshahi,216.91,1804.38,0.120211,107.4,Monsoon (Jun-Sep)
2016,9,September,Netrakona,Dhaka,689.74,3089.39,0.223261,341.4,Monsoon (Jun-Sep)
2016,9,September,Nilphamari,Rangpur,1122.69,1836.84,0.611208,555.7,Monsoon (Jun-Sep)
2016,9,September,Noakhali,Chittagong,179.2,2642.03,0.067828,88.7,Monsoon (Jun-Sep)
2016,9,September,Pabna,Rajshahi,498.54,2634.14,0.189263,246.7,Monsoon (Jun-Sep)
2016,9,September,Panchagarh,Rangpur,841.41,1548.93,0.543219,416.5,Monsoon (Jun-Sep)
2016,9,September,Patuakhali,Barisal,389.06,2730.09,0.142508,192.6,Monsoon (Jun-Sep)
2016,9,September,Pirojpur,Barisal,377.7,1365.69,0.276565,186.9,Monsoon (Jun-Sep)
2016,9,September,Rajbari,Dhaka,236.94,1249.73,0.189596,117.3,Monsoon (Jun-Sep)
2016,9,September,Rajshahi,Rajshahi,261.15,2664.72,0.098003,129.3,Monsoon (Jun-Sep)
2016,9,September,Rangamati,Chittagong,489.08,6226.79,0.078544,242.1,Monsoon (Jun-Sep)
2016,9,September,Rangpur,Rangpur,1857.1,2572.65,0.721863,919.2,Monsoon (Jun-Sep)
2016,9,September,Satkhira,Khulna,1419.35,3543.02,0.400603,702.5,Monsoon (Jun-Sep)
2016,9,September,Shariatpur,Dhaka,234.78,1362.06,0.172369,116.2,Monsoon (Jun-Sep)
2016,9,September,Sherpur,Dhaka,538.85,1455.19,0.370295,266.7,Monsoon (Jun-Sep)
2016,9,September,Sirajganj,Rajshahi,666.22,2755.65,0.241766,329.7,Monsoon (Jun-Sep)
2016,9,September,Sunamganj,Sylhet,1937.03,4043.04,0.479102,958.7,Monsoon (Jun-Sep)
2016,9,September,Sylhet,Sylhet,681.02,3847.75,0.176992,337.1,Monsoon (Jun-Sep)
2016,9,September,Tangail,Dhaka,317.17,3707.07,0.085558,157.0,Monsoon (Jun-Sep)
2016,9,September,Thakurgaon,Rangpur,1492.85,2008.93,0.743107,738.9,Monsoon (Jun-Sep)
2016,10,October,Bagerhat,Khulna,1305.92,3965.62,0.329309,646.4,Post-Monsoon (Oct-Nov)
2016,10,October,Bandarban,Chittagong,3083.54,5000.66,0.616627,1526.2,Post-Monsoon (Oct-Nov)
2016,10,October,Barguna,Barisal,159.85,1547.28,0.10331,79.1,Post-Monsoon (Oct-Nov)
2016,10,October,Barisal,Barisal,511.34,2767.25,0.184781,253.1,Post-Monsoon (Oct-Nov)
2016,10,October,Bhola,Barisal,693.75,2471.69,0.28068,343.4,Post-Monsoon (Oct-Nov)
2016,10,October,Bogra,Rajshahi,262.49,3233.63,0.081176,129.9,Post-Monsoon (Oct-Nov)
2016,10,October,Brahamanbaria,Chittagong,448.89,2104.07,0.213343,222.2,Post-Monsoon (Oct-Nov)
2016,10,October,Chandpur,Chittagong,303.18,1864.17,0.162636,150.1,Post-Monsoon (Oct-Nov)
2016,10,October,Chittagong,Chittagong,2042.89,4736.75,0.431286,1011.1,Post-Monsoon (Oct-Nov)
2016,10,October,Chuadanga,Khulna,533.43,1233.0,0.432628,264.0,Post-Monsoon (Oct-Nov)
2016,10,October,Comilla,Chittagong,1288.0,3351.85,0.384267,637.5,Post-Monsoon (Oct-Nov)
2016,10,October,Cox's Bazar,Chittagong,301.87,2206.6,0.136805,149.4,Post-Monsoon (Oct-Nov)
2016,10,October,Dhaka,Dhaka,130.37,1611.18,0.080914,64.5,Post-Monsoon (Oct-Nov)
2016,10,October,Dinajpur,Rangpur,2097.43,3829.09,0.547764,1038.1,Post-Monsoon (Oct-Nov)
2016,10,October,Faridpur,Dhaka,241.89,2227.54,0.108588,119.7,Post-Monsoon (Oct-Nov)
2016,10,October,Feni,Chittagong,434.97,960.78,0.452726,215.3,Post-Monsoon (Oct-Nov)
2016,10,October,Gaibandha,Rangpur,324.02,2410.25,0.134436,160.4,Post-Monsoon (Oct-Nov)
2016,10,October,Gazipur,Dhaka,186.08,1940.74,0.09588,92.1,Post-Monsoon (Oct-Nov)
2016,10,October,Gopalganj,Dhaka,233.85,1602.77,0.145907,115.7,Post-Monsoon (Oct-Nov)
2016,10,October,Habiganj,Sylhet,374.61,2857.81,0.131083,185.4,Post-Monsoon (Oct-Nov)
2016,10,October,Jamalpur,Dhaka,215.98,2272.36,0.095048,106.9,Post-Monsoon (Oct-Nov)
2016,10,October,Jessore,Khulna,504.93,2784.67,0.181325,249.9,Post-Monsoon (Oct-Nov)
2016,10,October,Jhalokati,Barisal,41.67,807.93,0.051575,20.6,Post-Monsoon (Oct-Nov)
2016,10,October,Jhenaidah,Khulna,893.51,2143.53,0.416841,442.2,Post-Monsoon (Oct-Nov)
2016,10,October,Joypurhat,Rajshahi,795.77,1081.54,0.735774,393.9,Post-Monsoon (Oct-Nov)
2016,10,October,Khagrachhari,Chittagong,1754.81,3108.48,0.564522,868.5,Post-Monsoon (Oct-Nov)
2016,10,October,Khulna,Khulna,973.08,3867.63,0.251595,481.6,Post-Monsoon (Oct-Nov)
2016,10,October,Kishoreganj,Dhaka,1132.52,2821.62,0.401374,560.5,Post-Monsoon (Oct-Nov)
2016,10,October,Kurigram,Rangpur,490.21,2481.86,0.197517,242.6,Post-Monsoon (Oct-Nov)
2016,10,October,Kushtia,Khulna,149.62,1830.28,0.081745,74.1,Post-Monsoon (Oct-Nov)
2016,10,October,Lakshmipur,Chittagong,301.49,1573.07,0.191656,149.2,Post-Monsoon (Oct-Nov)
2016,10,October,Lalmonirhat,Rangpur,630.14,1381.75,0.456048,311.9,Post-Monsoon (Oct-Nov)
2016,10,October,Madaripur,Dhaka,95.99,1257.23,0.076351,47.5,Post-Monsoon (Oct-Nov)
2016,10,October,Magura,Khulna,67.47,1143.98,0.058981,33.4,Post-Monsoon (Oct-Nov)
2016,10,October,Manikganj,Dhaka,268.0,1531.92,0.174947,132.6,Post-Monsoon (Oct-Nov)
2016,10,October,Maulvibazar,Sylhet,322.1,2819.05,0.114257,159.4,Post-Monsoon (Oct-Nov)
2016,10,October,Meherpur,Khulna,331.52,732.79,0.452411,164.1,Post-Monsoon (Oct-Nov)
2016,10,October,Munshiganj,Dhaka,118.96,1036.66,0.114755,58.9,Post-Monsoon (Oct-Nov)
2016,10,October,Mymensingh,Dhaka,2454.96,4784.19,0.51314,1215.1,Post-Monsoon (Oct-Nov)
2016,10,October,Naogaon,Rajshahi,1352.0,3824.58,0.353502,669.2,Post-Monsoon (Oct-Nov)
2016,10,October,Narail,Khulna,118.61,1072.86,0.110556,58.7,Post-Monsoon (Oct-Nov)
2016,10,October,Narayanganj,Dhaka,68.98,832.16,0.082898,34.1,Post-Monsoon (Oct-Nov)
2016,10,October,Narsingdi,Dhaka,128.81,1281.34,0.100528,63.8,Post-Monsoon (Oct-Nov)
2016,10,October,Natore,Rajshahi,192.79,2101.7,0.09173,95.4,Post-Monsoon (Oct-Nov)
2016,10,October,Nawabganj,Rajshahi,187.73,1804.38,0.104042,92.9,Post-Monsoon (Oct-Nov)
2016,10,October,Netrakona,Dhaka,582.68,3089.39,0.188608,288.4,Post-Monsoon (Oct-Nov)
2016,10,October,Nilphamari,Rangpur,940.5,1836.84,0.512022,465.5,Post-Monsoon (Oct-Nov)
2016,10,October,Noakhali,Chittagong,138.51,2642.03,0.052425,68.6,Post-Monsoon (Oct-Nov)
2016,10,October,Pabna,Rajshahi,431.02,2634.14,0.163629,213.3,Post-Monsoon (Oct-Nov)
2016,10,October,Panchagarh,Rangpur,871.97,1548.93,0.562948,431.6,Post-Monsoon (Oct-Nov)
2016,10,October,Patuakhali,Barisal,227.53,2730.09,0.083343,112.6,Post-Monsoon (Oct-Nov)
2016,10,October,Pirojpur,Barisal,104.23,1365.69,0.076323,51.6,Post-Monsoon (Oct-Nov)
2016,10,October,Rajbari,Dhaka,175.5,1249.73,0.140431,86.9,Post-Monsoon (Oct-Nov)
2016,10,October,Rajshahi,Rajshahi,289.77,2664.72,0.108744,143.4,Post-Monsoon (Oct-Nov)
2016,10,October,Rangamati,Chittagong,510.54,6226.79,0.081991,252.7,Post-Monsoon (Oct-Nov)
2016,10,October,Rangpur,Rangpur,1665.37,2572.65,0.647338,824.3,Post-Monsoon (Oct-Nov)
2016,10,October,Satkhira,Khulna,1386.32,3543.17,0.391265,686.2,Post-Monsoon (Oct-Nov)
2016,10,October,Shariatpur,Dhaka,222.53,1362.06,0.163379,110.1,Post-Monsoon (Oct-Nov)
2016,10,October,Sherpur,Dhaka,778.38,1455.19,0.5349,385.3,Post-Monsoon (Oct-Nov)
2016,10,October,Sirajganj,Rajshahi,602.58,2755.65,0.21867,298.2,Post-Monsoon (Oct-Nov)
2016,10,October,Sunamganj,Sylhet,1694.79,4043.04,0.419188,838.8,Post-Monsoon (Oct-Nov)
2016,10,October,Sylhet,Sylhet,470.37,3847.75,0.122246,232.8,Post-Monsoon (Oct-Nov)
2016,10,October,Tangail,Dhaka,247.28,3707.07,0.066704,122.4,Post-Monsoon (Oct-Nov)
2016,10,October,Thakurgaon,Rangpur,1269.94,2008.93,0.632144,628.5,Post-Monsoon (Oct-Nov)
2016,11,November,Bagerhat,Khulna,1054.64,3965.62,0.265946,522.0,Post-Monsoon (Oct-Nov)
2016,11,November,Bandarban,Chittagong,3193.27,5000.66,0.63857,1580.5,Post-Monsoon (Oct-Nov)
2016,11,November,Barguna,Barisal,162.81,1547.28,0.105223,80.6,Post-Monsoon (Oct-Nov)
2016,11,November,Barisal,Barisal,465.25,2767.25,0.168126,230.3,Post-Monsoon (Oct-Nov)
2016,11,November,Bhola,Barisal,684.8,2471.69,0.277057,338.9,Post-Monsoon (Oct-Nov)
2016,11,November,Bogra,Rajshahi,322.45,3233.63,0.099716,159.6,Post-Monsoon (Oct-Nov)
2016,11,November,Brahamanbaria,Chittagong,265.48,2104.07,0.126175,131.4,Post-Monsoon (Oct-Nov)
2016,11,November,Chandpur,Chittagong,278.75,1864.17,0.149531,138.0,Post-Monsoon (Oct-Nov)
2016,11,November,Chittagong,Chittagong,1342.02,4736.75,0.283321,664.2,Post-Monsoon (Oct-Nov)
2016,11,November,Chuadanga,Khulna,473.58,1233.0,0.384086,234.4,Post-Monsoon (Oct-Nov)
2016,11,November,Comilla,Chittagong,1060.19,3351.85,0.3163,524.7,Post-Monsoon (Oct-Nov)
2016,11,November,Cox's Bazar,Chittagong,247.98,2206.6,0.11238,122.7,Post-Monsoon (Oct-Nov)
2016,11,November,Dhaka,Dhaka,171.03,1611.18,0.10615,84.7,Post-Monsoon (Oct-Nov)
2016,11,November,Dinajpur,Rangpur,2906.79,3829.09,0.759135,1438.7,Post-Monsoon (Oct-Nov)
2016,11,November,Faridpur,Dhaka,143.87,2227.54,0.064586,71.2,Post-Monsoon (Oct-Nov)
2016,11,November,Feni,Chittagong,338.27,960.78,0.352075,167.4,Post-Monsoon (Oct-Nov)
2016,11,November,Gaibandha,Rangpur,257.43,2410.25,0.106807,127.4,Post-Monsoon (Oct-Nov)
2016,11,November,Gazipur,Dhaka,961.92,1940.74,0.495646,476.1,Post-Monsoon (Oct-Nov)
2016,11,November,Gopalganj,Dhaka,193.8,1602.77,0.120919,95.9,Post-Monsoon (Oct-Nov)
2016,11,November,Habiganj,Sylhet,505.92,2857.81,0.17703,250.4,Post-Monsoon (Oct-Nov)
2016,11,November,Jamalpur,Dhaka,278.05,2272.36,0.122361,137.6,Post-Monsoon (Oct-Nov)
2016,11,November,Jessore,Khulna,270.22,2784.67,0.097038,133.7,Post-Monsoon (Oct-Nov)
2016,11,November,Jhalokati,Barisal,39.46,807.93,0.048843,19.5,Post-Monsoon (Oct-Nov)
2016,11,November,Jhenaidah,Khulna,928.93,2143.49,0.433374,459.8,Post-Monsoon (Oct-Nov)
2016,11,November,Joypurhat,Rajshahi,828.41,1081.54,0.765955,410.0,Post-Monsoon (Oct-Nov)
2016,11,November,Khagrachhari,Chittagong,2051.04,3108.48,0.659821,1015.2,Post-Monsoon (Oct-Nov)
2016,11,November,Khulna,Khulna,1093.78,3867.49,0.282814,541.4,Post-Monsoon (Oct-Nov)
2016,11,November,Kishoreganj,Dhaka,709.75,2821.62,0.251541,351.3,Post-Monsoon (Oct-Nov)
2016,11,November,Kurigram,Rangpur,416.92,2481.86,0.167989,206.4,Post-Monsoon (Oct-Nov)
2016,11,November,Kushtia,Khulna,128.61,1830.28,0.070268,63.7,Post-Monsoon (Oct-Nov)
2016,11,November,Lakshmipur,Chittagong,293.93,1573.07,0.186851,145.5,Post-Monsoon (Oct-Nov)
2016,11,November,Lalmonirhat,Rangpur,781.2,1381.75,0.56537,386.7,Post-Monsoon (Oct-Nov)
2016,11,November,Madaripur,Dhaka,85.59,1257.23,0.068078,42.4,Post-Monsoon (Oct-Nov)
2016,11,November,Magura,Khulna,36.44,1143.98,0.031856,18.0,Post-Monsoon (Oct-Nov)
2016,11,November,Manikganj,Dhaka,198.54,1531.92,0.1296,98.3,Post-Monsoon (Oct-Nov)
2016,11,November,Maulvibazar,Sylhet,269.15,2819.05,0.095475,133.2,Post-Monsoon (Oct-Nov)
2016,11,November,Meherpur,Khulna,360.02,732.79,0.491301,178.2,Post-Monsoon (Oct-Nov)
2016,11,November,Munshiganj,Dhaka,106.94,1036.66,0.103156,52.9,Post-Monsoon (Oct-Nov)
2016,11,November,Mymensingh,Dhaka,2750.81,4784.19,0.574979,1361.5,Post-Monsoon (Oct-Nov)
2016,11,November,Naogaon,Rajshahi,1819.08,3824.58,0.475628,900.3,Post-Monsoon (Oct-Nov)
2016,11,November,Narail,Khulna,105.62,1072.86,0.098449,52.3,Post-Monsoon (Oct-Nov)
2016,11,November,Narayanganj,Dhaka,56.35,832.16,0.06771,27.9,Post-Monsoon (Oct-Nov)
2016,11,November,Narsingdi,Dhaka,86.07,1281.34,0.067171,42.6,Post-Monsoon (Oct-Nov)
2016,11,November,Natore,Rajshahi,179.03,2101.7,0.085183,88.6,Post-Monsoon (Oct-Nov)
2016,11,November,Nawabganj,Rajshahi,138.68,1804.38,0.076858,68.6,Post-Monsoon (Oct-Nov)
2016,11,November,Netrakona,Dhaka,444.56,3089.39,0.143898,220.0,Post-Monsoon (Oct-Nov)
2016,11,November,Nilphamari,Rangpur,1195.61,1836.84,0.650906,591.8,Post-Monsoon (Oct-Nov)
2016,11,November,Noakhali,Chittagong,133.07,2642.03,0.050365,65.9,Post-Monsoon (Oct-Nov)
2016,11,November,Pabna,Rajshahi,256.56,2634.14,0.097399,127.0,Post-Monsoon (Oct-Nov)
2016,11,November,Panchagarh,Rangpur,1043.04,1548.93,0.673392,516.2,Post-Monsoon (Oct-Nov)
2016,11,November,Patuakhali,Barisal,234.99,2730.09,0.086073,116.3,Post-Monsoon (Oct-Nov)
2016,11,November,Pirojpur,Barisal,106.66,1365.69,0.078103,52.8,Post-Monsoon (Oct-Nov)
2016,11,November,Rajbari,Dhaka,138.22,1249.73,0.110603,68.4,Post-Monsoon (Oct-Nov)
2016,11,November,Rajshahi,Rajshahi,195.07,2664.72,0.073204,96.5,Post-Monsoon (Oct-Nov)
2016,11,November,Rangamati,Chittagong,522.43,6226.79,0.0839,258.6,Post-Monsoon (Oct-Nov)
2016,11,November,Rangpur,Rangpur,1771.17,2572.65,0.688461,876.6,Post-Monsoon (Oct-Nov)
2016,11,November,Satkhira,Khulna,1341.09,3543.03,0.378514,663.8,Post-Monsoon (Oct-Nov)
2016,11,November,Shariatpur,Dhaka,195.57,1362.06,0.14358,96.8,Post-Monsoon (Oct-Nov)
2016,11,November,Sherpur,Dhaka,988.97,1455.19,0.679617,489.5,Post-Monsoon (Oct-Nov)
2016,11,November,Sirajganj,Rajshahi,378.86,2755.65,0.137485,187.5,Post-Monsoon (Oct-Nov)
2016,11,November,Sunamganj,Sylhet,1394.89,4043.04,0.345009,690.4,Post-Monsoon (Oct-Nov)
2016,11,November,Sylhet,Sylhet,512.34,3847.75,0.133152,253.6,Post-Monsoon (Oct-Nov)
2016,11,November,Tangail,Dhaka,734.23,3707.07,0.198062,363.4,Post-Monsoon (Oct-Nov)
2016,11,November,Thakurgaon,Rangpur,1638.55,2008.93,0.815629,811.0,Post-Monsoon (Oct-Nov)
2016,12,December,Bagerhat,Khulna,978.54,3965.62,0.246755,484.3,Dry Winter (Dec-Feb)
2016,12,December,Bandarban,Chittagong,2734.97,5000.66,0.546923,1353.7,Dry Winter (Dec-Feb)
2016,12,December,Barguna,Barisal,158.01,1547.28,0.102122,78.2,Dry Winter (Dec-Feb)
2016,12,December,Barisal,Barisal,493.87,2767.25,0.178469,244.4,Dry Winter (Dec-Feb)
2016,12,December,Bhola,Barisal,664.26,2471.69,0.268746,328.8,Dry Winter (Dec-Feb)
2016,12,December,Bogra,Rajshahi,346.91,3233.63,0.107281,171.7,Dry Winter (Dec-Feb)
2016,12,December,Brahamanbaria,Chittagong,640.66,2104.07,0.304485,317.1,Dry Winter (Dec-Feb)
2016,12,December,Chandpur,Chittagong,259.96,1864.17,0.139453,128.7,Dry Winter (Dec-Feb)
2016,12,December,Chittagong,Chittagong,1989.61,4736.75,0.420038,984.7,Dry Winter (Dec-Feb)
2016,12,December,Chuadanga,Khulna,619.93,1233.0,0.502779,306.8,Dry Winter (Dec-Feb)
2016,12,December,Comilla,Chittagong,1447.53,3351.85,0.431861,716.4,Dry Winter (Dec-Feb)
2016,12,December,Cox's Bazar,Chittagong,885.98,2206.6,0.401515,438.5,Dry Winter (Dec-Feb)
2016,12,December,Dhaka,Dhaka,932.7,1611.18,0.578895,461.6,Dry Winter (Dec-Feb)
2016,12,December,Dinajpur,Rangpur,2654.38,3829.09,0.693216,1313.8,Dry Winter (Dec-Feb)
2016,12,December,Faridpur,Dhaka,117.61,2227.54,0.052799,58.2,Dry Winter (Dec-Feb)
2016,12,December,Feni,Chittagong,443.31,960.78,0.461408,219.4,Dry Winter (Dec-Feb)
2016,12,December,Gaibandha,Rangpur,267.49,2410.25,0.11098,132.4,Dry Winter (Dec-Feb)
2016,12,December,Gazipur,Dhaka,1228.49,1940.74,0.633002,608.0,Dry Winter (Dec-Feb)
2016,12,December,Gopalganj,Dhaka,322.24,1602.77,0.201053,159.5,Dry Winter (Dec-Feb)
2016,12,December,Habiganj,Sylhet,770.0,2857.81,0.269436,381.1,Dry Winter (Dec-Feb)
2016,12,December,Jamalpur,Dhaka,422.19,2272.36,0.185795,209.0,Dry Winter (Dec-Feb)
2016,12,December,Jessore,Khulna,277.89,2784.67,0.099791,137.5,Dry Winter (Dec-Feb)
2016,12,December,Jhalokati,Barisal,35.99,807.93,0.044548,17.8,Dry Winter (Dec-Feb)
2016,12,December,Jhenaidah,Khulna,1045.76,2143.49,0.487876,517.6,Dry Winter (Dec-Feb)
2016,12,December,Joypurhat,Rajshahi,606.08,1081.54,0.56038,300.0,Dry Winter (Dec-Feb)
2016,12,December,Khagrachhari,Chittagong,1892.25,3108.48,0.608739,936.6,Dry Winter (Dec-Feb)
2016,12,December,Khulna,Khulna,893.54,3867.47,0.23104,442.3,Dry Winter (Dec-Feb)
2016,12,December,Kishoreganj,Dhaka,258.92,2821.62,0.091762,128.2,Dry Winter (Dec-Feb)
2016,12,December,Kurigram,Rangpur,419.94,2481.86,0.169203,207.8,Dry Winter (Dec-Feb)
2016,12,December,Kushtia,Khulna,130.84,1830.28,0.071486,64.8,Dry Winter (Dec-Feb)
2016,12,December,Lakshmipur,Chittagong,294.63,1573.07,0.187295,145.8,Dry Winter (Dec-Feb)
2016,12,December,Lalmonirhat,Rangpur,724.43,1381.75,0.524285,358.6,Dry Winter (Dec-Feb)
2016,12,December,Madaripur,Dhaka,95.83,1257.23,0.076222,47.4,Dry Winter (Dec-Feb)
2016,12,December,Magura,Khulna,287.96,1143.98,0.251721,142.5,Dry Winter (Dec-Feb)
2016,12,December,Manikganj,Dhaka,184.01,1531.92,0.120117,91.1,Dry Winter (Dec-Feb)
2016,12,December,Maulvibazar,Sylhet,311.6,2819.05,0.110533,154.2,Dry Winter (Dec-Feb)
2016,12,December,Meherpur,Khulna,423.55,732.79,0.578006,209.6,Dry Winter (Dec-Feb)
2016,12,December,Munshiganj,Dhaka,88.36,1036.66,0.085236,43.7,Dry Winter (Dec-Feb)
2016,12,December,Mymensingh,Dhaka,3080.77,4784.19,0.643948,1524.8,Dry Winter (Dec-Feb)
2016,12,December,Naogaon,Rajshahi,2233.64,3824.58,0.584024,1105.5,Dry Winter (Dec-Feb)
2016,12,December,Narail,Khulna,132.03,1072.86,0.123059,65.3,Dry Winter (Dec-Feb)
2016,12,December,Narayanganj,Dhaka,398.89,832.16,0.479342,197.4,Dry Winter (Dec-Feb)
2016,12,December,Narsingdi,Dhaka,66.98,1281.34,0.052276,33.2,Dry Winter (Dec-Feb)
2016,12,December,Natore,Rajshahi,358.24,2101.7,0.170453,177.3,Dry Winter (Dec-Feb)
2016,12,December,Nawabganj,Rajshahi,275.34,1804.38,0.152596,136.3,Dry Winter (Dec-Feb)
2016,12,December,Netrakona,Dhaka,652.99,3089.39,0.211366,323.2,Dry Winter (Dec-Feb)
2016,12,December,Nilphamari,Rangpur,1030.82,1836.84,0.561191,510.2,Dry Winter (Dec-Feb)
2016,12,December,Noakhali,Chittagong,145.72,2642.03,0.055154,72.1,Dry Winter (Dec-Feb)
2016,12,December,Pabna,Rajshahi,211.77,2634.14,0.080393,104.8,Dry Winter (Dec-Feb)
2016,12,December,Panchagarh,Rangpur,848.05,1548.93,0.547509,419.7,Dry Winter (Dec-Feb)
2016,12,December,Patuakhali,Barisal,217.95,2730.09,0.079834,107.9,Dry Winter (Dec-Feb)
2016,12,December,Pirojpur,Barisal,119.87,1365.69,0.087773,59.3,Dry Winter (Dec-Feb)
2016,12,December,Rajbari,Dhaka,130.56,1249.73,0.104467,64.6,Dry Winter (Dec-Feb)
2016,12,December,Rajshahi,Rajshahi,324.79,2664.72,0.121885,160.8,Dry Winter (Dec-Feb)
2016,12,December,Rangamati,Chittagong,487.22,6226.79,0.078245,241.1,Dry Winter (Dec-Feb)
2016,12,December,Rangpur,Rangpur,1676.3,2572.65,0.651585,829.7,Dry Winter (Dec-Feb)
2016,12,December,Satkhira,Khulna,1270.34,3543.02,0.358546,628.7,Dry Winter (Dec-Feb)
2016,12,December,Shariatpur,Dhaka,187.63,1362.06,0.137758,92.9,Dry Winter (Dec-Feb)
2016,12,December,Sherpur,Dhaka,1129.34,1455.19,0.776074,559.0,Dry Winter (Dec-Feb)
2016,12,December,Sirajganj,Rajshahi,336.83,2755.65,0.122232,166.7,Dry Winter (Dec-Feb)
2016,12,December,Sunamganj,Sylhet,963.29,4043.04,0.238258,476.8,Dry Winter (Dec-Feb)
2016,12,December,Sylhet,Sylhet,708.4,3847.75,0.184107,350.6,Dry Winter (Dec-Feb)
2016,12,December,Tangail,Dhaka,2048.73,3707.07,0.552654,1014.0,Dry Winter (Dec-Feb)
2016,12,December,Thakurgaon,Rangpur,1209.73,2008.93,0.602177,598.7,Dry Winter (Dec-Feb)
2017,1,January,Bagerhat,Khulna,828.37,3965.62,0.208887,410.0,Dry Winter (Dec-Feb)
2017,1,January,Bandarban,Chittagong,2815.93,5000.66,0.563111,1393.7,Dry Winter (Dec-Feb)
2017,1,January,Barguna,Barisal,158.55,1547.28,0.102467,78.5,Dry Winter (Dec-Feb)
2017,1,January,Barisal,Barisal,417.23,2767.25,0.150774,206.5,Dry Winter (Dec-Feb)
2017,1,January,Bhola,Barisal,670.32,2471.69,0.271198,331.8,Dry Winter (Dec-Feb)
2017,1,January,Bogra,Rajshahi,202.45,3233.63,0.062608,100.2,Dry Winter (Dec-Feb)
2017,1,January,Brahamanbaria,Chittagong,1234.84,2104.07,0.586882,611.2,Dry Winter (Dec-Feb)
2017,1,January,Chandpur,Chittagong,237.75,1864.17,0.127537,117.7,Dry Winter (Dec-Feb)
2017,1,January,Chittagong,Chittagong,2344.43,4736.75,0.494946,1160.4,Dry Winter (Dec-Feb)
2017,1,January,Chuadanga,Khulna,465.13,1233.0,0.377236,230.2,Dry Winter (Dec-Feb)
2017,1,January,Comilla,Chittagong,1809.21,3351.85,0.539766,895.5,Dry Winter (Dec-Feb)
2017,1,January,Cox's Bazar,Chittagong,886.48,2206.6,0.401738,438.8,Dry Winter (Dec-Feb)
2017,1,January,Dhaka,Dhaka,873.77,1611.18,0.542318,432.5,Dry Winter (Dec-Feb)
2017,1,January,Dinajpur,Rangpur,1368.48,3829.09,0.35739,677.3,Dry Winter (Dec-Feb)
2017,1,January,Faridpur,Dhaka,955.85,2227.54,0.429105,473.1,Dry Winter (Dec-Feb)
2017,1,January,Feni,Chittagong,506.15,960.78,0.526815,250.5,Dry Winter (Dec-Feb)
2017,1,January,Gaibandha,Rangpur,178.58,2410.25,0.07409,88.4,Dry Winter (Dec-Feb)
2017,1,January,Gazipur,Dhaka,1107.02,1940.74,0.570414,547.9,Dry Winter (Dec-Feb)
2017,1,January,Gopalganj,Dhaka,878.1,1602.77,0.547865,434.6,Dry Winter (Dec-Feb)
2017,1,January,Habiganj,Sylhet,1721.07,2857.81,0.602232,851.8,Dry Winter (Dec-Feb)
2017,1,January,Jamalpur,Dhaka,221.29,2272.36,0.097385,109.5,Dry Winter (Dec-Feb)
2017,1,January,Jessore,Khulna,702.73,2784.67,0.252358,347.8,Dry Winter (Dec-Feb)
2017,1,January,Jhalokati,Barisal,34.75,807.93,0.043007,17.2,Dry Winter (Dec-Feb)
2017,1,January,Jhenaidah,Khulna,976.98,2143.48,0.455794,483.6,Dry Winter (Dec-Feb)
2017,1,January,Joypurhat,Rajshahi,416.07,1081.54,0.384696,205.9,Dry Winter (Dec-Feb)
2017,1,January,Khagrachhari,Chittagong,1900.59,3108.48,0.611421,940.7,Dry Winter (Dec-Feb)
2017,1,January,Khulna,Khulna,866.71,3867.46,0.224104,429.0,Dry Winter (Dec-Feb)
2017,1,January,Kishoreganj,Dhaka,1436.02,2821.62,0.508935,710.8,Dry Winter (Dec-Feb)
2017,1,January,Kurigram,Rangpur,485.88,2481.86,0.195771,240.5,Dry Winter (Dec-Feb)
2017,1,January,Kushtia,Khulna,119.64,1830.28,0.065367,59.2,Dry Winter (Dec-Feb)
2017,1,January,Lakshmipur,Chittagong,291.74,1573.07,0.185459,144.4,Dry Winter (Dec-Feb)
2017,1,January,Lalmonirhat,Rangpur,81.26,1381.75,0.058812,40.2,Dry Winter (Dec-Feb)
2017,1,January,Madaripur,Dhaka,87.38,1257.23,0.069504,43.2,Dry Winter (Dec-Feb)
2017,1,January,Magura,Khulna,613.27,1143.98,0.536088,303.5,Dry Winter (Dec-Feb)
2017,1,January,Manikganj,Dhaka,184.69,1531.92,0.120559,91.4,Dry Winter (Dec-Feb)
2017,1,January,Maulvibazar,Sylhet,1085.35,2819.05,0.385005,537.2,Dry Winter (Dec-Feb)
2017,1,January,Meherpur,Khulna,404.0,732.79,0.551322,200.0,Dry Winter (Dec-Feb)
2017,1,January,Munshiganj,Dhaka,76.05,1036.66,0.073357,37.6,Dry Winter (Dec-Feb)
2017,1,January,Mymensingh,Dhaka,3033.85,4784.19,0.634141,1501.6,Dry Winter (Dec-Feb)
2017,1,January,Naogaon,Rajshahi,2331.92,3824.58,0.609719,1154.2,Dry Winter (Dec-Feb)
2017,1,January,Narail,Khulna,116.68,1072.86,0.108759,57.8,Dry Winter (Dec-Feb)
2017,1,January,Narayanganj,Dhaka,394.94,832.16,0.474595,195.5,Dry Winter (Dec-Feb)
2017,1,January,Narsingdi,Dhaka,62.97,1281.34,0.049144,31.2,Dry Winter (Dec-Feb)
2017,1,January,Natore,Rajshahi,1002.4,2101.7,0.47695,496.1,Dry Winter (Dec-Feb)
2017,1,January,Nawabganj,Rajshahi,855.18,1804.38,0.473945,423.3,Dry Winter (Dec-Feb)
2017,1,January,Netrakona,Dhaka,1864.16,3089.39,0.603406,922.7,Dry Winter (Dec-Feb)
2017,1,January,Nilphamari,Rangpur,73.54,1836.84,0.040034,36.4,Dry Winter (Dec-Feb)
2017,1,January,Noakhali,Chittagong,129.36,2642.03,0.048962,64.0,Dry Winter (Dec-Feb)
2017,1,January,Pabna,Rajshahi,1000.97,2634.14,0.379998,495.4,Dry Winter (Dec-Feb)
2017,1,January,Panchagarh,Rangpur,1008.09,1548.93,0.650832,498.9,Dry Winter (Dec-Feb)
2017,1,January,Patuakhali,Barisal,214.86,2730.09,0.078703,106.3,Dry Winter (Dec-Feb)
2017,1,January,Pirojpur,Barisal,92.26,1365.69,0.067553,45.7,Dry Winter (Dec-Feb)
2017,1,January,Rajbari,Dhaka,122.54,1249.73,0.098051,60.7,Dry Winter (Dec-Feb)
2017,1,January,Rajshahi,Rajshahi,572.66,2664.72,0.214905,283.4,Dry Winter (Dec-Feb)
2017,1,January,Rangamati,Chittagong,519.59,6226.79,0.083445,257.2,Dry Winter (Dec-Feb)
2017,1,January,Rangpur,Rangpur,182.56,2572.65,0.070962,90.4,Dry Winter (Dec-Feb)
2017,1,January,Satkhira,Khulna,974.48,3543.03,0.275041,482.3,Dry Winter (Dec-Feb)
2017,1,January,Shariatpur,Dhaka,155.2,1362.06,0.113945,76.8,Dry Winter (Dec-Feb)
2017,1,January,Sherpur,Dhaka,1088.63,1455.19,0.748102,538.8,Dry Winter (Dec-Feb)
2017,1,January,Sirajganj,Rajshahi,390.3,2755.65,0.141637,193.2,Dry Winter (Dec-Feb)
2017,1,January,Sunamganj,Sylhet,726.06,4043.04,0.179581,359.4,Dry Winter (Dec-Feb)
2017,1,January,Sylhet,Sylhet,1986.95,3847.75,0.516393,983.4,Dry Winter (Dec-Feb)
2017,1,January,Tangail,Dhaka,2039.74,3707.07,0.55023,1009.6,Dry Winter (Dec-Feb)
2017,1,January,Thakurgaon,Rangpur,1352.62,2008.93,0.673301,669.5,Dry Winter (Dec-Feb)
2017,2,February,Bagerhat,Khulna,576.58,3965.62,0.145394,285.4,Dry Winter (Dec-Feb)
2017,2,February,Bandarban,Chittagong,3156.43,5000.66,0.631202,1562.3,Dry Winter (Dec-Feb)
2017,2,February,Barguna,Barisal,152.7,1547.28,0.098689,75.6,Dry Winter (Dec-Feb)
2017,2,February,Barisal,Barisal,423.88,2767.25,0.153176,209.8,Dry Winter (Dec-Feb)
2017,2,February,Bhola,Barisal,650.89,2471.69,0.263336,322.2,Dry Winter (Dec-Feb)
2017,2,February,Bogra,Rajshahi,1434.76,3233.63,0.4437,710.1,Dry Winter (Dec-Feb)
2017,2,February,Brahamanbaria,Chittagong,1140.83,2104.07,0.5422,564.6,Dry Winter (Dec-Feb)
2017,2,February,Chandpur,Chittagong,238.46,1864.17,0.127917,118.0,Dry Winter (Dec-Feb)
2017,2,February,Chittagong,Chittagong,2301.08,4736.75,0.485794,1138.9,Dry Winter (Dec-Feb)
2017,2,February,Chuadanga,Khulna,553.69,1233.0,0.449062,274.0,Dry Winter (Dec-Feb)
2017,2,February,Comilla,Chittagong,1736.83,3351.85,0.518171,859.6,Dry Winter (Dec-Feb)
2017,2,February,Cox's Bazar,Chittagong,947.36,2206.6,0.429331,468.9,Dry Winter (Dec-Feb)
2017,2,February,Dhaka,Dhaka,862.4,1611.18,0.53526,426.8,Dry Winter (Dec-Feb)
2017,2,February,Dinajpur,Rangpur,1645.61,3829.09,0.429766,814.5,Dry Winter (Dec-Feb)
2017,2,February,Faridpur,Dhaka,1160.58,2227.54,0.521013,574.4,Dry Winter (Dec-Feb)
2017,2,February,Feni,Chittagong,483.49,960.78,0.503225,239.3,Dry Winter (Dec-Feb)
2017,2,February,Gaibandha,Rangpur,356.98,2410.25,0.14811,176.7,Dry Winter (Dec-Feb)
2017,2,February,Gazipur,Dhaka,1116.27,1940.74,0.575176,552.5,Dry Winter (Dec-Feb)
2017,2,February,Gopalganj,Dhaka,965.37,1602.77,0.602315,477.8,Dry Winter (Dec-Feb)
2017,2,February,Habiganj,Sylhet,1533.13,2857.81,0.53647,758.8,Dry Winter (Dec-Feb)
2017,2,February,Jamalpur,Dhaka,696.08,2272.36,0.306325,344.5,Dry Winter (Dec-Feb)
2017,2,February,Jessore,Khulna,651.62,2784.67,0.234003,322.5,Dry Winter (Dec-Feb)
2017,2,February,Jhalokati,Barisal,33.78,807.93,0.041811,16.7,Dry Winter (Dec-Feb)
2017,2,February,Jhenaidah,Khulna,1043.67,2143.59,0.486878,516.6,Dry Winter (Dec-Feb)
2017,2,February,Joypurhat,Rajshahi,621.53,1081.54,0.574672,307.6,Dry Winter (Dec-Feb)
2017,2,February,Khagrachhari,Chittagong,2071.62,3108.48,0.666442,1025.3,Dry Winter (Dec-Feb)
2017,2,February,Khulna,Khulna,586.38,3868.06,0.151595,290.2,Dry Winter (Dec-Feb)
2017,2,February,Kishoreganj,Dhaka,1643.91,2821.62,0.582611,813.6,Dry Winter (Dec-Feb)
2017,2,February,Kurigram,Rangpur,479.7,2481.86,0.193281,237.4,Dry Winter (Dec-Feb)
2017,2,February,Kushtia,Khulna,214.92,1830.28,0.117426,106.4,Dry Winter (Dec-Feb)
2017,2,February,Lakshmipur,Chittagong,286.97,1573.07,0.182425,142.0,Dry Winter (Dec-Feb)
2017,2,February,Lalmonirhat,Rangpur,480.36,1381.75,0.347648,237.8,Dry Winter (Dec-Feb)
2017,2,February,Madaripur,Dhaka,60.88,1257.23,0.048421,30.1,Dry Winter (Dec-Feb)
2017,2,February,Magura,Khulna,726.92,1143.98,0.635434,359.8,Dry Winter (Dec-Feb)
2017,2,February,Manikganj,Dhaka,178.77,1531.92,0.116699,88.5,Dry Winter (Dec-Feb)
2017,2,February,Maulvibazar,Sylhet,1341.82,2819.05,0.475982,664.1,Dry Winter (Dec-Feb)
2017,2,February,Meherpur,Khulna,414.62,732.79,0.565808,205.2,Dry Winter (Dec-Feb)
2017,2,February,Munshiganj,Dhaka,78.28,1036.66,0.07551,38.7,Dry Winter (Dec-Feb)
2017,2,February,Mymensingh,Dhaka,2839.09,4784.19,0.593432,1405.2,Dry Winter (Dec-Feb)
2017,2,February,Naogaon,Rajshahi,2897.84,3824.58,0.757689,1434.3,Dry Winter (Dec-Feb)
2017,2,February,Narail,Khulna,35.22,1072.86,0.032831,17.4,Dry Winter (Dec-Feb)
2017,2,February,Narayanganj,Dhaka,465.65,832.16,0.559571,230.5,Dry Winter (Dec-Feb)
2017,2,February,Narsingdi,Dhaka,71.39,1281.34,0.055713,35.3,Dry Winter (Dec-Feb)
2017,2,February,Natore,Rajshahi,1402.62,2101.7,0.667374,694.2,Dry Winter (Dec-Feb)
2017,2,February,Nawabganj,Rajshahi,987.15,1804.38,0.547086,488.6,Dry Winter (Dec-Feb)
2017,2,February,Netrakona,Dhaka,1722.23,3089.39,0.557464,852.4,Dry Winter (Dec-Feb)
2017,2,February,Nilphamari,Rangpur,798.52,1836.84,0.434726,395.2,Dry Winter (Dec-Feb)
2017,2,February,Noakhali,Chittagong,117.23,2642.03,0.044369,58.0,Dry Winter (Dec-Feb)
2017,2,February,Pabna,Rajshahi,1396.05,2634.14,0.529984,691.0,Dry Winter (Dec-Feb)
2017,2,February,Panchagarh,Rangpur,1174.22,1548.93,0.758084,581.2,Dry Winter (Dec-Feb)
2017,2,February,Patuakhali,Barisal,204.72,2730.09,0.074987,101.3,Dry Winter (Dec-Feb)
2017,2,February,Pirojpur,Barisal,89.4,1365.69,0.06546,44.2,Dry Winter (Dec-Feb)
2017,2,February,Rajbari,Dhaka,112.97,1249.73,0.090394,55.9,Dry Winter (Dec-Feb)
2017,2,February,Rajshahi,Rajshahi,1228.67,2664.72,0.461089,608.1,Dry Winter (Dec-Feb)
2017,2,February,Rangamati,Chittagong,396.84,6226.79,0.063731,196.4,Dry Winter (Dec-Feb)
2017,2,February,Rangpur,Rangpur,1005.69,2572.65,0.390917,497.8,Dry Winter (Dec-Feb)
2017,2,February,Satkhira,Khulna,861.45,3543.74,0.24309,426.4,Dry Winter (Dec-Feb)
2017,2,February,Shariatpur,Dhaka,151.2,1362.06,0.111011,74.8,Dry Winter (Dec-Feb)
2017,2,February,Sherpur,Dhaka,912.97,1455.19,0.62739,451.9,Dry Winter (Dec-Feb)
2017,2,February,Sirajganj,Rajshahi,303.68,2755.65,0.110204,150.3,Dry Winter (Dec-Feb)
2017,2,February,Sunamganj,Sylhet,1325.67,4043.04,0.327888,656.1,Dry Winter (Dec-Feb)
2017,2,February,Sylhet,Sylhet,1595.89,3847.75,0.41476,789.9,Dry Winter (Dec-Feb)
2017,2,February,Tangail,Dhaka,1792.94,3707.07,0.483655,887.4,Dry Winter (Dec-Feb)
2017,2,February,Thakurgaon,Rangpur,1445.76,2008.93,0.719665,715.6,Dry Winter (Dec-Feb)
2017,3,March,Bagerhat,Khulna,701.14,3965.62,0.176805,347.0,Pre-Monsoon (Mar-May)
2017,3,March,Bandarban,Chittagong,2534.5,5000.66,0.506833,1254.4,Pre-Monsoon (Mar-May)
2017,3,March,Barguna,Barisal,157.45,1547.28,0.101758,77.9,Pre-Monsoon (Mar-May)
2017,3,March,Barisal,Barisal,410.97,2767.25,0.148513,203.4,Pre-Monsoon (Mar-May)
2017,3,March,Bhola,Barisal,665.72,2471.69,0.269339,329.5,Pre-Monsoon (Mar-May)
2017,3,March,Bogra,Rajshahi,1219.16,3233.63,0.377025,603.4,Pre-Monsoon (Mar-May)
2017,3,March,Brahamanbaria,Chittagong,1045.46,2104.07,0.496877,517.4,Pre-Monsoon (Mar-May)
2017,3,March,Chandpur,Chittagong,242.25,1864.17,0.129953,119.9,Pre-Monsoon (Mar-May)
2017,3,March,Chittagong,Chittagong,2269.01,4736.75,0.479023,1123.0,Pre-Monsoon (Mar-May)
2017,3,March,Chuadanga,Khulna,728.76,1233.0,0.591042,360.7,Pre-Monsoon (Mar-May)
2017,3,March,Comilla,Chittagong,1853.05,3351.85,0.552845,917.2,Pre-Monsoon (Mar-May)
2017,3,March,Cox's Bazar,Chittagong,750.77,2206.6,0.340236,371.6,Pre-Monsoon (Mar-May)
2017,3,March,Dhaka,Dhaka,822.41,1611.18,0.510442,407.0,Pre-Monsoon (Mar-May)
2017,3,March,Dinajpur,Rangpur,2543.34,3829.09,0.664217,1258.8,Pre-Monsoon (Mar-May)
2017,3,March,Faridpur,Dhaka,997.42,2227.54,0.447768,493.7,Pre-Monsoon (Mar-May)
2017,3,March,Feni,Chittagong,431.55,960.78,0.449168,213.6,Pre-Monsoon (Mar-May)
2017,3,March,Gaibandha,Rangpur,296.77,2410.25,0.123129,146.9,Pre-Monsoon (Mar-May)
2017,3,March,Gazipur,Dhaka,1047.2,1940.74,0.53959,518.3,Pre-Monsoon (Mar-May)
2017,3,March,Gopalganj,Dhaka,1026.99,1602.77,0.640763,508.3,Pre-Monsoon (Mar-May)
2017,3,March,Habiganj,Sylhet,1885.49,2857.81,0.659766,933.2,Pre-Monsoon (Mar-May)
2017,3,March,Jamalpur,Dhaka,271.14,2272.36,0.119321,134.2,Pre-Monsoon (Mar-May)
2017,3,March,Jessore,Khulna,382.09,2784.67,0.137213,189.1,Pre-Monsoon (Mar-May)
2017,3,March,Jhalokati,Barisal,32.09,807.93,0.039723,15.9,Pre-Monsoon (Mar-May)
2017,3,March,Jhenaidah,Khulna,1253.68,2143.59,0.584852,620.5,Pre-Monsoon (Mar-May)
2017,3,March,Joypurhat,Rajshahi,866.57,1081.54,0.801234,428.9,Pre-Monsoon (Mar-May)
2017,3,March,Khagrachhari,Chittagong,1576.49,3108.48,0.507157,780.3,Pre-Monsoon (Mar-May)
2017,3,March,Khulna,Khulna,607.79,3868.06,0.157131,300.8,Pre-Monsoon (Mar-May)
2017,3,March,Kishoreganj,Dhaka,1534.96,2821.62,0.543999,759.7,Pre-Monsoon (Mar-May)
2017,3,March,Kurigram,Rangpur,509.26,2481.86,0.205193,252.1,Pre-Monsoon (Mar-May)
2017,3,March,Kushtia,Khulna,138.12,1830.28,0.075461,68.4,Pre-Monsoon (Mar-May)
2017,3,March,Lakshmipur,Chittagong,293.13,1573.07,0.186343,145.1,Pre-Monsoon (Mar-May)
2017,3,March,Lalmonirhat,Rangpur,339.18,1381.75,0.245468,167.9,Pre-Monsoon (Mar-May)
2017,3,March,Madaripur,Dhaka,60.96,1257.23,0.048484,30.2,Pre-Monsoon (Mar-May)
2017,3,March,Magura,Khulna,646.74,1143.98,0.565347,320.1,Pre-Monsoon (Mar-May)
2017,3,March,Manikganj,Dhaka,165.82,1531.92,0.108245,82.1,Pre-Monsoon (Mar-May)
2017,3,March,Maulvibazar,Sylhet,1066.26,2819.05,0.378235,527.7,Pre-Monsoon (Mar-May)
2017,3,March,Meherpur,Khulna,514.76,732.79,0.70247,254.8,Pre-Monsoon (Mar-May)
2017,3,March,Munshiganj,Dhaka,69.12,1036.66,0.066675,34.2,Pre-Monsoon (Mar-May)
2017,3,March,Mymensingh,Dhaka,2821.82,4784.19,0.589822,1396.6,Pre-Monsoon (Mar-May)
2017,3,March,Naogaon,Rajshahi,3021.29,3824.58,0.789968,1495.4,Pre-Monsoon (Mar-May)
2017,3,March,Narail,Khulna,37.47,1072.86,0.034928,18.5,Pre-Monsoon (Mar-May)
2017,3,March,Narayanganj,Dhaka,448.76,832.16,0.539275,222.1,Pre-Monsoon (Mar-May)
2017,3,March,Narsingdi,Dhaka,162.7,1281.34,0.126977,80.5,Pre-Monsoon (Mar-May)
2017,3,March,Natore,Rajshahi,1311.62,2101.7,0.624079,649.2,Pre-Monsoon (Mar-May)
2017,3,March,Nawabganj,Rajshahi,686.3,1804.38,0.380353,339.7,Pre-Monsoon (Mar-May)
2017,3,March,Netrakona,Dhaka,1787.89,3089.39,0.578718,884.9,Pre-Monsoon (Mar-May)
2017,3,March,Nilphamari,Rangpur,1112.71,1836.84,0.605777,550.7,Pre-Monsoon (Mar-May)
2017,3,March,Noakhali,Chittagong,121.3,2642.03,0.045911,60.0,Pre-Monsoon (Mar-May)
2017,3,March,Pabna,Rajshahi,1191.41,2634.14,0.452297,589.7,Pre-Monsoon (Mar-May)
2017,3,March,Panchagarh,Rangpur,851.84,1548.93,0.549955,421.6,Pre-Monsoon (Mar-May)
2017,3,March,Patuakhali,Barisal,220.32,2730.09,0.0807,109.0,Pre-Monsoon (Mar-May)
2017,3,March,Pirojpur,Barisal,89.12,1365.69,0.065257,44.1,Pre-Monsoon (Mar-May)
2017,3,March,Rajbari,Dhaka,112.76,1249.73,0.090228,55.8,Pre-Monsoon (Mar-May)
2017,3,March,Rajshahi,Rajshahi,222.56,2664.72,0.08352,110.2,Pre-Monsoon (Mar-May)
2017,3,March,Rangamati,Chittagong,354.81,6226.79,0.056981,175.6,Pre-Monsoon (Mar-May)
2017,3,March,Rangpur,Rangpur,2012.56,2572.65,0.78229,996.1,Pre-Monsoon (Mar-May)
2017,3,March,Satkhira,Khulna,963.46,3543.74,0.271877,476.9,Pre-Monsoon (Mar-May)
2017,3,March,Shariatpur,Dhaka,147.4,1362.06,0.108218,73.0,Pre-Monsoon (Mar-May)
2017,3,March,Sherpur,Dhaka,1073.5,1455.19,0.737703,531.3,Pre-Monsoon (Mar-May)
2017,3,March,Sirajganj,Rajshahi,307.07,2755.65,0.111435,152.0,Pre-Monsoon (Mar-May)
2017,3,March,Sunamganj,Sylhet,2005.22,4043.04,0.495969,992.5,Pre-Monsoon (Mar-May)
2017,3,March,Sylhet,Sylhet,1790.7,3847.75,0.46539,886.3,Pre-Monsoon (Mar-May)
2017,3,March,Tangail,Dhaka,1819.46,3707.07,0.490809,900.5,Pre-Monsoon (Mar-May)
2017,3,March,Thakurgaon,Rangpur,1384.92,2008.93,0.689379,685.5,Pre-Monsoon (Mar-May)
2017,4,April,Bagerhat,Khulna,1224.64,3965.62,0.308815,606.1,Pre-Monsoon (Mar-May)
2017,4,April,Bandarban,Chittagong,1935.3,5000.66,0.387009,957.9,Pre-Monsoon (Mar-May)
2017,4,April,Barguna,Barisal,160.04,1547.28,0.103435,79.2,Pre-Monsoon (Mar-May)
2017,4,April,Barisal,Barisal,458.7,2767.25,0.16576,227.0,Pre-Monsoon (Mar-May)
2017,4,April,Bhola,Barisal,689.8,2471.69,0.279082,341.4,Pre-Monsoon (Mar-May)
2017,4,April,Bogra,Rajshahi,1736.75,3233.63,0.53709,859.6,Pre-Monsoon (Mar-May)
2017,4,April,Brahamanbaria,Chittagong,1087.3,2104.07,0.516759,538.2,Pre-Monsoon (Mar-May)
2017,4,April,Chandpur,Chittagong,256.62,1864.17,0.13766,127.0,Pre-Monsoon (Mar-May)
2017,4,April,Chittagong,Chittagong,1953.18,4736.75,0.412346,966.7,Pre-Monsoon (Mar-May)
2017,4,April,Chuadanga,Khulna,802.84,1233.0,0.651126,397.4,Pre-Monsoon (Mar-May)
2017,4,April,Comilla,Chittagong,1551.01,3351.85,0.462733,767.7,Pre-Monsoon (Mar-May)
2017,4,April,Cox's Bazar,Chittagong,755.88,2206.6,0.342552,374.1,Pre-Monsoon (Mar-May)
2017,4,April,Dhaka,Dhaka,983.65,1611.18,0.610514,486.9,Pre-Monsoon (Mar-May)
2017,4,April,Dinajpur,Rangpur,2948.51,3829.09,0.770029,1459.3,Pre-Monsoon (Mar-May)
2017,4,April,Faridpur,Dhaka,777.4,2227.54,0.348993,384.8,Pre-Monsoon (Mar-May)
2017,4,April,Feni,Chittagong,445.87,960.78,0.464075,220.7,Pre-Monsoon (Mar-May)
2017,4,April,Gaibandha,Rangpur,255.41,2410.25,0.105967,126.4,Pre-Monsoon (Mar-May)
2017,4,April,Gazipur,Dhaka,1156.75,1940.74,0.596035,572.5,Pre-Monsoon (Mar-May)
2017,4,April,Gopalganj,Dhaka,970.2,1602.77,0.605331,480.2,Pre-Monsoon (Mar-May)
2017,4,April,Habiganj,Sylhet,1588.96,2857.81,0.556006,786.4,Pre-Monsoon (Mar-May)
2017,4,April,Jamalpur,Dhaka,1286.97,2272.36,0.566359,637.0,Pre-Monsoon (Mar-May)
2017,4,April,Jessore,Khulna,1153.72,2784.67,0.41431,571.0,Pre-Monsoon (Mar-May)
2017,4,April,Jhalokati,Barisal,63.69,807.93,0.078826,31.5,Pre-Monsoon (Mar-May)
2017,4,April,Jhenaidah,Khulna,1443.0,2143.59,0.673167,714.2,Pre-Monsoon (Mar-May)
2017,4,April,Joypurhat,Rajshahi,890.75,1081.54,0.823589,440.9,Pre-Monsoon (Mar-May)
2017,4,April,Khagrachhari,Chittagong,1491.9,3108.48,0.479944,738.4,Pre-Monsoon (Mar-May)
2017,4,April,Khulna,Khulna,681.5,3868.06,0.176186,337.3,Pre-Monsoon (Mar-May)
2017,4,April,Kishoreganj,Dhaka,1308.0,2821.62,0.463565,647.4,Pre-Monsoon (Mar-May)
2017,4,April,Kurigram,Rangpur,403.01,2481.86,0.162384,199.5,Pre-Monsoon (Mar-May)
2017,4,April,Kushtia,Khulna,176.23,1830.28,0.096285,87.2,Pre-Monsoon (Mar-May)
2017,4,April,Lakshmipur,Chittagong,302.19,1573.07,0.192102,149.6,Pre-Monsoon (Mar-May)
2017,4,April,Lalmonirhat,Rangpur,707.49,1381.75,0.512023,350.2,Pre-Monsoon (Mar-May)
2017,4,April,Madaripur,Dhaka,62.66,1257.23,0.049838,31.0,Pre-Monsoon (Mar-May)
2017,4,April,Magura,Khulna,752.3,1143.98,0.657616,372.3,Pre-Monsoon (Mar-May)
2017,4,April,Manikganj,Dhaka,174.01,1531.92,0.113588,86.1,Pre-Monsoon (Mar-May)
2017,4,April,Maulvibazar,Sylhet,981.95,2819.05,0.348327,486.0,Pre-Monsoon (Mar-May)
2017,4,April,Meherpur,Khulna,558.27,732.79,0.761849,276.3,Pre-Monsoon (Mar-May)
2017,4,April,Munshiganj,Dhaka,79.63,1036.66,0.076817,39.4,Pre-Monsoon (Mar-May)
2017,4,April,Mymensingh,Dhaka,2376.34,4784.19,0.496706,1176.2,Pre-Monsoon (Mar-May)
2017,4,April,Naogaon,Rajshahi,3213.29,3824.58,0.840169,1590.4,Pre-Monsoon (Mar-May)
2017,4,April,Narail,Khulna,40.72,1072.86,0.037958,20.2,Pre-Monsoon (Mar-May)
2017,4,April,Narayanganj,Dhaka,460.39,832.16,0.553247,227.9,Pre-Monsoon (Mar-May)
2017,4,April,Narsingdi,Dhaka,421.67,1281.34,0.329088,208.7,Pre-Monsoon (Mar-May)
2017,4,April,Natore,Rajshahi,1368.32,2101.7,0.651056,677.2,Pre-Monsoon (Mar-May)
2017,4,April,Nawabganj,Rajshahi,1083.68,1804.38,0.600583,536.4,Pre-Monsoon (Mar-May)
2017,4,April,Netrakona,Dhaka,1633.01,3089.39,0.528585,808.2,Pre-Monsoon (Mar-May)
2017,4,April,Nilphamari,Rangpur,1326.29,1836.84,0.72205,656.4,Pre-Monsoon (Mar-May)
2017,4,April,Noakhali,Chittagong,121.45,2642.02,0.045967,60.1,Pre-Monsoon (Mar-May)
2017,4,April,Pabna,Rajshahi,1588.47,2634.14,0.603032,786.2,Pre-Monsoon (Mar-May)
2017,4,April,Panchagarh,Rangpur,1001.76,1548.93,0.646743,495.8,Pre-Monsoon (Mar-May)
2017,4,April,Patuakhali,Barisal,236.35,2730.09,0.086573,117.0,Pre-Monsoon (Mar-May)
2017,4,April,Pirojpur,Barisal,115.05,1365.69,0.084244,56.9,Pre-Monsoon (Mar-May)
2017,4,April,Rajbari,Dhaka,140.22,1249.73,0.112204,69.4,Pre-Monsoon (Mar-May)
2017,4,April,Rajshahi,Rajshahi,1186.39,2664.72,0.445222,587.2,Pre-Monsoon (Mar-May)
2017,4,April,Rangamati,Chittagong,332.66,6226.79,0.053424,164.6,Pre-Monsoon (Mar-May)
2017,4,April,Rangpur,Rangpur,2109.78,2572.65,0.82008,1044.2,Pre-Monsoon (Mar-May)
2017,4,April,Satkhira,Khulna,1167.96,3543.74,0.329584,578.1,Pre-Monsoon (Mar-May)
2017,4,April,Shariatpur,Dhaka,162.14,1362.06,0.119044,80.3,Pre-Monsoon (Mar-May)
2017,4,April,Sherpur,Dhaka,1081.42,1455.19,0.743142,535.2,Pre-Monsoon (Mar-May)
2017,4,April,Sirajganj,Rajshahi,296.04,2755.65,0.107429,146.5,Pre-Monsoon (Mar-May)
2017,4,April,Sunamganj,Sylhet,2421.54,4043.04,0.598941,1198.5,Pre-Monsoon (Mar-May)
2017,4,April,Sylhet,Sylhet,2034.74,3847.75,0.528813,1007.1,Pre-Monsoon (Mar-May)
2017,4,April,Tangail,Dhaka,1919.25,3707.07,0.517726,949.9,Pre-Monsoon (Mar-May)
2017,4,April,Thakurgaon,Rangpur,1504.5,2008.93,0.748906,744.6,Pre-Monsoon (Mar-May)
2017,5,May,Bagerhat,Khulna,1183.14,3965.62,0.29835,585.6,Pre-Monsoon (Mar-May)
2017,5,May,Bandarban,Chittagong,2898.8,5000.66,0.579684,1434.7,Pre-Monsoon (Mar-May)
2017,5,May,Barguna,Barisal,166.79,1547.28,0.107796,82.6,Pre-Monsoon (Mar-May)
2017,5,May,Barisal,Barisal,438.06,2767.25,0.158301,216.8,Pre-Monsoon (Mar-May)
2017,5,May,Bhola,Barisal,688.57,2471.69,0.278583,340.8,Pre-Monsoon (Mar-May)
2017,5,May,Bogra,Rajshahi,201.05,3233.63,0.062174,99.5,Pre-Monsoon (Mar-May)
2017,5,May,Brahamanbaria,Chittagong,255.78,2104.07,0.121564,126.6,Pre-Monsoon (Mar-May)
2017,5,May,Chandpur,Chittagong,264.94,1864.17,0.142121,131.1,Pre-Monsoon (Mar-May)
2017,5,May,Chittagong,Chittagong,2003.14,4736.75,0.422893,991.4,Pre-Monsoon (Mar-May)
2017,5,May,Chuadanga,Khulna,722.66,1233.0,0.586095,357.7,Pre-Monsoon (Mar-May)
2017,5,May,Comilla,Chittagong,1442.02,3351.85,0.430216,713.7,Pre-Monsoon (Mar-May)
2017,5,May,Cox's Bazar,Chittagong,627.79,2206.6,0.284506,310.7,Pre-Monsoon (Mar-May)
2017,5,May,Dhaka,Dhaka,925.58,1611.18,0.574477,458.1,Pre-Monsoon (Mar-May)
2017,5,May,Dinajpur,Rangpur,1609.87,3829.09,0.420431,796.8,Pre-Monsoon (Mar-May)
2017,5,May,Faridpur,Dhaka,119.91,2227.54,0.053832,59.3,Pre-Monsoon (Mar-May)
2017,5,May,Feni,Chittagong,428.17,960.78,0.445645,211.9,Pre-Monsoon (Mar-May)
2017,5,May,Gaibandha,Rangpur,300.86,2410.25,0.124825,148.9,Pre-Monsoon (Mar-May)
2017,5,May,Gazipur,Dhaka,1058.29,1940.74,0.5453,523.8,Pre-Monsoon (Mar-May)
2017,5,May,Gopalganj,Dhaka,533.63,1602.77,0.332941,264.1,Pre-Monsoon (Mar-May)
2017,5,May,Habiganj,Sylhet,984.84,2857.81,0.344613,487.4,Pre-Monsoon (Mar-May)
2017,5,May,Jamalpur,Dhaka,169.2,2272.36,0.07446,83.7,Pre-Monsoon (Mar-May)
2017,5,May,Jessore,Khulna,865.51,2784.67,0.310813,428.4,Pre-Monsoon (Mar-May)
2017,5,May,Jhalokati,Barisal,40.05,807.93,0.049574,19.8,Pre-Monsoon (Mar-May)
2017,5,May,Jhenaidah,Khulna,988.97,2143.59,0.461361,489.5,Pre-Monsoon (Mar-May)
2017,5,May,Joypurhat,Rajshahi,815.56,1081.54,0.754071,403.7,Pre-Monsoon (Mar-May)
2017,5,May,Khagrachhari,Chittagong,2000.89,3108.48,0.643687,990.3,Pre-Monsoon (Mar-May)
2017,5,May,Khulna,Khulna,836.67,3868.06,0.216302,414.1,Pre-Monsoon (Mar-May)
2017,5,May,Kishoreganj,Dhaka,1066.36,2821.62,0.377926,527.8,Pre-Monsoon (Mar-May)
2017,5,May,Kurigram,Rangpur,479.46,2481.86,0.193186,237.3,Pre-Monsoon (Mar-May)
2017,5,May,Kushtia,Khulna,128.22,1830.28,0.070057,63.5,Pre-Monsoon (Mar-May)
2017,5,May,Lakshmipur,Chittagong,301.9,1573.07,0.191917,149.4,Pre-Monsoon (Mar-May)
2017,5,May,Lalmonirhat,Rangpur,121.7,1381.75,0.088073,60.2,Pre-Monsoon (Mar-May)
2017,5,May,Madaripur,Dhaka,68.6,1257.23,0.054562,34.0,Pre-Monsoon (Mar-May)
2017,5,May,Magura,Khulna,227.92,1143.98,0.199234,112.8,Pre-Monsoon (Mar-May)
2017,5,May,Manikganj,Dhaka,181.89,1531.92,0.118736,90.0,Pre-Monsoon (Mar-May)
2017,5,May,Maulvibazar,Sylhet,446.75,2819.05,0.158475,221.1,Pre-Monsoon (Mar-May)
2017,5,May,Meherpur,Khulna,476.39,732.79,0.650102,235.8,Pre-Monsoon (Mar-May)
2017,5,May,Munshiganj,Dhaka,86.25,1036.66,0.083196,42.7,Pre-Monsoon (Mar-May)
2017,5,May,Mymensingh,Dhaka,2512.73,4784.19,0.525216,1243.7,Pre-Monsoon (Mar-May)
2017,5,May,Naogaon,Rajshahi,2331.13,3824.58,0.609512,1153.8,Pre-Monsoon (Mar-May)
2017,5,May,Narail,Khulna,42.32,1072.86,0.039443,20.9,Pre-Monsoon (Mar-May)
2017,5,May,Narayanganj,Dhaka,86.57,832.16,0.104029,42.8,Pre-Monsoon (Mar-May)
2017,5,May,Narsingdi,Dhaka,90.42,1281.34,0.070567,44.8,Pre-Monsoon (Mar-May)
2017,5,May,Natore,Rajshahi,934.46,2101.7,0.444621,462.5,Pre-Monsoon (Mar-May)
2017,5,May,Nawabganj,Rajshahi,304.27,1804.38,0.168629,150.6,Pre-Monsoon (Mar-May)
2017,5,May,Netrakona,Dhaka,900.6,3089.39,0.291512,445.7,Pre-Monsoon (Mar-May)
2017,5,May,Nilphamari,Rangpur,1020.09,1836.84,0.555353,504.9,Pre-Monsoon (Mar-May)
2017,5,May,Noakhali,Chittagong,130.58,2642.03,0.049423,64.6,Pre-Monsoon (Mar-May)
2017,5,May,Pabna,Rajshahi,232.49,2634.14,0.08826,115.1,Pre-Monsoon (Mar-May)
2017,5,May,Panchagarh,Rangpur,892.79,1548.93,0.576389,441.9,Pre-Monsoon (Mar-May)
2017,5,May,Patuakhali,Barisal,257.67,2730.09,0.094381,127.5,Pre-Monsoon (Mar-May)
2017,5,May,Pirojpur,Barisal,99.89,1365.69,0.07314,49.4,Pre-Monsoon (Mar-May)
2017,5,May,Rajbari,Dhaka,142.05,1249.73,0.113667,70.3,Pre-Monsoon (Mar-May)
2017,5,May,Rajshahi,Rajshahi,247.49,2664.72,0.092878,122.5,Pre-Monsoon (Mar-May)
2017,5,May,Rangamati,Chittagong,404.37,6226.79,0.06494,200.1,Pre-Monsoon (Mar-May)
2017,5,May,Rangpur,Rangpur,1348.49,2572.65,0.524164,667.4,Pre-Monsoon (Mar-May)
2017,5,May,Satkhira,Khulna,1384.72,3543.74,0.390752,685.4,Pre-Monsoon (Mar-May)
2017,5,May,Shariatpur,Dhaka,163.69,1362.06,0.120176,81.0,Pre-Monsoon (Mar-May)
2017,5,May,Sherpur,Dhaka,878.56,1455.19,0.60374,434.8,Pre-Monsoon (Mar-May)
2017,5,May,Sirajganj,Rajshahi,350.18,2755.65,0.127076,173.3,Pre-Monsoon (Mar-May)
2017,5,May,Sunamganj,Sylhet,2196.02,4043.04,0.543161,1086.9,Pre-Monsoon (Mar-May)
2017,5,May,Sylhet,Sylhet,799.62,3847.75,0.207814,395.8,Pre-Monsoon (Mar-May)
2017,5,May,Tangail,Dhaka,969.61,3707.07,0.261558,479.9,Pre-Monsoon (Mar-May)
2017,5,May,Thakurgaon,Rangpur,1276.45,2008.93,0.635388,631.8,Pre-Monsoon (Mar-May)
2017,6,June,Bagerhat,Khulna,1510.54,3965.62,0.380909,747.6,Monsoon (Jun-Sep)
2017,6,June,Bandarban,Chittagong,3192.33,5000.66,0.638382,1580.0,Monsoon (Jun-Sep)
2017,6,June,Barguna,Barisal,274.99,1547.28,0.177722,136.1,Monsoon (Jun-Sep)
2017,6,June,Barisal,Barisal,561.91,2767.25,0.203057,278.1,Monsoon (Jun-Sep)
2017,6,June,Bhola,Barisal,680.32,2471.69,0.275244,336.7,Monsoon (Jun-Sep)
2017,6,June,Bogra,Rajshahi,225.07,3233.63,0.069603,111.4,Monsoon (Jun-Sep)
2017,6,June,Brahamanbaria,Chittagong,457.8,2104.07,0.217579,226.6,Monsoon (Jun-Sep)
2017,6,June,Chandpur,Chittagong,293.15,1864.17,0.157253,145.1,Monsoon (Jun-Sep)
2017,6,June,Chittagong,Chittagong,1954.39,4736.75,0.412602,967.3,Monsoon (Jun-Sep)
2017,6,June,Chuadanga,Khulna,527.14,1233.0,0.427523,260.9,Monsoon (Jun-Sep)
2017,6,June,Comilla,Chittagong,1013.49,3351.85,0.302367,501.6,Monsoon (Jun-Sep)
2017,6,June,Cox's Bazar,Chittagong,408.22,2206.6,0.185001,202.0,Monsoon (Jun-Sep)
2017,6,June,Dhaka,Dhaka,478.82,1611.18,0.297185,237.0,Monsoon (Jun-Sep)
2017,6,June,Dinajpur,Rangpur,2407.64,3829.09,0.628777,1191.6,Monsoon (Jun-Sep)
2017,6,June,Faridpur,Dhaka,129.86,2227.54,0.058299,64.3,Monsoon (Jun-Sep)
2017,6,June,Feni,Chittagong,447.62,960.78,0.465898,221.5,Monsoon (Jun-Sep)
2017,6,June,Gaibandha,Rangpur,318.99,2410.25,0.132348,157.9,Monsoon (Jun-Sep)
2017,6,June,Gazipur,Dhaka,303.93,1940.74,0.156605,150.4,Monsoon (Jun-Sep)
2017,6,June,Gopalganj,Dhaka,368.49,1602.77,0.22991,182.4,Monsoon (Jun-Sep)
2017,6,June,Habiganj,Sylhet,973.09,2857.81,0.340502,481.6,Monsoon (Jun-Sep)
2017,6,June,Jamalpur,Dhaka,179.86,2272.36,0.07915,89.0,Monsoon (Jun-Sep)
2017,6,June,Jessore,Khulna,366.98,2784.67,0.131785,181.6,Monsoon (Jun-Sep)
2017,6,June,Jhalokati,Barisal,131.41,807.93,0.162649,65.0,Monsoon (Jun-Sep)
2017,6,June,Jhenaidah,Khulna,711.88,2143.59,0.332096,352.3,Monsoon (Jun-Sep)
2017,6,June,Joypurhat,Rajshahi,653.14,1081.54,0.6039,323.3,Monsoon (Jun-Sep)
2017,6,June,Khagrachhari,Chittagong,1764.4,3108.48,0.567609,873.3,Monsoon (Jun-Sep)
2017,6,June,Khulna,Khulna,1010.13,3868.06,0.261146,500.0,Monsoon (Jun-Sep)
2017,6,June,Kishoreganj,Dhaka,1270.45,2821.62,0.450256,628.8,Monsoon (Jun-Sep)
2017,6,June,Kurigram,Rangpur,499.75,2481.86,0.201363,247.3,Monsoon (Jun-Sep)
2017,6,June,Kushtia,Khulna,122.88,1830.28,0.067139,60.8,Monsoon (Jun-Sep)
2017,6,June,Lakshmipur,Chittagong,303.47,1573.07,0.192919,150.2,Monsoon (Jun-Sep)
2017,6,June,Lalmonirhat,Rangpur,89.12,1381.75,0.064496,44.1,Monsoon (Jun-Sep)
2017,6,June,Madaripur,Dhaka,109.08,1257.23,0.08676,54.0,Monsoon (Jun-Sep)
2017,6,June,Magura,Khulna,97.94,1143.98,0.085617,48.5,Monsoon (Jun-Sep)
2017,6,June,Manikganj,Dhaka,195.23,1531.92,0.127445,96.6,Monsoon (Jun-Sep)
2017,6,June,Maulvibazar,Sylhet,701.94,2819.05,0.248999,347.4,Monsoon (Jun-Sep)
2017,6,June,Meherpur,Khulna,469.54,732.79,0.640763,232.4,Monsoon (Jun-Sep)
2017,6,June,Munshiganj,Dhaka,104.05,1036.66,0.100367,51.5,Monsoon (Jun-Sep)
2017,6,June,Mymensingh,Dhaka,1492.67,4784.19,0.312001,738.8,Monsoon (Jun-Sep)
2017,6,June,Naogaon,Rajshahi,1926.13,3824.58,0.503619,953.3,Monsoon (Jun-Sep)
2017,6,June,Narail,Khulna,107.96,1072.86,0.100624,53.4,Monsoon (Jun-Sep)
2017,6,June,Narayanganj,Dhaka,67.63,832.16,0.081276,33.5,Monsoon (Jun-Sep)
2017,6,June,Narsingdi,Dhaka,142.62,1281.34,0.111304,70.6,Monsoon (Jun-Sep)
2017,6,June,Natore,Rajshahi,115.97,2101.7,0.055181,57.4,Monsoon (Jun-Sep)
2017,6,June,Nawabganj,Rajshahi,201.02,1804.38,0.111407,99.5,Monsoon (Jun-Sep)
2017,6,June,Netrakona,Dhaka,803.55,3089.39,0.260101,397.7,Monsoon (Jun-Sep)
2017,6,June,Nilphamari,Rangpur,667.22,1836.84,0.363246,330.2,Monsoon (Jun-Sep)
2017,6,June,Noakhali,Chittagong,193.42,2642.03,0.07321,95.7,Monsoon (Jun-Sep)
2017,6,June,Pabna,Rajshahi,181.23,2634.14,0.0688,89.7,Monsoon (Jun-Sep)
2017,6,June,Panchagarh,Rangpur,1012.97,1548.93,0.653978,501.4,Monsoon (Jun-Sep)
2017,6,June,Patuakhali,Barisal,369.15,2730.09,0.135216,182.7,Monsoon (Jun-Sep)
2017,6,June,Pirojpur,Barisal,225.53,1365.69,0.165141,111.6,Monsoon (Jun-Sep)
2017,6,June,Rajbari,Dhaka,141.65,1249.73,0.113343,70.1,Monsoon (Jun-Sep)
2017,6,June,Rajshahi,Rajshahi,154.8,2664.72,0.058093,76.6,Monsoon (Jun-Sep)
2017,6,June,Rangamati,Chittagong,519.13,6226.79,0.08337,256.9,Monsoon (Jun-Sep)
2017,6,June,Rangpur,Rangpur,1316.69,2572.65,0.511805,651.7,Monsoon (Jun-Sep)
2017,6,June,Satkhira,Khulna,1166.09,3543.74,0.329055,577.1,Monsoon (Jun-Sep)
2017,6,June,Shariatpur,Dhaka,187.47,1362.06,0.137636,92.8,Monsoon (Jun-Sep)
2017,6,June,Sherpur,Dhaka,301.99,1455.19,0.207523,149.5,Monsoon (Jun-Sep)
2017,6,June,Sirajganj,Rajshahi,434.18,2755.65,0.157559,214.9,Monsoon (Jun-Sep)
2017,6,June,Sunamganj,Sylhet,2276.55,4043.04,0.563078,1126.8,Monsoon (Jun-Sep)
2017,6,June,Sylhet,Sylhet,1232.34,3847.75,0.320275,609.9,Monsoon (Jun-Sep)
2017,6,June,Tangail,Dhaka,191.14,3707.07,0.051562,94.6,Monsoon (Jun-Sep)
2017,6,June,Thakurgaon,Rangpur,1424.12,2008.93,0.708894,704.9,Monsoon (Jun-Sep)
2017,7,July,Bagerhat,Khulna,1494.16,3965.62,0.37678,739.5,Monsoon (Jun-Sep)
2017,7,July,Bandarban,Chittagong,2613.78,5000.66,0.522687,1293.7,Monsoon (Jun-Sep)
2017,7,July,Barguna,Barisal,276.13,1547.28,0.178459,136.7,Monsoon (Jun-Sep)
2017,7,July,Barisal,Barisal,491.83,2767.25,0.177732,243.4,Monsoon (Jun-Sep)
2017,7,July,Bhola,Barisal,715.26,2471.69,0.289383,354.0,Monsoon (Jun-Sep)
2017,7,July,Bogra,Rajshahi,764.74,3233.63,0.236496,378.5,Monsoon (Jun-Sep)
2017,7,July,Brahamanbaria,Chittagong,646.97,2104.07,0.307484,320.2,Monsoon (Jun-Sep)
2017,7,July,Chandpur,Chittagong,342.21,1864.17,0.183574,169.4,Monsoon (Jun-Sep)
2017,7,July,Chittagong,Chittagong,1922.37,4736.75,0.405842,951.5,Monsoon (Jun-Sep)
2017,7,July,Chuadanga,Khulna,624.98,1233.0,0.506876,309.3,Monsoon (Jun-Sep)
2017,7,July,Comilla,Chittagong,653.72,3351.85,0.195031,323.6,Monsoon (Jun-Sep)
2017,7,July,Cox's Bazar,Chittagong,516.66,2206.6,0.234144,255.7,Monsoon (Jun-Sep)
2017,7,July,Dhaka,Dhaka,160.29,1611.18,0.099485,79.3,Monsoon (Jun-Sep)
2017,7,July,Dinajpur,Rangpur,1227.97,3829.09,0.320695,607.8,Monsoon (Jun-Sep)
2017,7,July,Faridpur,Dhaka,232.77,2227.54,0.104497,115.2,Monsoon (Jun-Sep)
2017,7,July,Feni,Chittagong,428.7,960.78,0.446197,212.2,Monsoon (Jun-Sep)
2017,7,July,Gaibandha,Rangpur,391.06,2410.25,0.162248,193.6,Monsoon (Jun-Sep)
2017,7,July,Gazipur,Dhaka,239.58,1940.74,0.123447,118.6,Monsoon (Jun-Sep)
2017,7,July,Gopalganj,Dhaka,566.13,1602.77,0.35322,280.2,Monsoon (Jun-Sep)
2017,7,July,Habiganj,Sylhet,899.35,2857.81,0.314698,445.1,Monsoon (Jun-Sep)
2017,7,July,Jamalpur,Dhaka,279.11,2272.36,0.12283,138.1,Monsoon (Jun-Sep)
2017,7,July,Jessore,Khulna,620.46,2784.67,0.222813,307.1,Monsoon (Jun-Sep)
2017,7,July,Jhalokati,Barisal,114.15,807.93,0.141284,56.5,Monsoon (Jun-Sep)
2017,7,July,Jhenaidah,Khulna,495.12,2143.59,0.230975,245.1,Monsoon (Jun-Sep)
2017,7,July,Joypurhat,Rajshahi,471.14,1081.54,0.435617,233.2,Monsoon (Jun-Sep)
2017,7,July,Khagrachhari,Chittagong,1571.21,3108.48,0.505458,777.7,Monsoon (Jun-Sep)
2017,7,July,Khulna,Khulna,1558.28,3868.06,0.402857,771.3,Monsoon (Jun-Sep)
2017,7,July,Kishoreganj,Dhaka,1352.71,2821.62,0.479411,669.5,Monsoon (Jun-Sep)
2017,7,July,Kurigram,Rangpur,561.07,2481.86,0.226068,277.7,Monsoon (Jun-Sep)
2017,7,July,Kushtia,Khulna,149.23,1830.28,0.081533,73.9,Monsoon (Jun-Sep)
2017,7,July,Lakshmipur,Chittagong,335.99,1573.07,0.213591,166.3,Monsoon (Jun-Sep)
2017,7,July,Lalmonirhat,Rangpur,354.91,1381.75,0.256858,175.7,Monsoon (Jun-Sep)
2017,7,July,Madaripur,Dhaka,116.46,1257.23,0.092636,57.6,Monsoon (Jun-Sep)
2017,7,July,Magura,Khulna,221.07,1143.98,0.193244,109.4,Monsoon (Jun-Sep)
2017,7,July,Manikganj,Dhaka,299.02,1531.92,0.195191,148.0,Monsoon (Jun-Sep)
2017,7,July,Maulvibazar,Sylhet,816.58,2819.05,0.289666,404.2,Monsoon (Jun-Sep)
2017,7,July,Meherpur,Khulna,399.71,732.79,0.545468,197.8,Monsoon (Jun-Sep)
2017,7,July,Munshiganj,Dhaka,131.57,1036.66,0.126918,65.1,Monsoon (Jun-Sep)
2017,7,July,Mymensingh,Dhaka,1804.04,4784.19,0.377084,892.9,Monsoon (Jun-Sep)
2017,7,July,Naogaon,Rajshahi,835.2,3824.58,0.218378,413.4,Monsoon (Jun-Sep)
2017,7,July,Narail,Khulna,178.17,1072.86,0.166067,88.2,Monsoon (Jun-Sep)
2017,7,July,Narayanganj,Dhaka,82.35,832.16,0.098956,40.8,Monsoon (Jun-Sep)
2017,7,July,Narsingdi,Dhaka,192.44,1281.34,0.15019,95.2,Monsoon (Jun-Sep)
2017,7,July,Natore,Rajshahi,333.71,2101.7,0.158782,165.2,Monsoon (Jun-Sep)
2017,7,July,Nawabganj,Rajshahi,169.16,1804.38,0.093748,83.7,Monsoon (Jun-Sep)
2017,7,July,Netrakona,Dhaka,909.83,3089.39,0.294501,450.3,Monsoon (Jun-Sep)
2017,7,July,Nilphamari,Rangpur,756.07,1836.84,0.411614,374.2,Monsoon (Jun-Sep)
2017,7,July,Noakhali,Chittagong,480.24,2642.03,0.18177,237.7,Monsoon (Jun-Sep)
2017,7,July,Pabna,Rajshahi,451.81,2634.14,0.17152,223.6,Monsoon (Jun-Sep)
2017,7,July,Panchagarh,Rangpur,406.25,1548.93,0.262278,201.1,Monsoon (Jun-Sep)
2017,7,July,Patuakhali,Barisal,562.46,2730.09,0.206023,278.4,Monsoon (Jun-Sep)
2017,7,July,Pirojpur,Barisal,269.4,1365.69,0.197266,133.3,Monsoon (Jun-Sep)
2017,7,July,Rajbari,Dhaka,175.84,1249.73,0.140701,87.0,Monsoon (Jun-Sep)
2017,7,July,Rajshahi,Rajshahi,325.48,2664.72,0.122143,161.1,Monsoon (Jun-Sep)
2017,7,July,Rangamati,Chittagong,490.26,6226.79,0.078733,242.7,Monsoon (Jun-Sep)
2017,7,July,Rangpur,Rangpur,1427.34,2572.65,0.554812,706.5,Monsoon (Jun-Sep)
2017,7,July,Satkhira,Khulna,1487.74,3543.74,0.419822,736.3,Monsoon (Jun-Sep)
2017,7,July,Shariatpur,Dhaka,205.79,1362.06,0.151086,101.9,Monsoon (Jun-Sep)
2017,7,July,Sherpur,Dhaka,539.2,1455.19,0.370531,266.9,Monsoon (Jun-Sep)
2017,7,July,Sirajganj,Rajshahi,735.85,2755.65,0.267033,364.2,Monsoon (Jun-Sep)
2017,7,July,Sunamganj,Sylhet,2198.19,4043.04,0.543698,1088.0,Monsoon (Jun-Sep)
2017,7,July,Sylhet,Sylhet,1258.42,3847.75,0.327055,622.8,Monsoon (Jun-Sep)
2017,7,July,Tangail,Dhaka,575.23,3707.07,0.155171,284.7,Monsoon (Jun-Sep)
2017,7,July,Thakurgaon,Rangpur,523.85,2008.93,0.26076,259.3,Monsoon (Jun-Sep)
2017,8,August,Bagerhat,Khulna,1594.97,3965.62,0.402199,789.4,Monsoon (Jun-Sep)
2017,8,August,Bandarban,Chittagong,2540.03,5000.66,0.507939,1257.2,Monsoon (Jun-Sep)
2017,8,August,Barguna,Barisal,351.47,1547.28,0.227153,174.0,Monsoon (Jun-Sep)
2017,8,August,Barisal,Barisal,775.03,2767.25,0.28007,383.6,Monsoon (Jun-Sep)
2017,8,August,Bhola,Barisal,864.82,2471.69,0.34989,428.0,Monsoon (Jun-Sep)
2017,8,August,Bogra,Rajshahi,815.48,3233.63,0.252186,403.6,Monsoon (Jun-Sep)
2017,8,August,Brahamanbaria,Chittagong,665.65,2104.07,0.316363,329.5,Monsoon (Jun-Sep)
2017,8,August,Chandpur,Chittagong,371.84,1864.17,0.199466,184.0,Monsoon (Jun-Sep)
2017,8,August,Chittagong,Chittagong,2043.05,4736.75,0.43132,1011.2,Monsoon (Jun-Sep)
2017,8,August,Chuadanga,Khulna,618.66,1233.0,0.501749,306.2,Monsoon (Jun-Sep)
2017,8,August,Comilla,Chittagong,786.27,3351.85,0.234579,389.2,Monsoon (Jun-Sep)
2017,8,August,Cox's Bazar,Chittagong,439.57,2206.6,0.199207,217.6,Monsoon (Jun-Sep)
2017,8,August,Dhaka,Dhaka,175.88,1611.18,0.109164,87.1,Monsoon (Jun-Sep)
2017,8,August,Dinajpur,Rangpur,2179.97,3829.09,0.569319,1079.0,Monsoon (Jun-Sep)
2017,8,August,Faridpur,Dhaka,477.78,2227.54,0.214489,236.5,Monsoon (Jun-Sep)
2017,8,August,Feni,Chittagong,339.53,960.78,0.353391,168.0,Monsoon (Jun-Sep)
2017,8,August,Gaibandha,Rangpur,541.41,2410.25,0.22463,268.0,Monsoon (Jun-Sep)
2017,8,August,Gazipur,Dhaka,349.8,1940.74,0.180238,173.1,Monsoon (Jun-Sep)
2017,8,August,Gopalganj,Dhaka,486.02,1602.77,0.303236,240.6,Monsoon (Jun-Sep)
2017,8,August,Habiganj,Sylhet,789.95,2857.81,0.276419,391.0,Monsoon (Jun-Sep)
2017,8,August,Jamalpur,Dhaka,550.01,2272.36,0.242044,272.2,Monsoon (Jun-Sep)
2017,8,August,Jessore,Khulna,541.6,2784.67,0.194492,268.1,Monsoon (Jun-Sep)
2017,8,August,Jhalokati,Barisal,242.29,807.93,0.299887,119.9,Monsoon (Jun-Sep)
2017,8,August,Jhenaidah,Khulna,873.86,2143.59,0.407661,432.5,Monsoon (Jun-Sep)
2017,8,August,Joypurhat,Rajshahi,779.25,1081.54,0.720497,385.7,Monsoon (Jun-Sep)
2017,8,August,Khagrachhari,Chittagong,1664.79,3108.48,0.535564,824.0,Monsoon (Jun-Sep)
2017,8,August,Khulna,Khulna,1808.22,3868.06,0.467476,895.0,Monsoon (Jun-Sep)
2017,8,August,Kishoreganj,Dhaka,1327.7,2821.62,0.470546,657.1,Monsoon (Jun-Sep)
2017,8,August,Kurigram,Rangpur,700.77,2481.86,0.282356,346.8,Monsoon (Jun-Sep)
2017,8,August,Kushtia,Khulna,214.99,1830.28,0.117464,106.4,Monsoon (Jun-Sep)
2017,8,August,Lakshmipur,Chittagong,441.56,1573.07,0.2807,218.5,Monsoon (Jun-Sep)
2017,8,August,Lalmonirhat,Rangpur,421.38,1381.75,0.304957,208.6,Monsoon (Jun-Sep)
2017,8,August,Madaripur,Dhaka,150.18,1257.23,0.119457,74.3,Monsoon (Jun-Sep)
2017,8,August,Magura,Khulna,182.01,1143.98,0.159104,90.1,Monsoon (Jun-Sep)
2017,8,August,Manikganj,Dhaka,431.99,1531.92,0.281994,213.8,Monsoon (Jun-Sep)
2017,8,August,Maulvibazar,Sylhet,595.58,2819.05,0.211268,294.8,Monsoon (Jun-Sep)
2017,8,August,Meherpur,Khulna,430.02,732.79,0.586829,212.8,Monsoon (Jun-Sep)
2017,8,August,Munshiganj,Dhaka,126.5,1036.66,0.12203,62.6,Monsoon (Jun-Sep)
2017,8,August,Mymensingh,Dhaka,2127.51,4784.19,0.444696,1053.0,Monsoon (Jun-Sep)
2017,8,August,Naogaon,Rajshahi,914.52,3824.58,0.239118,452.6,Monsoon (Jun-Sep)
2017,8,August,Narail,Khulna,153.8,1072.86,0.143352,76.1,Monsoon (Jun-Sep)
2017,8,August,Narayanganj,Dhaka,79.02,832.16,0.094956,39.1,Monsoon (Jun-Sep)
2017,8,August,Narsingdi,Dhaka,222.18,1281.34,0.173396,110.0,Monsoon (Jun-Sep)
2017,8,August,Natore,Rajshahi,402.04,2101.7,0.191291,199.0,Monsoon (Jun-Sep)
2017,8,August,Nawabganj,Rajshahi,245.57,1804.38,0.136094,121.5,Monsoon (Jun-Sep)
2017,8,August,Netrakona,Dhaka,968.37,3089.39,0.313451,479.3,Monsoon (Jun-Sep)
2017,8,August,Nilphamari,Rangpur,972.81,1836.84,0.529612,481.5,Monsoon (Jun-Sep)
2017,8,August,Noakhali,Chittagong,448.69,2642.02,0.169828,222.1,Monsoon (Jun-Sep)
2017,8,August,Pabna,Rajshahi,584.93,2634.14,0.222057,289.5,Monsoon (Jun-Sep)
2017,8,August,Panchagarh,Rangpur,829.32,1548.93,0.535416,410.5,Monsoon (Jun-Sep)
2017,8,August,Patuakhali,Barisal,811.66,2730.09,0.297302,401.7,Monsoon (Jun-Sep)
2017,8,August,Pirojpur,Barisal,424.63,1365.69,0.310926,210.2,Monsoon (Jun-Sep)
2017,8,August,Rajbari,Dhaka,286.88,1249.73,0.229557,142.0,Monsoon (Jun-Sep)
2017,8,August,Rajshahi,Rajshahi,313.46,2664.72,0.117632,155.1,Monsoon (Jun-Sep)
2017,8,August,Rangamati,Chittagong,556.88,6226.79,0.089433,275.6,Monsoon (Jun-Sep)
2017,8,August,Rangpur,Rangpur,1594.34,2572.65,0.619728,789.1,Monsoon (Jun-Sep)
2017,8,August,Satkhira,Khulna,1617.04,3543.74,0.45631,800.3,Monsoon (Jun-Sep)
2017,8,August,Shariatpur,Dhaka,253.63,1362.06,0.186209,125.5,Monsoon (Jun-Sep)
2017,8,August,Sherpur,Dhaka,527.09,1455.19,0.362213,260.9,Monsoon (Jun-Sep)
2017,8,August,Sirajganj,Rajshahi,895.85,2755.65,0.325095,443.4,Monsoon (Jun-Sep)
2017,8,August,Sunamganj,Sylhet,2223.67,4043.04,0.549999,1100.6,Monsoon (Jun-Sep)
2017,8,August,Sylhet,Sylhet,1053.06,3847.75,0.273682,521.2,Monsoon (Jun-Sep)
2017,8,August,Tangail,Dhaka,748.92,3707.07,0.202026,370.7,Monsoon (Jun-Sep)
2017,8,August,Thakurgaon,Rangpur,1347.82,2008.93,0.670915,667.1,Monsoon (Jun-Sep)
2017,9,September,Bagerhat,Khulna,1471.89,3965.62,0.371163,728.5,Monsoon (Jun-Sep)
2017,9,September,Bandarban,Chittagong,2640.49,5000.66,0.528028,1306.9,Monsoon (Jun-Sep)
2017,9,September,Barguna,Barisal,198.75,1547.28,0.12845,98.4,Monsoon (Jun-Sep)
2017,9,September,Barisal,Barisal,496.07,2767.25,0.179265,245.5,Monsoon (Jun-Sep)
2017,9,September,Bhola,Barisal,696.24,2471.69,0.281686,344.6,Monsoon (Jun-Sep)
2017,9,September,Bogra,Rajshahi,466.05,3233.63,0.144126,230.7,Monsoon (Jun-Sep)
2017,9,September,Brahamanbaria,Chittagong,604.36,2104.07,0.287236,299.1,Monsoon (Jun-Sep)
2017,9,September,Chandpur,Chittagong,327.09,1864.17,0.175461,161.9,Monsoon (Jun-Sep)
2017,9,September,Chittagong,Chittagong,2027.14,4736.75,0.42796,1003.3,Monsoon (Jun-Sep)
2017,9,September,Chuadanga,Khulna,666.79,1233.0,0.540781,330.0,Monsoon (Jun-Sep)
2017,9,September,Comilla,Chittagong,1257.14,3351.85,0.375058,622.2,Monsoon (Jun-Sep)
2017,9,September,Cox's Bazar,Chittagong,518.67,2206.6,0.235055,256.7,Monsoon (Jun-Sep)
2017,9,September,Dhaka,Dhaka,145.0,1611.18,0.089996,71.8,Monsoon (Jun-Sep)
2017,9,September,Dinajpur,Rangpur,2657.3,3829.09,0.693977,1315.2,Monsoon (Jun-Sep)
2017,9,September,Faridpur,Dhaka,320.34,2227.54,0.143809,158.6,Monsoon (Jun-Sep)
2017,9,September,Feni,Chittagong,517.9,960.78,0.539043,256.3,Monsoon (Jun-Sep)
2017,9,September,Gaibandha,Rangpur,376.26,2410.25,0.156109,186.2,Monsoon (Jun-Sep)
2017,9,September,Gazipur,Dhaka,191.54,1940.74,0.098696,94.8,Monsoon (Jun-Sep)
2017,9,September,Gopalganj,Dhaka,418.02,1602.77,0.260813,206.9,Monsoon (Jun-Sep)
2017,9,September,Habiganj,Sylhet,717.05,2857.81,0.250909,354.9,Monsoon (Jun-Sep)
2017,9,September,Jamalpur,Dhaka,267.04,2272.36,0.117517,132.2,Monsoon (Jun-Sep)
2017,9,September,Jessore,Khulna,260.74,2784.67,0.093634,129.1,Monsoon (Jun-Sep)
2017,9,September,Jhalokati,Barisal,71.13,807.93,0.088037,35.2,Monsoon (Jun-Sep)
2017,9,September,Jhenaidah,Khulna,1003.64,2143.59,0.468204,496.7,Monsoon (Jun-Sep)
2017,9,September,Joypurhat,Rajshahi,796.52,1081.54,0.736465,394.2,Monsoon (Jun-Sep)
2017,9,September,Khagrachhari,Chittagong,1398.53,3108.48,0.449908,692.2,Monsoon (Jun-Sep)
2017,9,September,Khulna,Khulna,1639.95,3868.06,0.423972,811.7,Monsoon (Jun-Sep)
2017,9,September,Kishoreganj,Dhaka,1343.81,2821.62,0.476257,665.1,Monsoon (Jun-Sep)
2017,9,September,Kurigram,Rangpur,564.53,2481.86,0.227462,279.4,Monsoon (Jun-Sep)
2017,9,September,Kushtia,Khulna,160.1,1830.28,0.08747,79.2,Monsoon (Jun-Sep)
2017,9,September,Lakshmipur,Chittagong,308.35,1573.07,0.196021,152.6,Monsoon (Jun-Sep)
2017,9,September,Lalmonirhat,Rangpur,382.9,1381.75,0.277113,189.5,Monsoon (Jun-Sep)
2017,9,September,Madaripur,Dhaka,106.06,1257.23,0.084364,52.5,Monsoon (Jun-Sep)
2017,9,September,Magura,Khulna,75.58,1143.98,0.066064,37.4,Monsoon (Jun-Sep)
2017,9,September,Manikganj,Dhaka,300.92,1531.92,0.196434,148.9,Monsoon (Jun-Sep)
2017,9,September,Maulvibazar,Sylhet,520.98,2819.05,0.184808,257.9,Monsoon (Jun-Sep)
2017,9,September,Meherpur,Khulna,445.83,732.79,0.608409,220.7,Monsoon (Jun-Sep)
2017,9,September,Munshiganj,Dhaka,119.16,1036.66,0.114951,59.0,Monsoon (Jun-Sep)
2017,9,September,Mymensingh,Dhaka,2496.03,4784.19,0.521726,1235.4,Monsoon (Jun-Sep)
2017,9,September,Naogaon,Rajshahi,1091.82,3824.58,0.285474,540.4,Monsoon (Jun-Sep)
2017,9,September,Narail,Khulna,108.09,1072.86,0.100747,53.5,Monsoon (Jun-Sep)
2017,9,September,Narayanganj,Dhaka,76.93,832.16,0.09245,38.1,Monsoon (Jun-Sep)
2017,9,September,Narsingdi,Dhaka,169.94,1281.34,0.132631,84.1,Monsoon (Jun-Sep)
2017,9,September,Natore,Rajshahi,255.52,2101.7,0.12158,126.5,Monsoon (Jun-Sep)
2017,9,September,Nawabganj,Rajshahi,192.87,1804.38,0.106892,95.5,Monsoon (Jun-Sep)
2017,9,September,Netrakona,Dhaka,841.44,3089.39,0.272364,416.5,Monsoon (Jun-Sep)
2017,9,September,Nilphamari,Rangpur,1120.57,1836.84,0.610054,554.6,Monsoon (Jun-Sep)
2017,9,September,Noakhali,Chittagong,189.65,2642.02,0.071781,93.9,Monsoon (Jun-Sep)
2017,9,September,Pabna,Rajshahi,483.12,2634.14,0.183407,239.1,Monsoon (Jun-Sep)
2017,9,September,Panchagarh,Rangpur,842.33,1548.93,0.543814,416.9,Monsoon (Jun-Sep)
2017,9,September,Patuakhali,Barisal,277.11,2730.09,0.101504,137.2,Monsoon (Jun-Sep)
2017,9,September,Pirojpur,Barisal,236.22,1365.69,0.17297,116.9,Monsoon (Jun-Sep)
2017,9,September,Rajbari,Dhaka,217.13,1249.73,0.173743,107.5,Monsoon (Jun-Sep)
2017,9,September,Rajshahi,Rajshahi,316.14,2664.72,0.118641,156.5,Monsoon (Jun-Sep)
2017,9,September,Rangamati,Chittagong,558.76,6226.79,0.089735,276.6,Monsoon (Jun-Sep)
2017,9,September,Rangpur,Rangpur,1912.9,2572.65,0.743554,946.8,Monsoon (Jun-Sep)
2017,9,September,Satkhira,Khulna,1369.04,3543.74,0.386326,677.6,Monsoon (Jun-Sep)
2017,9,September,Shariatpur,Dhaka,211.43,1362.06,0.155229,104.6,Monsoon (Jun-Sep)
2017,9,September,Sherpur,Dhaka,398.55,1455.19,0.273881,197.3,Monsoon (Jun-Sep)
2017,9,September,Sirajganj,Rajshahi,678.94,2755.65,0.24638,336.0,Monsoon (Jun-Sep)
2017,9,September,Sunamganj,Sylhet,2149.35,4043.04,0.531616,1063.8,Monsoon (Jun-Sep)
2017,9,September,Sylhet,Sylhet,945.07,3847.75,0.245616,467.8,Monsoon (Jun-Sep)
2017,9,September,Tangail,Dhaka,422.78,3707.07,0.114046,209.3,Monsoon (Jun-Sep)
2017,9,September,Thakurgaon,Rangpur,1504.32,2008.93,0.748814,744.6,Monsoon (Jun-Sep)
2017,10,October,Bagerhat,Khulna,1316.54,3965.62,0.331988,651.6,Post-Monsoon (Oct-Nov)
2017,10,October,Bandarban,Chittagong,2884.74,5000.66,0.576873,1427.8,Post-Monsoon (Oct-Nov)
2017,10,October,Barguna,Barisal,192.44,1547.28,0.124373,95.2,Post-Monsoon (Oct-Nov)
2017,10,October,Barisal,Barisal,528.42,2767.25,0.190954,261.5,Post-Monsoon (Oct-Nov)
2017,10,October,Bhola,Barisal,743.31,2471.69,0.300728,367.9,Post-Monsoon (Oct-Nov)
2017,10,October,Bogra,Rajshahi,291.82,3233.63,0.090246,144.4,Post-Monsoon (Oct-Nov)
2017,10,October,Brahamanbaria,Chittagong,546.0,2104.07,0.259498,270.2,Post-Monsoon (Oct-Nov)
2017,10,October,Chandpur,Chittagong,318.03,1864.17,0.1706,157.4,Post-Monsoon (Oct-Nov)
2017,10,October,Chittagong,Chittagong,1737.38,4736.75,0.366787,859.9,Post-Monsoon (Oct-Nov)
2017,10,October,Chuadanga,Khulna,400.21,1233.0,0.324584,198.1,Post-Monsoon (Oct-Nov)
2017,10,October,Comilla,Chittagong,1406.64,3351.85,0.419661,696.2,Post-Monsoon (Oct-Nov)
2017,10,October,Cox's Bazar,Chittagong,276.78,2206.6,0.125434,137.0,Post-Monsoon (Oct-Nov)
2017,10,October,Dhaka,Dhaka,132.74,1611.18,0.082388,65.7,Post-Monsoon (Oct-Nov)
2017,10,October,Dinajpur,Rangpur,2703.52,3829.09,0.706049,1338.1,Post-Monsoon (Oct-Nov)
2017,10,October,Faridpur,Dhaka,242.33,2227.54,0.10879,119.9,Post-Monsoon (Oct-Nov)
2017,10,October,Feni,Chittagong,367.42,960.78,0.382423,181.9,Post-Monsoon (Oct-Nov)
2017,10,October,Gaibandha,Rangpur,325.43,2410.25,0.135018,161.1,Post-Monsoon (Oct-Nov)
2017,10,October,Gazipur,Dhaka,210.71,1940.74,0.108574,104.3,Post-Monsoon (Oct-Nov)
2017,10,October,Gopalganj,Dhaka,248.82,1602.77,0.155242,123.2,Post-Monsoon (Oct-Nov)
2017,10,October,Habiganj,Sylhet,471.94,2857.81,0.165139,233.6,Post-Monsoon (Oct-Nov)
2017,10,October,Jamalpur,Dhaka,239.56,2272.36,0.105423,118.6,Post-Monsoon (Oct-Nov)
2017,10,October,Jessore,Khulna,420.13,2784.67,0.150871,207.9,Post-Monsoon (Oct-Nov)
2017,10,October,Jhalokati,Barisal,54.95,807.93,0.068009,27.2,Post-Monsoon (Oct-Nov)
2017,10,October,Jhenaidah,Khulna,855.77,2143.59,0.399224,423.6,Post-Monsoon (Oct-Nov)
2017,10,October,Joypurhat,Rajshahi,769.88,1081.54,0.711838,381.0,Post-Monsoon (Oct-Nov)
2017,10,October,Khagrachhari,Chittagong,1845.99,3108.48,0.593857,913.7,Post-Monsoon (Oct-Nov)
2017,10,October,Khulna,Khulna,924.52,3868.06,0.239013,457.6,Post-Monsoon (Oct-Nov)
2017,10,October,Kishoreganj,Dhaka,1278.64,2821.62,0.45316,632.9,Post-Monsoon (Oct-Nov)
2017,10,October,Kurigram,Rangpur,463.04,2481.86,0.186568,229.2,Post-Monsoon (Oct-Nov)
2017,10,October,Kushtia,Khulna,138.54,1830.28,0.075691,68.6,Post-Monsoon (Oct-Nov)
2017,10,October,Lakshmipur,Chittagong,314.89,1573.07,0.200177,155.9,Post-Monsoon (Oct-Nov)
2017,10,October,Lalmonirhat,Rangpur,623.25,1381.75,0.451056,308.5,Post-Monsoon (Oct-Nov)
2017,10,October,Madaripur,Dhaka,102.05,1257.23,0.081174,50.5,Post-Monsoon (Oct-Nov)
2017,10,October,Magura,Khulna,71.88,1143.98,0.062835,35.6,Post-Monsoon (Oct-Nov)
2017,10,October,Manikganj,Dhaka,251.24,1531.92,0.164005,124.3,Post-Monsoon (Oct-Nov)
2017,10,October,Maulvibazar,Sylhet,441.7,2819.05,0.156683,218.6,Post-Monsoon (Oct-Nov)
2017,10,October,Meherpur,Khulna,321.99,732.79,0.439412,159.4,Post-Monsoon (Oct-Nov)
2017,10,October,Munshiganj,Dhaka,118.13,1036.66,0.113955,58.5,Post-Monsoon (Oct-Nov)
2017,10,October,Mymensingh,Dhaka,2364.74,4784.19,0.494282,1170.4,Post-Monsoon (Oct-Nov)
2017,10,October,Naogaon,Rajshahi,1100.31,3824.58,0.287693,544.6,Post-Monsoon (Oct-Nov)
2017,10,October,Narail,Khulna,101.88,1072.86,0.094964,50.4,Post-Monsoon (Oct-Nov)
2017,10,October,Narayanganj,Dhaka,75.79,832.16,0.091077,37.5,Post-Monsoon (Oct-Nov)
2017,10,October,Narsingdi,Dhaka,155.4,1281.34,0.121281,76.9,Post-Monsoon (Oct-Nov)
2017,10,October,Natore,Rajshahi,200.85,2101.7,0.095564,99.4,Post-Monsoon (Oct-Nov)
2017,10,October,Nawabganj,Rajshahi,150.61,1804.38,0.083469,74.5,Post-Monsoon (Oct-Nov)
2017,10,October,Netrakona,Dhaka,662.9,3089.39,0.214574,328.1,Post-Monsoon (Oct-Nov)
2017,10,October,Nilphamari,Rangpur,1062.43,1836.84,0.578399,525.8,Post-Monsoon (Oct-Nov)
2017,10,October,Noakhali,Chittagong,150.58,2642.02,0.056994,74.5,Post-Monsoon (Oct-Nov)
2017,10,October,Pabna,Rajshahi,423.45,2634.14,0.160754,209.6,Post-Monsoon (Oct-Nov)
2017,10,October,Panchagarh,Rangpur,895.03,1548.93,0.577836,443.0,Post-Monsoon (Oct-Nov)
2017,10,October,Patuakhali,Barisal,256.46,2730.09,0.093939,126.9,Post-Monsoon (Oct-Nov)
2017,10,October,Pirojpur,Barisal,134.88,1365.69,0.09876,66.8,Post-Monsoon (Oct-Nov)
2017,10,October,Rajbari,Dhaka,173.0,1249.73,0.13843,85.6,Post-Monsoon (Oct-Nov)
2017,10,October,Rajshahi,Rajshahi,294.45,2664.72,0.110498,145.7,Post-Monsoon (Oct-Nov)
2017,10,October,Rangamati,Chittagong,563.68,6226.79,0.090525,279.0,Post-Monsoon (Oct-Nov)
2017,10,October,Rangpur,Rangpur,1828.48,2572.65,0.71074,905.0,Post-Monsoon (Oct-Nov)
2017,10,October,Satkhira,Khulna,1335.09,3543.74,0.376746,660.8,Post-Monsoon (Oct-Nov)
2017,10,October,Shariatpur,Dhaka,206.32,1362.06,0.151475,102.1,Post-Monsoon (Oct-Nov)
2017,10,October,Sherpur,Dhaka,654.25,1455.19,0.449595,323.8,Post-Monsoon (Oct-Nov)
2017,10,October,Sirajganj,Rajshahi,591.79,2755.65,0.214753,292.9,Post-Monsoon (Oct-Nov)
2017,10,October,Sunamganj,Sylhet,1959.62,4043.04,0.484689,969.9,Post-Monsoon (Oct-Nov)
2017,10,October,Sylhet,Sylhet,643.97,3847.75,0.167364,318.7,Post-Monsoon (Oct-Nov)
2017,10,October,Tangail,Dhaka,296.17,3707.07,0.079894,146.6,Post-Monsoon (Oct-Nov)
2017,10,October,Thakurgaon,Rangpur,1365.89,2008.93,0.679906,676.0,Post-Monsoon (Oct-Nov)
2017,11,November,Bagerhat,Khulna,1000.32,3965.62,0.252247,495.1,Post-Monsoon (Oct-Nov)
2017,11,November,Bandarban,Chittagong,3008.19,5000.66,0.601559,1488.9,Post-Monsoon (Oct-Nov)
2017,11,November,Barguna,Barisal,160.31,1547.28,0.103605,79.3,Post-Monsoon (Oct-Nov)
2017,11,November,Barisal,Barisal,480.8,2767.25,0.173745,238.0,Post-Monsoon (Oct-Nov)
2017,11,November,Bhola,Barisal,670.54,2471.69,0.271288,331.9,Post-Monsoon (Oct-Nov)
2017,11,November,Bogra,Rajshahi,259.47,3233.63,0.08024,128.4,Post-Monsoon (Oct-Nov)
2017,11,November,Brahamanbaria,Chittagong,265.65,2104.07,0.126253,131.5,Post-Monsoon (Oct-Nov)
2017,11,November,Chandpur,Chittagong,285.94,1864.17,0.153387,141.5,Post-Monsoon (Oct-Nov)
2017,11,November,Chittagong,Chittagong,1426.48,4736.75,0.301152,706.0,Post-Monsoon (Oct-Nov)
2017,11,November,Chuadanga,Khulna,573.93,1233.0,0.465469,284.1,Post-Monsoon (Oct-Nov)
2017,11,November,Comilla,Chittagong,1270.12,3351.85,0.37893,628.6,Post-Monsoon (Oct-Nov)
2017,11,November,Cox's Bazar,Chittagong,288.88,2206.6,0.130915,143.0,Post-Monsoon (Oct-Nov)
2017,11,November,Dhaka,Dhaka,171.92,1611.18,0.106703,85.1,Post-Monsoon (Oct-Nov)
2017,11,November,Dinajpur,Rangpur,2902.86,3829.09,0.758108,1436.8,Post-Monsoon (Oct-Nov)
2017,11,November,Faridpur,Dhaka,140.15,2227.54,0.062918,69.4,Post-Monsoon (Oct-Nov)
2017,11,November,Feni,Chittagong,410.57,960.78,0.427326,203.2,Post-Monsoon (Oct-Nov)
2017,11,November,Gaibandha,Rangpur,275.71,2410.25,0.114389,136.5,Post-Monsoon (Oct-Nov)
2017,11,November,Gazipur,Dhaka,857.21,1940.74,0.441691,424.3,Post-Monsoon (Oct-Nov)
2017,11,November,Gopalganj,Dhaka,158.65,1602.77,0.098986,78.5,Post-Monsoon (Oct-Nov)
2017,11,November,Habiganj,Sylhet,620.61,2857.81,0.217163,307.2,Post-Monsoon (Oct-Nov)
2017,11,November,Jamalpur,Dhaka,221.89,2272.36,0.097646,109.8,Post-Monsoon (Oct-Nov)
2017,11,November,Jessore,Khulna,242.93,2784.67,0.087238,120.2,Post-Monsoon (Oct-Nov)
2017,11,November,Jhalokati,Barisal,38.83,807.93,0.048066,19.2,Post-Monsoon (Oct-Nov)
2017,11,November,Jhenaidah,Khulna,872.59,2143.59,0.407067,431.9,Post-Monsoon (Oct-Nov)
2017,11,November,Joypurhat,Rajshahi,844.31,1081.54,0.780651,417.9,Post-Monsoon (Oct-Nov)
2017,11,November,Khagrachhari,Chittagong,1809.23,3108.48,0.582031,895.5,Post-Monsoon (Oct-Nov)
2017,11,November,Khulna,Khulna,1062.76,3868.06,0.274753,526.0,Post-Monsoon (Oct-Nov)
2017,11,November,Kishoreganj,Dhaka,795.52,2821.62,0.281937,393.7,Post-Monsoon (Oct-Nov)
2017,11,November,Kurigram,Rangpur,446.81,2481.86,0.18003,221.1,Post-Monsoon (Oct-Nov)
2017,11,November,Kushtia,Khulna,131.74,1830.28,0.071979,65.2,Post-Monsoon (Oct-Nov)
2017,11,November,Lakshmipur,Chittagong,292.73,1573.07,0.186087,144.9,Post-Monsoon (Oct-Nov)
2017,11,November,Lalmonirhat,Rangpur,749.93,1381.75,0.542736,371.2,Post-Monsoon (Oct-Nov)
2017,11,November,Madaripur,Dhaka,89.48,1257.23,0.07117,44.3,Post-Monsoon (Oct-Nov)
2017,11,November,Magura,Khulna,45.04,1143.98,0.039373,22.3,Post-Monsoon (Oct-Nov)
2017,11,November,Manikganj,Dhaka,195.3,1531.92,0.12749,96.7,Post-Monsoon (Oct-Nov)
2017,11,November,Maulvibazar,Sylhet,363.02,2819.05,0.128774,179.7,Post-Monsoon (Oct-Nov)
2017,11,November,Meherpur,Khulna,425.55,732.79,0.580723,210.6,Post-Monsoon (Oct-Nov)
2017,11,November,Munshiganj,Dhaka,102.07,1036.66,0.098462,50.5,Post-Monsoon (Oct-Nov)
2017,11,November,Mymensingh,Dhaka,2108.75,4784.19,0.440774,1043.7,Post-Monsoon (Oct-Nov)
2017,11,November,Naogaon,Rajshahi,1719.0,3824.58,0.449461,850.8,Post-Monsoon (Oct-Nov)
2017,11,November,Narail,Khulna,77.3,1072.86,0.072049,38.3,Post-Monsoon (Oct-Nov)
2017,11,November,Narayanganj,Dhaka,60.61,832.16,0.072838,30.0,Post-Monsoon (Oct-Nov)
2017,11,November,Narsingdi,Dhaka,87.7,1281.34,0.068445,43.4,Post-Monsoon (Oct-Nov)
2017,11,November,Natore,Rajshahi,188.3,2101.7,0.089595,93.2,Post-Monsoon (Oct-Nov)
2017,11,November,Nawabganj,Rajshahi,144.96,1804.38,0.080336,71.7,Post-Monsoon (Oct-Nov)
2017,11,November,Netrakona,Dhaka,534.02,3089.39,0.172856,264.3,Post-Monsoon (Oct-Nov)
2017,11,November,Nilphamari,Rangpur,1016.57,1836.84,0.553433,503.1,Post-Monsoon (Oct-Nov)
2017,11,November,Noakhali,Chittagong,137.88,2642.03,0.052186,68.2,Post-Monsoon (Oct-Nov)
2017,11,November,Pabna,Rajshahi,241.01,2634.14,0.091496,119.3,Post-Monsoon (Oct-Nov)
2017,11,November,Panchagarh,Rangpur,985.56,1548.93,0.636282,487.8,Post-Monsoon (Oct-Nov)
2017,11,November,Patuakhali,Barisal,224.44,2730.09,0.08221,111.1,Post-Monsoon (Oct-Nov)
2017,11,November,Pirojpur,Barisal,104.33,1365.69,0.076397,51.6,Post-Monsoon (Oct-Nov)
2017,11,November,Rajbari,Dhaka,137.4,1249.73,0.109943,68.0,Post-Monsoon (Oct-Nov)
2017,11,November,Rajshahi,Rajshahi,229.05,2664.72,0.085958,113.4,Post-Monsoon (Oct-Nov)
2017,11,November,Rangamati,Chittagong,530.9,6226.79,0.08526,262.8,Post-Monsoon (Oct-Nov)
2017,11,November,Rangpur,Rangpur,1903.7,2572.65,0.739977,942.2,Post-Monsoon (Oct-Nov)
2017,11,November,Satkhira,Khulna,1311.69,3543.74,0.370143,649.2,Post-Monsoon (Oct-Nov)
2017,11,November,Shariatpur,Dhaka,185.1,1362.06,0.135896,91.6,Post-Monsoon (Oct-Nov)
2017,11,November,Sherpur,Dhaka,691.32,1455.19,0.47507,342.2,Post-Monsoon (Oct-Nov)
2017,11,November,Sirajganj,Rajshahi,379.34,2755.65,0.137658,187.8,Post-Monsoon (Oct-Nov)
2017,11,November,Sunamganj,Sylhet,1656.98,4043.04,0.409835,820.1,Post-Monsoon (Oct-Nov)
2017,11,November,Sylhet,Sylhet,547.69,3847.75,0.142341,271.1,Post-Monsoon (Oct-Nov)
2017,11,November,Tangail,Dhaka,431.5,3707.07,0.116398,213.6,Post-Monsoon (Oct-Nov)
2017,11,November,Thakurgaon,Rangpur,1703.97,2008.93,0.848198,843.4,Post-Monsoon (Oct-Nov)
2017,12,December,Bagerhat,Khulna,944.52,3965.62,0.238177,467.5,Dry Winter (Dec-Feb)
2017,12,December,Bandarban,Chittagong,2682.26,5000.66,0.536381,1327.6,Dry Winter (Dec-Feb)
2017,12,December,Barguna,Barisal,160.13,1547.28,0.103492,79.3,Dry Winter (Dec-Feb)
2017,12,December,Barisal,Barisal,477.57,2767.25,0.17258,236.4,Dry Winter (Dec-Feb)
2017,12,December,Bhola,Barisal,696.61,2471.69,0.281834,344.8,Dry Winter (Dec-Feb)
2017,12,December,Bogra,Rajshahi,261.64,3233.63,0.080911,129.5,Dry Winter (Dec-Feb)
2017,12,December,Brahamanbaria,Chittagong,429.73,2104.07,0.204237,212.7,Dry Winter (Dec-Feb)
2017,12,December,Chandpur,Chittagong,255.03,1864.17,0.136808,126.2,Dry Winter (Dec-Feb)
2017,12,December,Chittagong,Chittagong,1513.82,4736.75,0.31959,749.3,Dry Winter (Dec-Feb)
2017,12,December,Chuadanga,Khulna,544.93,1233.0,0.441955,269.7,Dry Winter (Dec-Feb)
2017,12,December,Comilla,Chittagong,1129.74,3351.85,0.337049,559.2,Dry Winter (Dec-Feb)
2017,12,December,Cox's Bazar,Chittagong,915.13,2206.6,0.414722,452.9,Dry Winter (Dec-Feb)
2017,12,December,Dhaka,Dhaka,683.15,1611.18,0.424009,338.1,Dry Winter (Dec-Feb)
2017,12,December,Dinajpur,Rangpur,2838.64,3829.09,0.741335,1405.0,Dry Winter (Dec-Feb)
2017,12,December,Faridpur,Dhaka,117.26,2227.54,0.052642,58.0,Dry Winter (Dec-Feb)
2017,12,December,Feni,Chittagong,280.39,960.78,0.291838,138.8,Dry Winter (Dec-Feb)
2017,12,December,Gaibandha,Rangpur,292.55,2410.25,0.121379,144.8,Dry Winter (Dec-Feb)
2017,12,December,Gazipur,Dhaka,722.56,1940.74,0.37231,357.6,Dry Winter (Dec-Feb)
2017,12,December,Gopalganj,Dhaka,280.86,1602.77,0.175236,139.0,Dry Winter (Dec-Feb)
2017,12,December,Habiganj,Sylhet,682.89,2857.81,0.238956,338.0,Dry Winter (Dec-Feb)
2017,12,December,Jamalpur,Dhaka,267.17,2272.36,0.117574,132.2,Dry Winter (Dec-Feb)
2017,12,December,Jessore,Khulna,237.9,2784.67,0.085433,117.7,Dry Winter (Dec-Feb)
2017,12,December,Jhalokati,Barisal,37.17,807.93,0.046009,18.4,Dry Winter (Dec-Feb)
2017,12,December,Jhenaidah,Khulna,731.2,2143.59,0.341112,361.9,Dry Winter (Dec-Feb)
2017,12,December,Joypurhat,Rajshahi,695.73,1081.54,0.64327,344.3,Dry Winter (Dec-Feb)
2017,12,December,Khagrachhari,Chittagong,1729.97,3108.48,0.556533,856.2,Dry Winter (Dec-Feb)
2017,12,December,Khulna,Khulna,896.56,3868.06,0.231786,443.7,Dry Winter (Dec-Feb)
2017,12,December,Kishoreganj,Dhaka,353.48,2821.62,0.125276,175.0,Dry Winter (Dec-Feb)
2017,12,December,Kurigram,Rangpur,466.31,2481.86,0.187887,230.8,Dry Winter (Dec-Feb)
2017,12,December,Kushtia,Khulna,130.35,1830.28,0.071217,64.5,Dry Winter (Dec-Feb)
2017,12,December,Lakshmipur,Chittagong,301.4,1573.07,0.191603,149.2,Dry Winter (Dec-Feb)
2017,12,December,Lalmonirhat,Rangpur,685.38,1381.75,0.496021,339.2,Dry Winter (Dec-Feb)
2017,12,December,Madaripur,Dhaka,94.35,1257.23,0.075042,46.7,Dry Winter (Dec-Feb)
2017,12,December,Magura,Khulna,186.05,1143.98,0.16263,92.1,Dry Winter (Dec-Feb)
2017,12,December,Manikganj,Dhaka,176.29,1531.92,0.115077,87.3,Dry Winter (Dec-Feb)
2017,12,December,Maulvibazar,Sylhet,382.95,2819.05,0.135845,189.5,Dry Winter (Dec-Feb)
2017,12,December,Meherpur,Khulna,388.01,732.79,0.529499,192.0,Dry Winter (Dec-Feb)
2017,12,December,Munshiganj,Dhaka,84.04,1036.66,0.081072,41.6,Dry Winter (Dec-Feb)
2017,12,December,Mymensingh,Dhaka,1652.43,4784.19,0.345394,817.9,Dry Winter (Dec-Feb)
2017,12,December,Naogaon,Rajshahi,2030.47,3824.58,0.5309,1005.0,Dry Winter (Dec-Feb)
2017,12,December,Narail,Khulna,126.77,1072.86,0.118165,62.7,Dry Winter (Dec-Feb)
2017,12,December,Narayanganj,Dhaka,244.88,832.16,0.294275,121.2,Dry Winter (Dec-Feb)
2017,12,December,Narsingdi,Dhaka,69.4,1281.34,0.054162,34.3,Dry Winter (Dec-Feb)
2017,12,December,Natore,Rajshahi,268.87,2101.7,0.127931,133.1,Dry Winter (Dec-Feb)
2017,12,December,Nawabganj,Rajshahi,247.76,1804.38,0.137307,122.6,Dry Winter (Dec-Feb)
2017,12,December,Netrakona,Dhaka,541.91,3089.39,0.17541,268.2,Dry Winter (Dec-Feb)
2017,12,December,Nilphamari,Rangpur,1104.17,1836.84,0.601125,546.5,Dry Winter (Dec-Feb)
2017,12,December,Noakhali,Chittagong,151.64,2642.03,0.057395,75.1,Dry Winter (Dec-Feb)
2017,12,December,Pabna,Rajshahi,191.29,2634.14,0.072619,94.7,Dry Winter (Dec-Feb)
2017,12,December,Panchagarh,Rangpur,818.87,1548.93,0.528669,405.3,Dry Winter (Dec-Feb)
2017,12,December,Patuakhali,Barisal,227.99,2730.09,0.08351,112.8,Dry Winter (Dec-Feb)
2017,12,December,Pirojpur,Barisal,114.24,1365.69,0.083652,56.5,Dry Winter (Dec-Feb)
2017,12,December,Rajbari,Dhaka,125.76,1249.73,0.100633,62.2,Dry Winter (Dec-Feb)
2017,12,December,Rajshahi,Rajshahi,297.55,2664.72,0.111663,147.3,Dry Winter (Dec-Feb)
2017,12,December,Rangamati,Chittagong,524.87,6226.79,0.084292,259.8,Dry Winter (Dec-Feb)
2017,12,December,Rangpur,Rangpur,1867.12,2572.65,0.725758,924.1,Dry Winter (Dec-Feb)
2017,12,December,Satkhira,Khulna,1165.41,3543.74,0.328863,576.8,Dry Winter (Dec-Feb)
2017,12,December,Shariatpur,Dhaka,160.05,1362.06,0.117506,79.2,Dry Winter (Dec-Feb)
2017,12,December,Sherpur,Dhaka,870.84,1455.19,0.598433,431.0,Dry Winter (Dec-Feb)
2017,12,December,Sirajganj,Rajshahi,305.19,2755.65,0.110749,151.1,Dry Winter (Dec-Feb)
2017,12,December,Sunamganj,Sylhet,1129.97,4043.04,0.279486,559.3,Dry Winter (Dec-Feb)
2017,12,December,Sylhet,Sylhet,667.54,3847.75,0.173488,330.4,Dry Winter (Dec-Feb)
2017,12,December,Tangail,Dhaka,1083.05,3707.07,0.292158,536.0,Dry Winter (Dec-Feb)
2017,12,December,Thakurgaon,Rangpur,1302.24,2008.93,0.648225,644.5,Dry Winter (Dec-Feb)
2018,1,January,Bagerhat,Khulna,805.6,3965.62,0.203145,398.7,Dry Winter (Dec-Feb)
2018,1,January,Bandarban,Chittagong,2431.02,5000.66,0.48614,1203.2,Dry Winter (Dec-Feb)
2018,1,January,Barguna,Barisal,156.77,1547.28,0.101322,77.6,Dry Winter (Dec-Feb)
2018,1,January,Barisal,Barisal,425.1,2767.25,0.15362,210.4,Dry Winter (Dec-Feb)
2018,1,January,Bhola,Barisal,650.52,2471.69,0.263188,322.0,Dry Winter (Dec-Feb)
2018,1,January,Bogra,Rajshahi,191.79,3233.63,0.059311,94.9,Dry Winter (Dec-Feb)
2018,1,January,Brahamanbaria,Chittagong,970.1,2104.07,0.46106,480.1,Dry Winter (Dec-Feb)
2018,1,January,Chandpur,Chittagong,243.96,1864.17,0.130866,120.7,Dry Winter (Dec-Feb)
2018,1,January,Chittagong,Chittagong,2081.91,4736.75,0.439523,1030.4,Dry Winter (Dec-Feb)
2018,1,January,Chuadanga,Khulna,685.48,1233.0,0.555939,339.3,Dry Winter (Dec-Feb)
2018,1,January,Comilla,Chittagong,1458.48,3351.85,0.435127,721.9,Dry Winter (Dec-Feb)
2018,1,January,Cox's Bazar,Chittagong,983.21,2206.6,0.445578,486.6,Dry Winter (Dec-Feb)
2018,1,January,Dhaka,Dhaka,816.96,1611.18,0.507058,404.3,Dry Winter (Dec-Feb)
2018,1,January,Dinajpur,Rangpur,1432.61,3829.09,0.37414,709.1,Dry Winter (Dec-Feb)
2018,1,January,Faridpur,Dhaka,737.12,2227.54,0.330911,364.8,Dry Winter (Dec-Feb)
2018,1,January,Feni,Chittagong,376.14,960.78,0.391493,186.2,Dry Winter (Dec-Feb)
2018,1,January,Gaibandha,Rangpur,171.51,2410.25,0.071159,84.9,Dry Winter (Dec-Feb)
2018,1,January,Gazipur,Dhaka,846.08,1940.74,0.43596,418.8,Dry Winter (Dec-Feb)
2018,1,January,Gopalganj,Dhaka,733.74,1602.77,0.457799,363.2,Dry Winter (Dec-Feb)
2018,1,January,Habiganj,Sylhet,1444.2,2857.81,0.50535,714.8,Dry Winter (Dec-Feb)
2018,1,January,Jamalpur,Dhaka,194.35,2272.36,0.085528,96.2,Dry Winter (Dec-Feb)
2018,1,January,Jessore,Khulna,679.07,2784.67,0.24386,336.1,Dry Winter (Dec-Feb)
2018,1,January,Jhalokati,Barisal,34.24,807.93,0.042379,16.9,Dry Winter (Dec-Feb)
2018,1,January,Jhenaidah,Khulna,975.39,2143.59,0.455025,482.8,Dry Winter (Dec-Feb)
2018,1,January,Joypurhat,Rajshahi,434.69,1081.54,0.401916,215.1,Dry Winter (Dec-Feb)
2018,1,January,Khagrachhari,Chittagong,1561.99,3108.48,0.502493,773.1,Dry Winter (Dec-Feb)
2018,1,January,Khulna,Khulna,874.37,3868.06,0.22605,432.8,Dry Winter (Dec-Feb)
2018,1,January,Kishoreganj,Dhaka,1342.89,2821.62,0.475929,664.7,Dry Winter (Dec-Feb)
2018,1,January,Kurigram,Rangpur,502.41,2481.86,0.202435,248.7,Dry Winter (Dec-Feb)
2018,1,January,Kushtia,Khulna,136.85,1830.28,0.074771,67.7,Dry Winter (Dec-Feb)
2018,1,January,Lakshmipur,Chittagong,285.84,1573.07,0.181709,141.5,Dry Winter (Dec-Feb)
2018,1,January,Lalmonirhat,Rangpur,102.83,1381.75,0.074419,50.9,Dry Winter (Dec-Feb)
2018,1,January,Madaripur,Dhaka,88.1,1257.23,0.070072,43.6,Dry Winter (Dec-Feb)
2018,1,January,Magura,Khulna,599.48,1143.98,0.524036,296.7,Dry Winter (Dec-Feb)
2018,1,January,Manikganj,Dhaka,179.05,1531.92,0.116883,88.6,Dry Winter (Dec-Feb)
2018,1,January,Maulvibazar,Sylhet,661.69,2819.05,0.23472,327.5,Dry Winter (Dec-Feb)
2018,1,January,Meherpur,Khulna,494.13,732.79,0.674317,244.6,Dry Winter (Dec-Feb)
2018,1,January,Munshiganj,Dhaka,77.2,1036.66,0.074474,38.2,Dry Winter (Dec-Feb)
2018,1,January,Mymensingh,Dhaka,2383.5,4784.19,0.498203,1179.7,Dry Winter (Dec-Feb)
2018,1,January,Naogaon,Rajshahi,2345.24,3824.58,0.613202,1160.8,Dry Winter (Dec-Feb)
2018,1,January,Narail,Khulna,143.66,1072.86,0.133904,71.1,Dry Winter (Dec-Feb)
2018,1,January,Narayanganj,Dhaka,342.5,832.16,0.41158,169.5,Dry Winter (Dec-Feb)
2018,1,January,Narsingdi,Dhaka,62.38,1281.34,0.04868,30.9,Dry Winter (Dec-Feb)
2018,1,January,Natore,Rajshahi,1002.65,2101.7,0.477067,496.3,Dry Winter (Dec-Feb)
2018,1,January,Nawabganj,Rajshahi,920.26,1804.38,0.510012,455.5,Dry Winter (Dec-Feb)
2018,1,January,Netrakona,Dhaka,1534.66,3089.39,0.496751,759.6,Dry Winter (Dec-Feb)
2018,1,January,Nilphamari,Rangpur,67.36,1836.84,0.036671,33.3,Dry Winter (Dec-Feb)
2018,1,January,Noakhali,Chittagong,133.83,2642.03,0.050653,66.2,Dry Winter (Dec-Feb)
2018,1,January,Pabna,Rajshahi,850.51,2634.14,0.322881,421.0,Dry Winter (Dec-Feb)
2018,1,January,Panchagarh,Rangpur,996.64,1548.93,0.643434,493.3,Dry Winter (Dec-Feb)
2018,1,January,Patuakhali,Barisal,208.94,2730.09,0.076531,103.4,Dry Winter (Dec-Feb)
2018,1,January,Pirojpur,Barisal,94.02,1365.69,0.068843,46.5,Dry Winter (Dec-Feb)
2018,1,January,Rajbari,Dhaka,120.18,1249.73,0.096166,59.5,Dry Winter (Dec-Feb)
2018,1,January,Rajshahi,Rajshahi,690.86,2664.72,0.259263,341.9,Dry Winter (Dec-Feb)
2018,1,January,Rangamati,Chittagong,493.3,6226.79,0.079222,244.2,Dry Winter (Dec-Feb)
2018,1,January,Rangpur,Rangpur,200.14,2572.65,0.077794,99.1,Dry Winter (Dec-Feb)
2018,1,January,Satkhira,Khulna,1022.61,3543.74,0.288567,506.1,Dry Winter (Dec-Feb)
2018,1,January,Shariatpur,Dhaka,146.08,1362.06,0.107249,72.3,Dry Winter (Dec-Feb)
2018,1,January,Sherpur,Dhaka,959.71,1455.19,0.659508,475.0,Dry Winter (Dec-Feb)
2018,1,January,Sirajganj,Rajshahi,371.0,2755.65,0.134631,183.6,Dry Winter (Dec-Feb)
2018,1,January,Sunamganj,Sylhet,948.16,4043.04,0.234517,469.3,Dry Winter (Dec-Feb)
2018,1,January,Sylhet,Sylhet,1330.09,3847.75,0.345681,658.3,Dry Winter (Dec-Feb)
2018,1,January,Tangail,Dhaka,1573.58,3707.07,0.42448,778.8,Dry Winter (Dec-Feb)
2018,1,January,Thakurgaon,Rangpur,1405.55,2008.93,0.69965,695.7,Dry Winter (Dec-Feb)
2018,2,February,Bagerhat,Khulna,634.59,3965.62,0.160023,314.1,Dry Winter (Dec-Feb)
2018,2,February,Bandarban,Chittagong,2963.36,5000.66,0.592594,1466.7,Dry Winter (Dec-Feb)
2018,2,February,Barguna,Barisal,158.32,1547.28,0.102323,78.4,Dry Winter (Dec-Feb)
2018,2,February,Barisal,Barisal,418.01,2767.25,0.151055,206.9,Dry Winter (Dec-Feb)
2018,2,February,Bhola,Barisal,685.27,2471.69,0.277249,339.2,Dry Winter (Dec-Feb)
2018,2,February,Bogra,Rajshahi,1577.4,3233.63,0.487809,780.7,Dry Winter (Dec-Feb)
2018,2,February,Brahamanbaria,Chittagong,1177.39,2104.07,0.559576,582.7,Dry Winter (Dec-Feb)
2018,2,February,Chandpur,Chittagong,237.01,1864.17,0.127142,117.3,Dry Winter (Dec-Feb)
2018,2,February,Chittagong,Chittagong,1887.32,4736.75,0.398443,934.1,Dry Winter (Dec-Feb)
2018,2,February,Chuadanga,Khulna,629.03,1233.0,0.510161,311.3,Dry Winter (Dec-Feb)
2018,2,February,Comilla,Chittagong,1724.31,3351.85,0.514434,853.4,Dry Winter (Dec-Feb)
2018,2,February,Cox's Bazar,Chittagong,889.01,2206.6,0.402885,440.0,Dry Winter (Dec-Feb)
2018,2,February,Dhaka,Dhaka,810.62,1611.18,0.503126,401.2,Dry Winter (Dec-Feb)
2018,2,February,Dinajpur,Rangpur,1623.23,3829.09,0.42392,803.4,Dry Winter (Dec-Feb)
2018,2,February,Faridpur,Dhaka,1130.47,2227.54,0.507495,559.5,Dry Winter (Dec-Feb)
2018,2,February,Feni,Chittagong,383.98,960.78,0.399661,190.0,Dry Winter (Dec-Feb)
2018,2,February,Gaibandha,Rangpur,397.44,2410.25,0.164895,196.7,Dry Winter (Dec-Feb)
2018,2,February,Gazipur,Dhaka,1015.62,1940.74,0.523315,502.7,Dry Winter (Dec-Feb)
2018,2,February,Gopalganj,Dhaka,807.01,1602.77,0.50351,399.4,Dry Winter (Dec-Feb)
2018,2,February,Habiganj,Sylhet,1215.75,2857.81,0.425411,601.7,Dry Winter (Dec-Feb)
2018,2,February,Jamalpur,Dhaka,945.31,2272.36,0.416003,467.9,Dry Winter (Dec-Feb)
2018,2,February,Jessore,Khulna,686.4,2784.67,0.246493,339.7,Dry Winter (Dec-Feb)
2018,2,February,Jhalokati,Barisal,34.96,807.93,0.043275,17.3,Dry Winter (Dec-Feb)
2018,2,February,Jhenaidah,Khulna,1072.91,2143.59,0.500518,531.0,Dry Winter (Dec-Feb)
2018,2,February,Joypurhat,Rajshahi,564.17,1081.54,0.521633,279.2,Dry Winter (Dec-Feb)
2018,2,February,Khagrachhari,Chittagong,1703.98,3108.48,0.548172,843.4,Dry Winter (Dec-Feb)
2018,2,February,Khulna,Khulna,604.1,3868.06,0.156176,299.0,Dry Winter (Dec-Feb)
2018,2,February,Kishoreganj,Dhaka,1386.71,2821.62,0.491458,686.3,Dry Winter (Dec-Feb)
2018,2,February,Kurigram,Rangpur,500.35,2481.86,0.201605,247.6,Dry Winter (Dec-Feb)
2018,2,February,Kushtia,Khulna,198.34,1830.28,0.108367,98.2,Dry Winter (Dec-Feb)
2018,2,February,Lakshmipur,Chittagong,297.41,1573.07,0.189064,147.2,Dry Winter (Dec-Feb)
2018,2,February,Lalmonirhat,Rangpur,527.99,1381.75,0.382115,261.3,Dry Winter (Dec-Feb)
2018,2,February,Madaripur,Dhaka,72.06,1257.23,0.057317,35.7,Dry Winter (Dec-Feb)
2018,2,February,Magura,Khulna,713.07,1143.98,0.623329,352.9,Dry Winter (Dec-Feb)
2018,2,February,Manikganj,Dhaka,174.99,1531.92,0.114232,86.6,Dry Winter (Dec-Feb)
2018,2,February,Maulvibazar,Sylhet,940.56,2819.05,0.333644,465.5,Dry Winter (Dec-Feb)
2018,2,February,Meherpur,Khulna,418.13,732.79,0.570606,207.0,Dry Winter (Dec-Feb)
2018,2,February,Munshiganj,Dhaka,76.61,1036.66,0.073904,37.9,Dry Winter (Dec-Feb)
2018,2,February,Mymensingh,Dhaka,2818.1,4784.19,0.589044,1394.8,Dry Winter (Dec-Feb)
2018,2,February,Naogaon,Rajshahi,2856.45,3824.58,0.746868,1413.8,Dry Winter (Dec-Feb)
2018,2,February,Narail,Khulna,48.83,1072.86,0.045512,24.2,Dry Winter (Dec-Feb)
2018,2,February,Narayanganj,Dhaka,427.08,832.16,0.513221,211.4,Dry Winter (Dec-Feb)
2018,2,February,Narsingdi,Dhaka,73.68,1281.34,0.057505,36.5,Dry Winter (Dec-Feb)
2018,2,February,Natore,Rajshahi,1402.01,2101.7,0.667084,693.9,Dry Winter (Dec-Feb)
2018,2,February,Nawabganj,Rajshahi,921.38,1804.38,0.510632,456.0,Dry Winter (Dec-Feb)
2018,2,February,Netrakona,Dhaka,1782.45,3089.39,0.576957,882.2,Dry Winter (Dec-Feb)
2018,2,February,Nilphamari,Rangpur,791.29,1836.84,0.430788,391.6,Dry Winter (Dec-Feb)
2018,2,February,Noakhali,Chittagong,131.92,2642.03,0.049932,65.3,Dry Winter (Dec-Feb)
2018,2,February,Pabna,Rajshahi,1340.34,2634.14,0.508833,663.4,Dry Winter (Dec-Feb)
2018,2,February,Panchagarh,Rangpur,1078.03,1548.93,0.695986,533.6,Dry Winter (Dec-Feb)
2018,2,February,Patuakhali,Barisal,217.55,2730.09,0.079686,107.7,Dry Winter (Dec-Feb)
2018,2,February,Pirojpur,Barisal,91.93,1365.69,0.067315,45.5,Dry Winter (Dec-Feb)
2018,2,February,Rajbari,Dhaka,117.51,1249.73,0.09403,58.2,Dry Winter (Dec-Feb)
2018,2,February,Rajshahi,Rajshahi,1191.34,2664.72,0.447079,589.6,Dry Winter (Dec-Feb)
2018,2,February,Rangamati,Chittagong,440.27,6226.79,0.070706,217.9,Dry Winter (Dec-Feb)
2018,2,February,Rangpur,Rangpur,1088.68,2572.65,0.423174,538.8,Dry Winter (Dec-Feb)
2018,2,February,Satkhira,Khulna,900.38,3543.74,0.254077,445.6,Dry Winter (Dec-Feb)
2018,2,February,Shariatpur,Dhaka,136.13,1362.06,0.099944,67.4,Dry Winter (Dec-Feb)
2018,2,February,Sherpur,Dhaka,893.4,1455.19,0.613937,442.2,Dry Winter (Dec-Feb)
2018,2,February,Sirajganj,Rajshahi,315.31,2755.65,0.114423,156.1,Dry Winter (Dec-Feb)
2018,2,February,Sunamganj,Sylhet,1253.18,4043.04,0.309959,620.3,Dry Winter (Dec-Feb)
2018,2,February,Sylhet,Sylhet,1229.93,3847.75,0.31965,608.7,Dry Winter (Dec-Feb)
2018,2,February,Tangail,Dhaka,1778.12,3707.07,0.479657,880.1,Dry Winter (Dec-Feb)
2018,2,February,Thakurgaon,Rangpur,1324.0,2008.93,0.659054,655.3,Dry Winter (Dec-Feb)
2018,3,March,Bagerhat,Khulna,762.47,3965.62,0.19227,377.4,Pre-Monsoon (Mar-May)
2018,3,March,Bandarban,Chittagong,3090.05,5000.66,0.617929,1529.4,Pre-Monsoon (Mar-May)
2018,3,March,Barguna,Barisal,154.55,1547.28,0.099882,76.5,Pre-Monsoon (Mar-May)
2018,3,March,Barisal,Barisal,427.71,2767.25,0.154563,211.7,Pre-Monsoon (Mar-May)
2018,3,March,Bhola,Barisal,661.13,2471.69,0.26748,327.2,Pre-Monsoon (Mar-May)
2018,3,March,Bogra,Rajshahi,1156.73,3233.63,0.357718,572.5,Pre-Monsoon (Mar-May)
2018,3,March,Brahamanbaria,Chittagong,1157.03,2104.07,0.549899,572.7,Pre-Monsoon (Mar-May)
2018,3,March,Chandpur,Chittagong,250.62,1864.17,0.13444,124.0,Pre-Monsoon (Mar-May)
2018,3,March,Chittagong,Chittagong,2448.8,4736.75,0.516979,1212.0,Pre-Monsoon (Mar-May)
2018,3,March,Chuadanga,Khulna,700.78,1233.0,0.568349,346.8,Pre-Monsoon (Mar-May)
2018,3,March,Comilla,Chittagong,2006.63,3351.85,0.598662,993.2,Pre-Monsoon (Mar-May)
2018,3,March,Cox's Bazar,Chittagong,813.06,2206.6,0.368466,402.4,Pre-Monsoon (Mar-May)
2018,3,March,Dhaka,Dhaka,857.39,1611.18,0.532149,424.4,Pre-Monsoon (Mar-May)
2018,3,March,Dinajpur,Rangpur,2735.49,3829.09,0.714397,1353.9,Pre-Monsoon (Mar-May)
2018,3,March,Faridpur,Dhaka,1021.44,2227.54,0.45855,505.6,Pre-Monsoon (Mar-May)
2018,3,March,Feni,Chittagong,528.25,960.78,0.549819,261.5,Pre-Monsoon (Mar-May)
2018,3,March,Gaibandha,Rangpur,333.39,2410.25,0.138322,165.0,Pre-Monsoon (Mar-May)
2018,3,March,Gazipur,Dhaka,921.97,1940.74,0.475059,456.3,Pre-Monsoon (Mar-May)
2018,3,March,Gopalganj,Dhaka,1065.96,1602.77,0.665073,527.6,Pre-Monsoon (Mar-May)
2018,3,March,Habiganj,Sylhet,1972.14,2857.81,0.690088,976.1,Pre-Monsoon (Mar-May)
2018,3,March,Jamalpur,Dhaka,253.21,2272.36,0.11143,125.3,Pre-Monsoon (Mar-May)
2018,3,March,Jessore,Khulna,289.7,2784.67,0.104032,143.4,Pre-Monsoon (Mar-May)
2018,3,March,Jhalokati,Barisal,32.91,807.93,0.040737,16.3,Pre-Monsoon (Mar-May)
2018,3,March,Jhenaidah,Khulna,1258.32,2143.59,0.587013,622.8,Pre-Monsoon (Mar-May)
2018,3,March,Joypurhat,Rajshahi,881.23,1081.54,0.81479,436.2,Pre-Monsoon (Mar-May)
2018,3,March,Khagrachhari,Chittagong,1773.71,3108.48,0.570605,877.9,Pre-Monsoon (Mar-May)
2018,3,March,Khulna,Khulna,650.73,3868.06,0.168231,322.1,Pre-Monsoon (Mar-May)
2018,3,March,Kishoreganj,Dhaka,1503.14,2821.62,0.532721,744.0,Pre-Monsoon (Mar-May)
2018,3,March,Kurigram,Rangpur,632.86,2481.86,0.254995,313.2,Pre-Monsoon (Mar-May)
2018,3,March,Kushtia,Khulna,158.13,1830.28,0.086395,78.3,Pre-Monsoon (Mar-May)
2018,3,March,Lakshmipur,Chittagong,292.17,1573.07,0.18573,144.6,Pre-Monsoon (Mar-May)
2018,3,March,Lalmonirhat,Rangpur,313.15,1381.75,0.226635,155.0,Pre-Monsoon (Mar-May)
2018,3,March,Madaripur,Dhaka,70.64,1257.23,0.056185,35.0,Pre-Monsoon (Mar-May)
2018,3,March,Magura,Khulna,621.16,1143.98,0.542986,307.4,Pre-Monsoon (Mar-May)
2018,3,March,Manikganj,Dhaka,182.74,1531.92,0.119289,90.4,Pre-Monsoon (Mar-May)
2018,3,March,Maulvibazar,Sylhet,1150.38,2819.05,0.408072,569.4,Pre-Monsoon (Mar-May)
2018,3,March,Meherpur,Khulna,507.09,732.79,0.691997,251.0,Pre-Monsoon (Mar-May)
2018,3,March,Munshiganj,Dhaka,72.32,1036.66,0.069762,35.8,Pre-Monsoon (Mar-May)
2018,3,March,Mymensingh,Dhaka,2605.99,4784.19,0.544709,1289.8,Pre-Monsoon (Mar-May)
2018,3,March,Naogaon,Rajshahi,3001.06,3824.58,0.784679,1485.4,Pre-Monsoon (Mar-May)
2018,3,March,Narail,Khulna,35.83,1072.86,0.033393,17.7,Pre-Monsoon (Mar-May)
2018,3,March,Narayanganj,Dhaka,465.22,832.16,0.55905,230.3,Pre-Monsoon (Mar-May)
2018,3,March,Narsingdi,Dhaka,160.48,1281.34,0.125244,79.4,Pre-Monsoon (Mar-May)
2018,3,March,Natore,Rajshahi,1317.65,2101.7,0.626947,652.2,Pre-Monsoon (Mar-May)
2018,3,March,Nawabganj,Rajshahi,562.06,1804.38,0.311499,278.2,Pre-Monsoon (Mar-May)
2018,3,March,Netrakona,Dhaka,1770.25,3089.39,0.573011,876.2,Pre-Monsoon (Mar-May)
2018,3,March,Nilphamari,Rangpur,1189.39,1836.84,0.647521,588.7,Pre-Monsoon (Mar-May)
2018,3,March,Noakhali,Chittagong,125.47,2642.03,0.047491,62.1,Pre-Monsoon (Mar-May)
2018,3,March,Pabna,Rajshahi,1280.7,2634.14,0.486195,633.9,Pre-Monsoon (Mar-May)
2018,3,March,Panchagarh,Rangpur,1005.11,1548.93,0.648907,497.5,Pre-Monsoon (Mar-May)
2018,3,March,Patuakhali,Barisal,214.01,2730.09,0.078388,105.9,Pre-Monsoon (Mar-May)
2018,3,March,Pirojpur,Barisal,91.77,1365.69,0.067198,45.4,Pre-Monsoon (Mar-May)
2018,3,March,Rajbari,Dhaka,119.01,1249.73,0.095227,58.9,Pre-Monsoon (Mar-May)
2018,3,March,Rajshahi,Rajshahi,250.82,2664.72,0.094127,124.1,Pre-Monsoon (Mar-May)
2018,3,March,Rangamati,Chittagong,388.08,6226.79,0.062324,192.1,Pre-Monsoon (Mar-May)
2018,3,March,Rangpur,Rangpur,2061.18,2572.65,0.80119,1020.2,Pre-Monsoon (Mar-May)
2018,3,March,Satkhira,Khulna,1040.39,3543.74,0.293586,514.9,Pre-Monsoon (Mar-May)
2018,3,March,Shariatpur,Dhaka,151.67,1362.06,0.111353,75.1,Pre-Monsoon (Mar-May)
2018,3,March,Sherpur,Dhaka,993.22,1455.19,0.682536,491.6,Pre-Monsoon (Mar-May)
2018,3,March,Sirajganj,Rajshahi,318.25,2755.65,0.115489,157.5,Pre-Monsoon (Mar-May)
2018,3,March,Sunamganj,Sylhet,2310.29,4043.04,0.571423,1143.5,Pre-Monsoon (Mar-May)
2018,3,March,Sylhet,Sylhet,2080.27,3847.75,0.540645,1029.6,Pre-Monsoon (Mar-May)
2018,3,March,Tangail,Dhaka,1700.85,3707.07,0.458812,841.8,Pre-Monsoon (Mar-May)
2018,3,March,Thakurgaon,Rangpur,1416.02,2008.93,0.70486,700.9,Pre-Monsoon (Mar-May)
2018,4,April,Bagerhat,Khulna,1094.05,3965.62,0.275883,541.5,Pre-Monsoon (Mar-May)
2018,4,April,Bandarban,Chittagong,2897.86,5000.66,0.579496,1434.3,Pre-Monsoon (Mar-May)
2018,4,April,Barguna,Barisal,160.1,1547.28,0.10347,79.2,Pre-Monsoon (Mar-May)
2018,4,April,Barisal,Barisal,424.42,2767.25,0.153371,210.1,Pre-Monsoon (Mar-May)
2018,4,April,Bhola,Barisal,682.29,2471.69,0.276043,337.7,Pre-Monsoon (Mar-May)
2018,4,April,Bogra,Rajshahi,1667.1,3233.63,0.51555,825.1,Pre-Monsoon (Mar-May)
2018,4,April,Brahamanbaria,Chittagong,1010.22,2104.07,0.480126,500.0,Pre-Monsoon (Mar-May)
2018,4,April,Chandpur,Chittagong,250.42,1864.17,0.134332,123.9,Pre-Monsoon (Mar-May)
2018,4,April,Chittagong,Chittagong,2112.6,4736.75,0.446003,1045.6,Pre-Monsoon (Mar-May)
2018,4,April,Chuadanga,Khulna,564.76,1233.0,0.45804,279.5,Pre-Monsoon (Mar-May)
2018,4,April,Comilla,Chittagong,1744.14,3351.85,0.52035,863.3,Pre-Monsoon (Mar-May)
2018,4,April,Cox's Bazar,Chittagong,842.63,2206.6,0.381867,417.1,Pre-Monsoon (Mar-May)
2018,4,April,Dhaka,Dhaka,876.79,1611.18,0.544191,434.0,Pre-Monsoon (Mar-May)
2018,4,April,Dinajpur,Rangpur,2876.6,3829.09,0.75125,1423.8,Pre-Monsoon (Mar-May)
2018,4,April,Faridpur,Dhaka,415.52,2227.54,0.186539,205.7,Pre-Monsoon (Mar-May)
2018,4,April,Feni,Chittagong,517.73,960.78,0.538871,256.2,Pre-Monsoon (Mar-May)
2018,4,April,Gaibandha,Rangpur,257.05,2410.25,0.106648,127.2,Pre-Monsoon (Mar-May)
2018,4,April,Gazipur,Dhaka,1117.47,1940.74,0.575794,553.1,Pre-Monsoon (Mar-May)
2018,4,April,Gopalganj,Dhaka,903.06,1602.77,0.563436,447.0,Pre-Monsoon (Mar-May)
2018,4,April,Habiganj,Sylhet,1482.45,2857.81,0.518737,733.7,Pre-Monsoon (Mar-May)
2018,4,April,Jamalpur,Dhaka,1286.18,2272.36,0.566013,636.6,Pre-Monsoon (Mar-May)
2018,4,April,Jessore,Khulna,487.68,2784.67,0.175132,241.4,Pre-Monsoon (Mar-May)
2018,4,April,Jhalokati,Barisal,35.83,807.93,0.044351,17.7,Pre-Monsoon (Mar-May)
2018,4,April,Jhenaidah,Khulna,1172.24,2143.59,0.546857,580.2,Pre-Monsoon (Mar-May)
2018,4,April,Joypurhat,Rajshahi,883.25,1081.54,0.816655,437.2,Pre-Monsoon (Mar-May)
2018,4,April,Khagrachhari,Chittagong,1748.17,3108.48,0.562388,865.2,Pre-Monsoon (Mar-May)
2018,4,April,Khulna,Khulna,584.1,3868.06,0.151007,289.1,Pre-Monsoon (Mar-May)
2018,4,April,Kishoreganj,Dhaka,1021.18,2821.62,0.361914,505.4,Pre-Monsoon (Mar-May)
2018,4,April,Kurigram,Rangpur,388.39,2481.86,0.156491,192.2,Pre-Monsoon (Mar-May)
2018,4,April,Kushtia,Khulna,130.44,1830.28,0.071269,64.6,Pre-Monsoon (Mar-May)
2018,4,April,Lakshmipur,Chittagong,298.98,1573.07,0.190064,148.0,Pre-Monsoon (Mar-May)
2018,4,April,Lalmonirhat,Rangpur,613.51,1381.75,0.444006,303.7,Pre-Monsoon (Mar-May)
2018,4,April,Madaripur,Dhaka,68.31,1257.23,0.054332,33.8,Pre-Monsoon (Mar-May)
2018,4,April,Magura,Khulna,642.4,1143.98,0.561551,318.0,Pre-Monsoon (Mar-May)
2018,4,April,Manikganj,Dhaka,157.9,1531.92,0.103071,78.2,Pre-Monsoon (Mar-May)
2018,4,April,Maulvibazar,Sylhet,600.48,2819.05,0.213007,297.2,Pre-Monsoon (Mar-May)
2018,4,April,Meherpur,Khulna,463.77,732.79,0.632891,229.5,Pre-Monsoon (Mar-May)
2018,4,April,Munshiganj,Dhaka,74.49,1036.66,0.071854,36.9,Pre-Monsoon (Mar-May)
2018,4,April,Mymensingh,Dhaka,2509.66,4784.19,0.524574,1242.1,Pre-Monsoon (Mar-May)
2018,4,April,Naogaon,Rajshahi,3189.81,3824.58,0.834031,1578.8,Pre-Monsoon (Mar-May)
2018,4,April,Narail,Khulna,32.2,1072.86,0.030016,15.9,Pre-Monsoon (Mar-May)
2018,4,April,Narayanganj,Dhaka,446.74,832.16,0.536843,221.1,Pre-Monsoon (Mar-May)
2018,4,April,Narsingdi,Dhaka,448.17,1281.34,0.34977,221.8,Pre-Monsoon (Mar-May)
2018,4,April,Natore,Rajshahi,1177.11,2101.7,0.560076,582.6,Pre-Monsoon (Mar-May)
2018,4,April,Nawabganj,Rajshahi,1034.8,1804.38,0.573494,512.2,Pre-Monsoon (Mar-May)
2018,4,April,Netrakona,Dhaka,1578.88,3089.39,0.511066,781.5,Pre-Monsoon (Mar-May)
2018,4,April,Nilphamari,Rangpur,1149.16,1836.84,0.625619,568.8,Pre-Monsoon (Mar-May)
2018,4,April,Noakhali,Chittagong,129.89,2642.02,0.049164,64.3,Pre-Monsoon (Mar-May)
2018,4,April,Pabna,Rajshahi,1088.34,2634.14,0.413167,538.7,Pre-Monsoon (Mar-May)
2018,4,April,Panchagarh,Rangpur,800.68,1548.93,0.516923,396.3,Pre-Monsoon (Mar-May)
2018,4,April,Patuakhali,Barisal,236.98,2730.09,0.086802,117.3,Pre-Monsoon (Mar-May)
2018,4,April,Pirojpur,Barisal,95.56,1365.69,0.069972,47.3,Pre-Monsoon (Mar-May)
2018,4,April,Rajbari,Dhaka,119.95,1249.73,0.095983,59.4,Pre-Monsoon (Mar-May)
2018,4,April,Rajshahi,Rajshahi,1269.19,2664.72,0.476294,628.2,Pre-Monsoon (Mar-May)
2018,4,April,Rangamati,Chittagong,387.45,6226.79,0.062223,191.8,Pre-Monsoon (Mar-May)
2018,4,April,Rangpur,Rangpur,2063.46,2572.65,0.802076,1021.3,Pre-Monsoon (Mar-May)
2018,4,April,Satkhira,Khulna,905.93,3543.74,0.255644,448.4,Pre-Monsoon (Mar-May)
2018,4,April,Shariatpur,Dhaka,143.98,1362.06,0.105706,71.3,Pre-Monsoon (Mar-May)
2018,4,April,Sherpur,Dhaka,1048.15,1455.19,0.720283,518.8,Pre-Monsoon (Mar-May)
2018,4,April,Sirajganj,Rajshahi,256.02,2755.65,0.092909,126.7,Pre-Monsoon (Mar-May)
2018,4,April,Sunamganj,Sylhet,712.72,4043.04,0.176284,352.8,Pre-Monsoon (Mar-May)
2018,4,April,Sylhet,Sylhet,787.83,3847.75,0.204752,389.9,Pre-Monsoon (Mar-May)
2018,4,April,Tangail,Dhaka,1813.17,3707.07,0.489111,897.4,Pre-Monsoon (Mar-May)
2018,4,April,Thakurgaon,Rangpur,1237.22,2008.93,0.615858,612.4,Pre-Monsoon (Mar-May)
2018,5,May,Bagerhat,Khulna,1098.17,3965.62,0.276922,543.5,Pre-Monsoon (Mar-May)
2018,5,May,Bandarban,Chittagong,2803.45,5000.66,0.560617,1387.6,Pre-Monsoon (Mar-May)
2018,5,May,Barguna,Barisal,166.27,1547.28,0.107456,82.3,Pre-Monsoon (Mar-May)
2018,5,May,Barisal,Barisal,459.38,2767.25,0.166005,227.4,Pre-Monsoon (Mar-May)
2018,5,May,Bhola,Barisal,678.69,2471.69,0.274587,335.9,Pre-Monsoon (Mar-May)
2018,5,May,Bogra,Rajshahi,191.38,3233.63,0.059184,94.7,Pre-Monsoon (Mar-May)
2018,5,May,Brahamanbaria,Chittagong,259.0,2104.07,0.123094,128.2,Pre-Monsoon (Mar-May)
2018,5,May,Chandpur,Chittagong,270.45,1864.17,0.145077,133.9,Pre-Monsoon (Mar-May)
2018,5,May,Chittagong,Chittagong,1306.59,4736.75,0.27584,646.7,Pre-Monsoon (Mar-May)
2018,5,May,Chuadanga,Khulna,763.1,1233.0,0.618897,377.7,Pre-Monsoon (Mar-May)
2018,5,May,Comilla,Chittagong,1600.43,3351.85,0.477477,792.1,Pre-Monsoon (Mar-May)
2018,5,May,Cox's Bazar,Chittagong,521.62,2206.6,0.236389,258.2,Pre-Monsoon (Mar-May)
2018,5,May,Dhaka,Dhaka,844.7,1611.18,0.524274,418.1,Pre-Monsoon (Mar-May)
2018,5,May,Dinajpur,Rangpur,2028.75,3829.09,0.529825,1004.1,Pre-Monsoon (Mar-May)
2018,5,May,Faridpur,Dhaka,118.39,2227.54,0.053151,58.6,Pre-Monsoon (Mar-May)
2018,5,May,Feni,Chittagong,403.46,960.78,0.419928,199.7,Pre-Monsoon (Mar-May)
2018,5,May,Gaibandha,Rangpur,285.52,2410.25,0.11846,141.3,Pre-Monsoon (Mar-May)
2018,5,May,Gazipur,Dhaka,954.54,1940.74,0.491845,472.4,Pre-Monsoon (Mar-May)
2018,5,May,Gopalganj,Dhaka,430.1,1602.77,0.268346,212.9,Pre-Monsoon (Mar-May)
2018,5,May,Habiganj,Sylhet,1023.95,2857.81,0.358299,506.8,Pre-Monsoon (Mar-May)
2018,5,May,Jamalpur,Dhaka,162.89,2272.36,0.071683,80.6,Pre-Monsoon (Mar-May)
2018,5,May,Jessore,Khulna,589.98,2784.67,0.211868,292.0,Pre-Monsoon (Mar-May)
2018,5,May,Jhalokati,Barisal,48.64,807.93,0.060198,24.1,Pre-Monsoon (Mar-May)
2018,5,May,Jhenaidah,Khulna,912.88,2143.59,0.425866,451.8,Pre-Monsoon (Mar-May)
2018,5,May,Joypurhat,Rajshahi,788.26,1081.54,0.728826,390.1,Pre-Monsoon (Mar-May)
2018,5,May,Khagrachhari,Chittagong,1184.79,3108.48,0.381148,586.4,Pre-Monsoon (Mar-May)
2018,5,May,Khulna,Khulna,685.79,3868.06,0.177297,339.4,Pre-Monsoon (Mar-May)
2018,5,May,Kishoreganj,Dhaka,600.67,2821.62,0.212881,297.3,Pre-Monsoon (Mar-May)
2018,5,May,Kurigram,Rangpur,439.07,2481.86,0.176912,217.3,Pre-Monsoon (Mar-May)
2018,5,May,Kushtia,Khulna,116.61,1830.28,0.063712,57.7,Pre-Monsoon (Mar-May)
2018,5,May,Lakshmipur,Chittagong,298.92,1573.07,0.190026,147.9,Pre-Monsoon (Mar-May)
2018,5,May,Lalmonirhat,Rangpur,137.53,1381.75,0.099532,68.1,Pre-Monsoon (Mar-May)
2018,5,May,Madaripur,Dhaka,73.3,1257.23,0.058304,36.3,Pre-Monsoon (Mar-May)
2018,5,May,Magura,Khulna,171.67,1143.98,0.150061,85.0,Pre-Monsoon (Mar-May)
2018,5,May,Manikganj,Dhaka,172.07,1531.92,0.112327,85.2,Pre-Monsoon (Mar-May)
2018,5,May,Maulvibazar,Sylhet,585.43,2819.05,0.207669,289.8,Pre-Monsoon (Mar-May)
2018,5,May,Meherpur,Khulna,534.73,732.79,0.729727,264.7,Pre-Monsoon (Mar-May)
2018,5,May,Munshiganj,Dhaka,79.31,1036.66,0.076507,39.3,Pre-Monsoon (Mar-May)
2018,5,May,Mymensingh,Dhaka,2184.34,4784.19,0.456575,1081.1,Pre-Monsoon (Mar-May)
2018,5,May,Naogaon,Rajshahi,1771.07,3824.58,0.463076,876.6,Pre-Monsoon (Mar-May)
2018,5,May,Narail,Khulna,39.45,1072.86,0.036771,19.5,Pre-Monsoon (Mar-May)
2018,5,May,Narayanganj,Dhaka,72.25,832.16,0.086828,35.8,Pre-Monsoon (Mar-May)
2018,5,May,Narsingdi,Dhaka,80.79,1281.34,0.063051,40.0,Pre-Monsoon (Mar-May)
2018,5,May,Natore,Rajshahi,975.61,2101.7,0.464201,482.9,Pre-Monsoon (Mar-May)
2018,5,May,Nawabganj,Rajshahi,236.71,1804.38,0.131185,117.2,Pre-Monsoon (Mar-May)
2018,5,May,Netrakona,Dhaka,670.62,3089.39,0.217072,331.9,Pre-Monsoon (Mar-May)
2018,5,May,Nilphamari,Rangpur,1131.87,1836.84,0.616207,560.2,Pre-Monsoon (Mar-May)
2018,5,May,Noakhali,Chittagong,133.62,2642.03,0.050575,66.1,Pre-Monsoon (Mar-May)
2018,5,May,Pabna,Rajshahi,191.78,2634.14,0.072807,94.9,Pre-Monsoon (Mar-May)
2018,5,May,Panchagarh,Rangpur,998.11,1548.93,0.644385,494.0,Pre-Monsoon (Mar-May)
2018,5,May,Patuakhali,Barisal,251.2,2730.09,0.092013,124.3,Pre-Monsoon (Mar-May)
2018,5,May,Pirojpur,Barisal,103.32,1365.69,0.075657,51.1,Pre-Monsoon (Mar-May)
2018,5,May,Rajbari,Dhaka,128.66,1249.73,0.102954,63.7,Pre-Monsoon (Mar-May)
2018,5,May,Rajshahi,Rajshahi,279.49,2664.72,0.104886,138.3,Pre-Monsoon (Mar-May)
2018,5,May,Rangamati,Chittagong,374.98,6226.79,0.06022,185.6,Pre-Monsoon (Mar-May)
2018,5,May,Rangpur,Rangpur,1520.18,2572.65,0.590903,752.4,Pre-Monsoon (Mar-May)
2018,5,May,Satkhira,Khulna,1045.28,3543.74,0.294965,517.4,Pre-Monsoon (Mar-May)
2018,5,May,Shariatpur,Dhaka,163.4,1362.06,0.119962,80.9,Pre-Monsoon (Mar-May)
2018,5,May,Sherpur,Dhaka,784.06,1455.19,0.538801,388.1,Pre-Monsoon (Mar-May)
2018,5,May,Sirajganj,Rajshahi,308.79,2755.65,0.112057,152.8,Pre-Monsoon (Mar-May)
2018,5,May,Sunamganj,Sylhet,809.56,4043.04,0.200234,400.7,Pre-Monsoon (Mar-May)
2018,5,May,Sylhet,Sylhet,658.75,3847.75,0.171204,326.0,Pre-Monsoon (Mar-May)
2018,5,May,Tangail,Dhaka,1050.97,3707.07,0.283503,520.2,Pre-Monsoon (Mar-May)
2018,5,May,Thakurgaon,Rangpur,1239.33,2008.93,0.616911,613.4,Pre-Monsoon (Mar-May)
2018,6,June,Bagerhat,Khulna,1395.76,3965.62,0.351965,690.8,Monsoon (Jun-Sep)
2018,6,June,Bandarban,Chittagong,2972.52,5000.66,0.594427,1471.2,Monsoon (Jun-Sep)
2018,6,June,Barguna,Barisal,217.87,1547.28,0.140806,107.8,Monsoon (Jun-Sep)
2018,6,June,Barisal,Barisal,497.32,2767.25,0.179715,246.1,Monsoon (Jun-Sep)
2018,6,June,Bhola,Barisal,765.68,2471.69,0.30978,379.0,Monsoon (Jun-Sep)
2018,6,June,Bogra,Rajshahi,223.8,3233.63,0.069209,110.8,Monsoon (Jun-Sep)
2018,6,June,Brahamanbaria,Chittagong,439.09,2104.07,0.208686,217.3,Monsoon (Jun-Sep)
2018,6,June,Chandpur,Chittagong,303.92,1864.17,0.163034,150.4,Monsoon (Jun-Sep)
2018,6,June,Chittagong,Chittagong,2031.63,4736.75,0.428908,1005.5,Monsoon (Jun-Sep)
2018,6,June,Chuadanga,Khulna,654.88,1233.0,0.531122,324.1,Monsoon (Jun-Sep)
2018,6,June,Comilla,Chittagong,1239.5,3351.85,0.369797,613.5,Monsoon (Jun-Sep)
2018,6,June,Cox's Bazar,Chittagong,454.76,2206.6,0.206091,225.1,Monsoon (Jun-Sep)
2018,6,June,Dhaka,Dhaka,565.13,1611.18,0.350758,279.7,Monsoon (Jun-Sep)
2018,6,June,Dinajpur,Rangpur,1982.53,3829.09,0.517755,981.2,Monsoon (Jun-Sep)
2018,6,June,Faridpur,Dhaka,131.37,2227.54,0.058974,65.0,Monsoon (Jun-Sep)
2018,6,June,Feni,Chittagong,521.07,960.78,0.54234,257.9,Monsoon (Jun-Sep)
2018,6,June,Gaibandha,Rangpur,308.5,2410.25,0.127995,152.7,Monsoon (Jun-Sep)
2018,6,June,Gazipur,Dhaka,291.44,1940.74,0.150171,144.2,Monsoon (Jun-Sep)
2018,6,June,Gopalganj,Dhaka,370.88,1602.77,0.231399,183.6,Monsoon (Jun-Sep)
2018,6,June,Habiganj,Sylhet,761.13,2857.81,0.266333,376.7,Monsoon (Jun-Sep)
2018,6,June,Jamalpur,Dhaka,171.05,2272.36,0.075276,84.7,Monsoon (Jun-Sep)
2018,6,June,Jessore,Khulna,211.74,2784.67,0.076037,104.8,Monsoon (Jun-Sep)
2018,6,June,Jhalokati,Barisal,90.32,807.93,0.111794,44.7,Monsoon (Jun-Sep)
2018,6,June,Jhenaidah,Khulna,880.7,2143.59,0.410851,435.9,Monsoon (Jun-Sep)
2018,6,June,Joypurhat,Rajshahi,527.36,1081.54,0.487596,261.0,Monsoon (Jun-Sep)
2018,6,June,Khagrachhari,Chittagong,1669.82,3108.48,0.537182,826.5,Monsoon (Jun-Sep)
2018,6,June,Khulna,Khulna,986.98,3868.06,0.255162,488.5,Monsoon (Jun-Sep)
2018,6,June,Kishoreganj,Dhaka,1110.01,2821.62,0.393396,549.4,Monsoon (Jun-Sep)
2018,6,June,Kurigram,Rangpur,474.82,2481.86,0.191315,235.0,Monsoon (Jun-Sep)
2018,6,June,Kushtia,Khulna,117.34,1830.28,0.064109,58.1,Monsoon (Jun-Sep)
2018,6,June,Lakshmipur,Chittagong,323.18,1573.07,0.205447,160.0,Monsoon (Jun-Sep)
2018,6,June,Lalmonirhat,Rangpur,104.38,1381.75,0.075539,51.7,Monsoon (Jun-Sep)
2018,6,June,Madaripur,Dhaka,118.0,1257.23,0.093853,58.4,Monsoon (Jun-Sep)
2018,6,June,Magura,Khulna,132.7,1143.98,0.116,65.7,Monsoon (Jun-Sep)
2018,6,June,Manikganj,Dhaka,199.94,1531.92,0.130517,99.0,Monsoon (Jun-Sep)
2018,6,June,Maulvibazar,Sylhet,515.11,2819.05,0.182725,255.0,Monsoon (Jun-Sep)
2018,6,June,Meherpur,Khulna,502.3,732.79,0.685471,248.6,Monsoon (Jun-Sep)
2018,6,June,Munshiganj,Dhaka,98.35,1036.66,0.094869,48.7,Monsoon (Jun-Sep)
2018,6,June,Mymensingh,Dhaka,1435.96,4784.19,0.300146,710.7,Monsoon (Jun-Sep)
2018,6,June,Naogaon,Rajshahi,1450.82,3824.58,0.379342,718.1,Monsoon (Jun-Sep)
2018,6,June,Narail,Khulna,72.59,1072.86,0.067663,35.9,Monsoon (Jun-Sep)
2018,6,June,Narayanganj,Dhaka,66.05,832.16,0.079369,32.7,Monsoon (Jun-Sep)
2018,6,June,Narsingdi,Dhaka,130.83,1281.34,0.102106,64.8,Monsoon (Jun-Sep)
2018,6,June,Natore,Rajshahi,225.11,2101.7,0.107108,111.4,Monsoon (Jun-Sep)
2018,6,June,Nawabganj,Rajshahi,186.06,1804.38,0.103115,92.1,Monsoon (Jun-Sep)
2018,6,June,Netrakona,Dhaka,751.89,3089.39,0.243378,372.1,Monsoon (Jun-Sep)
2018,6,June,Nilphamari,Rangpur,780.37,1836.84,0.424842,386.2,Monsoon (Jun-Sep)
2018,6,June,Noakhali,Chittagong,250.98,2642.03,0.094997,124.2,Monsoon (Jun-Sep)
2018,6,June,Pabna,Rajshahi,152.33,2634.14,0.057829,75.4,Monsoon (Jun-Sep)
2018,6,June,Panchagarh,Rangpur,845.72,1548.93,0.546005,418.6,Monsoon (Jun-Sep)
2018,6,June,Patuakhali,Barisal,369.9,2730.09,0.13549,183.1,Monsoon (Jun-Sep)
2018,6,June,Pirojpur,Barisal,185.58,1365.69,0.135889,91.9,Monsoon (Jun-Sep)
2018,6,June,Rajbari,Dhaka,135.18,1249.73,0.108169,66.9,Monsoon (Jun-Sep)
2018,6,June,Rajshahi,Rajshahi,239.44,2664.72,0.089856,118.5,Monsoon (Jun-Sep)
2018,6,June,Rangamati,Chittagong,525.54,6226.79,0.084399,260.1,Monsoon (Jun-Sep)
2018,6,June,Rangpur,Rangpur,1401.07,2572.65,0.544604,693.5,Monsoon (Jun-Sep)
2018,6,June,Satkhira,Khulna,1159.21,3543.74,0.327114,573.7,Monsoon (Jun-Sep)
2018,6,June,Shariatpur,Dhaka,174.69,1362.06,0.128255,86.5,Monsoon (Jun-Sep)
2018,6,June,Sherpur,Dhaka,281.23,1455.19,0.19326,139.2,Monsoon (Jun-Sep)
2018,6,June,Sirajganj,Rajshahi,391.98,2755.65,0.142245,194.0,Monsoon (Jun-Sep)
2018,6,June,Sunamganj,Sylhet,2203.05,4043.04,0.544899,1090.4,Monsoon (Jun-Sep)
2018,6,June,Sylhet,Sylhet,1192.5,3847.75,0.309921,590.2,Monsoon (Jun-Sep)
2018,6,June,Tangail,Dhaka,196.26,3707.07,0.052941,97.1,Monsoon (Jun-Sep)
2018,6,June,Thakurgaon,Rangpur,1211.81,2008.93,0.603209,599.8,Monsoon (Jun-Sep)
2018,7,July,Bagerhat,Khulna,1419.96,3965.62,0.358068,702.8,Monsoon (Jun-Sep)
2018,7,July,Bandarban,Chittagong,2925.11,5000.66,0.584946,1447.8,Monsoon (Jun-Sep)
2018,7,July,Barguna,Barisal,236.88,1547.28,0.153093,117.2,Monsoon (Jun-Sep)
2018,7,July,Barisal,Barisal,692.34,2767.25,0.250189,342.7,Monsoon (Jun-Sep)
2018,7,July,Bhola,Barisal,682.69,2471.69,0.276205,337.9,Monsoon (Jun-Sep)
2018,7,July,Bogra,Rajshahi,384.79,3233.63,0.118995,190.4,Monsoon (Jun-Sep)
2018,7,July,Brahamanbaria,Chittagong,597.04,2104.07,0.283757,295.5,Monsoon (Jun-Sep)
2018,7,July,Chandpur,Chittagong,346.29,1864.17,0.185764,171.4,Monsoon (Jun-Sep)
2018,7,July,Chittagong,Chittagong,1807.19,4736.75,0.381526,894.5,Monsoon (Jun-Sep)
2018,7,July,Chuadanga,Khulna,740.8,1233.0,0.600807,366.7,Monsoon (Jun-Sep)
2018,7,July,Comilla,Chittagong,621.59,3351.85,0.185446,307.7,Monsoon (Jun-Sep)
2018,7,July,Cox's Bazar,Chittagong,435.71,2206.6,0.197459,215.7,Monsoon (Jun-Sep)
2018,7,July,Dhaka,Dhaka,131.71,1611.18,0.081745,65.2,Monsoon (Jun-Sep)
2018,7,July,Dinajpur,Rangpur,608.13,3829.09,0.158818,301.0,Monsoon (Jun-Sep)
2018,7,July,Faridpur,Dhaka,178.49,2227.54,0.080131,88.3,Monsoon (Jun-Sep)
2018,7,July,Feni,Chittagong,394.05,960.78,0.410134,195.0,Monsoon (Jun-Sep)
2018,7,July,Gaibandha,Rangpur,333.55,2410.25,0.138387,165.1,Monsoon (Jun-Sep)
2018,7,July,Gazipur,Dhaka,174.99,1940.74,0.090169,86.6,Monsoon (Jun-Sep)
2018,7,July,Gopalganj,Dhaka,521.16,1602.77,0.325165,257.9,Monsoon (Jun-Sep)
2018,7,July,Habiganj,Sylhet,732.16,2857.81,0.256196,362.4,Monsoon (Jun-Sep)
2018,7,July,Jamalpur,Dhaka,203.95,2272.36,0.089751,100.9,Monsoon (Jun-Sep)
2018,7,July,Jessore,Khulna,341.67,2784.67,0.122695,169.1,Monsoon (Jun-Sep)
2018,7,July,Jhalokati,Barisal,184.92,807.93,0.228881,91.5,Monsoon (Jun-Sep)
2018,7,July,Jhenaidah,Khulna,422.05,2143.59,0.196889,208.9,Monsoon (Jun-Sep)
2018,7,July,Joypurhat,Rajshahi,166.5,1081.54,0.153951,82.4,Monsoon (Jun-Sep)
2018,7,July,Khagrachhari,Chittagong,2049.34,3108.48,0.659274,1014.3,Monsoon (Jun-Sep)
2018,7,July,Khulna,Khulna,1402.37,3868.06,0.36255,694.1,Monsoon (Jun-Sep)
2018,7,July,Kishoreganj,Dhaka,1225.27,2821.62,0.434243,606.4,Monsoon (Jun-Sep)
2018,7,July,Kurigram,Rangpur,494.48,2481.86,0.199238,244.7,Monsoon (Jun-Sep)
2018,7,July,Kushtia,Khulna,129.43,1830.28,0.070714,64.1,Monsoon (Jun-Sep)
2018,7,July,Lakshmipur,Chittagong,309.29,1573.07,0.196618,153.1,Monsoon (Jun-Sep)
2018,7,July,Lalmonirhat,Rangpur,337.79,1381.75,0.244461,167.2,Monsoon (Jun-Sep)
2018,7,July,Madaripur,Dhaka,111.57,1257.23,0.088744,55.2,Monsoon (Jun-Sep)
2018,7,July,Magura,Khulna,222.94,1143.98,0.19488,110.3,Monsoon (Jun-Sep)
2018,7,July,Manikganj,Dhaka,251.27,1531.92,0.164021,124.4,Monsoon (Jun-Sep)
2018,7,July,Maulvibazar,Sylhet,573.37,2819.05,0.203393,283.8,Monsoon (Jun-Sep)
2018,7,July,Meherpur,Khulna,461.23,732.79,0.629416,228.3,Monsoon (Jun-Sep)
2018,7,July,Munshiganj,Dhaka,128.7,1036.66,0.124153,63.7,Monsoon (Jun-Sep)
2018,7,July,Mymensingh,Dhaka,1293.9,4784.19,0.270453,640.4,Monsoon (Jun-Sep)
2018,7,July,Naogaon,Rajshahi,598.1,3824.58,0.156384,296.0,Monsoon (Jun-Sep)
2018,7,July,Narail,Khulna,130.12,1072.86,0.121281,64.4,Monsoon (Jun-Sep)
2018,7,July,Narayanganj,Dhaka,74.9,832.16,0.090013,37.1,Monsoon (Jun-Sep)
2018,7,July,Narsingdi,Dhaka,177.26,1281.34,0.13834,87.7,Monsoon (Jun-Sep)
2018,7,July,Natore,Rajshahi,208.36,2101.7,0.099137,103.1,Monsoon (Jun-Sep)
2018,7,July,Nawabganj,Rajshahi,162.1,1804.38,0.089836,80.2,Monsoon (Jun-Sep)
2018,7,July,Netrakona,Dhaka,822.05,3089.39,0.266089,406.9,Monsoon (Jun-Sep)
2018,7,July,Nilphamari,Rangpur,771.96,1836.84,0.420267,382.1,Monsoon (Jun-Sep)
2018,7,July,Noakhali,Chittagong,373.01,2642.02,0.141184,184.6,Monsoon (Jun-Sep)
2018,7,July,Pabna,Rajshahi,344.32,2634.14,0.130716,170.4,Monsoon (Jun-Sep)
2018,7,July,Panchagarh,Rangpur,662.81,1548.93,0.427915,328.1,Monsoon (Jun-Sep)
2018,7,July,Patuakhali,Barisal,496.62,2730.09,0.181908,245.8,Monsoon (Jun-Sep)
2018,7,July,Pirojpur,Barisal,295.04,1365.69,0.216038,146.0,Monsoon (Jun-Sep)
2018,7,July,Rajbari,Dhaka,153.21,1249.73,0.122596,75.8,Monsoon (Jun-Sep)
2018,7,July,Rajshahi,Rajshahi,321.22,2664.72,0.120545,159.0,Monsoon (Jun-Sep)
2018,7,July,Rangamati,Chittagong,510.2,6226.79,0.081936,252.5,Monsoon (Jun-Sep)
2018,7,July,Rangpur,Rangpur,1300.66,2572.65,0.505573,643.8,Monsoon (Jun-Sep)
2018,7,July,Satkhira,Khulna,1402.12,3543.74,0.395663,694.0,Monsoon (Jun-Sep)
2018,7,July,Shariatpur,Dhaka,225.25,1362.06,0.165371,111.5,Monsoon (Jun-Sep)
2018,7,July,Sherpur,Dhaka,255.43,1455.19,0.175526,126.4,Monsoon (Jun-Sep)
2018,7,July,Sirajganj,Rajshahi,620.27,2755.65,0.225091,307.0,Monsoon (Jun-Sep)
2018,7,July,Sunamganj,Sylhet,2087.49,4043.04,0.516316,1033.2,Monsoon (Jun-Sep)
2018,7,July,Sylhet,Sylhet,1047.91,3847.75,0.272343,518.7,Monsoon (Jun-Sep)
2018,7,July,Tangail,Dhaka,326.48,3707.07,0.08807,161.6,Monsoon (Jun-Sep)
2018,7,July,Thakurgaon,Rangpur,464.13,2008.93,0.231035,229.7,Monsoon (Jun-Sep)
2018,8,August,Bagerhat,Khulna,1451.94,3965.62,0.366131,718.6,Monsoon (Jun-Sep)
2018,8,August,Bandarban,Chittagong,2771.21,5000.66,0.554169,1371.6,Monsoon (Jun-Sep)
2018,8,August,Barguna,Barisal,299.93,1547.28,0.193845,148.4,Monsoon (Jun-Sep)
2018,8,August,Barisal,Barisal,559.14,2767.25,0.202056,276.7,Monsoon (Jun-Sep)
2018,8,August,Bhola,Barisal,758.16,2471.69,0.306737,375.2,Monsoon (Jun-Sep)
2018,8,August,Bogra,Rajshahi,641.92,3233.63,0.198514,317.7,Monsoon (Jun-Sep)
2018,8,August,Brahamanbaria,Chittagong,537.4,2104.07,0.255408,266.0,Monsoon (Jun-Sep)
2018,8,August,Chandpur,Chittagong,327.05,1864.17,0.175439,161.9,Monsoon (Jun-Sep)
2018,8,August,Chittagong,Chittagong,2145.39,4736.75,0.452925,1061.8,Monsoon (Jun-Sep)
2018,8,August,Chuadanga,Khulna,730.09,1233.0,0.592127,361.4,Monsoon (Jun-Sep)
2018,8,August,Comilla,Chittagong,571.85,3351.85,0.170608,283.0,Monsoon (Jun-Sep)
2018,8,August,Cox's Bazar,Chittagong,477.36,2206.6,0.216331,236.3,Monsoon (Jun-Sep)
2018,8,August,Dhaka,Dhaka,130.66,1611.18,0.081098,64.7,Monsoon (Jun-Sep)
2018,8,August,Dinajpur,Rangpur,2230.5,3829.09,0.582515,1104.0,Monsoon (Jun-Sep)
2018,8,August,Faridpur,Dhaka,219.29,2227.54,0.098444,108.5,Monsoon (Jun-Sep)
2018,8,August,Feni,Chittagong,342.85,960.78,0.356848,169.7,Monsoon (Jun-Sep)
2018,8,August,Gaibandha,Rangpur,351.11,2410.25,0.145674,173.8,Monsoon (Jun-Sep)
2018,8,August,Gazipur,Dhaka,239.51,1940.74,0.123413,118.5,Monsoon (Jun-Sep)
2018,8,August,Gopalganj,Dhaka,377.54,1602.77,0.235557,186.9,Monsoon (Jun-Sep)
2018,8,August,Habiganj,Sylhet,524.2,2857.81,0.183426,259.4,Monsoon (Jun-Sep)
2018,8,August,Jamalpur,Dhaka,214.74,2272.36,0.094499,106.3,Monsoon (Jun-Sep)
2018,8,August,Jessore,Khulna,402.97,2784.67,0.144712,199.4,Monsoon (Jun-Sep)
2018,8,August,Jhalokati,Barisal,194.96,807.93,0.24131,96.5,Monsoon (Jun-Sep)
2018,8,August,Jhenaidah,Khulna,840.06,2143.59,0.391891,415.8,Monsoon (Jun-Sep)
2018,8,August,Joypurhat,Rajshahi,784.97,1081.54,0.725788,388.5,Monsoon (Jun-Sep)
2018,8,August,Khagrachhari,Chittagong,1650.01,3108.48,0.530809,816.7,Monsoon (Jun-Sep)
2018,8,August,Khulna,Khulna,1654.46,3868.06,0.427722,818.9,Monsoon (Jun-Sep)
2018,8,August,Kishoreganj,Dhaka,1201.01,2821.62,0.425644,594.4,Monsoon (Jun-Sep)
2018,8,August,Kurigram,Rangpur,520.27,2481.86,0.209629,257.5,Monsoon (Jun-Sep)
2018,8,August,Kushtia,Khulna,168.79,1830.28,0.092223,83.5,Monsoon (Jun-Sep)
2018,8,August,Lakshmipur,Chittagong,353.56,1573.07,0.22476,175.0,Monsoon (Jun-Sep)
2018,8,August,Lalmonirhat,Rangpur,485.76,1381.75,0.351557,240.4,Monsoon (Jun-Sep)
2018,8,August,Madaripur,Dhaka,103.65,1257.23,0.082445,51.3,Monsoon (Jun-Sep)
2018,8,August,Magura,Khulna,98.64,1143.98,0.086224,48.8,Monsoon (Jun-Sep)
2018,8,August,Manikganj,Dhaka,262.66,1531.92,0.171457,130.0,Monsoon (Jun-Sep)
2018,8,August,Maulvibazar,Sylhet,383.69,2819.05,0.136105,189.9,Monsoon (Jun-Sep)
2018,8,August,Meherpur,Khulna,472.11,732.79,0.644262,233.7,Monsoon (Jun-Sep)
2018,8,August,Munshiganj,Dhaka,111.65,1036.66,0.107701,55.3,Monsoon (Jun-Sep)
2018,8,August,Mymensingh,Dhaka,1665.34,4784.19,0.348093,824.3,Monsoon (Jun-Sep)
2018,8,August,Naogaon,Rajshahi,476.07,3824.58,0.124477,235.6,Monsoon (Jun-Sep)
2018,8,August,Narail,Khulna,92.85,1072.86,0.086548,46.0,Monsoon (Jun-Sep)
2018,8,August,Narayanganj,Dhaka,71.71,832.16,0.086172,35.5,Monsoon (Jun-Sep)
2018,8,August,Narsingdi,Dhaka,163.68,1281.34,0.127738,81.0,Monsoon (Jun-Sep)
2018,8,August,Natore,Rajshahi,299.49,2101.7,0.1425,148.2,Monsoon (Jun-Sep)
2018,8,August,Nawabganj,Rajshahi,175.46,1804.38,0.097239,86.8,Monsoon (Jun-Sep)
2018,8,August,Netrakona,Dhaka,666.19,3089.39,0.215637,329.7,Monsoon (Jun-Sep)
2018,8,August,Nilphamari,Rangpur,1011.45,1836.84,0.550647,500.6,Monsoon (Jun-Sep)
2018,8,August,Noakhali,Chittagong,328.36,2642.03,0.124282,162.5,Monsoon (Jun-Sep)
2018,8,August,Pabna,Rajshahi,432.86,2634.14,0.164328,214.2,Monsoon (Jun-Sep)
2018,8,August,Panchagarh,Rangpur,922.89,1548.93,0.595823,456.8,Monsoon (Jun-Sep)
2018,8,August,Patuakhali,Barisal,652.54,2730.09,0.239017,323.0,Monsoon (Jun-Sep)
2018,8,August,Pirojpur,Barisal,356.3,1365.69,0.260897,176.3,Monsoon (Jun-Sep)
2018,8,August,Rajbari,Dhaka,190.14,1249.73,0.152146,94.1,Monsoon (Jun-Sep)
2018,8,August,Rajshahi,Rajshahi,222.73,2664.72,0.083585,110.2,Monsoon (Jun-Sep)
2018,8,August,Rangamati,Chittagong,546.9,6226.79,0.087831,270.7,Monsoon (Jun-Sep)
2018,8,August,Rangpur,Rangpur,1544.78,2572.65,0.600463,764.6,Monsoon (Jun-Sep)
2018,8,August,Satkhira,Khulna,1551.37,3543.74,0.437776,767.8,Monsoon (Jun-Sep)
2018,8,August,Shariatpur,Dhaka,200.92,1362.06,0.147515,99.4,Monsoon (Jun-Sep)
2018,8,August,Sherpur,Dhaka,343.8,1455.19,0.236259,170.2,Monsoon (Jun-Sep)
2018,8,August,Sirajganj,Rajshahi,650.41,2755.65,0.236027,321.9,Monsoon (Jun-Sep)
2018,8,August,Sunamganj,Sylhet,1935.71,4043.04,0.478775,958.1,Monsoon (Jun-Sep)
2018,8,August,Sylhet,Sylhet,728.68,3847.75,0.189377,360.7,Monsoon (Jun-Sep)
2018,8,August,Tangail,Dhaka,314.83,3707.07,0.084927,155.8,Monsoon (Jun-Sep)
2018,8,August,Thakurgaon,Rangpur,1379.82,2008.93,0.686843,682.9,Monsoon (Jun-Sep)
2018,9,September,Bagerhat,Khulna,1510.65,3965.62,0.380935,747.7,Monsoon (Jun-Sep)
2018,9,September,Bandarban,Chittagong,3178.36,5000.66,0.635589,1573.1,Monsoon (Jun-Sep)
2018,9,September,Barguna,Barisal,284.71,1547.28,0.184004,140.9,Monsoon (Jun-Sep)
2018,9,September,Barisal,Barisal,610.45,2767.25,0.220596,302.1,Monsoon (Jun-Sep)
2018,9,September,Bhola,Barisal,722.12,2471.69,0.292155,357.4,Monsoon (Jun-Sep)
2018,9,September,Bogra,Rajshahi,374.12,3233.63,0.115696,185.2,Monsoon (Jun-Sep)
2018,9,September,Brahamanbaria,Chittagong,499.4,2104.07,0.23735,247.2,Monsoon (Jun-Sep)
2018,9,September,Chandpur,Chittagong,317.41,1864.17,0.170268,157.1,Monsoon (Jun-Sep)
2018,9,September,Chittagong,Chittagong,1653.03,4736.75,0.34898,818.2,Monsoon (Jun-Sep)
2018,9,September,Chuadanga,Khulna,747.57,1233.0,0.606302,370.0,Monsoon (Jun-Sep)
2018,9,September,Comilla,Chittagong,1217.33,3351.85,0.363182,602.5,Monsoon (Jun-Sep)
2018,9,September,Cox's Bazar,Chittagong,172.8,2206.6,0.078312,85.5,Monsoon (Jun-Sep)
2018,9,September,Dhaka,Dhaka,121.07,1611.18,0.075144,59.9,Monsoon (Jun-Sep)
2018,9,September,Dinajpur,Rangpur,2887.19,3829.09,0.754016,1429.0,Monsoon (Jun-Sep)
2018,9,September,Faridpur,Dhaka,216.27,2227.54,0.097088,107.0,Monsoon (Jun-Sep)
2018,9,September,Feni,Chittagong,447.01,960.78,0.465259,221.2,Monsoon (Jun-Sep)
2018,9,September,Gaibandha,Rangpur,348.55,2410.25,0.14461,172.5,Monsoon (Jun-Sep)
2018,9,September,Gazipur,Dhaka,136.38,1940.74,0.07027,67.5,Monsoon (Jun-Sep)
2018,9,September,Gopalganj,Dhaka,399.12,1602.77,0.249018,197.5,Monsoon (Jun-Sep)
2018,9,September,Habiganj,Sylhet,369.29,2857.81,0.12922,182.8,Monsoon (Jun-Sep)
2018,9,September,Jamalpur,Dhaka,235.78,2272.36,0.103758,116.7,Monsoon (Jun-Sep)
2018,9,September,Jessore,Khulna,201.35,2784.67,0.072308,99.7,Monsoon (Jun-Sep)
2018,9,September,Jhalokati,Barisal,192.11,807.93,0.237782,95.1,Monsoon (Jun-Sep)
2018,9,September,Jhenaidah,Khulna,1130.66,2143.59,0.527459,559.6,Monsoon (Jun-Sep)
2018,9,September,Joypurhat,Rajshahi,821.85,1081.54,0.759883,406.8,Monsoon (Jun-Sep)
2018,9,September,Khagrachhari,Chittagong,1071.35,3108.48,0.344652,530.3,Monsoon (Jun-Sep)
2018,9,September,Khulna,Khulna,1584.77,3868.06,0.409708,784.4,Monsoon (Jun-Sep)
2018,9,September,Kishoreganj,Dhaka,1223.89,2821.62,0.433755,605.8,Monsoon (Jun-Sep)
2018,9,September,Kurigram,Rangpur,515.35,2481.86,0.207646,255.1,Monsoon (Jun-Sep)
2018,9,September,Kushtia,Khulna,172.03,1830.28,0.093991,85.1,Monsoon (Jun-Sep)
2018,9,September,Lakshmipur,Chittagong,315.1,1573.07,0.200311,156.0,Monsoon (Jun-Sep)
2018,9,September,Lalmonirhat,Rangpur,436.22,1381.75,0.315701,215.9,Monsoon (Jun-Sep)
2018,9,September,Madaripur,Dhaka,101.7,1257.23,0.080894,50.3,Monsoon (Jun-Sep)
2018,9,September,Magura,Khulna,50.14,1143.98,0.043829,24.8,Monsoon (Jun-Sep)
2018,9,September,Manikganj,Dhaka,256.33,1531.92,0.167325,126.9,Monsoon (Jun-Sep)
2018,9,September,Maulvibazar,Sylhet,315.01,2819.05,0.111744,155.9,Monsoon (Jun-Sep)
2018,9,September,Meherpur,Khulna,486.34,732.79,0.663682,240.7,Monsoon (Jun-Sep)
2018,9,September,Munshiganj,Dhaka,113.56,1036.66,0.109543,56.2,Monsoon (Jun-Sep)
2018,9,September,Mymensingh,Dhaka,2702.37,4784.19,0.564855,1337.5,Monsoon (Jun-Sep)
2018,9,September,Naogaon,Rajshahi,959.86,3824.58,0.250972,475.1,Monsoon (Jun-Sep)
2018,9,September,Narail,Khulna,85.42,1072.86,0.079617,42.3,Monsoon (Jun-Sep)
2018,9,September,Narayanganj,Dhaka,70.35,832.16,0.084536,34.8,Monsoon (Jun-Sep)
2018,9,September,Narsingdi,Dhaka,143.33,1281.34,0.111862,70.9,Monsoon (Jun-Sep)
2018,9,September,Natore,Rajshahi,160.62,2101.7,0.076425,79.5,Monsoon (Jun-Sep)
2018,9,September,Nawabganj,Rajshahi,200.29,1804.38,0.111002,99.1,Monsoon (Jun-Sep)
2018,9,September,Netrakona,Dhaka,676.36,3089.39,0.218928,334.8,Monsoon (Jun-Sep)
2018,9,September,Nilphamari,Rangpur,1208.35,1836.84,0.657845,598.1,Monsoon (Jun-Sep)
2018,9,September,Noakhali,Chittagong,172.21,2642.03,0.065183,85.2,Monsoon (Jun-Sep)
2018,9,September,Pabna,Rajshahi,447.6,2634.14,0.169923,221.5,Monsoon (Jun-Sep)
2018,9,September,Panchagarh,Rangpur,1006.1,1548.93,0.649544,498.0,Monsoon (Jun-Sep)
2018,9,September,Patuakhali,Barisal,356.28,2730.09,0.130503,176.3,Monsoon (Jun-Sep)
2018,9,September,Pirojpur,Barisal,364.3,1365.69,0.266751,180.3,Monsoon (Jun-Sep)
2018,9,September,Rajbari,Dhaka,193.58,1249.73,0.154899,95.8,Monsoon (Jun-Sep)
2018,9,September,Rajshahi,Rajshahi,228.96,2664.72,0.085922,113.3,Monsoon (Jun-Sep)
2018,9,September,Rangamati,Chittagong,529.29,6226.79,0.085002,262.0,Monsoon (Jun-Sep)
2018,9,September,Rangpur,Rangpur,1895.73,2572.65,0.736879,938.3,Monsoon (Jun-Sep)
2018,9,September,Satkhira,Khulna,1361.17,3543.74,0.384105,673.7,Monsoon (Jun-Sep)
2018,9,September,Shariatpur,Dhaka,217.1,1362.06,0.159391,107.5,Monsoon (Jun-Sep)
2018,9,September,Sherpur,Dhaka,469.55,1455.19,0.322674,232.4,Monsoon (Jun-Sep)
2018,9,September,Sirajganj,Rajshahi,643.72,2755.65,0.233601,318.6,Monsoon (Jun-Sep)
2018,9,September,Sunamganj,Sylhet,1899.91,4043.04,0.469921,940.4,Monsoon (Jun-Sep)
2018,9,September,Sylhet,Sylhet,625.51,3847.75,0.162566,309.6,Monsoon (Jun-Sep)
2018,9,September,Tangail,Dhaka,279.93,3707.07,0.075512,138.5,Monsoon (Jun-Sep)
2018,9,September,Thakurgaon,Rangpur,1554.61,2008.93,0.773848,769.4,Monsoon (Jun-Sep)
2018,10,October,Bagerhat,Khulna,1244.51,3965.62,0.313824,616.0,Post-Monsoon (Oct-Nov)
2018,10,October,Bandarban,Chittagong,2850.34,5000.66,0.569992,1410.8,Post-Monsoon (Oct-Nov)
2018,10,October,Barguna,Barisal,160.62,1547.28,0.103805,79.5,Post-Monsoon (Oct-Nov)
2018,10,October,Barisal,Barisal,466.09,2767.25,0.168432,230.7,Post-Monsoon (Oct-Nov)
2018,10,October,Bhola,Barisal,697.81,2471.69,0.282322,345.4,Post-Monsoon (Oct-Nov)
2018,10,October,Bogra,Rajshahi,313.56,3233.63,0.096968,155.2,Post-Monsoon (Oct-Nov)
2018,10,October,Brahamanbaria,Chittagong,321.71,2104.07,0.152901,159.2,Post-Monsoon (Oct-Nov)
2018,10,October,Chandpur,Chittagong,277.34,1864.17,0.148772,137.3,Post-Monsoon (Oct-Nov)
2018,10,October,Chittagong,Chittagong,1999.11,4736.75,0.422043,989.4,Post-Monsoon (Oct-Nov)
2018,10,October,Chuadanga,Khulna,741.48,1233.0,0.60136,367.0,Post-Monsoon (Oct-Nov)
2018,10,October,Comilla,Chittagong,1782.61,3351.85,0.531827,882.3,Post-Monsoon (Oct-Nov)
2018,10,October,Cox's Bazar,Chittagong,336.38,2206.6,0.152443,166.5,Post-Monsoon (Oct-Nov)
2018,10,October,Dhaka,Dhaka,102.83,1611.18,0.063823,50.9,Post-Monsoon (Oct-Nov)
2018,10,October,Dinajpur,Rangpur,3089.47,3829.09,0.806843,1529.1,Post-Monsoon (Oct-Nov)
2018,10,October,Faridpur,Dhaka,143.3,2227.54,0.064331,70.9,Post-Monsoon (Oct-Nov)
2018,10,October,Feni,Chittagong,517.26,960.78,0.538381,256.0,Post-Monsoon (Oct-Nov)
2018,10,October,Gaibandha,Rangpur,268.14,2410.25,0.111251,132.7,Post-Monsoon (Oct-Nov)
2018,10,October,Gazipur,Dhaka,140.21,1940.74,0.072243,69.4,Post-Monsoon (Oct-Nov)
2018,10,October,Gopalganj,Dhaka,153.05,1602.77,0.09549,75.8,Post-Monsoon (Oct-Nov)
2018,10,October,Habiganj,Sylhet,322.76,2857.81,0.112939,159.7,Post-Monsoon (Oct-Nov)
2018,10,October,Jamalpur,Dhaka,190.72,2272.36,0.083928,94.4,Post-Monsoon (Oct-Nov)
2018,10,October,Jessore,Khulna,602.03,2784.67,0.216195,298.0,Post-Monsoon (Oct-Nov)
2018,10,October,Jhalokati,Barisal,36.75,807.93,0.045481,18.2,Post-Monsoon (Oct-Nov)
2018,10,October,Jhenaidah,Khulna,1146.83,2143.59,0.535003,567.6,Post-Monsoon (Oct-Nov)
2018,10,October,Joypurhat,Rajshahi,853.68,1081.54,0.789315,422.5,Post-Monsoon (Oct-Nov)
2018,10,October,Khagrachhari,Chittagong,1845.82,3108.48,0.593801,913.6,Post-Monsoon (Oct-Nov)
2018,10,October,Khulna,Khulna,949.74,3868.06,0.245533,470.1,Post-Monsoon (Oct-Nov)
2018,10,October,Kishoreganj,Dhaka,785.79,2821.62,0.278491,388.9,Post-Monsoon (Oct-Nov)
2018,10,October,Kurigram,Rangpur,387.3,2481.86,0.156052,191.7,Post-Monsoon (Oct-Nov)
2018,10,October,Kushtia,Khulna,123.58,1830.28,0.067518,61.2,Post-Monsoon (Oct-Nov)
2018,10,October,Lakshmipur,Chittagong,300.2,1573.07,0.190838,148.6,Post-Monsoon (Oct-Nov)
2018,10,October,Lalmonirhat,Rangpur,885.3,1381.75,0.640709,438.2,Post-Monsoon (Oct-Nov)
2018,10,October,Madaripur,Dhaka,87.22,1257.23,0.069376,43.2,Post-Monsoon (Oct-Nov)
2018,10,October,Magura,Khulna,77.39,1143.98,0.067651,38.3,Post-Monsoon (Oct-Nov)
2018,10,October,Manikganj,Dhaka,206.69,1531.92,0.134926,102.3,Post-Monsoon (Oct-Nov)
2018,10,October,Maulvibazar,Sylhet,224.48,2819.05,0.07963,111.1,Post-Monsoon (Oct-Nov)
2018,10,October,Meherpur,Khulna,412.68,732.79,0.563168,204.3,Post-Monsoon (Oct-Nov)
2018,10,October,Munshiganj,Dhaka,93.55,1036.66,0.09024,46.3,Post-Monsoon (Oct-Nov)
2018,10,October,Mymensingh,Dhaka,2910.37,4784.19,0.60833,1440.5,Post-Monsoon (Oct-Nov)
2018,10,October,Naogaon,Rajshahi,1501.28,3824.58,0.392534,743.1,Post-Monsoon (Oct-Nov)
2018,10,October,Narail,Khulna,76.26,1072.86,0.071086,37.7,Post-Monsoon (Oct-Nov)
2018,10,October,Narayanganj,Dhaka,56.13,832.16,0.067455,27.8,Post-Monsoon (Oct-Nov)
2018,10,October,Narsingdi,Dhaka,96.85,1281.34,0.075582,47.9,Post-Monsoon (Oct-Nov)
2018,10,October,Natore,Rajshahi,106.25,2101.7,0.050553,52.6,Post-Monsoon (Oct-Nov)
2018,10,October,Nawabganj,Rajshahi,109.33,1804.38,0.060593,54.1,Post-Monsoon (Oct-Nov)
2018,10,October,Netrakona,Dhaka,491.51,3089.39,0.159095,243.3,Post-Monsoon (Oct-Nov)
2018,10,October,Nilphamari,Rangpur,1273.86,1836.84,0.693507,630.5,Post-Monsoon (Oct-Nov)
2018,10,October,Noakhali,Chittagong,151.69,2642.03,0.057414,75.1,Post-Monsoon (Oct-Nov)
2018,10,October,Pabna,Rajshahi,234.32,2634.14,0.088954,116.0,Post-Monsoon (Oct-Nov)
2018,10,October,Panchagarh,Rangpur,1138.62,1548.93,0.735098,563.6,Post-Monsoon (Oct-Nov)
2018,10,October,Patuakhali,Barisal,227.76,2730.09,0.083427,112.7,Post-Monsoon (Oct-Nov)
2018,10,October,Pirojpur,Barisal,95.57,1365.69,0.069978,47.3,Post-Monsoon (Oct-Nov)
2018,10,October,Rajbari,Dhaka,141.11,1249.73,0.112909,69.8,Post-Monsoon (Oct-Nov)
2018,10,October,Rajshahi,Rajshahi,219.22,2664.72,0.082268,108.5,Post-Monsoon (Oct-Nov)
2018,10,October,Rangamati,Chittagong,509.73,6226.79,0.081861,252.3,Post-Monsoon (Oct-Nov)
2018,10,October,Rangpur,Rangpur,2003.97,2572.65,0.778953,991.9,Post-Monsoon (Oct-Nov)
2018,10,October,Satkhira,Khulna,1466.1,3543.74,0.413714,725.6,Post-Monsoon (Oct-Nov)
2018,10,October,Shariatpur,Dhaka,178.17,1362.06,0.130809,88.2,Post-Monsoon (Oct-Nov)
2018,10,October,Sherpur,Dhaka,899.37,1455.19,0.618039,445.1,Post-Monsoon (Oct-Nov)
2018,10,October,Sirajganj,Rajshahi,389.11,2755.65,0.141206,192.6,Post-Monsoon (Oct-Nov)
2018,10,October,Sunamganj,Sylhet,1456.32,4043.04,0.360205,720.8,Post-Monsoon (Oct-Nov)
2018,10,October,Sylhet,Sylhet,420.41,3847.75,0.109262,208.1,Post-Monsoon (Oct-Nov)
2018,10,October,Tangail,Dhaka,166.98,3707.07,0.045044,82.6,Post-Monsoon (Oct-Nov)
2018,10,October,Thakurgaon,Rangpur,1548.21,2008.93,0.770664,766.3,Post-Monsoon (Oct-Nov)
2018,11,November,Bagerhat,Khulna,1076.2,3965.62,0.271382,532.7,Post-Monsoon (Oct-Nov)
2018,11,November,Bandarban,Chittagong,3199.46,5000.66,0.639807,1583.6,Post-Monsoon (Oct-Nov)
2018,11,November,Barguna,Barisal,158.92,1547.28,0.102709,78.7,Post-Monsoon (Oct-Nov)
2018,11,November,Barisal,Barisal,498.5,2767.25,0.180143,246.7,Post-Monsoon (Oct-Nov)
2018,11,November,Bhola,Barisal,679.61,2471.69,0.274958,336.4,Post-Monsoon (Oct-Nov)
2018,11,November,Bogra,Rajshahi,379.41,3233.63,0.117331,187.8,Post-Monsoon (Oct-Nov)
2018,11,November,Brahamanbaria,Chittagong,152.7,2104.07,0.072572,75.6,Post-Monsoon (Oct-Nov)
2018,11,November,Chandpur,Chittagong,265.19,1864.17,0.142255,131.3,Post-Monsoon (Oct-Nov)
2018,11,November,Chittagong,Chittagong,1534.5,4736.75,0.323957,759.5,Post-Monsoon (Oct-Nov)
2018,11,November,Chuadanga,Khulna,630.01,1233.0,0.510957,311.8,Post-Monsoon (Oct-Nov)
2018,11,November,Comilla,Chittagong,1789.67,3351.85,0.533935,885.8,Post-Monsoon (Oct-Nov)
2018,11,November,Cox's Bazar,Chittagong,247.17,2206.6,0.112013,122.3,Post-Monsoon (Oct-Nov)
2018,11,November,Dhaka,Dhaka,152.49,1611.18,0.094643,75.5,Post-Monsoon (Oct-Nov)
2018,11,November,Dinajpur,Rangpur,3130.09,3829.09,0.817452,1549.2,Post-Monsoon (Oct-Nov)
2018,11,November,Faridpur,Dhaka,126.17,2227.54,0.05664,62.4,Post-Monsoon (Oct-Nov)
2018,11,November,Feni,Chittagong,520.49,960.78,0.541734,257.6,Post-Monsoon (Oct-Nov)
2018,11,November,Gaibandha,Rangpur,267.66,2410.25,0.111051,132.5,Post-Monsoon (Oct-Nov)
2018,11,November,Gazipur,Dhaka,908.3,1940.74,0.468016,449.6,Post-Monsoon (Oct-Nov)
2018,11,November,Gopalganj,Dhaka,200.12,1602.77,0.124857,99.0,Post-Monsoon (Oct-Nov)
2018,11,November,Habiganj,Sylhet,419.37,2857.81,0.146747,207.6,Post-Monsoon (Oct-Nov)
2018,11,November,Jamalpur,Dhaka,283.92,2272.36,0.124943,140.5,Post-Monsoon (Oct-Nov)
2018,11,November,Jessore,Khulna,211.33,2784.67,0.075892,104.6,Post-Monsoon (Oct-Nov)
2018,11,November,Jhalokati,Barisal,42.61,807.93,0.052734,21.1,Post-Monsoon (Oct-Nov)
2018,11,November,Jhenaidah,Khulna,1202.43,2143.59,0.560941,595.1,Post-Monsoon (Oct-Nov)
2018,11,November,Joypurhat,Rajshahi,877.46,1081.54,0.811305,434.3,Post-Monsoon (Oct-Nov)
2018,11,November,Khagrachhari,Chittagong,2117.92,3108.48,0.681338,1048.3,Post-Monsoon (Oct-Nov)
2018,11,November,Khulna,Khulna,1168.3,3868.06,0.302039,578.2,Post-Monsoon (Oct-Nov)
2018,11,November,Kishoreganj,Dhaka,285.25,2821.62,0.101095,141.2,Post-Monsoon (Oct-Nov)
2018,11,November,Kurigram,Rangpur,402.93,2481.86,0.16235,199.4,Post-Monsoon (Oct-Nov)
2018,11,November,Kushtia,Khulna,125.19,1830.28,0.0684,62.0,Post-Monsoon (Oct-Nov)
2018,11,November,Lakshmipur,Chittagong,297.2,1573.07,0.188928,147.1,Post-Monsoon (Oct-Nov)
2018,11,November,Lalmonirhat,Rangpur,856.42,1381.75,0.619809,423.9,Post-Monsoon (Oct-Nov)
2018,11,November,Madaripur,Dhaka,92.76,1257.23,0.07378,45.9,Post-Monsoon (Oct-Nov)
2018,11,November,Magura,Khulna,24.7,1143.98,0.021595,12.2,Post-Monsoon (Oct-Nov)
2018,11,November,Manikganj,Dhaka,191.74,1531.92,0.125163,94.9,Post-Monsoon (Oct-Nov)
2018,11,November,Maulvibazar,Sylhet,190.44,2819.05,0.067556,94.3,Post-Monsoon (Oct-Nov)
2018,11,November,Meherpur,Khulna,433.84,732.79,0.59204,214.7,Post-Monsoon (Oct-Nov)
2018,11,November,Munshiganj,Dhaka,93.7,1036.66,0.09039,46.4,Post-Monsoon (Oct-Nov)
2018,11,November,Mymensingh,Dhaka,2792.31,4784.19,0.583654,1382.0,Post-Monsoon (Oct-Nov)
2018,11,November,Naogaon,Rajshahi,2124.62,3824.58,0.555519,1051.6,Post-Monsoon (Oct-Nov)
2018,11,November,Narail,Khulna,69.87,1072.86,0.065128,34.6,Post-Monsoon (Oct-Nov)
2018,11,November,Narayanganj,Dhaka,50.84,832.16,0.061091,25.2,Post-Monsoon (Oct-Nov)
2018,11,November,Narsingdi,Dhaka,69.42,1281.34,0.05418,34.4,Post-Monsoon (Oct-Nov)
2018,11,November,Natore,Rajshahi,61.66,2101.7,0.029338,30.5,Post-Monsoon (Oct-Nov)
2018,11,November,Nawabganj,Rajshahi,131.85,1804.38,0.073072,65.3,Post-Monsoon (Oct-Nov)
2018,11,November,Netrakona,Dhaka,272.28,3089.39,0.088133,134.8,Post-Monsoon (Oct-Nov)
2018,11,November,Nilphamari,Rangpur,1292.0,1836.84,0.703384,639.5,Post-Monsoon (Oct-Nov)
2018,11,November,Noakhali,Chittagong,144.1,2642.02,0.05454,71.3,Post-Monsoon (Oct-Nov)
2018,11,November,Pabna,Rajshahi,151.93,2634.14,0.057679,75.2,Post-Monsoon (Oct-Nov)
2018,11,November,Panchagarh,Rangpur,1136.7,1548.93,0.733863,562.6,Post-Monsoon (Oct-Nov)
2018,11,November,Patuakhali,Barisal,219.76,2730.09,0.080496,108.8,Post-Monsoon (Oct-Nov)
2018,11,November,Pirojpur,Barisal,106.64,1365.69,0.078084,52.8,Post-Monsoon (Oct-Nov)
2018,11,November,Rajbari,Dhaka,132.61,1249.73,0.106111,65.6,Post-Monsoon (Oct-Nov)
2018,11,November,Rajshahi,Rajshahi,160.41,2664.72,0.060198,79.4,Post-Monsoon (Oct-Nov)
2018,11,November,Rangamati,Chittagong,509.45,6226.79,0.081816,252.1,Post-Monsoon (Oct-Nov)
2018,11,November,Rangpur,Rangpur,1922.27,2572.65,0.747194,951.4,Post-Monsoon (Oct-Nov)
2018,11,November,Satkhira,Khulna,1469.99,3543.74,0.414814,727.6,Post-Monsoon (Oct-Nov)
2018,11,November,Shariatpur,Dhaka,176.2,1362.06,0.129366,87.2,Post-Monsoon (Oct-Nov)
2018,11,November,Sherpur,Dhaka,979.34,1455.19,0.672999,484.7,Post-Monsoon (Oct-Nov)
2018,11,November,Sirajganj,Rajshahi,344.66,2755.65,0.125074,170.6,Post-Monsoon (Oct-Nov)
2018,11,November,Sunamganj,Sylhet,1001.16,4043.04,0.247626,495.5,Post-Monsoon (Oct-Nov)
2018,11,November,Sylhet,Sylhet,433.45,3847.75,0.112651,214.5,Post-Monsoon (Oct-Nov)
2018,11,November,Tangail,Dhaka,835.76,3707.07,0.225449,413.7,Post-Monsoon (Oct-Nov)
2018,11,November,Thakurgaon,Rangpur,1728.45,2008.93,0.860384,855.5,Post-Monsoon (Oct-Nov)
2018,12,December,Bagerhat,Khulna,961.38,3965.62,0.242428,475.8,Dry Winter (Dec-Feb)
2018,12,December,Bandarban,Chittagong,2620.9,5000.66,0.524111,1297.2,Dry Winter (Dec-Feb)
2018,12,December,Barguna,Barisal,161.2,1547.28,0.104182,79.8,Dry Winter (Dec-Feb)
2018,12,December,Barisal,Barisal,438.37,2767.25,0.158413,217.0,Dry Winter (Dec-Feb)
2018,12,December,Bhola,Barisal,661.39,2471.69,0.267587,327.4,Dry Winter (Dec-Feb)
2018,12,December,Bogra,Rajshahi,374.54,3233.63,0.115826,185.4,Dry Winter (Dec-Feb)
2018,12,December,Brahamanbaria,Chittagong,607.22,2104.07,0.288592,300.5,Dry Winter (Dec-Feb)
2018,12,December,Chandpur,Chittagong,243.15,1864.17,0.130431,120.3,Dry Winter (Dec-Feb)
2018,12,December,Chittagong,Chittagong,1878.54,4736.75,0.396588,929.8,Dry Winter (Dec-Feb)
2018,12,December,Chuadanga,Khulna,631.84,1233.0,0.512443,312.7,Dry Winter (Dec-Feb)
2018,12,December,Comilla,Chittagong,1751.25,3351.85,0.522472,866.8,Dry Winter (Dec-Feb)
2018,12,December,Cox's Bazar,Chittagong,880.44,2206.6,0.399004,435.8,Dry Winter (Dec-Feb)
2018,12,December,Dhaka,Dhaka,876.76,1611.18,0.544176,433.9,Dry Winter (Dec-Feb)
2018,12,December,Dinajpur,Rangpur,2820.34,3829.09,0.736556,1395.9,Dry Winter (Dec-Feb)
2018,12,December,Faridpur,Dhaka,115.65,2227.54,0.051918,57.2,Dry Winter (Dec-Feb)
2018,12,December,Feni,Chittagong,546.82,960.78,0.569147,270.6,Dry Winter (Dec-Feb)
2018,12,December,Gaibandha,Rangpur,270.88,2410.25,0.112388,134.1,Dry Winter (Dec-Feb)
2018,12,December,Gazipur,Dhaka,1136.68,1940.74,0.585694,562.6,Dry Winter (Dec-Feb)
2018,12,December,Gopalganj,Dhaka,281.73,1602.77,0.175776,139.4,Dry Winter (Dec-Feb)
2018,12,December,Habiganj,Sylhet,718.73,2857.81,0.251498,355.7,Dry Winter (Dec-Feb)
2018,12,December,Jamalpur,Dhaka,411.77,2272.36,0.181207,203.8,Dry Winter (Dec-Feb)
2018,12,December,Jessore,Khulna,223.07,2784.67,0.080107,110.4,Dry Winter (Dec-Feb)
2018,12,December,Jhalokati,Barisal,36.8,807.93,0.045545,18.2,Dry Winter (Dec-Feb)
2018,12,December,Jhenaidah,Khulna,1006.61,2143.59,0.469592,498.2,Dry Winter (Dec-Feb)
2018,12,December,Joypurhat,Rajshahi,618.89,1081.54,0.572229,306.3,Dry Winter (Dec-Feb)
2018,12,December,Khagrachhari,Chittagong,2035.12,3108.48,0.654701,1007.3,Dry Winter (Dec-Feb)
2018,12,December,Khulna,Khulna,968.11,3868.06,0.250284,479.2,Dry Winter (Dec-Feb)
2018,12,December,Kishoreganj,Dhaka,146.88,2821.62,0.052057,72.7,Dry Winter (Dec-Feb)
2018,12,December,Kurigram,Rangpur,390.41,2481.86,0.157306,193.2,Dry Winter (Dec-Feb)
2018,12,December,Kushtia,Khulna,126.36,1830.28,0.069037,62.5,Dry Winter (Dec-Feb)
2018,12,December,Lakshmipur,Chittagong,287.94,1573.07,0.183043,142.5,Dry Winter (Dec-Feb)
2018,12,December,Lalmonirhat,Rangpur,794.8,1381.75,0.575211,393.4,Dry Winter (Dec-Feb)
2018,12,December,Madaripur,Dhaka,99.96,1257.23,0.079508,49.5,Dry Winter (Dec-Feb)
2018,12,December,Magura,Khulna,307.53,1143.98,0.268826,152.2,Dry Winter (Dec-Feb)
2018,12,December,Manikganj,Dhaka,177.27,1531.92,0.115716,87.7,Dry Winter (Dec-Feb)
2018,12,December,Maulvibazar,Sylhet,264.49,2819.05,0.093823,130.9,Dry Winter (Dec-Feb)
2018,12,December,Meherpur,Khulna,367.99,732.79,0.502184,182.1,Dry Winter (Dec-Feb)
2018,12,December,Munshiganj,Dhaka,76.67,1036.66,0.073955,37.9,Dry Winter (Dec-Feb)
2018,12,December,Mymensingh,Dhaka,2751.4,4784.19,0.575102,1361.8,Dry Winter (Dec-Feb)
2018,12,December,Naogaon,Rajshahi,2169.46,3824.58,0.567242,1073.8,Dry Winter (Dec-Feb)
2018,12,December,Narail,Khulna,113.17,1072.86,0.105483,56.0,Dry Winter (Dec-Feb)
2018,12,December,Narayanganj,Dhaka,346.07,832.16,0.415873,171.3,Dry Winter (Dec-Feb)
2018,12,December,Narsingdi,Dhaka,60.1,1281.34,0.046906,29.7,Dry Winter (Dec-Feb)
2018,12,December,Natore,Rajshahi,444.12,2101.7,0.211317,219.8,Dry Winter (Dec-Feb)
2018,12,December,Nawabganj,Rajshahi,192.86,1804.38,0.106883,95.5,Dry Winter (Dec-Feb)
2018,12,December,Netrakona,Dhaka,502.81,3089.39,0.162755,248.9,Dry Winter (Dec-Feb)
2018,12,December,Nilphamari,Rangpur,1104.51,1836.84,0.601312,546.7,Dry Winter (Dec-Feb)
2018,12,December,Noakhali,Chittagong,155.08,2642.03,0.058697,76.8,Dry Winter (Dec-Feb)
2018,12,December,Pabna,Rajshahi,178.22,2634.14,0.067656,88.2,Dry Winter (Dec-Feb)
2018,12,December,Panchagarh,Rangpur,955.05,1548.93,0.616587,472.7,Dry Winter (Dec-Feb)
2018,12,December,Patuakhali,Barisal,224.45,2730.09,0.082214,111.1,Dry Winter (Dec-Feb)
2018,12,December,Pirojpur,Barisal,106.56,1365.69,0.07803,52.7,Dry Winter (Dec-Feb)
2018,12,December,Rajbari,Dhaka,124.28,1249.73,0.099449,61.5,Dry Winter (Dec-Feb)
2018,12,December,Rajshahi,Rajshahi,280.82,2664.72,0.105383,139.0,Dry Winter (Dec-Feb)
2018,12,December,Rangamati,Chittagong,489.19,6226.79,0.078563,242.1,Dry Winter (Dec-Feb)
2018,12,December,Rangpur,Rangpur,1799.86,2572.65,0.699615,890.8,Dry Winter (Dec-Feb)
2018,12,December,Satkhira,Khulna,1244.21,3543.74,0.351102,615.8,Dry Winter (Dec-Feb)
2018,12,December,Shariatpur,Dhaka,150.56,1362.06,0.110537,74.5,Dry Winter (Dec-Feb)
2018,12,December,Sherpur,Dhaka,1086.96,1455.19,0.746954,538.0,Dry Winter (Dec-Feb)
2018,12,December,Sirajganj,Rajshahi,324.39,2755.65,0.117719,160.6,Dry Winter (Dec-Feb)
2018,12,December,Sunamganj,Sylhet,585.85,4043.04,0.144903,290.0,Dry Winter (Dec-Feb)
2018,12,December,Sylhet,Sylhet,593.17,3847.75,0.15416,293.6,Dry Winter (Dec-Feb)
2018,12,December,Tangail,Dhaka,1877.3,3707.07,0.506412,929.2,Dry Winter (Dec-Feb)
2018,12,December,Thakurgaon,Rangpur,1409.37,2008.93,0.70155,697.6,Dry Winter (Dec-Feb)
2019,1,January,Bagerhat,Khulna,900.31,3965.62,0.227029,445.6,Dry Winter (Dec-Feb)
2019,1,January,Bandarban,Chittagong,3022.85,5000.66,0.60449,1496.1,Dry Winter (Dec-Feb)
2019,1,January,Barguna,Barisal,156.43,1547.28,0.101101,77.4,Dry Winter (Dec-Feb)
2019,1,January,Barisal,Barisal,442.63,2767.25,0.159953,219.1,Dry Winter (Dec-Feb)
2019,1,January,Bhola,Barisal,664.93,2471.69,0.269017,329.1,Dry Winter (Dec-Feb)
2019,1,January,Bogra,Rajshahi,211.67,3233.63,0.06546,104.8,Dry Winter (Dec-Feb)
2019,1,January,Brahamanbaria,Chittagong,1206.91,2104.07,0.573606,597.4,Dry Winter (Dec-Feb)
2019,1,January,Chandpur,Chittagong,243.57,1864.17,0.130661,120.6,Dry Winter (Dec-Feb)
2019,1,January,Chittagong,Chittagong,2241.73,4736.75,0.473265,1109.5,Dry Winter (Dec-Feb)
2019,1,January,Chuadanga,Khulna,715.4,1233.0,0.580206,354.1,Dry Winter (Dec-Feb)
2019,1,January,Comilla,Chittagong,1926.49,3351.85,0.574754,953.5,Dry Winter (Dec-Feb)
2019,1,January,Cox's Bazar,Chittagong,920.11,2206.6,0.416982,455.4,Dry Winter (Dec-Feb)
2019,1,January,Dhaka,Dhaka,870.02,1611.18,0.539992,430.6,Dry Winter (Dec-Feb)
2019,1,January,Dinajpur,Rangpur,1834.18,3829.09,0.479014,907.8,Dry Winter (Dec-Feb)
2019,1,January,Faridpur,Dhaka,1044.58,2227.54,0.468937,517.0,Dry Winter (Dec-Feb)
2019,1,January,Feni,Chittagong,531.59,960.78,0.553291,263.1,Dry Winter (Dec-Feb)
2019,1,January,Gaibandha,Rangpur,172.76,2410.25,0.071677,85.5,Dry Winter (Dec-Feb)
2019,1,January,Gazipur,Dhaka,1061.4,1940.74,0.546904,525.3,Dry Winter (Dec-Feb)
2019,1,January,Gopalganj,Dhaka,850.75,1602.77,0.530803,421.1,Dry Winter (Dec-Feb)
2019,1,January,Habiganj,Sylhet,1495.38,2857.81,0.523261,740.1,Dry Winter (Dec-Feb)
2019,1,January,Jamalpur,Dhaka,210.0,2272.36,0.092414,103.9,Dry Winter (Dec-Feb)
2019,1,January,Jessore,Khulna,853.03,2784.67,0.306329,422.2,Dry Winter (Dec-Feb)
2019,1,January,Jhalokati,Barisal,36.17,807.93,0.044774,17.9,Dry Winter (Dec-Feb)
2019,1,January,Jhenaidah,Khulna,1099.73,2143.59,0.513029,544.3,Dry Winter (Dec-Feb)
2019,1,January,Joypurhat,Rajshahi,506.31,1081.54,0.46814,250.6,Dry Winter (Dec-Feb)
2019,1,January,Khagrachhari,Chittagong,2174.05,3108.48,0.699393,1076.0,Dry Winter (Dec-Feb)
2019,1,January,Khulna,Khulna,943.28,3868.06,0.243864,466.9,Dry Winter (Dec-Feb)
2019,1,January,Kishoreganj,Dhaka,1286.82,2821.62,0.456058,636.9,Dry Winter (Dec-Feb)
2019,1,January,Kurigram,Rangpur,467.35,2481.86,0.188305,231.3,Dry Winter (Dec-Feb)
2019,1,January,Kushtia,Khulna,138.68,1830.28,0.075771,68.6,Dry Winter (Dec-Feb)
2019,1,January,Lakshmipur,Chittagong,290.9,1573.07,0.184928,144.0,Dry Winter (Dec-Feb)
2019,1,January,Lalmonirhat,Rangpur,94.74,1381.75,0.068566,46.9,Dry Winter (Dec-Feb)
2019,1,January,Madaripur,Dhaka,88.73,1257.23,0.070573,43.9,Dry Winter (Dec-Feb)
2019,1,January,Magura,Khulna,674.41,1143.98,0.589535,333.8,Dry Winter (Dec-Feb)
2019,1,January,Manikganj,Dhaka,184.95,1531.92,0.120732,91.5,Dry Winter (Dec-Feb)
2019,1,January,Maulvibazar,Sylhet,792.97,2819.05,0.281289,392.5,Dry Winter (Dec-Feb)
2019,1,January,Meherpur,Khulna,502.64,732.79,0.685933,248.8,Dry Winter (Dec-Feb)
2019,1,January,Munshiganj,Dhaka,75.08,1036.66,0.072425,37.2,Dry Winter (Dec-Feb)
2019,1,January,Mymensingh,Dhaka,2834.73,4784.19,0.59252,1403.0,Dry Winter (Dec-Feb)
2019,1,January,Naogaon,Rajshahi,2540.5,3824.58,0.664258,1257.4,Dry Winter (Dec-Feb)
2019,1,January,Narail,Khulna,131.77,1072.86,0.122824,65.2,Dry Winter (Dec-Feb)
2019,1,January,Narayanganj,Dhaka,371.26,832.16,0.446143,183.8,Dry Winter (Dec-Feb)
2019,1,January,Narsingdi,Dhaka,60.81,1281.34,0.047457,30.1,Dry Winter (Dec-Feb)
2019,1,January,Natore,Rajshahi,1295.27,2101.7,0.616297,641.1,Dry Winter (Dec-Feb)
2019,1,January,Nawabganj,Rajshahi,934.05,1804.38,0.517655,462.3,Dry Winter (Dec-Feb)
2019,1,January,Netrakona,Dhaka,1658.06,3089.39,0.536694,820.6,Dry Winter (Dec-Feb)
2019,1,January,Nilphamari,Rangpur,89.55,1836.84,0.04875,44.3,Dry Winter (Dec-Feb)
2019,1,January,Noakhali,Chittagong,131.64,2642.03,0.049826,65.2,Dry Winter (Dec-Feb)
2019,1,January,Pabna,Rajshahi,1137.2,2634.14,0.431718,562.9,Dry Winter (Dec-Feb)
2019,1,January,Panchagarh,Rangpur,1162.49,1548.93,0.750514,575.4,Dry Winter (Dec-Feb)
2019,1,January,Patuakhali,Barisal,213.67,2730.09,0.078265,105.8,Dry Winter (Dec-Feb)
2019,1,January,Pirojpur,Barisal,95.03,1365.69,0.069583,47.0,Dry Winter (Dec-Feb)
2019,1,January,Rajbari,Dhaka,124.39,1249.73,0.099532,61.6,Dry Winter (Dec-Feb)
2019,1,January,Rajshahi,Rajshahi,740.54,2664.72,0.277907,366.5,Dry Winter (Dec-Feb)
2019,1,January,Rangamati,Chittagong,516.66,6226.79,0.082973,255.7,Dry Winter (Dec-Feb)
2019,1,January,Rangpur,Rangpur,303.35,2572.65,0.117915,150.1,Dry Winter (Dec-Feb)
2019,1,January,Satkhira,Khulna,1104.83,3543.74,0.311771,546.8,Dry Winter (Dec-Feb)
2019,1,January,Shariatpur,Dhaka,144.36,1362.06,0.105987,71.5,Dry Winter (Dec-Feb)
2019,1,January,Sherpur,Dhaka,1039.35,1455.19,0.714231,514.4,Dry Winter (Dec-Feb)
2019,1,January,Sirajganj,Rajshahi,394.31,2755.65,0.143092,195.2,Dry Winter (Dec-Feb)
2019,1,January,Sunamganj,Sylhet,342.08,4043.04,0.084608,169.3,Dry Winter (Dec-Feb)
2019,1,January,Sylhet,Sylhet,1697.87,3847.75,0.441263,840.4,Dry Winter (Dec-Feb)
2019,1,January,Tangail,Dhaka,2003.78,3707.07,0.540529,991.8,Dry Winter (Dec-Feb)
2019,1,January,Thakurgaon,Rangpur,1488.95,2008.93,0.741163,736.9,Dry Winter (Dec-Feb)
2019,2,February,Bagerhat,Khulna,617.0,3965.62,0.155587,305.4,Dry Winter (Dec-Feb)
2019,2,February,Bandarban,Chittagong,3112.68,4999.9,0.622548,1540.6,Dry Winter (Dec-Feb)
2019,2,February,Barguna,Barisal,155.65,1547.28,0.100598,77.0,Dry Winter (Dec-Feb)
2019,2,February,Barisal,Barisal,398.12,2767.25,0.143869,197.0,Dry Winter (Dec-Feb)
2019,2,February,Bhola,Barisal,627.84,2471.67,0.254016,310.7,Dry Winter (Dec-Feb)
2019,2,February,Bogra,Rajshahi,1487.58,3233.63,0.460034,736.3,Dry Winter (Dec-Feb)
2019,2,February,Brahamanbaria,Chittagong,1067.53,2104.07,0.507366,528.4,Dry Winter (Dec-Feb)
2019,2,February,Chandpur,Chittagong,233.57,1864.17,0.125296,115.6,Dry Winter (Dec-Feb)
2019,2,February,Chittagong,Chittagong,2201.3,4736.17,0.464784,1089.5,Dry Winter (Dec-Feb)
2019,2,February,Chuadanga,Khulna,711.98,1233.0,0.577437,352.4,Dry Winter (Dec-Feb)
2019,2,February,Comilla,Chittagong,1750.49,3351.85,0.522245,866.4,Dry Winter (Dec-Feb)
2019,2,February,Cox's Bazar,Chittagong,980.27,2206.6,0.444242,485.2,Dry Winter (Dec-Feb)
2019,2,February,Dhaka,Dhaka,799.16,1611.18,0.496013,395.5,Dry Winter (Dec-Feb)
2019,2,February,Dinajpur,Rangpur,1623.26,3829.09,0.423929,803.4,Dry Winter (Dec-Feb)
2019,2,February,Faridpur,Dhaka,1089.28,2227.54,0.489005,539.1,Dry Winter (Dec-Feb)
2019,2,February,Feni,Chittagong,513.15,960.78,0.534102,254.0,Dry Winter (Dec-Feb)
2019,2,February,Gaibandha,Rangpur,348.38,2410.25,0.144542,172.4,Dry Winter (Dec-Feb)
2019,2,February,Gazipur,Dhaka,1089.74,1940.74,0.561506,539.4,Dry Winter (Dec-Feb)
2019,2,February,Gopalganj,Dhaka,759.58,1602.77,0.473916,376.0,Dry Winter (Dec-Feb)
2019,2,February,Habiganj,Sylhet,1377.84,2857.81,0.48213,682.0,Dry Winter (Dec-Feb)
2019,2,February,Jamalpur,Dhaka,742.76,2272.36,0.32687,367.6,Dry Winter (Dec-Feb)
2019,2,February,Jessore,Khulna,872.73,2784.67,0.313406,432.0,Dry Winter (Dec-Feb)
2019,2,February,Jhalokati,Barisal,33.78,807.93,0.041809,16.7,Dry Winter (Dec-Feb)
2019,2,February,Jhenaidah,Khulna,1097.78,2143.59,0.512119,543.3,Dry Winter (Dec-Feb)
2019,2,February,Joypurhat,Rajshahi,612.81,1081.54,0.566604,303.3,Dry Winter (Dec-Feb)
2019,2,February,Khagrachhari,Chittagong,1989.55,3108.38,0.640061,984.7,Dry Winter (Dec-Feb)
2019,2,February,Khulna,Khulna,549.25,3868.06,0.141996,271.8,Dry Winter (Dec-Feb)
2019,2,February,Kishoreganj,Dhaka,1425.72,2821.62,0.505285,705.7,Dry Winter (Dec-Feb)
2019,2,February,Kurigram,Rangpur,422.44,2481.86,0.170211,209.1,Dry Winter (Dec-Feb)
2019,2,February,Kushtia,Khulna,232.07,1830.28,0.126797,114.9,Dry Winter (Dec-Feb)
2019,2,February,Lakshmipur,Chittagong,277.4,1572.95,0.176359,137.3,Dry Winter (Dec-Feb)
2019,2,February,Lalmonirhat,Rangpur,487.23,1381.75,0.352617,241.2,Dry Winter (Dec-Feb)
2019,2,February,Madaripur,Dhaka,72.19,1257.23,0.057419,35.7,Dry Winter (Dec-Feb)
2019,2,February,Magura,Khulna,726.87,1143.98,0.63539,359.8,Dry Winter (Dec-Feb)
2019,2,February,Manikganj,Dhaka,171.83,1531.92,0.11217,85.0,Dry Winter (Dec-Feb)
2019,2,February,Maulvibazar,Sylhet,1116.24,2819.05,0.395962,552.5,Dry Winter (Dec-Feb)
2019,2,February,Meherpur,Khulna,452.94,732.79,0.618113,224.2,Dry Winter (Dec-Feb)
2019,2,February,Munshiganj,Dhaka,75.94,1036.66,0.073254,37.6,Dry Winter (Dec-Feb)
2019,2,February,Mymensingh,Dhaka,2791.97,4784.19,0.583582,1381.9,Dry Winter (Dec-Feb)
2019,2,February,Naogaon,Rajshahi,2844.49,3824.58,0.743739,1407.9,Dry Winter (Dec-Feb)
2019,2,February,Narail,Khulna,38.5,1072.86,0.035882,19.1,Dry Winter (Dec-Feb)
2019,2,February,Narayanganj,Dhaka,431.07,832.16,0.518011,213.4,Dry Winter (Dec-Feb)
2019,2,February,Narsingdi,Dhaka,66.86,1281.34,0.052183,33.1,Dry Winter (Dec-Feb)
2019,2,February,Natore,Rajshahi,1436.06,2101.7,0.683285,710.8,Dry Winter (Dec-Feb)
2019,2,February,Nawabganj,Rajshahi,964.14,1804.38,0.534332,477.2,Dry Winter (Dec-Feb)
2019,2,February,Netrakona,Dhaka,1707.76,3089.39,0.552783,845.2,Dry Winter (Dec-Feb)
2019,2,February,Nilphamari,Rangpur,708.39,1836.84,0.385656,350.6,Dry Winter (Dec-Feb)
2019,2,February,Noakhali,Chittagong,133.84,2641.78,0.050661,66.2,Dry Winter (Dec-Feb)
2019,2,February,Pabna,Rajshahi,1371.62,2634.14,0.520709,678.9,Dry Winter (Dec-Feb)
2019,2,February,Panchagarh,Rangpur,1057.57,1548.93,0.682772,523.4,Dry Winter (Dec-Feb)
2019,2,February,Patuakhali,Barisal,205.94,2730.09,0.075435,101.9,Dry Winter (Dec-Feb)
2019,2,February,Pirojpur,Barisal,89.97,1365.69,0.06588,44.5,Dry Winter (Dec-Feb)
2019,2,February,Rajbari,Dhaka,108.76,1249.73,0.087027,53.8,Dry Winter (Dec-Feb)
2019,2,February,Rajshahi,Rajshahi,1256.13,2664.72,0.471392,621.7,Dry Winter (Dec-Feb)
2019,2,February,Rangamati,Chittagong,423.1,6226.64,0.06795,209.4,Dry Winter (Dec-Feb)
2019,2,February,Rangpur,Rangpur,1025.38,2572.65,0.39857,507.5,Dry Winter (Dec-Feb)
2019,2,February,Satkhira,Khulna,944.47,3543.74,0.266518,467.5,Dry Winter (Dec-Feb)
2019,2,February,Shariatpur,Dhaka,131.85,1362.06,0.096805,65.3,Dry Winter (Dec-Feb)
2019,2,February,Sherpur,Dhaka,857.04,1455.19,0.588952,424.2,Dry Winter (Dec-Feb)
2019,2,February,Sirajganj,Rajshahi,294.73,2755.65,0.106956,145.9,Dry Winter (Dec-Feb)
2019,2,February,Sunamganj,Sylhet,959.83,4043.04,0.237403,475.1,Dry Winter (Dec-Feb)
2019,2,February,Sylhet,Sylhet,1541.97,3847.75,0.400746,763.2,Dry Winter (Dec-Feb)
2019,2,February,Tangail,Dhaka,1731.61,3707.07,0.46711,857.1,Dry Winter (Dec-Feb)
2019,2,February,Thakurgaon,Rangpur,1181.89,2008.93,0.588318,585.0,Dry Winter (Dec-Feb)
2019,3,March,Bagerhat,Khulna,639.26,3965.62,0.1612,316.4,Pre-Monsoon (Mar-May)
2019,3,March,Bandarban,Chittagong,2695.8,5000.02,0.539159,1334.3,Pre-Monsoon (Mar-May)
2019,3,March,Barguna,Barisal,156.04,1547.28,0.100847,77.2,Pre-Monsoon (Mar-May)
2019,3,March,Barisal,Barisal,435.64,2767.25,0.157426,215.6,Pre-Monsoon (Mar-May)
2019,3,March,Bhola,Barisal,692.19,2471.66,0.28005,342.6,Pre-Monsoon (Mar-May)
2019,3,March,Bogra,Rajshahi,1345.9,3233.63,0.416218,666.1,Pre-Monsoon (Mar-May)
2019,3,March,Brahamanbaria,Chittagong,989.92,2104.07,0.470476,490.0,Pre-Monsoon (Mar-May)
2019,3,March,Chandpur,Chittagong,245.29,1864.17,0.13158,121.4,Pre-Monsoon (Mar-May)
2019,3,March,Chittagong,Chittagong,2137.53,4736.41,0.451297,1058.0,Pre-Monsoon (Mar-May)
2019,3,March,Chuadanga,Khulna,634.12,1233.0,0.514288,313.9,Pre-Monsoon (Mar-May)
2019,3,March,Comilla,Chittagong,1771.85,3351.85,0.528619,877.0,Pre-Monsoon (Mar-May)
2019,3,March,Cox's Bazar,Chittagong,676.63,2206.6,0.306637,334.9,Pre-Monsoon (Mar-May)
2019,3,March,Dhaka,Dhaka,782.21,1611.18,0.485488,387.2,Pre-Monsoon (Mar-May)
2019,3,March,Dinajpur,Rangpur,2860.38,3829.09,0.747015,1415.7,Pre-Monsoon (Mar-May)
2019,3,March,Faridpur,Dhaka,871.44,2227.54,0.391213,431.3,Pre-Monsoon (Mar-May)
2019,3,March,Feni,Chittagong,430.82,960.78,0.448405,213.2,Pre-Monsoon (Mar-May)
2019,3,March,Gaibandha,Rangpur,305.57,2410.25,0.12678,151.2,Pre-Monsoon (Mar-May)
2019,3,March,Gazipur,Dhaka,962.38,1940.74,0.495882,476.3,Pre-Monsoon (Mar-May)
2019,3,March,Gopalganj,Dhaka,887.09,1602.77,0.553473,439.1,Pre-Monsoon (Mar-May)
2019,3,March,Habiganj,Sylhet,1599.72,2857.81,0.55977,791.8,Pre-Monsoon (Mar-May)
2019,3,March,Jamalpur,Dhaka,273.95,2272.36,0.120558,135.6,Pre-Monsoon (Mar-May)
2019,3,March,Jessore,Khulna,166.61,2784.67,0.059833,82.5,Pre-Monsoon (Mar-May)
2019,3,March,Jhalokati,Barisal,33.46,807.93,0.041416,16.6,Pre-Monsoon (Mar-May)
2019,3,March,Jhenaidah,Khulna,1185.81,2143.59,0.553188,586.9,Pre-Monsoon (Mar-May)
2019,3,March,Joypurhat,Rajshahi,885.47,1081.54,0.818705,438.3,Pre-Monsoon (Mar-May)
2019,3,March,Khagrachhari,Chittagong,1696.17,3108.41,0.54567,839.5,Pre-Monsoon (Mar-May)
2019,3,March,Khulna,Khulna,609.37,3868.06,0.157539,301.6,Pre-Monsoon (Mar-May)
2019,3,March,Kishoreganj,Dhaka,1293.72,2821.62,0.458502,640.3,Pre-Monsoon (Mar-May)
2019,3,March,Kurigram,Rangpur,588.29,2481.86,0.237035,291.2,Pre-Monsoon (Mar-May)
2019,3,March,Kushtia,Khulna,155.74,1830.28,0.085089,77.1,Pre-Monsoon (Mar-May)
2019,3,March,Lakshmipur,Chittagong,301.37,1572.93,0.191601,149.2,Pre-Monsoon (Mar-May)
2019,3,March,Lalmonirhat,Rangpur,397.59,1381.75,0.287746,196.8,Pre-Monsoon (Mar-May)
2019,3,March,Madaripur,Dhaka,71.66,1257.23,0.056999,35.5,Pre-Monsoon (Mar-May)
2019,3,March,Magura,Khulna,568.76,1143.98,0.497178,281.5,Pre-Monsoon (Mar-May)
2019,3,March,Manikganj,Dhaka,171.51,1531.92,0.111957,84.9,Pre-Monsoon (Mar-May)
2019,3,March,Maulvibazar,Sylhet,793.51,2819.05,0.281481,392.7,Pre-Monsoon (Mar-May)
2019,3,March,Meherpur,Khulna,489.09,732.79,0.667437,242.1,Pre-Monsoon (Mar-May)
2019,3,March,Munshiganj,Dhaka,70.98,1036.66,0.068466,35.1,Pre-Monsoon (Mar-May)
2019,3,March,Mymensingh,Dhaka,2651.78,4784.19,0.554279,1312.5,Pre-Monsoon (Mar-May)
2019,3,March,Naogaon,Rajshahi,3109.3,3824.58,0.812979,1538.9,Pre-Monsoon (Mar-May)
2019,3,March,Narail,Khulna,31.18,1072.86,0.029062,15.4,Pre-Monsoon (Mar-May)
2019,3,March,Narayanganj,Dhaka,427.67,832.16,0.513935,211.7,Pre-Monsoon (Mar-May)
2019,3,March,Narsingdi,Dhaka,152.44,1281.34,0.118973,75.4,Pre-Monsoon (Mar-May)
2019,3,March,Natore,Rajshahi,1429.71,2101.7,0.680266,707.6,Pre-Monsoon (Mar-May)
2019,3,March,Nawabganj,Rajshahi,665.52,1804.38,0.368834,329.4,Pre-Monsoon (Mar-May)
2019,3,March,Netrakona,Dhaka,1676.66,3089.39,0.542714,829.9,Pre-Monsoon (Mar-May)
2019,3,March,Nilphamari,Rangpur,1250.95,1836.84,0.681032,619.2,Pre-Monsoon (Mar-May)
2019,3,March,Noakhali,Chittagong,132.08,2641.76,0.049995,65.4,Pre-Monsoon (Mar-May)
2019,3,March,Pabna,Rajshahi,1356.04,2634.14,0.514796,671.2,Pre-Monsoon (Mar-May)
2019,3,March,Panchagarh,Rangpur,992.02,1548.93,0.640457,491.0,Pre-Monsoon (Mar-May)
2019,3,March,Patuakhali,Barisal,218.03,2730.09,0.079862,107.9,Pre-Monsoon (Mar-May)
2019,3,March,Pirojpur,Barisal,90.82,1365.69,0.066502,45.0,Pre-Monsoon (Mar-May)
2019,3,March,Rajbari,Dhaka,114.77,1249.73,0.09184,56.8,Pre-Monsoon (Mar-May)
2019,3,March,Rajshahi,Rajshahi,257.95,2664.72,0.096801,127.7,Pre-Monsoon (Mar-May)
2019,3,March,Rangamati,Chittagong,390.12,6226.51,0.062655,193.1,Pre-Monsoon (Mar-May)
2019,3,March,Rangpur,Rangpur,2061.62,2572.65,0.80136,1020.4,Pre-Monsoon (Mar-May)
2019,3,March,Satkhira,Khulna,916.98,3543.74,0.25876,453.9,Pre-Monsoon (Mar-May)
2019,3,March,Shariatpur,Dhaka,141.89,1362.06,0.104172,70.2,Pre-Monsoon (Mar-May)
2019,3,March,Sherpur,Dhaka,1030.62,1455.19,0.708233,510.1,Pre-Monsoon (Mar-May)
2019,3,March,Sirajganj,Rajshahi,298.47,2755.65,0.108311,147.7,Pre-Monsoon (Mar-May)
2019,3,March,Sunamganj,Sylhet,2087.52,4043.04,0.516324,1033.2,Pre-Monsoon (Mar-May)
2019,3,March,Sylhet,Sylhet,2264.23,3847.75,0.588457,1120.7,Pre-Monsoon (Mar-May)
2019,3,March,Tangail,Dhaka,1743.81,3707.07,0.470401,863.1,Pre-Monsoon (Mar-May)
2019,3,March,Thakurgaon,Rangpur,1369.25,2008.93,0.681581,677.7,Pre-Monsoon (Mar-May)
2019,4,April,Bagerhat,Khulna,808.99,3965.62,0.204,400.4,Pre-Monsoon (Mar-May)
2019,4,April,Bandarban,Chittagong,2467.11,5000.09,0.493414,1221.1,Pre-Monsoon (Mar-May)
2019,4,April,Barguna,Barisal,157.86,1547.28,0.102027,78.1,Pre-Monsoon (Mar-May)
2019,4,April,Barisal,Barisal,412.74,2767.25,0.149153,204.3,Pre-Monsoon (Mar-May)
2019,4,April,Bhola,Barisal,650.18,2471.67,0.263055,321.8,Pre-Monsoon (Mar-May)
2019,4,April,Bogra,Rajshahi,1696.19,3233.63,0.524547,839.5,Pre-Monsoon (Mar-May)
2019,4,April,Brahamanbaria,Chittagong,974.01,2104.07,0.462916,482.1,Pre-Monsoon (Mar-May)
2019,4,April,Chandpur,Chittagong,245.4,1864.17,0.131641,121.5,Pre-Monsoon (Mar-May)
2019,4,April,Chittagong,Chittagong,2106.45,4736.35,0.444741,1042.6,Pre-Monsoon (Mar-May)
2019,4,April,Chuadanga,Khulna,574.14,1233.0,0.465647,284.2,Pre-Monsoon (Mar-May)
2019,4,April,Comilla,Chittagong,1667.53,3351.85,0.497494,825.3,Pre-Monsoon (Mar-May)
2019,4,April,Cox's Bazar,Chittagong,911.06,2206.6,0.412881,450.9,Pre-Monsoon (Mar-May)
2019,4,April,Dhaka,Dhaka,871.36,1611.18,0.540824,431.3,Pre-Monsoon (Mar-May)
2019,4,April,Dinajpur,Rangpur,2791.36,3829.09,0.72899,1381.6,Pre-Monsoon (Mar-May)
2019,4,April,Faridpur,Dhaka,455.44,2227.54,0.204457,225.4,Pre-Monsoon (Mar-May)
2019,4,April,Feni,Chittagong,545.1,960.78,0.567359,269.8,Pre-Monsoon (Mar-May)
2019,4,April,Gaibandha,Rangpur,199.74,2410.25,0.08287,98.9,Pre-Monsoon (Mar-May)
2019,4,April,Gazipur,Dhaka,1022.9,1940.74,0.527068,506.3,Pre-Monsoon (Mar-May)
2019,4,April,Gopalganj,Dhaka,774.66,1602.77,0.483325,383.4,Pre-Monsoon (Mar-May)
2019,4,April,Habiganj,Sylhet,1422.98,2857.81,0.497925,704.3,Pre-Monsoon (Mar-May)
2019,4,April,Jamalpur,Dhaka,1265.94,2272.36,0.557106,626.6,Pre-Monsoon (Mar-May)
2019,4,April,Jessore,Khulna,732.29,2784.67,0.262972,362.4,Pre-Monsoon (Mar-May)
2019,4,April,Jhalokati,Barisal,33.23,807.93,0.04113,16.4,Pre-Monsoon (Mar-May)
2019,4,April,Jhenaidah,Khulna,1240.13,2143.59,0.578529,613.8,Pre-Monsoon (Mar-May)
2019,4,April,Joypurhat,Rajshahi,853.62,1081.54,0.789256,422.5,Pre-Monsoon (Mar-May)
2019,4,April,Khagrachhari,Chittagong,1578.88,3108.43,0.507935,781.5,Pre-Monsoon (Mar-May)
2019,4,April,Khulna,Khulna,581.79,3868.06,0.150409,288.0,Pre-Monsoon (Mar-May)
2019,4,April,Kishoreganj,Dhaka,813.2,2821.62,0.288203,402.5,Pre-Monsoon (Mar-May)
2019,4,April,Kurigram,Rangpur,317.06,2481.86,0.127749,156.9,Pre-Monsoon (Mar-May)
2019,4,April,Kushtia,Khulna,136.73,1830.28,0.074703,67.7,Pre-Monsoon (Mar-May)
2019,4,April,Lakshmipur,Chittagong,291.15,1573.02,0.185091,144.1,Pre-Monsoon (Mar-May)
2019,4,April,Lalmonirhat,Rangpur,628.84,1381.75,0.455104,311.2,Pre-Monsoon (Mar-May)
2019,4,April,Madaripur,Dhaka,70.97,1257.23,0.05645,35.1,Pre-Monsoon (Mar-May)
2019,4,April,Magura,Khulna,598.12,1143.98,0.522847,296.0,Pre-Monsoon (Mar-May)
2019,4,April,Manikganj,Dhaka,152.62,1531.92,0.099627,75.5,Pre-Monsoon (Mar-May)
2019,4,April,Maulvibazar,Sylhet,655.71,2819.05,0.232599,324.5,Pre-Monsoon (Mar-May)
2019,4,April,Meherpur,Khulna,473.2,732.79,0.645761,234.2,Pre-Monsoon (Mar-May)
2019,4,April,Munshiganj,Dhaka,73.66,1036.66,0.071059,36.5,Pre-Monsoon (Mar-May)
2019,4,April,Mymensingh,Dhaka,2543.15,4784.19,0.531574,1258.7,Pre-Monsoon (Mar-May)
2019,4,April,Naogaon,Rajshahi,3081.94,3824.58,0.805826,1525.4,Pre-Monsoon (Mar-May)
2019,4,April,Narail,Khulna,28.43,1072.86,0.026504,14.1,Pre-Monsoon (Mar-May)
2019,4,April,Narayanganj,Dhaka,407.57,832.16,0.48978,201.7,Pre-Monsoon (Mar-May)
2019,4,April,Narsingdi,Dhaka,426.35,1281.34,0.332739,211.0,Pre-Monsoon (Mar-May)
2019,4,April,Natore,Rajshahi,1239.55,2101.7,0.589784,613.5,Pre-Monsoon (Mar-May)
2019,4,April,Nawabganj,Rajshahi,896.27,1804.38,0.496719,443.6,Pre-Monsoon (Mar-May)
2019,4,April,Netrakona,Dhaka,1593.63,3089.39,0.515841,788.8,Pre-Monsoon (Mar-May)
2019,4,April,Nilphamari,Rangpur,1121.96,1836.84,0.61081,555.3,Pre-Monsoon (Mar-May)
2019,4,April,Noakhali,Chittagong,132.65,2641.87,0.050211,65.7,Pre-Monsoon (Mar-May)
2019,4,April,Pabna,Rajshahi,1142.72,2634.14,0.433812,565.6,Pre-Monsoon (Mar-May)
2019,4,April,Panchagarh,Rangpur,703.63,1548.93,0.454265,348.3,Pre-Monsoon (Mar-May)
2019,4,April,Patuakhali,Barisal,221.96,2730.09,0.081303,109.9,Pre-Monsoon (Mar-May)
2019,4,April,Pirojpur,Barisal,92.89,1365.69,0.068017,46.0,Pre-Monsoon (Mar-May)
2019,4,April,Rajbari,Dhaka,116.31,1249.73,0.093069,57.6,Pre-Monsoon (Mar-May)
2019,4,April,Rajshahi,Rajshahi,939.42,2664.72,0.352539,465.0,Pre-Monsoon (Mar-May)
2019,4,April,Rangamati,Chittagong,428.9,6226.54,0.068883,212.3,Pre-Monsoon (Mar-May)
2019,4,April,Rangpur,Rangpur,2031.75,2572.65,0.789752,1005.6,Pre-Monsoon (Mar-May)
2019,4,April,Satkhira,Khulna,937.16,3543.74,0.264454,463.8,Pre-Monsoon (Mar-May)
2019,4,April,Shariatpur,Dhaka,138.87,1362.06,0.101959,68.7,Pre-Monsoon (Mar-May)
2019,4,April,Sherpur,Dhaka,1059.26,1455.19,0.727916,524.3,Pre-Monsoon (Mar-May)
2019,4,April,Sirajganj,Rajshahi,240.79,2755.65,0.087379,119.2,Pre-Monsoon (Mar-May)
2019,4,April,Sunamganj,Sylhet,484.03,4043.04,0.119718,239.6,Pre-Monsoon (Mar-May)
2019,4,April,Sylhet,Sylhet,897.74,3847.75,0.233317,444.3,Pre-Monsoon (Mar-May)
2019,4,April,Tangail,Dhaka,1716.86,3707.07,0.463131,849.8,Pre-Monsoon (Mar-May)
2019,4,April,Thakurgaon,Rangpur,1166.42,2008.93,0.580617,577.3,Pre-Monsoon (Mar-May)
2019,5,May,Bagerhat,Khulna,1138.47,3965.62,0.287085,563.5,Pre-Monsoon (Mar-May)
2019,5,May,Bandarban,Chittagong,2857.54,5000.07,0.571501,1414.3,Pre-Monsoon (Mar-May)
2019,5,May,Barguna,Barisal,170.82,1547.28,0.110398,84.5,Pre-Monsoon (Mar-May)
2019,5,May,Barisal,Barisal,506.77,2767.25,0.183133,250.8,Pre-Monsoon (Mar-May)
2019,5,May,Bhola,Barisal,730.72,2471.66,0.295639,361.7,Pre-Monsoon (Mar-May)
2019,5,May,Bogra,Rajshahi,179.08,3233.63,0.055381,88.6,Pre-Monsoon (Mar-May)
2019,5,May,Brahamanbaria,Chittagong,182.12,2104.07,0.086554,90.1,Pre-Monsoon (Mar-May)
2019,5,May,Chandpur,Chittagong,268.67,1864.17,0.144125,133.0,Pre-Monsoon (Mar-May)
2019,5,May,Chittagong,Chittagong,1746.5,4736.28,0.36875,864.4,Pre-Monsoon (Mar-May)
2019,5,May,Chuadanga,Khulna,849.72,1233.0,0.689144,420.6,Pre-Monsoon (Mar-May)
2019,5,May,Comilla,Chittagong,1399.35,3351.85,0.417486,692.6,Pre-Monsoon (Mar-May)
2019,5,May,Cox's Bazar,Chittagong,580.11,2206.6,0.262898,287.1,Pre-Monsoon (Mar-May)
2019,5,May,Dhaka,Dhaka,914.26,1611.18,0.567449,452.5,Pre-Monsoon (Mar-May)
2019,5,May,Dinajpur,Rangpur,2906.88,3829.09,0.759159,1438.7,Pre-Monsoon (Mar-May)
2019,5,May,Faridpur,Dhaka,119.95,2227.54,0.053848,59.4,Pre-Monsoon (Mar-May)
2019,5,May,Feni,Chittagong,494.42,960.78,0.514605,244.7,Pre-Monsoon (Mar-May)
2019,5,May,Gaibandha,Rangpur,250.87,2410.25,0.104086,124.2,Pre-Monsoon (Mar-May)
2019,5,May,Gazipur,Dhaka,1030.78,1940.74,0.531129,510.2,Pre-Monsoon (Mar-May)
2019,5,May,Gopalganj,Dhaka,634.21,1602.77,0.395698,313.9,Pre-Monsoon (Mar-May)
2019,5,May,Habiganj,Sylhet,467.02,2857.81,0.163417,231.1,Pre-Monsoon (Mar-May)
2019,5,May,Jamalpur,Dhaka,167.17,2272.36,0.073566,82.7,Pre-Monsoon (Mar-May)
2019,5,May,Jessore,Khulna,1006.21,2784.67,0.361338,498.0,Pre-Monsoon (Mar-May)
2019,5,May,Jhalokati,Barisal,69.93,807.93,0.086552,34.6,Pre-Monsoon (Mar-May)
2019,5,May,Jhenaidah,Khulna,1377.1,2143.59,0.642426,681.6,Pre-Monsoon (Mar-May)
2019,5,May,Joypurhat,Rajshahi,914.53,1081.54,0.84558,452.6,Pre-Monsoon (Mar-May)
2019,5,May,Khagrachhari,Chittagong,1932.11,3108.4,0.621577,956.3,Pre-Monsoon (Mar-May)
2019,5,May,Khulna,Khulna,756.89,3868.06,0.195677,374.6,Pre-Monsoon (Mar-May)
2019,5,May,Kishoreganj,Dhaka,357.57,2821.62,0.126726,177.0,Pre-Monsoon (Mar-May)
2019,5,May,Kurigram,Rangpur,403.03,2481.86,0.162391,199.5,Pre-Monsoon (Mar-May)
2019,5,May,Kushtia,Khulna,135.35,1830.28,0.07395,67.0,Pre-Monsoon (Mar-May)
2019,5,May,Lakshmipur,Chittagong,312.0,1572.96,0.19835,154.4,Pre-Monsoon (Mar-May)
2019,5,May,Lalmonirhat,Rangpur,140.88,1381.75,0.101959,69.7,Pre-Monsoon (Mar-May)
2019,5,May,Madaripur,Dhaka,80.73,1257.23,0.064215,40.0,Pre-Monsoon (Mar-May)
2019,5,May,Magura,Khulna,448.04,1143.98,0.391649,221.8,Pre-Monsoon (Mar-May)
2019,5,May,Manikganj,Dhaka,174.3,1531.92,0.113777,86.3,Pre-Monsoon (Mar-May)
2019,5,May,Maulvibazar,Sylhet,210.99,2819.05,0.074846,104.4,Pre-Monsoon (Mar-May)
2019,5,May,Meherpur,Khulna,554.02,732.79,0.756051,274.2,Pre-Monsoon (Mar-May)
2019,5,May,Munshiganj,Dhaka,83.22,1036.66,0.080275,41.2,Pre-Monsoon (Mar-May)
2019,5,May,Mymensingh,Dhaka,2534.57,4784.19,0.529781,1254.5,Pre-Monsoon (Mar-May)
2019,5,May,Naogaon,Rajshahi,2847.14,3824.58,0.744433,1409.2,Pre-Monsoon (Mar-May)
2019,5,May,Narail,Khulna,37.24,1072.86,0.034708,18.4,Pre-Monsoon (Mar-May)
2019,5,May,Narayanganj,Dhaka,82.63,832.16,0.099296,40.9,Pre-Monsoon (Mar-May)
2019,5,May,Narsingdi,Dhaka,83.83,1281.34,0.065426,41.5,Pre-Monsoon (Mar-May)
2019,5,May,Natore,Rajshahi,1372.81,2101.7,0.653193,679.5,Pre-Monsoon (Mar-May)
2019,5,May,Nawabganj,Rajshahi,582.59,1804.38,0.322872,288.3,Pre-Monsoon (Mar-May)
2019,5,May,Netrakona,Dhaka,597.77,3089.39,0.193492,295.9,Pre-Monsoon (Mar-May)
2019,5,May,Nilphamari,Rangpur,1188.52,1836.84,0.647048,588.3,Pre-Monsoon (Mar-May)
2019,5,May,Noakhali,Chittagong,143.82,2641.79,0.054441,71.2,Pre-Monsoon (Mar-May)
2019,5,May,Pabna,Rajshahi,327.83,2634.14,0.124456,162.3,Pre-Monsoon (Mar-May)
2019,5,May,Panchagarh,Rangpur,896.41,1548.93,0.578727,443.7,Pre-Monsoon (Mar-May)
2019,5,May,Patuakhali,Barisal,264.56,2730.09,0.096905,130.9,Pre-Monsoon (Mar-May)
2019,5,May,Pirojpur,Barisal,129.42,1365.69,0.094766,64.1,Pre-Monsoon (Mar-May)
2019,5,May,Rajbari,Dhaka,131.47,1249.73,0.105201,65.1,Pre-Monsoon (Mar-May)
2019,5,May,Rajshahi,Rajshahi,484.68,2664.72,0.181888,239.9,Pre-Monsoon (Mar-May)
2019,5,May,Rangamati,Chittagong,427.14,6226.54,0.0686,211.4,Pre-Monsoon (Mar-May)
2019,5,May,Rangpur,Rangpur,1662.85,2572.65,0.646359,823.0,Pre-Monsoon (Mar-May)
2019,5,May,Satkhira,Khulna,1208.77,3543.74,0.341101,598.3,Pre-Monsoon (Mar-May)
2019,5,May,Shariatpur,Dhaka,162.7,1362.06,0.119449,80.5,Pre-Monsoon (Mar-May)
2019,5,May,Sherpur,Dhaka,888.71,1455.19,0.610712,439.9,Pre-Monsoon (Mar-May)
2019,5,May,Sirajganj,Rajshahi,309.41,2755.65,0.112282,153.1,Pre-Monsoon (Mar-May)
2019,5,May,Sunamganj,Sylhet,1034.38,4043.04,0.255841,512.0,Pre-Monsoon (Mar-May)
2019,5,May,Sylhet,Sylhet,456.02,3847.75,0.118515,225.7,Pre-Monsoon (Mar-May)
2019,5,May,Tangail,Dhaka,1268.26,3707.07,0.342118,627.7,Pre-Monsoon (Mar-May)
2019,5,May,Thakurgaon,Rangpur,1389.23,2008.93,0.691527,687.6,Pre-Monsoon (Mar-May)
2019,6,June,Bagerhat,Khulna,1271.94,3965.62,0.320741,629.5,Monsoon (Jun-Sep)
2019,6,June,Bandarban,Chittagong,2829.06,4999.84,0.565832,1400.2,Monsoon (Jun-Sep)
2019,6,June,Barguna,Barisal,167.83,1547.28,0.108469,83.1,Monsoon (Jun-Sep)
2019,6,June,Barisal,Barisal,448.49,2767.25,0.162069,222.0,Monsoon (Jun-Sep)
2019,6,June,Bhola,Barisal,661.98,2471.67,0.267828,327.6,Monsoon (Jun-Sep)
2019,6,June,Bogra,Rajshahi,182.73,3233.63,0.056509,90.4,Monsoon (Jun-Sep)
2019,6,June,Brahamanbaria,Chittagong,262.84,2104.07,0.124921,130.1,Monsoon (Jun-Sep)
2019,6,June,Chandpur,Chittagong,271.65,1864.17,0.14572,134.5,Monsoon (Jun-Sep)
2019,6,June,Chittagong,Chittagong,2205.12,4736.29,0.46558,1091.4,Monsoon (Jun-Sep)
2019,6,June,Chuadanga,Khulna,807.97,1232.98,0.655301,399.9,Monsoon (Jun-Sep)
2019,6,June,Comilla,Chittagong,756.17,3351.85,0.225599,374.3,Monsoon (Jun-Sep)
2019,6,June,Cox's Bazar,Chittagong,406.36,2206.6,0.184156,201.1,Monsoon (Jun-Sep)
2019,6,June,Dhaka,Dhaka,551.17,1611.18,0.34209,272.8,Monsoon (Jun-Sep)
2019,6,June,Dinajpur,Rangpur,2216.23,3829.09,0.578789,1096.9,Monsoon (Jun-Sep)
2019,6,June,Faridpur,Dhaka,121.21,2227.54,0.054413,60.0,Monsoon (Jun-Sep)
2019,6,June,Feni,Chittagong,516.28,960.78,0.537356,255.5,Monsoon (Jun-Sep)
2019,6,June,Gaibandha,Rangpur,243.74,2410.25,0.101128,120.6,Monsoon (Jun-Sep)
2019,6,June,Gazipur,Dhaka,227.7,1940.74,0.117325,112.7,Monsoon (Jun-Sep)
2019,6,June,Gopalganj,Dhaka,270.22,1602.77,0.168596,133.7,Monsoon (Jun-Sep)
2019,6,June,Habiganj,Sylhet,635.09,2857.81,0.22223,314.3,Monsoon (Jun-Sep)
2019,6,June,Jamalpur,Dhaka,143.51,2272.36,0.063156,71.0,Monsoon (Jun-Sep)
2019,6,June,Jessore,Khulna,351.65,2784.67,0.126282,174.0,Monsoon (Jun-Sep)
2019,6,June,Jhalokati,Barisal,45.13,807.93,0.055863,22.3,Monsoon (Jun-Sep)
2019,6,June,Jhenaidah,Khulna,1391.65,2143.59,0.649213,688.8,Monsoon (Jun-Sep)
2019,6,June,Joypurhat,Rajshahi,662.91,1081.54,0.612929,328.1,Monsoon (Jun-Sep)
2019,6,June,Khagrachhari,Chittagong,1699.1,3108.4,0.546615,841.0,Monsoon (Jun-Sep)
2019,6,June,Khulna,Khulna,949.71,3868.06,0.245527,470.1,Monsoon (Jun-Sep)
2019,6,June,Kishoreganj,Dhaka,767.65,2821.62,0.27206,379.9,Monsoon (Jun-Sep)
2019,6,June,Kurigram,Rangpur,402.82,2481.86,0.162304,199.4,Monsoon (Jun-Sep)
2019,6,June,Kushtia,Khulna,122.51,1830.28,0.066935,60.6,Monsoon (Jun-Sep)
2019,6,June,Lakshmipur,Chittagong,294.27,1573.01,0.187073,145.6,Monsoon (Jun-Sep)
2019,6,June,Lalmonirhat,Rangpur,78.1,1381.75,0.056525,38.7,Monsoon (Jun-Sep)
2019,6,June,Madaripur,Dhaka,94.87,1257.23,0.075456,47.0,Monsoon (Jun-Sep)
2019,6,June,Magura,Khulna,340.47,1143.98,0.297623,168.5,Monsoon (Jun-Sep)
2019,6,June,Manikganj,Dhaka,184.94,1531.92,0.120724,91.5,Monsoon (Jun-Sep)
2019,6,June,Maulvibazar,Sylhet,305.03,2819.05,0.108203,151.0,Monsoon (Jun-Sep)
2019,6,June,Meherpur,Khulna,556.24,732.73,0.759129,275.3,Monsoon (Jun-Sep)
2019,6,June,Munshiganj,Dhaka,91.05,1036.66,0.087826,45.1,Monsoon (Jun-Sep)
2019,6,June,Mymensingh,Dhaka,1032.2,4784.19,0.215753,510.9,Monsoon (Jun-Sep)
2019,6,June,Naogaon,Rajshahi,1839.34,3823.98,0.481001,910.4,Monsoon (Jun-Sep)
2019,6,June,Narail,Khulna,57.67,1072.86,0.053749,28.5,Monsoon (Jun-Sep)
2019,6,June,Narayanganj,Dhaka,57.13,832.16,0.068649,28.3,Monsoon (Jun-Sep)
2019,6,June,Narsingdi,Dhaka,91.6,1281.34,0.07149,45.3,Monsoon (Jun-Sep)
2019,6,June,Natore,Rajshahi,119.08,2101.7,0.056659,58.9,Monsoon (Jun-Sep)
2019,6,June,Nawabganj,Rajshahi,250.49,1804.38,0.138826,124.0,Monsoon (Jun-Sep)
2019,6,June,Netrakona,Dhaka,707.55,3089.39,0.229027,350.2,Monsoon (Jun-Sep)
2019,6,June,Nilphamari,Rangpur,609.28,1836.84,0.331701,301.6,Monsoon (Jun-Sep)
2019,6,June,Noakhali,Chittagong,151.87,2641.85,0.057486,75.2,Monsoon (Jun-Sep)
2019,6,June,Pabna,Rajshahi,137.72,2634.14,0.052284,68.2,Monsoon (Jun-Sep)
2019,6,June,Panchagarh,Rangpur,889.19,1548.93,0.574066,440.1,Monsoon (Jun-Sep)
2019,6,June,Patuakhali,Barisal,255.72,2730.09,0.093667,126.6,Monsoon (Jun-Sep)
2019,6,June,Pirojpur,Barisal,118.92,1365.69,0.087077,58.9,Monsoon (Jun-Sep)
2019,6,June,Rajbari,Dhaka,127.96,1249.73,0.102394,63.3,Monsoon (Jun-Sep)
2019,6,June,Rajshahi,Rajshahi,209.39,2664.72,0.078578,103.6,Monsoon (Jun-Sep)
2019,6,June,Rangamati,Chittagong,624.29,6226.44,0.100264,309.0,Monsoon (Jun-Sep)
2019,6,June,Rangpur,Rangpur,1563.56,2572.65,0.607761,773.9,Monsoon (Jun-Sep)
2019,6,June,Satkhira,Khulna,1218.19,3543.74,0.343759,602.9,Monsoon (Jun-Sep)
2019,6,June,Shariatpur,Dhaka,165.47,1362.06,0.121487,81.9,Monsoon (Jun-Sep)
2019,6,June,Sherpur,Dhaka,232.05,1455.19,0.159466,114.9,Monsoon (Jun-Sep)
2019,6,June,Sirajganj,Rajshahi,331.56,2755.65,0.120318,164.1,Monsoon (Jun-Sep)
2019,6,June,Sunamganj,Sylhet,1935.77,4043.04,0.478789,958.1,Monsoon (Jun-Sep)
2019,6,June,Sylhet,Sylhet,452.17,3847.75,0.117515,223.8,Monsoon (Jun-Sep)
2019,6,June,Tangail,Dhaka,132.15,3707.07,0.035648,65.4,Monsoon (Jun-Sep)
2019,6,June,Thakurgaon,Rangpur,1303.81,2008.93,0.649008,645.3,Monsoon (Jun-Sep)
2019,7,July,Bagerhat,Khulna,1331.96,3965.62,0.335876,659.2,Monsoon (Jun-Sep)
2019,7,July,Bandarban,Chittagong,2540.55,5000.16,0.508093,1257.4,Monsoon (Jun-Sep)
2019,7,July,Barguna,Barisal,273.27,1547.28,0.176612,135.3,Monsoon (Jun-Sep)
2019,7,July,Barisal,Barisal,620.25,2767.25,0.224138,307.0,Monsoon (Jun-Sep)
2019,7,July,Bhola,Barisal,848.62,2471.66,0.343341,420.0,Monsoon (Jun-Sep)
2019,7,July,Bogra,Rajshahi,851.47,3233.63,0.263316,421.4,Monsoon (Jun-Sep)
2019,7,July,Brahamanbaria,Chittagong,747.04,2104.07,0.355044,369.7,Monsoon (Jun-Sep)
2019,7,July,Chandpur,Chittagong,332.83,1864.17,0.178542,164.7,Monsoon (Jun-Sep)
2019,7,July,Chittagong,Chittagong,1984.92,4736.42,0.419076,982.4,Monsoon (Jun-Sep)
2019,7,July,Chuadanga,Khulna,755.22,1233.0,0.612504,373.8,Monsoon (Jun-Sep)
2019,7,July,Comilla,Chittagong,628.53,3351.85,0.187517,311.1,Monsoon (Jun-Sep)
2019,7,July,Cox's Bazar,Chittagong,497.21,2206.6,0.225326,246.1,Monsoon (Jun-Sep)
2019,7,July,Dhaka,Dhaka,165.79,1611.18,0.102899,82.1,Monsoon (Jun-Sep)
2019,7,July,Dinajpur,Rangpur,1674.45,3829.09,0.437298,828.8,Monsoon (Jun-Sep)
2019,7,July,Faridpur,Dhaka,233.92,2227.54,0.105014,115.8,Monsoon (Jun-Sep)
2019,7,July,Feni,Chittagong,403.19,960.78,0.419649,199.6,Monsoon (Jun-Sep)
2019,7,July,Gaibandha,Rangpur,552.71,2410.25,0.229315,273.6,Monsoon (Jun-Sep)
2019,7,July,Gazipur,Dhaka,230.74,1940.74,0.118894,114.2,Monsoon (Jun-Sep)
2019,7,July,Gopalganj,Dhaka,425.4,1602.77,0.265414,210.5,Monsoon (Jun-Sep)
2019,7,July,Habiganj,Sylhet,1150.4,2857.81,0.402546,569.4,Monsoon (Jun-Sep)
2019,7,July,Jamalpur,Dhaka,525.44,2272.36,0.231233,260.1,Monsoon (Jun-Sep)
2019,7,July,Jessore,Khulna,222.71,2784.67,0.079978,110.2,Monsoon (Jun-Sep)
2019,7,July,Jhalokati,Barisal,227.74,807.93,0.281885,112.7,Monsoon (Jun-Sep)
2019,7,July,Jhenaidah,Khulna,264.86,2143.59,0.123561,131.1,Monsoon (Jun-Sep)
2019,7,July,Joypurhat,Rajshahi,484.8,1081.54,0.448251,239.9,Monsoon (Jun-Sep)
2019,7,July,Khagrachhari,Chittagong,1782.78,3108.48,0.573523,882.4,Monsoon (Jun-Sep)
2019,7,July,Khulna,Khulna,1422.33,3868.06,0.367711,704.0,Monsoon (Jun-Sep)
2019,7,July,Kishoreganj,Dhaka,1392.81,2821.62,0.493623,689.4,Monsoon (Jun-Sep)
2019,7,July,Kurigram,Rangpur,662.21,2481.86,0.266819,327.8,Monsoon (Jun-Sep)
2019,7,July,Kushtia,Khulna,145.17,1830.28,0.079316,71.9,Monsoon (Jun-Sep)
2019,7,July,Lakshmipur,Chittagong,373.72,1572.94,0.23759,185.0,Monsoon (Jun-Sep)
2019,7,July,Lalmonirhat,Rangpur,502.71,1381.75,0.363821,248.8,Monsoon (Jun-Sep)
2019,7,July,Madaripur,Dhaka,131.28,1257.23,0.104419,65.0,Monsoon (Jun-Sep)
2019,7,July,Magura,Khulna,111.98,1143.98,0.097887,55.4,Monsoon (Jun-Sep)
2019,7,July,Manikganj,Dhaka,404.58,1531.92,0.264104,200.2,Monsoon (Jun-Sep)
2019,7,July,Maulvibazar,Sylhet,774.76,2819.05,0.274829,383.5,Monsoon (Jun-Sep)
2019,7,July,Meherpur,Khulna,432.93,732.79,0.590807,214.3,Monsoon (Jun-Sep)
2019,7,July,Munshiganj,Dhaka,153.17,1036.66,0.147753,75.8,Monsoon (Jun-Sep)
2019,7,July,Mymensingh,Dhaka,1748.5,4784.19,0.365475,865.4,Monsoon (Jun-Sep)
2019,7,July,Naogaon,Rajshahi,1669.26,3824.58,0.436457,826.2,Monsoon (Jun-Sep)
2019,7,July,Narail,Khulna,99.86,1072.86,0.093075,49.4,Monsoon (Jun-Sep)
2019,7,July,Narayanganj,Dhaka,75.93,832.16,0.091248,37.6,Monsoon (Jun-Sep)
2019,7,July,Narsingdi,Dhaka,210.47,1281.34,0.16426,104.2,Monsoon (Jun-Sep)
2019,7,July,Natore,Rajshahi,443.33,2101.7,0.210939,219.4,Monsoon (Jun-Sep)
2019,7,July,Nawabganj,Rajshahi,409.27,1804.38,0.226819,202.6,Monsoon (Jun-Sep)
2019,7,July,Netrakona,Dhaka,1222.1,3089.39,0.39558,604.9,Monsoon (Jun-Sep)
2019,7,July,Nilphamari,Rangpur,899.65,1836.84,0.489781,445.3,Monsoon (Jun-Sep)
2019,7,July,Noakhali,Chittagong,505.38,2641.75,0.191307,250.1,Monsoon (Jun-Sep)
2019,7,July,Pabna,Rajshahi,434.77,2634.14,0.16505,215.2,Monsoon (Jun-Sep)
2019,7,July,Panchagarh,Rangpur,657.25,1548.93,0.424327,325.3,Monsoon (Jun-Sep)
2019,7,July,Patuakhali,Barisal,677.19,2730.09,0.248046,335.2,Monsoon (Jun-Sep)
2019,7,July,Pirojpur,Barisal,340.52,1365.69,0.249337,168.5,Monsoon (Jun-Sep)
2019,7,July,Rajbari,Dhaka,168.42,1249.73,0.134765,83.4,Monsoon (Jun-Sep)
2019,7,July,Rajshahi,Rajshahi,644.44,2664.72,0.241843,319.0,Monsoon (Jun-Sep)
2019,7,July,Rangamati,Chittagong,536.5,6226.62,0.086162,265.5,Monsoon (Jun-Sep)
2019,7,July,Rangpur,Rangpur,1475.14,2572.65,0.573395,730.1,Monsoon (Jun-Sep)
2019,7,July,Satkhira,Khulna,1388.93,3543.74,0.391939,687.4,Monsoon (Jun-Sep)
2019,7,July,Shariatpur,Dhaka,215.55,1362.06,0.15825,106.7,Monsoon (Jun-Sep)
2019,7,July,Sherpur,Dhaka,555.26,1455.19,0.38157,274.8,Monsoon (Jun-Sep)
2019,7,July,Sirajganj,Rajshahi,901.08,2755.65,0.326995,446.0,Monsoon (Jun-Sep)
2019,7,July,Sunamganj,Sylhet,2396.63,4043.04,0.592778,1186.2,Monsoon (Jun-Sep)
2019,7,July,Sylhet,Sylhet,1538.79,3847.75,0.399919,761.6,Monsoon (Jun-Sep)
2019,7,July,Tangail,Dhaka,815.98,3707.07,0.220115,403.9,Monsoon (Jun-Sep)
2019,7,July,Thakurgaon,Rangpur,716.29,2008.93,0.356555,354.5,Monsoon (Jun-Sep)
2019,8,August,Bagerhat,Khulna,1423.59,3965.62,0.358982,704.6,Monsoon (Jun-Sep)
2019,8,August,Bandarban,Chittagong,2712.28,5000.66,0.542385,1342.4,Monsoon (Jun-Sep)
2019,8,August,Barguna,Barisal,280.14,1547.28,0.181051,138.7,Monsoon (Jun-Sep)
2019,8,August,Barisal,Barisal,536.88,2767.25,0.19401,265.7,Monsoon (Jun-Sep)
2019,8,August,Bhola,Barisal,670.62,2471.69,0.271321,331.9,Monsoon (Jun-Sep)
2019,8,August,Bogra,Rajshahi,699.61,3233.63,0.216353,346.3,Monsoon (Jun-Sep)
2019,8,August,Brahamanbaria,Chittagong,576.74,2104.07,0.274108,285.5,Monsoon (Jun-Sep)
2019,8,August,Chandpur,Chittagong,336.05,1864.17,0.180269,166.3,Monsoon (Jun-Sep)
2019,8,August,Chittagong,Chittagong,2037.35,4736.75,0.430116,1008.4,Monsoon (Jun-Sep)
2019,8,August,Chuadanga,Khulna,671.82,1233.0,0.544864,332.5,Monsoon (Jun-Sep)
2019,8,August,Comilla,Chittagong,573.38,3351.85,0.171063,283.8,Monsoon (Jun-Sep)
2019,8,August,Cox's Bazar,Chittagong,468.44,2206.6,0.212289,231.9,Monsoon (Jun-Sep)
2019,8,August,Dhaka,Dhaka,150.53,1611.18,0.093427,74.5,Monsoon (Jun-Sep)
2019,8,August,Dinajpur,Rangpur,2224.27,3829.09,0.580888,1100.9,Monsoon (Jun-Sep)
2019,8,August,Faridpur,Dhaka,295.43,2227.54,0.132627,146.2,Monsoon (Jun-Sep)
2019,8,August,Feni,Chittagong,331.84,960.78,0.345388,164.2,Monsoon (Jun-Sep)
2019,8,August,Gaibandha,Rangpur,332.79,2410.25,0.138074,164.7,Monsoon (Jun-Sep)
2019,8,August,Gazipur,Dhaka,313.09,1940.74,0.161326,155.0,Monsoon (Jun-Sep)
2019,8,August,Gopalganj,Dhaka,291.23,1602.77,0.181703,144.1,Monsoon (Jun-Sep)
2019,8,August,Habiganj,Sylhet,653.75,2857.81,0.228757,323.6,Monsoon (Jun-Sep)
2019,8,August,Jamalpur,Dhaka,237.59,2272.36,0.104557,117.6,Monsoon (Jun-Sep)
2019,8,August,Jessore,Khulna,402.56,2784.67,0.144563,199.2,Monsoon (Jun-Sep)
2019,8,August,Jhalokati,Barisal,164.89,807.93,0.204095,81.6,Monsoon (Jun-Sep)
2019,8,August,Jhenaidah,Khulna,810.17,2143.59,0.377951,401.0,Monsoon (Jun-Sep)
2019,8,August,Joypurhat,Rajshahi,775.18,1081.54,0.716732,383.7,Monsoon (Jun-Sep)
2019,8,August,Khagrachhari,Chittagong,1676.7,3108.48,0.539396,829.9,Monsoon (Jun-Sep)
2019,8,August,Khulna,Khulna,1674.38,3868.06,0.432873,828.7,Monsoon (Jun-Sep)
2019,8,August,Kishoreganj,Dhaka,1216.11,2821.62,0.430996,601.9,Monsoon (Jun-Sep)
2019,8,August,Kurigram,Rangpur,486.24,2481.86,0.195916,240.7,Monsoon (Jun-Sep)
2019,8,August,Kushtia,Khulna,147.34,1830.28,0.080501,72.9,Monsoon (Jun-Sep)
2019,8,August,Lakshmipur,Chittagong,381.9,1573.07,0.242775,189.0,Monsoon (Jun-Sep)
2019,8,August,Lalmonirhat,Rangpur,448.01,1381.75,0.324234,221.7,Monsoon (Jun-Sep)
2019,8,August,Madaripur,Dhaka,128.66,1257.23,0.10234,63.7,Monsoon (Jun-Sep)
2019,8,August,Magura,Khulna,89.28,1143.98,0.078042,44.2,Monsoon (Jun-Sep)
2019,8,August,Manikganj,Dhaka,320.37,1531.92,0.209132,158.6,Monsoon (Jun-Sep)
2019,8,August,Maulvibazar,Sylhet,397.34,2819.05,0.140947,196.7,Monsoon (Jun-Sep)
2019,8,August,Meherpur,Khulna,462.04,732.79,0.630527,228.7,Monsoon (Jun-Sep)
2019,8,August,Munshiganj,Dhaka,123.65,1036.66,0.119282,61.2,Monsoon (Jun-Sep)
2019,8,August,Mymensingh,Dhaka,1680.4,4784.19,0.35124,831.7,Monsoon (Jun-Sep)
2019,8,August,Naogaon,Rajshahi,659.81,3824.58,0.172518,326.6,Monsoon (Jun-Sep)
2019,8,August,Narail,Khulna,87.86,1072.86,0.081895,43.5,Monsoon (Jun-Sep)
2019,8,August,Narayanganj,Dhaka,74.84,832.16,0.089938,37.0,Monsoon (Jun-Sep)
2019,8,August,Narsingdi,Dhaka,177.97,1281.34,0.138891,88.1,Monsoon (Jun-Sep)
2019,8,August,Natore,Rajshahi,348.84,2101.7,0.165981,172.7,Monsoon (Jun-Sep)
2019,8,August,Nawabganj,Rajshahi,147.04,1804.38,0.081488,72.8,Monsoon (Jun-Sep)
2019,8,August,Netrakona,Dhaka,670.68,3089.39,0.217091,331.9,Monsoon (Jun-Sep)
2019,8,August,Nilphamari,Rangpur,1007.52,1836.84,0.548509,498.7,Monsoon (Jun-Sep)
2019,8,August,Noakhali,Chittagong,444.31,2642.03,0.168169,219.9,Monsoon (Jun-Sep)
2019,8,August,Pabna,Rajshahi,433.42,2634.14,0.164538,214.5,Monsoon (Jun-Sep)
2019,8,August,Panchagarh,Rangpur,936.92,1548.93,0.604882,463.7,Monsoon (Jun-Sep)
2019,8,August,Patuakhali,Barisal,634.06,2730.09,0.232249,313.8,Monsoon (Jun-Sep)
2019,8,August,Pirojpur,Barisal,310.51,1365.69,0.227367,153.7,Monsoon (Jun-Sep)
2019,8,August,Rajbari,Dhaka,186.0,1249.73,0.148833,92.1,Monsoon (Jun-Sep)
2019,8,August,Rajshahi,Rajshahi,237.02,2664.72,0.088947,117.3,Monsoon (Jun-Sep)
2019,8,August,Rangamati,Chittagong,558.93,6226.79,0.089762,276.6,Monsoon (Jun-Sep)
2019,8,August,Rangpur,Rangpur,1519.2,2572.65,0.590518,751.9,Monsoon (Jun-Sep)
2019,8,August,Satkhira,Khulna,1578.43,3543.74,0.445414,781.2,Monsoon (Jun-Sep)
2019,8,August,Shariatpur,Dhaka,214.08,1362.06,0.157176,106.0,Monsoon (Jun-Sep)
2019,8,August,Sherpur,Dhaka,441.03,1455.19,0.303071,218.3,Monsoon (Jun-Sep)
2019,8,August,Sirajganj,Rajshahi,667.49,2755.65,0.242224,330.4,Monsoon (Jun-Sep)
2019,8,August,Sunamganj,Sylhet,1962.03,4043.04,0.485284,971.1,Monsoon (Jun-Sep)
2019,8,August,Sylhet,Sylhet,681.61,3847.75,0.177146,337.4,Monsoon (Jun-Sep)
2019,8,August,Tangail,Dhaka,632.54,3707.07,0.170631,313.1,Monsoon (Jun-Sep)
2019,8,August,Thakurgaon,Rangpur,1380.54,2008.93,0.687201,683.3,Monsoon (Jun-Sep)
2019,9,September,Bagerhat,Khulna,1434.76,3965.62,0.361799,710.1,Monsoon (Jun-Sep)
2019,9,September,Bandarban,Chittagong,2707.82,5000.66,0.541493,1340.2,Monsoon (Jun-Sep)
2019,9,September,Barguna,Barisal,257.28,1547.28,0.166278,127.3,Monsoon (Jun-Sep)
2019,9,September,Barisal,Barisal,520.4,2767.25,0.188056,257.6,Monsoon (Jun-Sep)
2019,9,September,Bhola,Barisal,731.78,2471.69,0.296064,362.2,Monsoon (Jun-Sep)
2019,9,September,Bogra,Rajshahi,366.86,3233.63,0.113451,181.6,Monsoon (Jun-Sep)
2019,9,September,Brahamanbaria,Chittagong,450.98,2104.07,0.214335,223.2,Monsoon (Jun-Sep)
2019,9,September,Chandpur,Chittagong,297.29,1864.17,0.159478,147.1,Monsoon (Jun-Sep)
2019,9,September,Chittagong,Chittagong,1443.13,4736.75,0.304667,714.3,Monsoon (Jun-Sep)
2019,9,September,Chuadanga,Khulna,622.49,1233.0,0.504858,308.1,Monsoon (Jun-Sep)
2019,9,September,Comilla,Chittagong,998.62,3351.85,0.297931,494.3,Monsoon (Jun-Sep)
2019,9,September,Cox's Bazar,Chittagong,175.16,2206.6,0.079382,86.7,Monsoon (Jun-Sep)
2019,9,September,Dhaka,Dhaka,122.66,1611.18,0.07613,60.7,Monsoon (Jun-Sep)
2019,9,September,Dinajpur,Rangpur,2662.94,3829.09,0.695452,1318.0,Monsoon (Jun-Sep)
2019,9,September,Faridpur,Dhaka,255.08,2227.54,0.11451,126.3,Monsoon (Jun-Sep)
2019,9,September,Feni,Chittagong,444.63,960.78,0.462779,220.1,Monsoon (Jun-Sep)
2019,9,September,Gaibandha,Rangpur,309.04,2410.25,0.128219,153.0,Monsoon (Jun-Sep)
2019,9,September,Gazipur,Dhaka,151.59,1940.74,0.078112,75.0,Monsoon (Jun-Sep)
2019,9,September,Gopalganj,Dhaka,275.37,1602.77,0.171808,136.3,Monsoon (Jun-Sep)
2019,9,September,Habiganj,Sylhet,365.1,2857.81,0.127754,180.7,Monsoon (Jun-Sep)
2019,9,September,Jamalpur,Dhaka,193.13,2272.36,0.084989,95.6,Monsoon (Jun-Sep)
2019,9,September,Jessore,Khulna,167.84,2784.67,0.060274,83.1,Monsoon (Jun-Sep)
2019,9,September,Jhalokati,Barisal,147.08,807.93,0.182045,72.8,Monsoon (Jun-Sep)
2019,9,September,Jhenaidah,Khulna,916.66,2143.59,0.427626,453.7,Monsoon (Jun-Sep)
2019,9,September,Joypurhat,Rajshahi,799.09,1081.54,0.738842,395.5,Monsoon (Jun-Sep)
2019,9,September,Khagrachhari,Chittagong,654.83,3108.48,0.210661,324.1,Monsoon (Jun-Sep)
2019,9,September,Khulna,Khulna,1622.2,3868.06,0.419384,802.9,Monsoon (Jun-Sep)
2019,9,September,Kishoreganj,Dhaka,1158.16,2821.62,0.41046,573.2,Monsoon (Jun-Sep)
2019,9,September,Kurigram,Rangpur,477.71,2481.86,0.19248,236.4,Monsoon (Jun-Sep)
2019,9,September,Kushtia,Khulna,147.26,1830.28,0.080457,72.9,Monsoon (Jun-Sep)
2019,9,September,Lakshmipur,Chittagong,320.84,1573.07,0.203961,158.8,Monsoon (Jun-Sep)
2019,9,September,Lalmonirhat,Rangpur,399.25,1381.75,0.288948,197.6,Monsoon (Jun-Sep)
2019,9,September,Madaripur,Dhaka,114.5,1257.23,0.091075,56.7,Monsoon (Jun-Sep)
2019,9,September,Magura,Khulna,33.38,1143.98,0.029182,16.5,Monsoon (Jun-Sep)
2019,9,September,Manikganj,Dhaka,268.58,1531.92,0.175324,132.9,Monsoon (Jun-Sep)
2019,9,September,Maulvibazar,Sylhet,274.03,2819.05,0.097207,135.6,Monsoon (Jun-Sep)
2019,9,September,Meherpur,Khulna,414.18,732.79,0.565218,205.0,Monsoon (Jun-Sep)
2019,9,September,Munshiganj,Dhaka,111.87,1036.66,0.107916,55.4,Monsoon (Jun-Sep)
2019,9,September,Mymensingh,Dhaka,2503.1,4784.19,0.523201,1238.9,Monsoon (Jun-Sep)
2019,9,September,Naogaon,Rajshahi,871.31,3824.58,0.227819,431.3,Monsoon (Jun-Sep)
2019,9,September,Narail,Khulna,82.82,1072.86,0.077194,41.0,Monsoon (Jun-Sep)
2019,9,September,Narayanganj,Dhaka,68.99,832.16,0.082903,34.1,Monsoon (Jun-Sep)
2019,9,September,Narsingdi,Dhaka,138.86,1281.34,0.10837,68.7,Monsoon (Jun-Sep)
2019,9,September,Natore,Rajshahi,170.16,2101.7,0.080962,84.2,Monsoon (Jun-Sep)
2019,9,September,Nawabganj,Rajshahi,167.18,1804.38,0.092655,82.7,Monsoon (Jun-Sep)
2019,9,September,Netrakona,Dhaka,668.64,3089.39,0.216429,330.9,Monsoon (Jun-Sep)
2019,9,September,Nilphamari,Rangpur,1120.65,1836.84,0.610096,554.7,Monsoon (Jun-Sep)
2019,9,September,Noakhali,Chittagong,216.86,2642.03,0.08208,107.3,Monsoon (Jun-Sep)
2019,9,September,Pabna,Rajshahi,394.38,2634.14,0.149717,195.2,Monsoon (Jun-Sep)
2019,9,September,Panchagarh,Rangpur,949.23,1548.93,0.612826,469.8,Monsoon (Jun-Sep)
2019,9,September,Patuakhali,Barisal,356.58,2730.09,0.130611,176.5,Monsoon (Jun-Sep)
2019,9,September,Pirojpur,Barisal,326.09,1365.69,0.238772,161.4,Monsoon (Jun-Sep)
2019,9,September,Rajbari,Dhaka,182.81,1249.73,0.146283,90.5,Monsoon (Jun-Sep)
2019,9,September,Rajshahi,Rajshahi,221.46,2664.72,0.083108,109.6,Monsoon (Jun-Sep)
2019,9,September,Rangamati,Chittagong,511.37,6226.79,0.082124,253.1,Monsoon (Jun-Sep)
2019,9,September,Rangpur,Rangpur,1799.48,2572.65,0.699466,890.6,Monsoon (Jun-Sep)
2019,9,September,Satkhira,Khulna,1405.4,3543.74,0.396586,695.6,Monsoon (Jun-Sep)
2019,9,September,Shariatpur,Dhaka,193.2,1362.06,0.141842,95.6,Monsoon (Jun-Sep)
2019,9,September,Sherpur,Dhaka,467.4,1455.19,0.321196,231.3,Monsoon (Jun-Sep)
2019,9,September,Sirajganj,Rajshahi,568.21,2755.65,0.206198,281.2,Monsoon (Jun-Sep)
2019,9,September,Sunamganj,Sylhet,1815.65,4043.04,0.449081,898.6,Monsoon (Jun-Sep)
2019,9,September,Sylhet,Sylhet,508.34,3847.75,0.132114,251.6,Monsoon (Jun-Sep)
2019,9,September,Tangail,Dhaka,299.82,3707.07,0.080878,148.4,Monsoon (Jun-Sep)
2019,9,September,Thakurgaon,Rangpur,1434.62,2008.93,0.714121,710.1,Monsoon (Jun-Sep)
2019,10,October,Bagerhat,Khulna,1163.39,3965.62,0.29337,575.8,Post-Monsoon (Oct-Nov)
2019,10,October,Bandarban,Chittagong,2993.63,5000.66,0.598647,1481.7,Post-Monsoon (Oct-Nov)
2019,10,October,Barguna,Barisal,159.56,1547.28,0.103125,79.0,Post-Monsoon (Oct-Nov)
2019,10,October,Barisal,Barisal,488.77,2767.25,0.176626,241.9,Post-Monsoon (Oct-Nov)
2019,10,October,Bhola,Barisal,678.72,2471.69,0.274599,335.9,Post-Monsoon (Oct-Nov)
2019,10,October,Bogra,Rajshahi,257.54,3233.63,0.079646,127.5,Post-Monsoon (Oct-Nov)
2019,10,October,Brahamanbaria,Chittagong,432.73,2104.07,0.205665,214.2,Post-Monsoon (Oct-Nov)
2019,10,October,Chandpur,Chittagong,286.87,1864.17,0.153887,142.0,Post-Monsoon (Oct-Nov)
2019,10,October,Chittagong,Chittagong,1720.19,4736.75,0.363159,851.4,Post-Monsoon (Oct-Nov)
2019,10,October,Chuadanga,Khulna,432.28,1233.0,0.350593,214.0,Post-Monsoon (Oct-Nov)
2019,10,October,Comilla,Chittagong,1151.79,3351.85,0.343627,570.1,Post-Monsoon (Oct-Nov)
2019,10,October,Cox's Bazar,Chittagong,275.83,2206.6,0.125,136.5,Post-Monsoon (Oct-Nov)
2019,10,October,Dhaka,Dhaka,117.51,1611.18,0.072936,58.2,Post-Monsoon (Oct-Nov)
2019,10,October,Dinajpur,Rangpur,2607.33,3829.09,0.680929,1290.5,Post-Monsoon (Oct-Nov)
2019,10,October,Faridpur,Dhaka,205.53,2227.54,0.092267,101.7,Post-Monsoon (Oct-Nov)
2019,10,October,Feni,Chittagong,395.53,960.78,0.411677,195.8,Post-Monsoon (Oct-Nov)
2019,10,October,Gaibandha,Rangpur,292.26,2410.25,0.121257,144.7,Post-Monsoon (Oct-Nov)
2019,10,October,Gazipur,Dhaka,169.29,1940.74,0.087228,83.8,Post-Monsoon (Oct-Nov)
2019,10,October,Gopalganj,Dhaka,129.76,1602.77,0.080959,64.2,Post-Monsoon (Oct-Nov)
2019,10,October,Habiganj,Sylhet,349.53,2857.81,0.122307,173.0,Post-Monsoon (Oct-Nov)
2019,10,October,Jamalpur,Dhaka,201.7,2272.36,0.088763,99.8,Post-Monsoon (Oct-Nov)
2019,10,October,Jessore,Khulna,332.48,2784.67,0.119398,164.6,Post-Monsoon (Oct-Nov)
2019,10,October,Jhalokati,Barisal,35.81,807.93,0.044322,17.7,Post-Monsoon (Oct-Nov)
2019,10,October,Jhenaidah,Khulna,862.43,2143.59,0.402331,426.9,Post-Monsoon (Oct-Nov)
2019,10,October,Joypurhat,Rajshahi,771.5,1081.54,0.713333,381.8,Post-Monsoon (Oct-Nov)
2019,10,October,Khagrachhari,Chittagong,1590.57,3108.48,0.511689,787.2,Post-Monsoon (Oct-Nov)
2019,10,October,Khulna,Khulna,905.82,3868.06,0.234179,448.3,Post-Monsoon (Oct-Nov)
2019,10,October,Kishoreganj,Dhaka,1099.3,2821.62,0.3896,544.1,Post-Monsoon (Oct-Nov)
2019,10,October,Kurigram,Rangpur,413.41,2481.86,0.166575,204.6,Post-Monsoon (Oct-Nov)
2019,10,October,Kushtia,Khulna,148.87,1830.28,0.081335,73.7,Post-Monsoon (Oct-Nov)
2019,10,October,Lakshmipur,Chittagong,299.54,1573.07,0.190419,148.3,Post-Monsoon (Oct-Nov)
2019,10,October,Lalmonirhat,Rangpur,711.33,1381.75,0.514806,352.1,Post-Monsoon (Oct-Nov)
2019,10,October,Madaripur,Dhaka,107.54,1257.23,0.085539,53.2,Post-Monsoon (Oct-Nov)
2019,10,October,Magura,Khulna,38.19,1143.98,0.033382,18.9,Post-Monsoon (Oct-Nov)
2019,10,October,Manikganj,Dhaka,260.77,1531.92,0.170226,129.1,Post-Monsoon (Oct-Nov)
2019,10,October,Maulvibazar,Sylhet,236.1,2819.05,0.083752,116.9,Post-Monsoon (Oct-Nov)
2019,10,October,Meherpur,Khulna,280.86,732.79,0.383277,139.0,Post-Monsoon (Oct-Nov)
2019,10,October,Munshiganj,Dhaka,105.52,1036.66,0.101785,52.2,Post-Monsoon (Oct-Nov)
2019,10,October,Mymensingh,Dhaka,2196.04,4784.19,0.45902,1086.9,Post-Monsoon (Oct-Nov)
2019,10,October,Naogaon,Rajshahi,982.24,3824.58,0.256823,486.2,Post-Monsoon (Oct-Nov)
2019,10,October,Narail,Khulna,77.13,1072.86,0.07189,38.2,Post-Monsoon (Oct-Nov)
2019,10,October,Narayanganj,Dhaka,61.63,832.16,0.074062,30.5,Post-Monsoon (Oct-Nov)
2019,10,October,Narsingdi,Dhaka,115.13,1281.34,0.089849,57.0,Post-Monsoon (Oct-Nov)
2019,10,October,Natore,Rajshahi,182.9,2101.7,0.087025,90.5,Post-Monsoon (Oct-Nov)
2019,10,October,Nawabganj,Rajshahi,186.77,1804.38,0.103508,92.4,Post-Monsoon (Oct-Nov)
2019,10,October,Netrakona,Dhaka,626.1,3089.39,0.202661,309.9,Post-Monsoon (Oct-Nov)
2019,10,October,Nilphamari,Rangpur,1117.08,1836.84,0.608153,552.9,Post-Monsoon (Oct-Nov)
2019,10,October,Noakhali,Chittagong,150.0,2642.02,0.056773,74.2,Post-Monsoon (Oct-Nov)
2019,10,October,Pabna,Rajshahi,359.81,2634.14,0.136597,178.1,Post-Monsoon (Oct-Nov)
2019,10,October,Panchagarh,Rangpur,1036.9,1548.93,0.669426,513.2,Post-Monsoon (Oct-Nov)
2019,10,October,Patuakhali,Barisal,224.28,2730.09,0.082151,111.0,Post-Monsoon (Oct-Nov)
2019,10,October,Pirojpur,Barisal,96.13,1365.69,0.07039,47.6,Post-Monsoon (Oct-Nov)
2019,10,October,Rajbari,Dhaka,163.86,1249.73,0.131116,81.1,Post-Monsoon (Oct-Nov)
2019,10,October,Rajshahi,Rajshahi,260.56,2664.72,0.097781,129.0,Post-Monsoon (Oct-Nov)
2019,10,October,Rangamati,Chittagong,521.37,6226.79,0.08373,258.0,Post-Monsoon (Oct-Nov)
2019,10,October,Rangpur,Rangpur,1767.42,2572.65,0.687004,874.8,Post-Monsoon (Oct-Nov)
2019,10,October,Satkhira,Khulna,1316.03,3543.74,0.371367,651.4,Post-Monsoon (Oct-Nov)
2019,10,October,Shariatpur,Dhaka,198.03,1362.06,0.14539,98.0,Post-Monsoon (Oct-Nov)
2019,10,October,Sherpur,Dhaka,610.75,1455.19,0.419705,302.3,Post-Monsoon (Oct-Nov)
2019,10,October,Sirajganj,Rajshahi,576.27,2755.65,0.209122,285.2,Post-Monsoon (Oct-Nov)
2019,10,October,Sunamganj,Sylhet,1722.29,4043.04,0.425988,852.4,Post-Monsoon (Oct-Nov)
2019,10,October,Sylhet,Sylhet,428.27,3847.75,0.111303,212.0,Post-Monsoon (Oct-Nov)
2019,10,October,Tangail,Dhaka,221.26,3707.07,0.059687,109.5,Post-Monsoon (Oct-Nov)
2019,10,October,Thakurgaon,Rangpur,1360.59,2008.93,0.677267,673.4,Post-Monsoon (Oct-Nov)
2019,11,November,Bagerhat,Khulna,1002.19,3965.62,0.25272,496.0,Post-Monsoon (Oct-Nov)
2019,11,November,Bandarban,Chittagong,2581.37,5000.66,0.516206,1277.6,Post-Monsoon (Oct-Nov)
2019,11,November,Barguna,Barisal,160.0,1547.28,0.103406,79.2,Post-Monsoon (Oct-Nov)
2019,11,November,Barisal,Barisal,465.35,2767.25,0.168164,230.3,Post-Monsoon (Oct-Nov)
2019,11,November,Bhola,Barisal,683.5,2471.69,0.276532,338.3,Post-Monsoon (Oct-Nov)
2019,11,November,Bogra,Rajshahi,241.32,3233.63,0.074627,119.4,Post-Monsoon (Oct-Nov)
2019,11,November,Brahamanbaria,Chittagong,213.99,2104.07,0.101701,105.9,Post-Monsoon (Oct-Nov)
2019,11,November,Chandpur,Chittagong,266.37,1864.17,0.142891,131.8,Post-Monsoon (Oct-Nov)
2019,11,November,Chittagong,Chittagong,1114.99,4736.75,0.235393,551.9,Post-Monsoon (Oct-Nov)
2019,11,November,Chuadanga,Khulna,462.91,1233.0,0.375433,229.1,Post-Monsoon (Oct-Nov)
2019,11,November,Comilla,Chittagong,1137.3,3351.85,0.339307,562.9,Post-Monsoon (Oct-Nov)
2019,11,November,Cox's Bazar,Chittagong,285.1,2206.6,0.129202,141.1,Post-Monsoon (Oct-Nov)
2019,11,November,Dhaka,Dhaka,150.46,1611.18,0.093385,74.5,Post-Monsoon (Oct-Nov)
2019,11,November,Dinajpur,Rangpur,2711.39,3829.09,0.708105,1342.0,Post-Monsoon (Oct-Nov)
2019,11,November,Faridpur,Dhaka,127.2,2227.54,0.057103,63.0,Post-Monsoon (Oct-Nov)
2019,11,November,Feni,Chittagong,400.98,960.78,0.417345,198.5,Post-Monsoon (Oct-Nov)
2019,11,November,Gaibandha,Rangpur,255.39,2410.25,0.105959,126.4,Post-Monsoon (Oct-Nov)
2019,11,November,Gazipur,Dhaka,803.06,1940.74,0.413792,397.5,Post-Monsoon (Oct-Nov)
2019,11,November,Gopalganj,Dhaka,129.17,1602.77,0.08059,63.9,Post-Monsoon (Oct-Nov)
2019,11,November,Habiganj,Sylhet,464.16,2857.81,0.162418,229.7,Post-Monsoon (Oct-Nov)
2019,11,November,Jamalpur,Dhaka,199.19,2272.36,0.08766,98.6,Post-Monsoon (Oct-Nov)
2019,11,November,Jessore,Khulna,187.15,2784.67,0.067206,92.6,Post-Monsoon (Oct-Nov)
2019,11,November,Jhalokati,Barisal,38.71,807.93,0.047907,19.2,Post-Monsoon (Oct-Nov)
2019,11,November,Jhenaidah,Khulna,863.48,2143.59,0.402818,427.4,Post-Monsoon (Oct-Nov)
2019,11,November,Joypurhat,Rajshahi,788.91,1081.54,0.729432,390.5,Post-Monsoon (Oct-Nov)
2019,11,November,Khagrachhari,Chittagong,1398.09,3108.48,0.449765,692.0,Post-Monsoon (Oct-Nov)
2019,11,November,Khulna,Khulna,1040.09,3868.06,0.268892,514.8,Post-Monsoon (Oct-Nov)
2019,11,November,Kishoreganj,Dhaka,573.27,2821.62,0.20317,283.7,Post-Monsoon (Oct-Nov)
2019,11,November,Kurigram,Rangpur,378.24,2481.86,0.152401,187.2,Post-Monsoon (Oct-Nov)
2019,11,November,Kushtia,Khulna,132.02,1830.28,0.072131,65.3,Post-Monsoon (Oct-Nov)
2019,11,November,Lakshmipur,Chittagong,298.72,1573.07,0.189899,147.8,Post-Monsoon (Oct-Nov)
2019,11,November,Lalmonirhat,Rangpur,713.87,1381.75,0.516645,353.3,Post-Monsoon (Oct-Nov)
2019,11,November,Madaripur,Dhaka,100.55,1257.23,0.079981,49.8,Post-Monsoon (Oct-Nov)
2019,11,November,Magura,Khulna,22.49,1143.98,0.019658,11.1,Post-Monsoon (Oct-Nov)
2019,11,November,Manikganj,Dhaka,198.73,1531.92,0.129726,98.4,Post-Monsoon (Oct-Nov)
2019,11,November,Maulvibazar,Sylhet,201.66,2819.05,0.071536,99.8,Post-Monsoon (Oct-Nov)
2019,11,November,Meherpur,Khulna,289.2,732.79,0.394663,143.1,Post-Monsoon (Oct-Nov)
2019,11,November,Munshiganj,Dhaka,97.38,1036.66,0.093935,48.2,Post-Monsoon (Oct-Nov)
2019,11,November,Mymensingh,Dhaka,2215.21,4784.19,0.463027,1096.4,Post-Monsoon (Oct-Nov)
2019,11,November,Naogaon,Rajshahi,1195.73,3824.58,0.312645,591.8,Post-Monsoon (Oct-Nov)
2019,11,November,Narail,Khulna,74.95,1072.86,0.069862,37.1,Post-Monsoon (Oct-Nov)
2019,11,November,Narayanganj,Dhaka,51.48,832.16,0.061858,25.5,Post-Monsoon (Oct-Nov)
2019,11,November,Narsingdi,Dhaka,73.68,1281.34,0.057503,36.5,Post-Monsoon (Oct-Nov)
2019,11,November,Natore,Rajshahi,158.97,2101.7,0.075641,78.7,Post-Monsoon (Oct-Nov)
2019,11,November,Nawabganj,Rajshahi,127.82,1804.38,0.070841,63.3,Post-Monsoon (Oct-Nov)
2019,11,November,Netrakona,Dhaka,450.06,3089.39,0.14568,222.8,Post-Monsoon (Oct-Nov)
2019,11,November,Nilphamari,Rangpur,1056.63,1836.84,0.575242,523.0,Post-Monsoon (Oct-Nov)
2019,11,November,Noakhali,Chittagong,149.68,2642.02,0.056654,74.1,Post-Monsoon (Oct-Nov)
2019,11,November,Pabna,Rajshahi,163.26,2634.14,0.061977,80.8,Post-Monsoon (Oct-Nov)
2019,11,November,Panchagarh,Rangpur,994.46,1548.93,0.642029,492.2,Post-Monsoon (Oct-Nov)
2019,11,November,Patuakhali,Barisal,222.93,2730.09,0.081657,110.3,Post-Monsoon (Oct-Nov)
2019,11,November,Pirojpur,Barisal,106.77,1365.69,0.078177,52.8,Post-Monsoon (Oct-Nov)
2019,11,November,Rajbari,Dhaka,133.85,1249.73,0.1071,66.2,Post-Monsoon (Oct-Nov)
2019,11,November,Rajshahi,Rajshahi,191.95,2664.72,0.072035,95.0,Post-Monsoon (Oct-Nov)
2019,11,November,Rangamati,Chittagong,499.14,6226.79,0.08016,247.0,Post-Monsoon (Oct-Nov)
2019,11,November,Rangpur,Rangpur,1741.11,2572.65,0.676777,861.8,Post-Monsoon (Oct-Nov)
2019,11,November,Satkhira,Khulna,1257.24,3543.74,0.354778,622.3,Post-Monsoon (Oct-Nov)
2019,11,November,Shariatpur,Dhaka,165.49,1362.06,0.121502,81.9,Post-Monsoon (Oct-Nov)
2019,11,November,Sherpur,Dhaka,737.8,1455.19,0.507009,365.2,Post-Monsoon (Oct-Nov)
2019,11,November,Sirajganj,Rajshahi,383.44,2755.65,0.139147,189.8,Post-Monsoon (Oct-Nov)
2019,11,November,Sunamganj,Sylhet,1390.95,4043.04,0.344036,688.4,Post-Monsoon (Oct-Nov)
2019,11,November,Sylhet,Sylhet,420.05,3847.75,0.109168,207.9,Post-Monsoon (Oct-Nov)
2019,11,November,Tangail,Dhaka,542.56,3707.07,0.146358,268.5,Post-Monsoon (Oct-Nov)
2019,11,November,Thakurgaon,Rangpur,1601.36,2008.93,0.797117,792.6,Post-Monsoon (Oct-Nov)
2019,12,December,Bagerhat,Khulna,951.07,3965.62,0.239829,470.7,Dry Winter (Dec-Feb)
2019,12,December,Bandarban,Chittagong,2891.61,5000.66,0.578247,1431.2,Dry Winter (Dec-Feb)
2019,12,December,Barguna,Barisal,156.15,1547.28,0.100918,77.3,Dry Winter (Dec-Feb)
2019,12,December,Barisal,Barisal,458.4,2767.25,0.165652,226.9,Dry Winter (Dec-Feb)
2019,12,December,Bhola,Barisal,660.79,2471.69,0.267344,327.1,Dry Winter (Dec-Feb)
2019,12,December,Bogra,Rajshahi,287.94,3233.63,0.089047,142.5,Dry Winter (Dec-Feb)
2019,12,December,Brahamanbaria,Chittagong,502.2,2104.07,0.23868,248.6,Dry Winter (Dec-Feb)
2019,12,December,Chandpur,Chittagong,256.48,1864.17,0.137582,126.9,Dry Winter (Dec-Feb)
2019,12,December,Chittagong,Chittagong,1505.01,4736.75,0.31773,744.9,Dry Winter (Dec-Feb)
2019,12,December,Chuadanga,Khulna,504.29,1233.0,0.408992,249.6,Dry Winter (Dec-Feb)
2019,12,December,Comilla,Chittagong,1464.0,3351.85,0.436774,724.6,Dry Winter (Dec-Feb)
2019,12,December,Cox's Bazar,Chittagong,892.42,2206.6,0.404433,441.7,Dry Winter (Dec-Feb)
2019,12,December,Dhaka,Dhaka,792.88,1611.18,0.492111,392.4,Dry Winter (Dec-Feb)
2019,12,December,Dinajpur,Rangpur,2587.33,3829.09,0.675703,1280.6,Dry Winter (Dec-Feb)
2019,12,December,Faridpur,Dhaka,110.25,2227.54,0.049494,54.6,Dry Winter (Dec-Feb)
2019,12,December,Feni,Chittagong,365.73,960.78,0.380659,181.0,Dry Winter (Dec-Feb)
2019,12,December,Gaibandha,Rangpur,262.02,2410.25,0.108711,129.7,Dry Winter (Dec-Feb)
2019,12,December,Gazipur,Dhaka,847.63,1940.74,0.436757,419.5,Dry Winter (Dec-Feb)
2019,12,December,Gopalganj,Dhaka,203.37,1602.77,0.126889,100.7,Dry Winter (Dec-Feb)
2019,12,December,Habiganj,Sylhet,595.73,2857.81,0.208455,294.9,Dry Winter (Dec-Feb)
2019,12,December,Jamalpur,Dhaka,304.12,2272.36,0.133833,150.5,Dry Winter (Dec-Feb)
2019,12,December,Jessore,Khulna,212.59,2784.67,0.076342,105.2,Dry Winter (Dec-Feb)
2019,12,December,Jhalokati,Barisal,36.31,807.93,0.044948,18.0,Dry Winter (Dec-Feb)
2019,12,December,Jhenaidah,Khulna,875.91,2143.59,0.408618,433.5,Dry Winter (Dec-Feb)
2019,12,December,Joypurhat,Rajshahi,560.4,1081.54,0.518146,277.4,Dry Winter (Dec-Feb)
2019,12,December,Khagrachhari,Chittagong,1853.54,3108.48,0.596285,917.4,Dry Winter (Dec-Feb)
2019,12,December,Khulna,Khulna,956.25,3868.06,0.247217,473.3,Dry Winter (Dec-Feb)
2019,12,December,Kishoreganj,Dhaka,177.87,2821.62,0.063037,88.0,Dry Winter (Dec-Feb)
2019,12,December,Kurigram,Rangpur,387.32,2481.86,0.156062,191.7,Dry Winter (Dec-Feb)
2019,12,December,Kushtia,Khulna,129.47,1830.28,0.070736,64.1,Dry Winter (Dec-Feb)
2019,12,December,Lakshmipur,Chittagong,291.56,1573.07,0.185343,144.3,Dry Winter (Dec-Feb)
2019,12,December,Lalmonirhat,Rangpur,636.16,1381.75,0.460399,314.9,Dry Winter (Dec-Feb)
2019,12,December,Madaripur,Dhaka,102.34,1257.23,0.081405,50.7,Dry Winter (Dec-Feb)
2019,12,December,Magura,Khulna,237.07,1143.98,0.207235,117.3,Dry Winter (Dec-Feb)
2019,12,December,Manikganj,Dhaka,181.04,1531.92,0.118176,89.6,Dry Winter (Dec-Feb)
2019,12,December,Maulvibazar,Sylhet,215.77,2819.05,0.076542,106.8,Dry Winter (Dec-Feb)
2019,12,December,Meherpur,Khulna,376.85,732.79,0.514266,186.5,Dry Winter (Dec-Feb)
2019,12,December,Munshiganj,Dhaka,83.83,1036.66,0.080867,41.5,Dry Winter (Dec-Feb)
2019,12,December,Mymensingh,Dhaka,2132.24,4784.19,0.445684,1055.3,Dry Winter (Dec-Feb)
2019,12,December,Naogaon,Rajshahi,1777.57,3824.58,0.464777,879.8,Dry Winter (Dec-Feb)
2019,12,December,Narail,Khulna,115.43,1072.86,0.107595,57.1,Dry Winter (Dec-Feb)
2019,12,December,Narayanganj,Dhaka,296.48,832.16,0.35628,146.7,Dry Winter (Dec-Feb)
2019,12,December,Narsingdi,Dhaka,60.42,1281.34,0.047152,29.9,Dry Winter (Dec-Feb)
2019,12,December,Natore,Rajshahi,294.35,2101.7,0.140052,145.7,Dry Winter (Dec-Feb)
2019,12,December,Nawabganj,Rajshahi,213.48,1804.38,0.118313,105.7,Dry Winter (Dec-Feb)
2019,12,December,Netrakona,Dhaka,453.86,3089.39,0.14691,224.6,Dry Winter (Dec-Feb)
2019,12,December,Nilphamari,Rangpur,1080.88,1836.84,0.588445,535.0,Dry Winter (Dec-Feb)
2019,12,December,Noakhali,Chittagong,157.82,2642.03,0.059735,78.1,Dry Winter (Dec-Feb)
2019,12,December,Pabna,Rajshahi,182.26,2634.14,0.069191,90.2,Dry Winter (Dec-Feb)
2019,12,December,Panchagarh,Rangpur,969.21,1548.93,0.625731,479.7,Dry Winter (Dec-Feb)
2019,12,December,Patuakhali,Barisal,217.42,2730.09,0.079637,107.6,Dry Winter (Dec-Feb)
2019,12,December,Pirojpur,Barisal,102.98,1365.69,0.075408,51.0,Dry Winter (Dec-Feb)
2019,12,December,Rajbari,Dhaka,120.77,1249.73,0.096639,59.8,Dry Winter (Dec-Feb)
2019,12,December,Rajshahi,Rajshahi,323.22,2664.72,0.121297,160.0,Dry Winter (Dec-Feb)
2019,12,December,Rangamati,Chittagong,467.35,6226.79,0.075054,231.3,Dry Winter (Dec-Feb)
2019,12,December,Rangpur,Rangpur,1501.63,2572.65,0.583692,743.2,Dry Winter (Dec-Feb)
2019,12,December,Satkhira,Khulna,1221.49,3543.74,0.34469,604.6,Dry Winter (Dec-Feb)
2019,12,December,Shariatpur,Dhaka,157.38,1362.06,0.115546,77.9,Dry Winter (Dec-Feb)
2019,12,December,Sherpur,Dhaka,942.52,1455.19,0.64769,466.5,Dry Winter (Dec-Feb)
2019,12,December,Sirajganj,Rajshahi,326.88,2755.65,0.118623,161.8,Dry Winter (Dec-Feb)
2019,12,December,Sunamganj,Sylhet,827.09,4043.04,0.20457,409.4,Dry Winter (Dec-Feb)
2019,12,December,Sylhet,Sylhet,606.0,3847.75,0.157494,299.9,Dry Winter (Dec-Feb)
2019,12,December,Tangail,Dhaka,1716.61,3707.07,0.463064,849.6,Dry Winter (Dec-Feb)
2019,12,December,Thakurgaon,Rangpur,1328.48,2008.93,0.661286,657.5,Dry Winter (Dec-Feb)
2020,1,January,Bagerhat,Khulna,814.0,3965.62,0.205265,402.9,Dry Winter (Dec-Feb)
2020,1,January,Bandarban,Chittagong,2414.66,5000.66,0.482868,1195.1,Dry Winter (Dec-Feb)
2020,1,January,Barguna,Barisal,158.2,1547.28,0.102246,78.3,Dry Winter (Dec-Feb)
2020,1,January,Barisal,Barisal,408.85,2767.25,0.147744,202.4,Dry Winter (Dec-Feb)
2020,1,January,Bhola,Barisal,672.24,2471.69,0.271974,332.7,Dry Winter (Dec-Feb)
2020,1,January,Bogra,Rajshahi,168.82,3233.63,0.052208,83.6,Dry Winter (Dec-Feb)
2020,1,January,Brahamanbaria,Chittagong,902.48,2104.07,0.428921,446.7,Dry Winter (Dec-Feb)
2020,1,January,Chandpur,Chittagong,244.23,1864.17,0.131012,120.9,Dry Winter (Dec-Feb)
2020,1,January,Chittagong,Chittagong,1709.96,4736.75,0.360999,846.3,Dry Winter (Dec-Feb)
2020,1,January,Chuadanga,Khulna,411.51,1233.0,0.333749,203.7,Dry Winter (Dec-Feb)
2020,1,January,Comilla,Chittagong,1410.51,3351.85,0.420817,698.1,Dry Winter (Dec-Feb)
2020,1,January,Cox's Bazar,Chittagong,795.32,2206.6,0.36043,393.6,Dry Winter (Dec-Feb)
2020,1,January,Dhaka,Dhaka,689.5,1611.18,0.427948,341.3,Dry Winter (Dec-Feb)
2020,1,January,Dinajpur,Rangpur,930.64,3829.09,0.243045,460.6,Dry Winter (Dec-Feb)
2020,1,January,Faridpur,Dhaka,472.66,2227.54,0.212188,233.9,Dry Winter (Dec-Feb)
2020,1,January,Feni,Chittagong,356.49,960.78,0.371046,176.4,Dry Winter (Dec-Feb)
2020,1,January,Gaibandha,Rangpur,146.04,2410.25,0.060591,72.3,Dry Winter (Dec-Feb)
2020,1,January,Gazipur,Dhaka,760.79,1940.74,0.392008,376.5,Dry Winter (Dec-Feb)
2020,1,January,Gopalganj,Dhaka,572.73,1602.77,0.357338,283.5,Dry Winter (Dec-Feb)
2020,1,January,Habiganj,Sylhet,1536.54,2857.81,0.537663,760.5,Dry Winter (Dec-Feb)
2020,1,January,Jamalpur,Dhaka,161.92,2272.36,0.071259,80.1,Dry Winter (Dec-Feb)
2020,1,January,Jessore,Khulna,453.12,2784.67,0.162719,224.3,Dry Winter (Dec-Feb)
2020,1,January,Jhalokati,Barisal,35.02,807.93,0.043342,17.3,Dry Winter (Dec-Feb)
2020,1,January,Jhenaidah,Khulna,663.14,2143.59,0.30936,328.2,Dry Winter (Dec-Feb)
2020,1,January,Joypurhat,Rajshahi,261.51,1081.54,0.241791,129.4,Dry Winter (Dec-Feb)
2020,1,January,Khagrachhari,Chittagong,1551.42,3108.48,0.499094,767.9,Dry Winter (Dec-Feb)
2020,1,January,Khulna,Khulna,901.84,3868.06,0.233152,446.4,Dry Winter (Dec-Feb)
2020,1,January,Kishoreganj,Dhaka,1191.83,2821.62,0.422392,589.9,Dry Winter (Dec-Feb)
2020,1,January,Kurigram,Rangpur,428.7,2481.86,0.172733,212.2,Dry Winter (Dec-Feb)
2020,1,January,Kushtia,Khulna,120.13,1830.28,0.065634,59.5,Dry Winter (Dec-Feb)
2020,1,January,Lakshmipur,Chittagong,295.57,1573.07,0.187892,146.3,Dry Winter (Dec-Feb)
2020,1,January,Lalmonirhat,Rangpur,72.04,1381.75,0.052136,35.7,Dry Winter (Dec-Feb)
2020,1,January,Madaripur,Dhaka,92.91,1257.23,0.073904,46.0,Dry Winter (Dec-Feb)
2020,1,January,Magura,Khulna,411.4,1143.98,0.359621,203.6,Dry Winter (Dec-Feb)
2020,1,January,Manikganj,Dhaka,175.71,1531.92,0.114702,87.0,Dry Winter (Dec-Feb)
2020,1,January,Maulvibazar,Sylhet,796.03,2819.05,0.282377,394.0,Dry Winter (Dec-Feb)
2020,1,January,Meherpur,Khulna,361.98,732.79,0.493973,179.2,Dry Winter (Dec-Feb)
2020,1,January,Munshiganj,Dhaka,78.33,1036.66,0.075559,38.8,Dry Winter (Dec-Feb)
2020,1,January,Mymensingh,Dhaka,2086.35,4784.19,0.436092,1032.6,Dry Winter (Dec-Feb)
2020,1,January,Naogaon,Rajshahi,1806.43,3824.58,0.472323,894.1,Dry Winter (Dec-Feb)
2020,1,January,Narail,Khulna,114.74,1072.86,0.106944,56.8,Dry Winter (Dec-Feb)
2020,1,January,Narayanganj,Dhaka,279.07,832.16,0.335355,138.1,Dry Winter (Dec-Feb)
2020,1,January,Narsingdi,Dhaka,60.42,1281.34,0.047155,29.9,Dry Winter (Dec-Feb)
2020,1,January,Natore,Rajshahi,745.47,2101.7,0.354699,369.0,Dry Winter (Dec-Feb)
2020,1,January,Nawabganj,Rajshahi,553.0,1804.38,0.306475,273.7,Dry Winter (Dec-Feb)
2020,1,January,Netrakona,Dhaka,1407.98,3089.39,0.455745,696.9,Dry Winter (Dec-Feb)
2020,1,January,Nilphamari,Rangpur,47.01,1836.84,0.025595,23.3,Dry Winter (Dec-Feb)
2020,1,January,Noakhali,Chittagong,147.72,2642.03,0.05591,73.1,Dry Winter (Dec-Feb)
2020,1,January,Pabna,Rajshahi,498.76,2634.14,0.189343,246.9,Dry Winter (Dec-Feb)
2020,1,January,Panchagarh,Rangpur,971.89,1548.93,0.627457,481.0,Dry Winter (Dec-Feb)
2020,1,January,Patuakhali,Barisal,213.8,2730.09,0.078312,105.8,Dry Winter (Dec-Feb)
2020,1,January,Pirojpur,Barisal,94.85,1365.69,0.069451,46.9,Dry Winter (Dec-Feb)
2020,1,January,Rajbari,Dhaka,112.03,1249.73,0.089643,55.4,Dry Winter (Dec-Feb)
2020,1,January,Rajshahi,Rajshahi,470.68,2664.72,0.176632,233.0,Dry Winter (Dec-Feb)
2020,1,January,Rangamati,Chittagong,456.25,6226.79,0.073271,225.8,Dry Winter (Dec-Feb)
2020,1,January,Rangpur,Rangpur,77.85,2572.65,0.030261,38.5,Dry Winter (Dec-Feb)
2020,1,January,Satkhira,Khulna,1006.08,3543.74,0.283904,498.0,Dry Winter (Dec-Feb)
2020,1,January,Shariatpur,Dhaka,136.03,1362.06,0.099868,67.3,Dry Winter (Dec-Feb)
2020,1,January,Sherpur,Dhaka,849.39,1455.19,0.583697,420.4,Dry Winter (Dec-Feb)
2020,1,January,Sirajganj,Rajshahi,330.49,2755.65,0.119932,163.6,Dry Winter (Dec-Feb)
2020,1,January,Sunamganj,Sylhet,686.13,4043.04,0.169706,339.6,Dry Winter (Dec-Feb)
2020,1,January,Sylhet,Sylhet,1719.51,3847.75,0.446886,851.1,Dry Winter (Dec-Feb)
2020,1,January,Tangail,Dhaka,1267.25,3707.07,0.341847,627.2,Dry Winter (Dec-Feb)
2020,1,January,Thakurgaon,Rangpur,1246.88,2008.93,0.62067,617.1,Dry Winter (Dec-Feb)
2020,2,February,Bagerhat,Khulna,680.8,3965.62,0.171676,337.0,Dry Winter (Dec-Feb)
2020,2,February,Bandarban,Chittagong,3265.23,5000.66,0.65296,1616.1,Dry Winter (Dec-Feb)
2020,2,February,Barguna,Barisal,150.51,1547.28,0.097273,74.5,Dry Winter (Dec-Feb)
2020,2,February,Barisal,Barisal,428.23,2767.25,0.154748,212.0,Dry Winter (Dec-Feb)
2020,2,February,Bhola,Barisal,649.01,2471.69,0.262576,321.2,Dry Winter (Dec-Feb)
2020,2,February,Bogra,Rajshahi,1532.9,3233.63,0.474048,758.7,Dry Winter (Dec-Feb)
2020,2,February,Brahamanbaria,Chittagong,1107.2,2104.07,0.52622,548.0,Dry Winter (Dec-Feb)
2020,2,February,Chandpur,Chittagong,248.28,1864.17,0.133185,122.9,Dry Winter (Dec-Feb)
2020,2,February,Chittagong,Chittagong,1777.25,4736.75,0.375206,879.6,Dry Winter (Dec-Feb)
2020,2,February,Chuadanga,Khulna,706.09,1233.0,0.572655,349.5,Dry Winter (Dec-Feb)
2020,2,February,Comilla,Chittagong,1806.26,3351.85,0.538886,894.0,Dry Winter (Dec-Feb)
2020,2,February,Cox's Bazar,Chittagong,866.72,2206.6,0.392786,429.0,Dry Winter (Dec-Feb)
2020,2,February,Dhaka,Dhaka,780.03,1611.18,0.484137,386.1,Dry Winter (Dec-Feb)
2020,2,February,Dinajpur,Rangpur,1531.42,3829.09,0.399943,758.0,Dry Winter (Dec-Feb)
2020,2,February,Faridpur,Dhaka,1105.88,2227.54,0.496457,547.3,Dry Winter (Dec-Feb)
2020,2,February,Feni,Chittagong,422.98,960.78,0.440246,209.4,Dry Winter (Dec-Feb)
2020,2,February,Gaibandha,Rangpur,374.39,2410.25,0.155333,185.3,Dry Winter (Dec-Feb)
2020,2,February,Gazipur,Dhaka,1006.57,1940.74,0.518651,498.2,Dry Winter (Dec-Feb)
2020,2,February,Gopalganj,Dhaka,801.45,1602.77,0.500042,396.7,Dry Winter (Dec-Feb)
2020,2,February,Habiganj,Sylhet,1213.75,2857.81,0.424712,600.7,Dry Winter (Dec-Feb)
2020,2,February,Jamalpur,Dhaka,874.21,2272.36,0.384717,432.7,Dry Winter (Dec-Feb)
2020,2,February,Jessore,Khulna,949.86,2784.67,0.341104,470.1,Dry Winter (Dec-Feb)
2020,2,February,Jhalokati,Barisal,34.36,807.93,0.042525,17.0,Dry Winter (Dec-Feb)
2020,2,February,Jhenaidah,Khulna,1118.5,2143.59,0.521789,553.6,Dry Winter (Dec-Feb)
2020,2,February,Joypurhat,Rajshahi,562.8,1081.54,0.520364,278.6,Dry Winter (Dec-Feb)
2020,2,February,Khagrachhari,Chittagong,1776.2,3108.48,0.571404,879.1,Dry Winter (Dec-Feb)
2020,2,February,Khulna,Khulna,660.9,3868.06,0.17086,327.1,Dry Winter (Dec-Feb)
2020,2,February,Kishoreganj,Dhaka,1439.11,2821.62,0.510029,712.3,Dry Winter (Dec-Feb)
2020,2,February,Kurigram,Rangpur,433.44,2481.86,0.174643,214.5,Dry Winter (Dec-Feb)
2020,2,February,Kushtia,Khulna,216.68,1830.28,0.118387,107.2,Dry Winter (Dec-Feb)
2020,2,February,Lakshmipur,Chittagong,290.29,1573.07,0.18454,143.7,Dry Winter (Dec-Feb)
2020,2,February,Lalmonirhat,Rangpur,445.02,1381.75,0.322069,220.3,Dry Winter (Dec-Feb)
2020,2,February,Madaripur,Dhaka,82.82,1257.23,0.065875,41.0,Dry Winter (Dec-Feb)
2020,2,February,Magura,Khulna,746.28,1143.98,0.652359,369.4,Dry Winter (Dec-Feb)
2020,2,February,Manikganj,Dhaka,172.66,1531.92,0.112707,85.5,Dry Winter (Dec-Feb)
2020,2,February,Maulvibazar,Sylhet,1181.91,2819.05,0.419256,585.0,Dry Winter (Dec-Feb)
2020,2,February,Meherpur,Khulna,416.65,732.79,0.568578,206.2,Dry Winter (Dec-Feb)
2020,2,February,Munshiganj,Dhaka,81.27,1036.66,0.078399,40.2,Dry Winter (Dec-Feb)
2020,2,February,Mymensingh,Dhaka,2839.65,4784.19,0.593548,1405.5,Dry Winter (Dec-Feb)
2020,2,February,Naogaon,Rajshahi,2738.14,3824.58,0.715932,1355.2,Dry Winter (Dec-Feb)
2020,2,February,Narail,Khulna,66.96,1072.86,0.062412,33.1,Dry Winter (Dec-Feb)
2020,2,February,Narayanganj,Dhaka,417.82,832.16,0.502089,206.8,Dry Winter (Dec-Feb)
2020,2,February,Narsingdi,Dhaka,72.55,1281.34,0.056619,35.9,Dry Winter (Dec-Feb)
2020,2,February,Natore,Rajshahi,1396.25,2101.7,0.664344,691.1,Dry Winter (Dec-Feb)
2020,2,February,Nawabganj,Rajshahi,846.1,1804.38,0.468912,418.8,Dry Winter (Dec-Feb)
2020,2,February,Netrakona,Dhaka,1771.82,3089.39,0.573517,877.0,Dry Winter (Dec-Feb)
2020,2,February,Nilphamari,Rangpur,663.47,1836.84,0.361203,328.4,Dry Winter (Dec-Feb)
2020,2,February,Noakhali,Chittagong,136.98,2642.03,0.051847,67.8,Dry Winter (Dec-Feb)
2020,2,February,Pabna,Rajshahi,1217.26,2634.14,0.46211,602.5,Dry Winter (Dec-Feb)
2020,2,February,Panchagarh,Rangpur,1025.11,1548.93,0.661819,507.4,Dry Winter (Dec-Feb)
2020,2,February,Patuakhali,Barisal,207.57,2730.09,0.076032,102.7,Dry Winter (Dec-Feb)
2020,2,February,Pirojpur,Barisal,92.1,1365.69,0.06744,45.6,Dry Winter (Dec-Feb)
2020,2,February,Rajbari,Dhaka,112.99,1249.73,0.090408,55.9,Dry Winter (Dec-Feb)
2020,2,February,Rajshahi,Rajshahi,1162.72,2664.72,0.43634,575.5,Dry Winter (Dec-Feb)
2020,2,February,Rangamati,Chittagong,373.92,6226.79,0.06005,185.1,Dry Winter (Dec-Feb)
2020,2,February,Rangpur,Rangpur,959.72,2572.65,0.373048,475.0,Dry Winter (Dec-Feb)
2020,2,February,Satkhira,Khulna,946.75,3543.74,0.267161,468.6,Dry Winter (Dec-Feb)
2020,2,February,Shariatpur,Dhaka,137.71,1362.06,0.101105,68.2,Dry Winter (Dec-Feb)
2020,2,February,Sherpur,Dhaka,915.73,1455.19,0.629285,453.2,Dry Winter (Dec-Feb)
2020,2,February,Sirajganj,Rajshahi,304.5,2755.65,0.110502,150.7,Dry Winter (Dec-Feb)
2020,2,February,Sunamganj,Sylhet,1093.0,4043.04,0.270342,541.0,Dry Winter (Dec-Feb)
2020,2,February,Sylhet,Sylhet,1672.88,3847.75,0.43477,828.0,Dry Winter (Dec-Feb)
2020,2,February,Tangail,Dhaka,1683.91,3707.07,0.454244,833.4,Dry Winter (Dec-Feb)
2020,2,February,Thakurgaon,Rangpur,1208.14,2008.93,0.601381,598.0,Dry Winter (Dec-Feb)
2020,3,March,Bagerhat,Khulna,591.54,3965.62,0.149167,292.8,Pre-Monsoon (Mar-May)
2020,3,March,Bandarban,Chittagong,3377.77,5000.66,0.675466,1671.8,Pre-Monsoon (Mar-May)
2020,3,March,Barguna,Barisal,159.12,1547.28,0.102836,78.8,Pre-Monsoon (Mar-May)
2020,3,March,Barisal,Barisal,404.23,2767.25,0.146077,200.1,Pre-Monsoon (Mar-May)
2020,3,March,Bhola,Barisal,673.08,2471.69,0.272317,333.1,Pre-Monsoon (Mar-May)
2020,3,March,Bogra,Rajshahi,1294.28,3233.63,0.400254,640.6,Pre-Monsoon (Mar-May)
2020,3,March,Brahamanbaria,Chittagong,1193.43,2104.07,0.567198,590.7,Pre-Monsoon (Mar-May)
2020,3,March,Chandpur,Chittagong,249.27,1864.17,0.133715,123.4,Pre-Monsoon (Mar-May)
2020,3,March,Chittagong,Chittagong,2377.43,4736.75,0.501911,1176.7,Pre-Monsoon (Mar-May)
2020,3,March,Chuadanga,Khulna,543.45,1233.0,0.440751,269.0,Pre-Monsoon (Mar-May)
2020,3,March,Comilla,Chittagong,1988.44,3351.85,0.593236,984.2,Pre-Monsoon (Mar-May)
2020,3,March,Cox's Bazar,Chittagong,794.28,2206.6,0.359956,393.1,Pre-Monsoon (Mar-May)
2020,3,March,Dhaka,Dhaka,824.08,1611.18,0.511481,407.9,Pre-Monsoon (Mar-May)
2020,3,March,Dinajpur,Rangpur,2444.99,3829.09,0.63853,1210.1,Pre-Monsoon (Mar-May)
2020,3,March,Faridpur,Dhaka,870.58,2227.54,0.390827,430.9,Pre-Monsoon (Mar-May)
2020,3,March,Feni,Chittagong,512.86,960.78,0.533802,253.8,Pre-Monsoon (Mar-May)
2020,3,March,Gaibandha,Rangpur,304.09,2410.25,0.126164,150.5,Pre-Monsoon (Mar-May)
2020,3,March,Gazipur,Dhaka,1020.17,1940.74,0.525659,504.9,Pre-Monsoon (Mar-May)
2020,3,March,Gopalganj,Dhaka,943.34,1602.77,0.588569,466.9,Pre-Monsoon (Mar-May)
2020,3,March,Habiganj,Sylhet,1976.15,2857.81,0.691489,978.1,Pre-Monsoon (Mar-May)
2020,3,March,Jamalpur,Dhaka,254.42,2272.36,0.111962,125.9,Pre-Monsoon (Mar-May)
2020,3,March,Jessore,Khulna,199.92,2784.67,0.071792,98.9,Pre-Monsoon (Mar-May)
2020,3,March,Jhalokati,Barisal,33.39,807.93,0.041331,16.5,Pre-Monsoon (Mar-May)
2020,3,March,Jhenaidah,Khulna,1100.36,2143.59,0.513327,544.6,Pre-Monsoon (Mar-May)
2020,3,March,Joypurhat,Rajshahi,855.24,1081.54,0.790759,423.3,Pre-Monsoon (Mar-May)
2020,3,March,Khagrachhari,Chittagong,1934.23,3108.48,0.622244,957.3,Pre-Monsoon (Mar-May)
2020,3,March,Khulna,Khulna,560.33,3868.06,0.14486,277.3,Pre-Monsoon (Mar-May)
2020,3,March,Kishoreganj,Dhaka,1495.96,2821.62,0.530177,740.4,Pre-Monsoon (Mar-May)
2020,3,March,Kurigram,Rangpur,582.72,2481.86,0.234793,288.4,Pre-Monsoon (Mar-May)
2020,3,March,Kushtia,Khulna,145.48,1830.28,0.079486,72.0,Pre-Monsoon (Mar-May)
2020,3,March,Lakshmipur,Chittagong,297.24,1573.07,0.188953,147.1,Pre-Monsoon (Mar-May)
2020,3,March,Lalmonirhat,Rangpur,239.87,1381.75,0.173598,118.7,Pre-Monsoon (Mar-May)
2020,3,March,Madaripur,Dhaka,78.37,1257.23,0.062335,38.8,Pre-Monsoon (Mar-May)
2020,3,March,Magura,Khulna,556.35,1143.98,0.486326,275.4,Pre-Monsoon (Mar-May)
2020,3,March,Manikganj,Dhaka,182.13,1531.92,0.11889,90.1,Pre-Monsoon (Mar-May)
2020,3,March,Maulvibazar,Sylhet,1324.07,2819.05,0.469688,655.3,Pre-Monsoon (Mar-May)
2020,3,March,Meherpur,Khulna,430.76,732.79,0.587842,213.2,Pre-Monsoon (Mar-May)
2020,3,March,Munshiganj,Dhaka,74.35,1036.66,0.071719,36.8,Pre-Monsoon (Mar-May)
2020,3,March,Mymensingh,Dhaka,2530.34,4784.19,0.528895,1252.4,Pre-Monsoon (Mar-May)
2020,3,March,Naogaon,Rajshahi,2875.74,3824.58,0.75191,1423.3,Pre-Monsoon (Mar-May)
2020,3,March,Narail,Khulna,37.49,1072.86,0.034941,18.6,Pre-Monsoon (Mar-May)
2020,3,March,Narayanganj,Dhaka,453.93,832.16,0.545482,224.7,Pre-Monsoon (Mar-May)
2020,3,March,Narsingdi,Dhaka,176.1,1281.34,0.137437,87.2,Pre-Monsoon (Mar-May)
2020,3,March,Natore,Rajshahi,1330.32,2101.7,0.632973,658.4,Pre-Monsoon (Mar-May)
2020,3,March,Nawabganj,Rajshahi,522.26,1804.38,0.289439,258.5,Pre-Monsoon (Mar-May)
2020,3,March,Netrakona,Dhaka,1654.78,3089.39,0.535631,819.0,Pre-Monsoon (Mar-May)
2020,3,March,Nilphamari,Rangpur,946.27,1836.84,0.515164,468.4,Pre-Monsoon (Mar-May)
2020,3,March,Noakhali,Chittagong,144.3,2642.03,0.054616,71.4,Pre-Monsoon (Mar-May)
2020,3,March,Pabna,Rajshahi,1197.33,2634.14,0.454542,592.6,Pre-Monsoon (Mar-May)
2020,3,March,Panchagarh,Rangpur,690.93,1548.93,0.446069,342.0,Pre-Monsoon (Mar-May)
2020,3,March,Patuakhali,Barisal,221.11,2730.09,0.080989,109.4,Pre-Monsoon (Mar-May)
2020,3,March,Pirojpur,Barisal,90.96,1365.69,0.066605,45.0,Pre-Monsoon (Mar-May)
2020,3,March,Rajbari,Dhaka,115.17,1249.73,0.092155,57.0,Pre-Monsoon (Mar-May)
2020,3,March,Rajshahi,Rajshahi,272.11,2664.72,0.102115,134.7,Pre-Monsoon (Mar-May)
2020,3,March,Rangamati,Chittagong,351.55,6226.79,0.056458,174.0,Pre-Monsoon (Mar-May)
2020,3,March,Rangpur,Rangpur,1941.65,2572.65,0.754729,961.0,Pre-Monsoon (Mar-May)
2020,3,March,Satkhira,Khulna,906.12,3543.74,0.255696,448.5,Pre-Monsoon (Mar-May)
2020,3,March,Shariatpur,Dhaka,138.01,1362.06,0.101322,68.3,Pre-Monsoon (Mar-May)
2020,3,March,Sherpur,Dhaka,955.2,1455.19,0.656404,472.8,Pre-Monsoon (Mar-May)
2020,3,March,Sirajganj,Rajshahi,324.13,2755.65,0.117623,160.4,Pre-Monsoon (Mar-May)
2020,3,March,Sunamganj,Sylhet,2088.29,4043.04,0.516514,1033.6,Pre-Monsoon (Mar-May)
2020,3,March,Sylhet,Sylhet,2320.79,3847.75,0.603157,1148.7,Pre-Monsoon (Mar-May)
2020,3,March,Tangail,Dhaka,1727.58,3707.07,0.466025,855.1,Pre-Monsoon (Mar-May)
2020,3,March,Thakurgaon,Rangpur,971.7,2008.93,0.48369,480.9,Pre-Monsoon (Mar-May)
2020,4,April,Bagerhat,Khulna,1175.5,3965.62,0.296422,581.8,Pre-Monsoon (Mar-May)
2020,4,April,Bandarban,Chittagong,2819.76,5000.66,0.563878,1395.6,Pre-Monsoon (Mar-May)
2020,4,April,Barguna,Barisal,156.45,1547.28,0.101115,77.4,Pre-Monsoon (Mar-May)
2020,4,April,Barisal,Barisal,452.56,2767.25,0.163543,224.0,Pre-Monsoon (Mar-May)
2020,4,April,Bhola,Barisal,672.03,2471.69,0.271893,332.6,Pre-Monsoon (Mar-May)
2020,4,April,Bogra,Rajshahi,1697.63,3233.63,0.524992,840.2,Pre-Monsoon (Mar-May)
2020,4,April,Brahamanbaria,Chittagong,1166.26,2104.07,0.554286,577.2,Pre-Monsoon (Mar-May)
2020,4,April,Chandpur,Chittagong,260.03,1864.17,0.139487,128.7,Pre-Monsoon (Mar-May)
2020,4,April,Chittagong,Chittagong,1927.51,4736.75,0.406927,954.0,Pre-Monsoon (Mar-May)
2020,4,April,Chuadanga,Khulna,603.71,1233.0,0.489629,298.8,Pre-Monsoon (Mar-May)
2020,4,April,Comilla,Chittagong,1743.98,3351.85,0.520303,863.2,Pre-Monsoon (Mar-May)
2020,4,April,Cox's Bazar,Chittagong,794.06,2206.6,0.359858,393.0,Pre-Monsoon (Mar-May)
2020,4,April,Dhaka,Dhaka,919.28,1611.18,0.570563,455.0,Pre-Monsoon (Mar-May)
2020,4,April,Dinajpur,Rangpur,2793.18,3829.09,0.729464,1382.5,Pre-Monsoon (Mar-May)
2020,4,April,Faridpur,Dhaka,707.38,2227.54,0.31756,350.1,Pre-Monsoon (Mar-May)
2020,4,April,Feni,Chittagong,487.96,960.78,0.507883,241.5,Pre-Monsoon (Mar-May)
2020,4,April,Gaibandha,Rangpur,226.17,2410.25,0.093838,111.9,Pre-Monsoon (Mar-May)
2020,4,April,Gazipur,Dhaka,1124.61,1940.74,0.579475,556.6,Pre-Monsoon (Mar-May)
2020,4,April,Gopalganj,Dhaka,1081.41,1602.77,0.674713,535.2,Pre-Monsoon (Mar-May)
2020,4,April,Habiganj,Sylhet,1812.74,2857.81,0.63431,897.2,Pre-Monsoon (Mar-May)
2020,4,April,Jamalpur,Dhaka,1318.27,2272.36,0.580132,652.5,Pre-Monsoon (Mar-May)
2020,4,April,Jessore,Khulna,914.67,2784.67,0.328466,452.7,Pre-Monsoon (Mar-May)
2020,4,April,Jhalokati,Barisal,36.73,807.93,0.045467,18.2,Pre-Monsoon (Mar-May)
2020,4,April,Jhenaidah,Khulna,1248.75,2143.59,0.582549,618.1,Pre-Monsoon (Mar-May)
2020,4,April,Joypurhat,Rajshahi,838.8,1081.54,0.775556,415.2,Pre-Monsoon (Mar-May)
2020,4,April,Khagrachhari,Chittagong,1856.82,3108.48,0.59734,919.0,Pre-Monsoon (Mar-May)
2020,4,April,Khulna,Khulna,656.44,3868.06,0.169707,324.9,Pre-Monsoon (Mar-May)
2020,4,April,Kishoreganj,Dhaka,1306.53,2821.62,0.463044,646.7,Pre-Monsoon (Mar-May)
2020,4,April,Kurigram,Rangpur,369.6,2481.86,0.148919,182.9,Pre-Monsoon (Mar-May)
2020,4,April,Kushtia,Khulna,157.37,1830.28,0.08598,77.9,Pre-Monsoon (Mar-May)
2020,4,April,Lakshmipur,Chittagong,297.85,1573.07,0.189346,147.4,Pre-Monsoon (Mar-May)
2020,4,April,Lalmonirhat,Rangpur,529.84,1381.75,0.383455,262.2,Pre-Monsoon (Mar-May)
2020,4,April,Madaripur,Dhaka,79.63,1257.23,0.063337,39.4,Pre-Monsoon (Mar-May)
2020,4,April,Magura,Khulna,737.0,1143.98,0.644242,364.8,Pre-Monsoon (Mar-May)
2020,4,April,Manikganj,Dhaka,173.62,1531.92,0.113336,85.9,Pre-Monsoon (Mar-May)
2020,4,April,Maulvibazar,Sylhet,1137.76,2819.05,0.403597,563.1,Pre-Monsoon (Mar-May)
2020,4,April,Meherpur,Khulna,466.64,732.79,0.636801,231.0,Pre-Monsoon (Mar-May)
2020,4,April,Munshiganj,Dhaka,79.58,1036.66,0.076763,39.4,Pre-Monsoon (Mar-May)
2020,4,April,Mymensingh,Dhaka,2638.43,4784.19,0.551489,1305.9,Pre-Monsoon (Mar-May)
2020,4,April,Naogaon,Rajshahi,3042.32,3824.58,0.795465,1505.8,Pre-Monsoon (Mar-May)
2020,4,April,Narail,Khulna,41.43,1072.86,0.038617,20.5,Pre-Monsoon (Mar-May)
2020,4,April,Narayanganj,Dhaka,445.96,832.16,0.53591,220.7,Pre-Monsoon (Mar-May)
2020,4,April,Narsingdi,Dhaka,487.28,1281.34,0.380292,241.2,Pre-Monsoon (Mar-May)
2020,4,April,Natore,Rajshahi,1388.14,2101.7,0.660486,687.1,Pre-Monsoon (Mar-May)
2020,4,April,Nawabganj,Rajshahi,847.45,1804.38,0.469661,419.4,Pre-Monsoon (Mar-May)
2020,4,April,Netrakona,Dhaka,1857.34,3089.39,0.601198,919.3,Pre-Monsoon (Mar-May)
2020,4,April,Nilphamari,Rangpur,1091.51,1836.84,0.594233,540.2,Pre-Monsoon (Mar-May)
2020,4,April,Noakhali,Chittagong,140.74,2642.03,0.05327,69.7,Pre-Monsoon (Mar-May)
2020,4,April,Pabna,Rajshahi,1481.79,2634.14,0.562532,733.4,Pre-Monsoon (Mar-May)
2020,4,April,Panchagarh,Rangpur,716.33,1548.93,0.46247,354.5,Pre-Monsoon (Mar-May)
2020,4,April,Patuakhali,Barisal,229.54,2730.09,0.084078,113.6,Pre-Monsoon (Mar-May)
2020,4,April,Pirojpur,Barisal,94.86,1365.69,0.06946,47.0,Pre-Monsoon (Mar-May)
2020,4,April,Rajbari,Dhaka,127.73,1249.73,0.102203,63.2,Pre-Monsoon (Mar-May)
2020,4,April,Rajshahi,Rajshahi,1094.65,2664.72,0.410794,541.8,Pre-Monsoon (Mar-May)
2020,4,April,Rangamati,Chittagong,322.08,6226.79,0.051726,159.4,Pre-Monsoon (Mar-May)
2020,4,April,Rangpur,Rangpur,1911.38,2572.65,0.742964,946.0,Pre-Monsoon (Mar-May)
2020,4,April,Satkhira,Khulna,1065.27,3543.74,0.300606,527.2,Pre-Monsoon (Mar-May)
2020,4,April,Shariatpur,Dhaka,145.63,1362.06,0.106916,72.1,Pre-Monsoon (Mar-May)
2020,4,April,Sherpur,Dhaka,1089.1,1455.19,0.748425,539.0,Pre-Monsoon (Mar-May)
2020,4,April,Sirajganj,Rajshahi,282.01,2755.65,0.102339,139.6,Pre-Monsoon (Mar-May)
2020,4,April,Sunamganj,Sylhet,1275.2,4043.04,0.315405,631.2,Pre-Monsoon (Mar-May)
2020,4,April,Sylhet,Sylhet,1842.5,3847.75,0.478853,911.9,Pre-Monsoon (Mar-May)
2020,4,April,Tangail,Dhaka,1828.55,3707.07,0.493261,905.0,Pre-Monsoon (Mar-May)
2020,4,April,Thakurgaon,Rangpur,1065.03,2008.93,0.530146,527.1,Pre-Monsoon (Mar-May)
2020,5,May,Bagerhat,Khulna,1128.11,3965.62,0.284473,558.4,Pre-Monsoon (Mar-May)
2020,5,May,Bandarban,Chittagong,2554.86,5000.66,0.510905,1264.5,Pre-Monsoon (Mar-May)
2020,5,May,Barguna,Barisal,163.06,1547.28,0.105382,80.7,Pre-Monsoon (Mar-May)
2020,5,May,Barisal,Barisal,431.26,2767.25,0.155843,213.4,Pre-Monsoon (Mar-May)
2020,5,May,Bhola,Barisal,685.84,2471.69,0.277478,339.5,Pre-Monsoon (Mar-May)
2020,5,May,Bogra,Rajshahi,169.24,3233.63,0.052337,83.8,Pre-Monsoon (Mar-May)
2020,5,May,Brahamanbaria,Chittagong,149.04,2104.07,0.070835,73.8,Pre-Monsoon (Mar-May)
2020,5,May,Chandpur,Chittagong,268.21,1864.17,0.143879,132.7,Pre-Monsoon (Mar-May)
2020,5,May,Chittagong,Chittagong,1354.65,4736.75,0.285987,670.5,Pre-Monsoon (Mar-May)
2020,5,May,Chuadanga,Khulna,634.48,1233.0,0.514578,314.0,Pre-Monsoon (Mar-May)
2020,5,May,Comilla,Chittagong,1454.71,3351.85,0.434003,720.0,Pre-Monsoon (Mar-May)
2020,5,May,Cox's Bazar,Chittagong,481.45,2206.6,0.218185,238.3,Pre-Monsoon (Mar-May)
2020,5,May,Dhaka,Dhaka,821.89,1611.18,0.510119,406.8,Pre-Monsoon (Mar-May)
2020,5,May,Dinajpur,Rangpur,1692.16,3829.09,0.441922,837.5,Pre-Monsoon (Mar-May)
2020,5,May,Faridpur,Dhaka,111.52,2227.54,0.050065,55.2,Pre-Monsoon (Mar-May)
2020,5,May,Feni,Chittagong,476.88,960.78,0.496352,236.0,Pre-Monsoon (Mar-May)
2020,5,May,Gaibandha,Rangpur,250.68,2410.25,0.104006,124.1,Pre-Monsoon (Mar-May)
2020,5,May,Gazipur,Dhaka,852.68,1940.74,0.439356,422.0,Pre-Monsoon (Mar-May)
2020,5,May,Gopalganj,Dhaka,718.35,1602.77,0.448193,355.5,Pre-Monsoon (Mar-May)
2020,5,May,Habiganj,Sylhet,502.91,2857.81,0.175976,248.9,Pre-Monsoon (Mar-May)
2020,5,May,Jamalpur,Dhaka,143.86,2272.36,0.063308,71.2,Pre-Monsoon (Mar-May)
2020,5,May,Jessore,Khulna,424.3,2784.67,0.15237,210.0,Pre-Monsoon (Mar-May)
2020,5,May,Jhalokati,Barisal,38.68,807.93,0.047878,19.1,Pre-Monsoon (Mar-May)
2020,5,May,Jhenaidah,Khulna,897.43,2143.59,0.418659,444.2,Pre-Monsoon (Mar-May)
2020,5,May,Joypurhat,Rajshahi,785.61,1081.54,0.726382,388.8,Pre-Monsoon (Mar-May)
2020,5,May,Khagrachhari,Chittagong,1308.01,3108.48,0.420788,647.4,Pre-Monsoon (Mar-May)
2020,5,May,Khulna,Khulna,691.85,3868.06,0.178863,342.4,Pre-Monsoon (Mar-May)
2020,5,May,Kishoreganj,Dhaka,277.3,2821.62,0.098278,137.2,Pre-Monsoon (Mar-May)
2020,5,May,Kurigram,Rangpur,402.97,2481.86,0.162368,199.4,Pre-Monsoon (Mar-May)
2020,5,May,Kushtia,Khulna,126.12,1830.28,0.06891,62.4,Pre-Monsoon (Mar-May)
2020,5,May,Lakshmipur,Chittagong,298.28,1573.07,0.189618,147.6,Pre-Monsoon (Mar-May)
2020,5,May,Lalmonirhat,Rangpur,126.77,1381.75,0.091746,62.7,Pre-Monsoon (Mar-May)
2020,5,May,Madaripur,Dhaka,79.88,1257.23,0.063537,39.5,Pre-Monsoon (Mar-May)
2020,5,May,Magura,Khulna,256.25,1143.98,0.223998,126.8,Pre-Monsoon (Mar-May)
2020,5,May,Manikganj,Dhaka,177.92,1531.92,0.116139,88.1,Pre-Monsoon (Mar-May)
2020,5,May,Maulvibazar,Sylhet,219.49,2819.05,0.077861,108.6,Pre-Monsoon (Mar-May)
2020,5,May,Meherpur,Khulna,405.11,732.79,0.552838,200.5,Pre-Monsoon (Mar-May)
2020,5,May,Munshiganj,Dhaka,82.06,1036.66,0.079155,40.6,Pre-Monsoon (Mar-May)
2020,5,May,Mymensingh,Dhaka,2327.51,4784.19,0.486499,1152.0,Pre-Monsoon (Mar-May)
2020,5,May,Naogaon,Rajshahi,1574.35,3824.58,0.41164,779.2,Pre-Monsoon (Mar-May)
2020,5,May,Narail,Khulna,41.25,1072.86,0.038445,20.4,Pre-Monsoon (Mar-May)
2020,5,May,Narayanganj,Dhaka,66.47,832.16,0.07988,32.9,Pre-Monsoon (Mar-May)
2020,5,May,Narsingdi,Dhaka,68.08,1281.34,0.053131,33.7,Pre-Monsoon (Mar-May)
2020,5,May,Natore,Rajshahi,800.18,2101.7,0.380729,396.0,Pre-Monsoon (Mar-May)
2020,5,May,Nawabganj,Rajshahi,161.22,1804.38,0.089347,79.8,Pre-Monsoon (Mar-May)
2020,5,May,Netrakona,Dhaka,545.0,3089.39,0.176411,269.7,Pre-Monsoon (Mar-May)
2020,5,May,Nilphamari,Rangpur,997.63,1836.84,0.543123,493.8,Pre-Monsoon (Mar-May)
2020,5,May,Noakhali,Chittagong,151.81,2642.03,0.057461,75.1,Pre-Monsoon (Mar-May)
2020,5,May,Pabna,Rajshahi,200.96,2634.14,0.076292,99.5,Pre-Monsoon (Mar-May)
2020,5,May,Panchagarh,Rangpur,652.29,1548.93,0.421122,322.8,Pre-Monsoon (Mar-May)
2020,5,May,Patuakhali,Barisal,254.71,2730.09,0.093298,126.1,Pre-Monsoon (Mar-May)
2020,5,May,Pirojpur,Barisal,101.13,1365.69,0.074048,50.1,Pre-Monsoon (Mar-May)
2020,5,May,Rajbari,Dhaka,130.6,1249.73,0.104501,64.6,Pre-Monsoon (Mar-May)
2020,5,May,Rajshahi,Rajshahi,243.54,2664.72,0.091393,120.5,Pre-Monsoon (Mar-May)
2020,5,May,Rangamati,Chittagong,326.75,6226.79,0.052475,161.7,Pre-Monsoon (Mar-May)
2020,5,May,Rangpur,Rangpur,1455.37,2572.65,0.565709,720.3,Pre-Monsoon (Mar-May)
2020,5,May,Satkhira,Khulna,996.62,3543.74,0.281233,493.3,Pre-Monsoon (Mar-May)
2020,5,May,Shariatpur,Dhaka,149.34,1362.06,0.109641,73.9,Pre-Monsoon (Mar-May)
2020,5,May,Sherpur,Dhaka,936.22,1455.19,0.643362,463.4,Pre-Monsoon (Mar-May)
2020,5,May,Sirajganj,Rajshahi,308.39,2755.65,0.11191,152.6,Pre-Monsoon (Mar-May)
2020,5,May,Sunamganj,Sylhet,526.37,4043.04,0.130193,260.5,Pre-Monsoon (Mar-May)
2020,5,May,Sylhet,Sylhet,534.83,3847.75,0.138999,264.7,Pre-Monsoon (Mar-May)
2020,5,May,Tangail,Dhaka,1046.38,3707.07,0.282267,517.9,Pre-Monsoon (Mar-May)
2020,5,May,Thakurgaon,Rangpur,789.47,2008.93,0.392982,390.7,Pre-Monsoon (Mar-May)
2020,6,June,Bagerhat,Khulna,1438.07,3965.62,0.362635,711.8,Monsoon (Jun-Sep)
2020,6,June,Bandarban,Chittagong,2693.66,4999.9,0.538742,1333.2,Monsoon (Jun-Sep)
2020,6,June,Barguna,Barisal,286.13,1547.28,0.184925,141.6,Monsoon (Jun-Sep)
2020,6,June,Barisal,Barisal,602.65,2767.25,0.21778,298.3,Monsoon (Jun-Sep)
2020,6,June,Bhola,Barisal,762.3,2471.67,0.308417,377.3,Monsoon (Jun-Sep)
2020,6,June,Bogra,Rajshahi,225.35,3233.63,0.069691,111.5,Monsoon (Jun-Sep)
2020,6,June,Brahamanbaria,Chittagong,457.1,2104.07,0.217244,226.2,Monsoon (Jun-Sep)
2020,6,June,Chandpur,Chittagong,310.34,1864.17,0.166477,153.6,Monsoon (Jun-Sep)
2020,6,June,Chittagong,Chittagong,1915.23,4736.22,0.40438,947.9,Monsoon (Jun-Sep)
2020,6,June,Chuadanga,Khulna,310.34,1233.0,0.251693,153.6,Monsoon (Jun-Sep)
2020,6,June,Comilla,Chittagong,1055.34,3351.85,0.314854,522.3,Monsoon (Jun-Sep)
2020,6,June,Cox's Bazar,Chittagong,389.81,2206.6,0.176657,192.9,Monsoon (Jun-Sep)
2020,6,June,Dhaka,Dhaka,450.51,1611.18,0.279613,223.0,Monsoon (Jun-Sep)
2020,6,June,Dinajpur,Rangpur,1456.96,3829.09,0.380498,721.1,Monsoon (Jun-Sep)
2020,6,June,Faridpur,Dhaka,136.35,2227.54,0.061213,67.5,Monsoon (Jun-Sep)
2020,6,June,Feni,Chittagong,426.53,960.78,0.443947,211.1,Monsoon (Jun-Sep)
2020,6,June,Gaibandha,Rangpur,340.64,2410.25,0.141331,168.6,Monsoon (Jun-Sep)
2020,6,June,Gazipur,Dhaka,303.11,1940.74,0.15618,150.0,Monsoon (Jun-Sep)
2020,6,June,Gopalganj,Dhaka,459.95,1602.77,0.286974,227.6,Monsoon (Jun-Sep)
2020,6,June,Habiganj,Sylhet,824.55,2857.81,0.288525,408.1,Monsoon (Jun-Sep)
2020,6,June,Jamalpur,Dhaka,185.26,2272.36,0.081527,91.7,Monsoon (Jun-Sep)
2020,6,June,Jessore,Khulna,327.46,2784.67,0.117593,162.1,Monsoon (Jun-Sep)
2020,6,June,Jhalokati,Barisal,128.14,807.93,0.158608,63.4,Monsoon (Jun-Sep)
2020,6,June,Jhenaidah,Khulna,630.51,2143.59,0.294136,312.1,Monsoon (Jun-Sep)
2020,6,June,Joypurhat,Rajshahi,528.11,1081.54,0.488294,261.4,Monsoon (Jun-Sep)
2020,6,June,Khagrachhari,Chittagong,1644.47,3108.38,0.529046,813.9,Monsoon (Jun-Sep)
2020,6,June,Khulna,Khulna,1075.94,3868.06,0.27816,532.5,Monsoon (Jun-Sep)
2020,6,June,Kishoreganj,Dhaka,1178.53,2821.62,0.417678,583.3,Monsoon (Jun-Sep)
2020,6,June,Kurigram,Rangpur,530.6,2481.86,0.213791,262.6,Monsoon (Jun-Sep)
2020,6,June,Kushtia,Khulna,132.49,1830.28,0.07239,65.6,Monsoon (Jun-Sep)
2020,6,June,Lakshmipur,Chittagong,317.17,1572.95,0.201641,157.0,Monsoon (Jun-Sep)
2020,6,June,Lalmonirhat,Rangpur,98.1,1381.75,0.070999,48.6,Monsoon (Jun-Sep)
2020,6,June,Madaripur,Dhaka,128.54,1257.23,0.102243,63.6,Monsoon (Jun-Sep)
2020,6,June,Magura,Khulna,131.01,1143.98,0.114525,64.8,Monsoon (Jun-Sep)
2020,6,June,Manikganj,Dhaka,205.72,1531.92,0.134287,101.8,Monsoon (Jun-Sep)
2020,6,June,Maulvibazar,Sylhet,400.04,2819.05,0.141905,198.0,Monsoon (Jun-Sep)
2020,6,June,Meherpur,Khulna,251.59,732.79,0.343328,124.5,Monsoon (Jun-Sep)
2020,6,June,Munshiganj,Dhaka,110.44,1036.66,0.106533,54.7,Monsoon (Jun-Sep)
2020,6,June,Mymensingh,Dhaka,1112.9,4784.19,0.232619,550.8,Monsoon (Jun-Sep)
2020,6,June,Naogaon,Rajshahi,1091.28,3824.58,0.285334,540.1,Monsoon (Jun-Sep)
2020,6,June,Narail,Khulna,114.86,1072.86,0.10706,56.8,Monsoon (Jun-Sep)
2020,6,June,Narayanganj,Dhaka,65.75,832.16,0.079007,32.5,Monsoon (Jun-Sep)
2020,6,June,Narsingdi,Dhaka,128.84,1281.34,0.100548,63.8,Monsoon (Jun-Sep)
2020,6,June,Natore,Rajshahi,298.66,2101.7,0.142103,147.8,Monsoon (Jun-Sep)
2020,6,June,Nawabganj,Rajshahi,139.69,1804.38,0.077419,69.1,Monsoon (Jun-Sep)
2020,6,June,Netrakona,Dhaka,1093.02,3089.39,0.353796,541.0,Monsoon (Jun-Sep)
2020,6,June,Nilphamari,Rangpur,389.0,1836.84,0.211775,192.5,Monsoon (Jun-Sep)
2020,6,June,Noakhali,Chittagong,320.7,2641.77,0.121397,158.7,Monsoon (Jun-Sep)
2020,6,June,Pabna,Rajshahi,225.94,2634.14,0.085773,111.8,Monsoon (Jun-Sep)
2020,6,June,Panchagarh,Rangpur,641.89,1548.93,0.414406,317.7,Monsoon (Jun-Sep)
2020,6,June,Patuakhali,Barisal,431.82,2730.09,0.158172,213.7,Monsoon (Jun-Sep)
2020,6,June,Pirojpur,Barisal,272.04,1365.69,0.199198,134.6,Monsoon (Jun-Sep)
2020,6,June,Rajbari,Dhaka,141.31,1249.73,0.113073,69.9,Monsoon (Jun-Sep)
2020,6,June,Rajshahi,Rajshahi,233.52,2664.72,0.087633,115.6,Monsoon (Jun-Sep)
2020,6,June,Rangamati,Chittagong,649.61,6226.46,0.104331,321.5,Monsoon (Jun-Sep)
2020,6,June,Rangpur,Rangpur,1042.39,2572.65,0.405183,515.9,Monsoon (Jun-Sep)
2020,6,June,Satkhira,Khulna,1306.08,3543.74,0.36856,646.4,Monsoon (Jun-Sep)
2020,6,June,Shariatpur,Dhaka,187.17,1362.06,0.137418,92.6,Monsoon (Jun-Sep)
2020,6,June,Sherpur,Dhaka,239.72,1455.19,0.164735,118.6,Monsoon (Jun-Sep)
2020,6,June,Sirajganj,Rajshahi,460.62,2755.65,0.167155,228.0,Monsoon (Jun-Sep)
2020,6,June,Sunamganj,Sylhet,2337.61,4043.04,0.578182,1157.0,Monsoon (Jun-Sep)
2020,6,June,Sylhet,Sylhet,1027.7,3847.75,0.267092,508.7,Monsoon (Jun-Sep)
2020,6,June,Tangail,Dhaka,312.43,3707.07,0.08428,154.6,Monsoon (Jun-Sep)
2020,6,June,Thakurgaon,Rangpur,934.86,2008.93,0.465354,462.7,Monsoon (Jun-Sep)
2020,7,July,Bagerhat,Khulna,1412.52,3965.62,0.356191,699.1,Monsoon (Jun-Sep)
2020,7,July,Bandarban,Chittagong,2547.18,5000.66,0.509368,1260.7,Monsoon (Jun-Sep)
2020,7,July,Barguna,Barisal,199.16,1547.28,0.128715,98.6,Monsoon (Jun-Sep)
2020,7,July,Barisal,Barisal,623.72,2767.25,0.225393,308.7,Monsoon (Jun-Sep)
2020,7,July,Bhola,Barisal,703.84,2471.69,0.28476,348.4,Monsoon (Jun-Sep)
2020,7,July,Bogra,Rajshahi,853.82,3233.63,0.264042,422.6,Monsoon (Jun-Sep)
2020,7,July,Brahamanbaria,Chittagong,830.54,2104.07,0.394728,411.1,Monsoon (Jun-Sep)
2020,7,July,Chandpur,Chittagong,391.92,1864.17,0.210241,194.0,Monsoon (Jun-Sep)
2020,7,July,Chittagong,Chittagong,1818.38,4736.75,0.383888,900.0,Monsoon (Jun-Sep)
2020,7,July,Chuadanga,Khulna,714.57,1233.0,0.579539,353.7,Monsoon (Jun-Sep)
2020,7,July,Comilla,Chittagong,748.14,3351.85,0.223201,370.3,Monsoon (Jun-Sep)
2020,7,July,Cox's Bazar,Chittagong,454.29,2206.6,0.205879,224.8,Monsoon (Jun-Sep)
2020,7,July,Dhaka,Dhaka,220.61,1611.18,0.136927,109.2,Monsoon (Jun-Sep)
2020,7,July,Dinajpur,Rangpur,1795.56,3829.09,0.468927,888.7,Monsoon (Jun-Sep)
2020,7,July,Faridpur,Dhaka,463.84,2227.54,0.208227,229.6,Monsoon (Jun-Sep)
2020,7,July,Feni,Chittagong,457.19,960.78,0.475859,226.3,Monsoon (Jun-Sep)
2020,7,July,Gaibandha,Rangpur,582.94,2410.25,0.24186,288.5,Monsoon (Jun-Sep)
2020,7,July,Gazipur,Dhaka,235.35,1940.74,0.121267,116.5,Monsoon (Jun-Sep)
2020,7,July,Gopalganj,Dhaka,645.95,1602.77,0.403023,319.7,Monsoon (Jun-Sep)
2020,7,July,Habiganj,Sylhet,1320.14,2857.81,0.461942,653.4,Monsoon (Jun-Sep)
2020,7,July,Jamalpur,Dhaka,719.94,2272.36,0.316824,356.3,Monsoon (Jun-Sep)
2020,7,July,Jessore,Khulna,447.45,2784.67,0.160683,221.5,Monsoon (Jun-Sep)
2020,7,July,Jhalokati,Barisal,174.58,807.93,0.216078,86.4,Monsoon (Jun-Sep)
2020,7,July,Jhenaidah,Khulna,489.47,2143.59,0.228342,242.3,Monsoon (Jun-Sep)
2020,7,July,Joypurhat,Rajshahi,494.52,1081.54,0.457231,244.8,Monsoon (Jun-Sep)
2020,7,July,Khagrachhari,Chittagong,1609.44,3108.48,0.517759,796.6,Monsoon (Jun-Sep)
2020,7,July,Khulna,Khulna,1495.68,3868.06,0.386673,740.3,Monsoon (Jun-Sep)
2020,7,July,Kishoreganj,Dhaka,1414.72,2821.62,0.501385,700.2,Monsoon (Jun-Sep)
2020,7,July,Kurigram,Rangpur,852.94,2481.86,0.343671,422.2,Monsoon (Jun-Sep)
2020,7,July,Kushtia,Khulna,201.16,1830.28,0.109908,99.6,Monsoon (Jun-Sep)
2020,7,July,Lakshmipur,Chittagong,345.27,1573.07,0.219487,170.9,Monsoon (Jun-Sep)
2020,7,July,Lalmonirhat,Rangpur,499.01,1381.75,0.361139,247.0,Monsoon (Jun-Sep)
2020,7,July,Madaripur,Dhaka,249.52,1257.23,0.198464,123.5,Monsoon (Jun-Sep)
2020,7,July,Magura,Khulna,215.65,1143.98,0.188506,106.7,Monsoon (Jun-Sep)
2020,7,July,Manikganj,Dhaka,583.09,1531.92,0.380625,288.6,Monsoon (Jun-Sep)
2020,7,July,Maulvibazar,Sylhet,741.14,2819.05,0.262904,366.8,Monsoon (Jun-Sep)
2020,7,July,Meherpur,Khulna,413.78,732.79,0.564664,204.8,Monsoon (Jun-Sep)
2020,7,July,Munshiganj,Dhaka,193.2,1036.66,0.186373,95.6,Monsoon (Jun-Sep)
2020,7,July,Mymensingh,Dhaka,1967.75,4784.19,0.411303,973.9,Monsoon (Jun-Sep)
2020,7,July,Naogaon,Rajshahi,1579.48,3824.58,0.412982,781.8,Monsoon (Jun-Sep)
2020,7,July,Narail,Khulna,172.67,1072.86,0.160942,85.5,Monsoon (Jun-Sep)
2020,7,July,Narayanganj,Dhaka,86.58,832.16,0.104046,42.9,Monsoon (Jun-Sep)
2020,7,July,Narsingdi,Dhaka,234.49,1281.34,0.183005,116.1,Monsoon (Jun-Sep)
2020,7,July,Natore,Rajshahi,519.94,2101.7,0.247389,257.3,Monsoon (Jun-Sep)
2020,7,July,Nawabganj,Rajshahi,356.26,1804.38,0.19744,176.3,Monsoon (Jun-Sep)
2020,7,July,Netrakona,Dhaka,1370.03,3089.39,0.443462,678.1,Monsoon (Jun-Sep)
2020,7,July,Nilphamari,Rangpur,940.53,1836.84,0.512039,465.5,Monsoon (Jun-Sep)
2020,7,July,Noakhali,Chittagong,479.69,2642.03,0.181562,237.4,Monsoon (Jun-Sep)
2020,7,July,Pabna,Rajshahi,616.62,2634.14,0.234089,305.2,Monsoon (Jun-Sep)
2020,7,July,Panchagarh,Rangpur,745.5,1548.93,0.481298,369.0,Monsoon (Jun-Sep)
2020,7,July,Patuakhali,Barisal,479.12,2730.09,0.175498,237.1,Monsoon (Jun-Sep)
2020,7,July,Pirojpur,Barisal,280.53,1365.69,0.205411,138.8,Monsoon (Jun-Sep)
2020,7,July,Rajbari,Dhaka,220.06,1249.73,0.176086,108.9,Monsoon (Jun-Sep)
2020,7,July,Rajshahi,Rajshahi,740.6,2664.72,0.277927,366.6,Monsoon (Jun-Sep)
2020,7,July,Rangamati,Chittagong,370.83,6226.79,0.059554,183.5,Monsoon (Jun-Sep)
2020,7,July,Rangpur,Rangpur,1499.89,2572.65,0.583015,742.4,Monsoon (Jun-Sep)
2020,7,July,Satkhira,Khulna,1488.8,3543.74,0.420122,736.9,Monsoon (Jun-Sep)
2020,7,July,Shariatpur,Dhaka,290.35,1362.06,0.213168,143.7,Monsoon (Jun-Sep)
2020,7,July,Sherpur,Dhaka,621.28,1455.19,0.426937,307.5,Monsoon (Jun-Sep)
2020,7,July,Sirajganj,Rajshahi,1113.08,2755.65,0.403926,550.9,Monsoon (Jun-Sep)
2020,7,July,Sunamganj,Sylhet,2666.3,4043.04,0.659479,1319.7,Monsoon (Jun-Sep)
2020,7,July,Sylhet,Sylhet,1583.27,3847.75,0.41148,783.6,Monsoon (Jun-Sep)
2020,7,July,Tangail,Dhaka,1045.06,3707.07,0.28191,517.2,Monsoon (Jun-Sep)
2020,7,July,Thakurgaon,Rangpur,756.14,2008.93,0.376387,374.2,Monsoon (Jun-Sep)
2020,8,August,Bagerhat,Khulna,1492.65,3965.62,0.376398,738.8,Monsoon (Jun-Sep)
2020,8,August,Bandarban,Chittagong,2623.42,5000.66,0.524615,1298.4,Monsoon (Jun-Sep)
2020,8,August,Barguna,Barisal,428.57,1547.28,0.276986,212.1,Monsoon (Jun-Sep)
2020,8,August,Barisal,Barisal,878.06,2767.25,0.317303,434.6,Monsoon (Jun-Sep)
2020,8,August,Bhola,Barisal,769.98,2471.69,0.311519,381.1,Monsoon (Jun-Sep)
2020,8,August,Bogra,Rajshahi,649.3,3233.63,0.200797,321.4,Monsoon (Jun-Sep)
2020,8,August,Brahamanbaria,Chittagong,640.91,2104.07,0.304605,317.2,Monsoon (Jun-Sep)
2020,8,August,Chandpur,Chittagong,386.96,1864.17,0.207578,191.5,Monsoon (Jun-Sep)
2020,8,August,Chittagong,Chittagong,1997.47,4736.75,0.421696,988.6,Monsoon (Jun-Sep)
2020,8,August,Chuadanga,Khulna,598.03,1233.0,0.48502,296.0,Monsoon (Jun-Sep)
2020,8,August,Comilla,Chittagong,653.94,3351.85,0.1951,323.7,Monsoon (Jun-Sep)
2020,8,August,Cox's Bazar,Chittagong,484.33,2206.6,0.219489,239.7,Monsoon (Jun-Sep)
2020,8,August,Dhaka,Dhaka,288.72,1611.18,0.179198,142.9,Monsoon (Jun-Sep)
2020,8,August,Dinajpur,Rangpur,2195.18,3829.09,0.573291,1086.5,Monsoon (Jun-Sep)
2020,8,August,Faridpur,Dhaka,623.37,2227.54,0.279846,308.5,Monsoon (Jun-Sep)
2020,8,August,Feni,Chittagong,358.63,960.78,0.373267,177.5,Monsoon (Jun-Sep)
2020,8,August,Gaibandha,Rangpur,399.3,2410.25,0.165666,197.6,Monsoon (Jun-Sep)
2020,8,August,Gazipur,Dhaka,343.14,1940.74,0.176807,169.8,Monsoon (Jun-Sep)
2020,8,August,Gopalganj,Dhaka,631.07,1602.77,0.393737,312.3,Monsoon (Jun-Sep)
2020,8,August,Habiganj,Sylhet,866.87,2857.81,0.303332,429.1,Monsoon (Jun-Sep)
2020,8,August,Jamalpur,Dhaka,376.51,2272.36,0.165693,186.4,Monsoon (Jun-Sep)
2020,8,August,Jessore,Khulna,607.09,2784.67,0.218011,300.5,Monsoon (Jun-Sep)
2020,8,August,Jhalokati,Barisal,266.16,807.93,0.329433,131.7,Monsoon (Jun-Sep)
2020,8,August,Jhenaidah,Khulna,808.96,2143.59,0.377383,400.4,Monsoon (Jun-Sep)
2020,8,August,Joypurhat,Rajshahi,757.46,1081.54,0.70035,374.9,Monsoon (Jun-Sep)
2020,8,August,Khagrachhari,Chittagong,1698.07,3108.48,0.546269,840.5,Monsoon (Jun-Sep)
2020,8,August,Khulna,Khulna,1739.38,3868.06,0.449679,860.9,Monsoon (Jun-Sep)
2020,8,August,Kishoreganj,Dhaka,1296.25,2821.62,0.459399,641.6,Monsoon (Jun-Sep)
2020,8,August,Kurigram,Rangpur,623.55,2481.86,0.251243,308.6,Monsoon (Jun-Sep)
2020,8,August,Kushtia,Khulna,194.79,1830.28,0.106428,96.4,Monsoon (Jun-Sep)
2020,8,August,Lakshmipur,Chittagong,425.37,1573.07,0.270406,210.5,Monsoon (Jun-Sep)
2020,8,August,Lalmonirhat,Rangpur,442.09,1381.75,0.319947,218.8,Monsoon (Jun-Sep)
2020,8,August,Madaripur,Dhaka,346.68,1257.23,0.275752,171.6,Monsoon (Jun-Sep)
2020,8,August,Magura,Khulna,170.21,1143.98,0.148789,84.2,Monsoon (Jun-Sep)
2020,8,August,Manikganj,Dhaka,607.49,1531.92,0.396554,300.7,Monsoon (Jun-Sep)
2020,8,August,Maulvibazar,Sylhet,366.79,2819.05,0.13011,181.5,Monsoon (Jun-Sep)
2020,8,August,Meherpur,Khulna,417.81,732.79,0.570173,206.8,Monsoon (Jun-Sep)
2020,8,August,Munshiganj,Dhaka,184.13,1036.66,0.17762,91.1,Monsoon (Jun-Sep)
2020,8,August,Mymensingh,Dhaka,1984.94,4784.19,0.414895,982.4,Monsoon (Jun-Sep)
2020,8,August,Naogaon,Rajshahi,676.81,3824.58,0.176963,335.0,Monsoon (Jun-Sep)
2020,8,August,Narail,Khulna,137.95,1072.86,0.128585,68.3,Monsoon (Jun-Sep)
2020,8,August,Narayanganj,Dhaka,89.31,832.16,0.107323,44.2,Monsoon (Jun-Sep)
2020,8,August,Narsingdi,Dhaka,214.57,1281.34,0.167461,106.2,Monsoon (Jun-Sep)
2020,8,August,Natore,Rajshahi,470.36,2101.7,0.2238,232.8,Monsoon (Jun-Sep)
2020,8,August,Nawabganj,Rajshahi,238.04,1804.38,0.131925,117.8,Monsoon (Jun-Sep)
2020,8,August,Netrakona,Dhaka,870.36,3089.39,0.281726,430.8,Monsoon (Jun-Sep)
2020,8,August,Nilphamari,Rangpur,968.64,1836.84,0.52734,479.4,Monsoon (Jun-Sep)
2020,8,August,Noakhali,Chittagong,421.06,2642.03,0.159372,208.4,Monsoon (Jun-Sep)
2020,8,August,Pabna,Rajshahi,661.23,2634.14,0.251024,327.3,Monsoon (Jun-Sep)
2020,8,August,Panchagarh,Rangpur,842.57,1548.93,0.543967,417.0,Monsoon (Jun-Sep)
2020,8,August,Patuakhali,Barisal,867.74,2730.09,0.317845,429.5,Monsoon (Jun-Sep)
2020,8,August,Pirojpur,Barisal,454.56,1365.69,0.332846,225.0,Monsoon (Jun-Sep)
2020,8,August,Rajbari,Dhaka,270.13,1249.73,0.216154,133.7,Monsoon (Jun-Sep)
2020,8,August,Rajshahi,Rajshahi,328.43,2664.72,0.123252,162.6,Monsoon (Jun-Sep)
2020,8,August,Rangamati,Chittagong,420.99,6226.79,0.06761,208.4,Monsoon (Jun-Sep)
2020,8,August,Rangpur,Rangpur,1467.26,2572.65,0.570329,726.2,Monsoon (Jun-Sep)
2020,8,August,Satkhira,Khulna,1600.61,3543.74,0.451672,792.2,Monsoon (Jun-Sep)
2020,8,August,Shariatpur,Dhaka,343.47,1362.06,0.252172,170.0,Monsoon (Jun-Sep)
2020,8,August,Sherpur,Dhaka,546.18,1455.19,0.375334,270.3,Monsoon (Jun-Sep)
2020,8,August,Sirajganj,Rajshahi,910.6,2755.65,0.33045,450.7,Monsoon (Jun-Sep)
2020,8,August,Sunamganj,Sylhet,2303.08,4043.04,0.569641,1139.9,Monsoon (Jun-Sep)
2020,8,August,Sylhet,Sylhet,870.24,3847.75,0.226168,430.7,Monsoon (Jun-Sep)
2020,8,August,Tangail,Dhaka,928.08,3707.07,0.250355,459.3,Monsoon (Jun-Sep)
2020,8,August,Thakurgaon,Rangpur,1317.37,2008.93,0.655757,652.0,Monsoon (Jun-Sep)
2020,9,September,Bagerhat,Khulna,1429.55,3965.62,0.360485,707.5,Monsoon (Jun-Sep)
2020,9,September,Bandarban,Chittagong,2964.33,5000.66,0.592788,1467.2,Monsoon (Jun-Sep)
2020,9,September,Barguna,Barisal,267.95,1547.28,0.173174,132.6,Monsoon (Jun-Sep)
2020,9,September,Barisal,Barisal,531.55,2767.25,0.192087,263.1,Monsoon (Jun-Sep)
2020,9,September,Bhola,Barisal,677.7,2471.69,0.274186,335.4,Monsoon (Jun-Sep)
2020,9,September,Bogra,Rajshahi,430.28,3233.63,0.133064,213.0,Monsoon (Jun-Sep)
2020,9,September,Brahamanbaria,Chittagong,542.21,2104.07,0.257698,268.4,Monsoon (Jun-Sep)
2020,9,September,Chandpur,Chittagong,333.42,1864.17,0.178855,165.0,Monsoon (Jun-Sep)
2020,9,September,Chittagong,Chittagong,1492.73,4736.75,0.315138,738.8,Monsoon (Jun-Sep)
2020,9,September,Chuadanga,Khulna,721.96,1233.0,0.585533,357.3,Monsoon (Jun-Sep)
2020,9,September,Comilla,Chittagong,1171.82,3351.85,0.349603,580.0,Monsoon (Jun-Sep)
2020,9,September,Cox's Bazar,Chittagong,171.38,2206.6,0.077668,84.8,Monsoon (Jun-Sep)
2020,9,September,Dhaka,Dhaka,181.87,1611.18,0.112883,90.0,Monsoon (Jun-Sep)
2020,9,September,Dinajpur,Rangpur,2576.41,3829.09,0.672853,1275.2,Monsoon (Jun-Sep)
2020,9,September,Faridpur,Dhaka,462.55,2227.54,0.20765,228.9,Monsoon (Jun-Sep)
2020,9,September,Feni,Chittagong,450.46,960.78,0.468854,223.0,Monsoon (Jun-Sep)
2020,9,September,Gaibandha,Rangpur,397.2,2410.25,0.164796,196.6,Monsoon (Jun-Sep)
2020,9,September,Gazipur,Dhaka,180.14,1940.74,0.092821,89.2,Monsoon (Jun-Sep)
2020,9,September,Gopalganj,Dhaka,568.11,1602.77,0.354455,281.2,Monsoon (Jun-Sep)
2020,9,September,Habiganj,Sylhet,496.45,2857.81,0.173715,245.7,Monsoon (Jun-Sep)
2020,9,September,Jamalpur,Dhaka,293.82,2272.36,0.129302,145.4,Monsoon (Jun-Sep)
2020,9,September,Jessore,Khulna,249.83,2784.67,0.089716,123.7,Monsoon (Jun-Sep)
2020,9,September,Jhalokati,Barisal,103.15,807.93,0.127676,51.1,Monsoon (Jun-Sep)
2020,9,September,Jhenaidah,Khulna,1034.95,2143.59,0.482812,512.2,Monsoon (Jun-Sep)
2020,9,September,Joypurhat,Rajshahi,793.97,1081.54,0.734104,393.0,Monsoon (Jun-Sep)
2020,9,September,Khagrachhari,Chittagong,912.7,3108.48,0.293617,451.7,Monsoon (Jun-Sep)
2020,9,September,Khulna,Khulna,1561.12,3868.06,0.403592,772.7,Monsoon (Jun-Sep)
2020,9,September,Kishoreganj,Dhaka,1268.44,2821.62,0.449543,627.8,Monsoon (Jun-Sep)
2020,9,September,Kurigram,Rangpur,601.05,2481.86,0.242179,297.5,Monsoon (Jun-Sep)
2020,9,September,Kushtia,Khulna,174.44,1830.28,0.095307,86.3,Monsoon (Jun-Sep)
2020,9,September,Lakshmipur,Chittagong,313.72,1573.07,0.199434,155.3,Monsoon (Jun-Sep)
2020,9,September,Lalmonirhat,Rangpur,406.15,1381.75,0.293939,201.0,Monsoon (Jun-Sep)
2020,9,September,Madaripur,Dhaka,199.21,1257.23,0.158454,98.6,Monsoon (Jun-Sep)
2020,9,September,Magura,Khulna,64.06,1143.98,0.055996,31.7,Monsoon (Jun-Sep)
2020,9,September,Manikganj,Dhaka,431.03,1531.92,0.281364,213.3,Monsoon (Jun-Sep)
2020,9,September,Maulvibazar,Sylhet,309.59,2819.05,0.10982,153.2,Monsoon (Jun-Sep)
2020,9,September,Meherpur,Khulna,451.92,732.79,0.616721,223.7,Monsoon (Jun-Sep)
2020,9,September,Munshiganj,Dhaka,165.92,1036.66,0.160054,82.1,Monsoon (Jun-Sep)
2020,9,September,Mymensingh,Dhaka,2035.34,4784.19,0.42543,1007.4,Monsoon (Jun-Sep)
2020,9,September,Naogaon,Rajshahi,1016.53,3824.58,0.265789,503.1,Monsoon (Jun-Sep)
2020,9,September,Narail,Khulna,108.55,1072.86,0.101177,53.7,Monsoon (Jun-Sep)
2020,9,September,Narayanganj,Dhaka,81.58,832.16,0.098031,40.4,Monsoon (Jun-Sep)
2020,9,September,Narsingdi,Dhaka,159.22,1281.34,0.124258,78.8,Monsoon (Jun-Sep)
2020,9,September,Natore,Rajshahi,299.85,2101.7,0.142671,148.4,Monsoon (Jun-Sep)
2020,9,September,Nawabganj,Rajshahi,201.62,1804.38,0.11174,99.8,Monsoon (Jun-Sep)
2020,9,September,Netrakona,Dhaka,983.69,3089.39,0.31841,486.9,Monsoon (Jun-Sep)
2020,9,September,Nilphamari,Rangpur,1101.71,1836.84,0.599785,545.3,Monsoon (Jun-Sep)
2020,9,September,Noakhali,Chittagong,220.47,2642.03,0.083447,109.1,Monsoon (Jun-Sep)
2020,9,September,Pabna,Rajshahi,560.7,2634.14,0.21286,277.5,Monsoon (Jun-Sep)
2020,9,September,Panchagarh,Rangpur,910.28,1548.93,0.587682,450.5,Monsoon (Jun-Sep)
2020,9,September,Patuakhali,Barisal,359.65,2730.09,0.131737,178.0,Monsoon (Jun-Sep)
2020,9,September,Pirojpur,Barisal,266.46,1365.69,0.195112,131.9,Monsoon (Jun-Sep)
2020,9,September,Rajbari,Dhaka,220.37,1249.73,0.176333,109.1,Monsoon (Jun-Sep)
2020,9,September,Rajshahi,Rajshahi,305.91,2664.72,0.114799,151.4,Monsoon (Jun-Sep)
2020,9,September,Rangamati,Chittagong,433.84,6226.79,0.069673,214.7,Monsoon (Jun-Sep)
2020,9,September,Rangpur,Rangpur,1797.18,2572.65,0.698571,889.5,Monsoon (Jun-Sep)
2020,9,September,Satkhira,Khulna,1334.17,3543.74,0.376487,660.3,Monsoon (Jun-Sep)
2020,9,September,Shariatpur,Dhaka,248.88,1362.06,0.182724,123.2,Monsoon (Jun-Sep)
2020,9,September,Sherpur,Dhaka,397.3,1455.19,0.273025,196.6,Monsoon (Jun-Sep)
2020,9,September,Sirajganj,Rajshahi,815.21,2755.65,0.295832,403.5,Monsoon (Jun-Sep)
2020,9,September,Sunamganj,Sylhet,2260.15,4043.04,0.559021,1118.6,Monsoon (Jun-Sep)
2020,9,September,Sylhet,Sylhet,893.99,3847.75,0.232341,442.5,Monsoon (Jun-Sep)
2020,9,September,Tangail,Dhaka,551.77,3707.07,0.148842,273.1,Monsoon (Jun-Sep)
2020,9,September,Thakurgaon,Rangpur,1435.87,2008.93,0.714741,710.7,Monsoon (Jun-Sep)
2020,10,October,Bagerhat,Khulna,1153.45,3965.62,0.290863,570.9,Post-Monsoon (Oct-Nov)
2020,10,October,Bandarban,Chittagong,2741.92,5000.66,0.548311,1357.1,Post-Monsoon (Oct-Nov)
2020,10,October,Barguna,Barisal,160.41,1547.28,0.103674,79.4,Post-Monsoon (Oct-Nov)
2020,10,October,Barisal,Barisal,557.05,2767.25,0.2013,275.7,Post-Monsoon (Oct-Nov)
2020,10,October,Bhola,Barisal,736.41,2471.69,0.297938,364.5,Post-Monsoon (Oct-Nov)
2020,10,October,Bogra,Rajshahi,338.8,3233.63,0.104775,167.7,Post-Monsoon (Oct-Nov)
2020,10,October,Brahamanbaria,Chittagong,539.28,2104.07,0.256304,266.9,Post-Monsoon (Oct-Nov)
2020,10,October,Chandpur,Chittagong,331.6,1864.17,0.177882,164.1,Post-Monsoon (Oct-Nov)
2020,10,October,Chittagong,Chittagong,1646.5,4736.75,0.347602,814.9,Post-Monsoon (Oct-Nov)
2020,10,October,Chuadanga,Khulna,504.95,1233.0,0.409525,249.9,Post-Monsoon (Oct-Nov)
2020,10,October,Comilla,Chittagong,1189.68,3351.85,0.354933,588.8,Post-Monsoon (Oct-Nov)
2020,10,October,Cox's Bazar,Chittagong,298.25,2206.6,0.135162,147.6,Post-Monsoon (Oct-Nov)
2020,10,October,Dhaka,Dhaka,143.94,1611.18,0.089336,71.2,Post-Monsoon (Oct-Nov)
2020,10,October,Dinajpur,Rangpur,2680.63,3829.09,0.70007,1326.8,Post-Monsoon (Oct-Nov)
2020,10,October,Faridpur,Dhaka,255.78,2227.54,0.114825,126.6,Post-Monsoon (Oct-Nov)
2020,10,October,Feni,Chittagong,425.8,960.78,0.443181,210.7,Post-Monsoon (Oct-Nov)
2020,10,October,Gaibandha,Rangpur,324.02,2410.25,0.134433,160.4,Post-Monsoon (Oct-Nov)
2020,10,October,Gazipur,Dhaka,188.12,1940.74,0.096932,93.1,Post-Monsoon (Oct-Nov)
2020,10,October,Gopalganj,Dhaka,263.68,1602.77,0.164513,130.5,Post-Monsoon (Oct-Nov)
2020,10,October,Habiganj,Sylhet,502.72,2857.81,0.17591,248.8,Post-Monsoon (Oct-Nov)
2020,10,October,Jamalpur,Dhaka,219.42,2272.36,0.096563,108.6,Post-Monsoon (Oct-Nov)
2020,10,October,Jessore,Khulna,435.76,2784.67,0.156487,215.7,Post-Monsoon (Oct-Nov)
2020,10,October,Jhalokati,Barisal,40.31,807.93,0.049894,20.0,Post-Monsoon (Oct-Nov)
2020,10,October,Jhenaidah,Khulna,958.62,2143.59,0.447204,474.5,Post-Monsoon (Oct-Nov)
2020,10,October,Joypurhat,Rajshahi,781.35,1081.54,0.722436,386.7,Post-Monsoon (Oct-Nov)
2020,10,October,Khagrachhari,Chittagong,1364.38,3108.48,0.438921,675.3,Post-Monsoon (Oct-Nov)
2020,10,October,Khulna,Khulna,986.95,3868.06,0.255153,488.5,Post-Monsoon (Oct-Nov)
2020,10,October,Kishoreganj,Dhaka,1241.15,2821.62,0.439873,614.3,Post-Monsoon (Oct-Nov)
2020,10,October,Kurigram,Rangpur,443.81,2481.86,0.178821,219.7,Post-Monsoon (Oct-Nov)
2020,10,October,Kushtia,Khulna,149.13,1830.28,0.081477,73.8,Post-Monsoon (Oct-Nov)
2020,10,October,Lakshmipur,Chittagong,321.12,1573.07,0.204135,158.9,Post-Monsoon (Oct-Nov)
2020,10,October,Lalmonirhat,Rangpur,640.94,1381.75,0.463861,317.2,Post-Monsoon (Oct-Nov)
2020,10,October,Madaripur,Dhaka,133.16,1257.23,0.105918,65.9,Post-Monsoon (Oct-Nov)
2020,10,October,Magura,Khulna,62.28,1143.98,0.054437,30.8,Post-Monsoon (Oct-Nov)
2020,10,October,Manikganj,Dhaka,307.86,1531.92,0.200964,152.4,Post-Monsoon (Oct-Nov)
2020,10,October,Maulvibazar,Sylhet,294.53,2819.05,0.104479,145.8,Post-Monsoon (Oct-Nov)
2020,10,October,Meherpur,Khulna,304.71,732.79,0.415823,150.8,Post-Monsoon (Oct-Nov)
2020,10,October,Munshiganj,Dhaka,152.27,1036.66,0.146888,75.4,Post-Monsoon (Oct-Nov)
2020,10,October,Mymensingh,Dhaka,2490.71,4784.19,0.520612,1232.8,Post-Monsoon (Oct-Nov)
2020,10,October,Naogaon,Rajshahi,1303.98,3824.58,0.340947,645.4,Post-Monsoon (Oct-Nov)
2020,10,October,Narail,Khulna,99.46,1072.86,0.092708,49.2,Post-Monsoon (Oct-Nov)
2020,10,October,Narayanganj,Dhaka,69.98,832.16,0.0841,34.6,Post-Monsoon (Oct-Nov)
2020,10,October,Narsingdi,Dhaka,137.49,1281.34,0.107305,68.0,Post-Monsoon (Oct-Nov)
2020,10,October,Natore,Rajshahi,288.59,2101.7,0.137314,142.8,Post-Monsoon (Oct-Nov)
2020,10,October,Nawabganj,Rajshahi,199.3,1804.38,0.110451,98.6,Post-Monsoon (Oct-Nov)
2020,10,October,Netrakona,Dhaka,740.56,3089.39,0.23971,366.5,Post-Monsoon (Oct-Nov)
2020,10,October,Nilphamari,Rangpur,973.95,1836.84,0.530233,482.1,Post-Monsoon (Oct-Nov)
2020,10,October,Noakhali,Chittagong,164.38,2642.03,0.062218,81.4,Post-Monsoon (Oct-Nov)
2020,10,October,Pabna,Rajshahi,428.44,2634.14,0.16265,212.1,Post-Monsoon (Oct-Nov)
2020,10,October,Panchagarh,Rangpur,960.15,1548.93,0.619881,475.2,Post-Monsoon (Oct-Nov)
2020,10,October,Patuakhali,Barisal,236.06,2730.09,0.086467,116.8,Post-Monsoon (Oct-Nov)
2020,10,October,Pirojpur,Barisal,102.38,1365.69,0.074967,50.7,Post-Monsoon (Oct-Nov)
2020,10,October,Rajbari,Dhaka,157.67,1249.73,0.12616,78.0,Post-Monsoon (Oct-Nov)
2020,10,October,Rajshahi,Rajshahi,371.3,2664.72,0.139341,183.8,Post-Monsoon (Oct-Nov)
2020,10,October,Rangamati,Chittagong,477.98,6226.79,0.076763,236.6,Post-Monsoon (Oct-Nov)
2020,10,October,Rangpur,Rangpur,1701.2,2572.65,0.661265,842.0,Post-Monsoon (Oct-Nov)
2020,10,October,Satkhira,Khulna,1469.12,3543.74,0.414569,727.1,Post-Monsoon (Oct-Nov)
2020,10,October,Shariatpur,Dhaka,229.77,1362.06,0.168689,113.7,Post-Monsoon (Oct-Nov)
2020,10,October,Sherpur,Dhaka,710.3,1455.19,0.488113,351.6,Post-Monsoon (Oct-Nov)
2020,10,October,Sirajganj,Rajshahi,682.06,2755.65,0.247514,337.6,Post-Monsoon (Oct-Nov)
2020,10,October,Sunamganj,Sylhet,2099.18,4043.04,0.519209,1039.0,Post-Monsoon (Oct-Nov)
2020,10,October,Sylhet,Sylhet,612.49,3847.75,0.159182,303.1,Post-Monsoon (Oct-Nov)
2020,10,October,Tangail,Dhaka,325.35,3707.07,0.087763,161.0,Post-Monsoon (Oct-Nov)
2020,10,October,Thakurgaon,Rangpur,1334.29,2008.93,0.664179,660.4,Post-Monsoon (Oct-Nov)
2020,11,November,Bagerhat,Khulna,1081.76,3965.62,0.272785,535.4,Post-Monsoon (Oct-Nov)
2020,11,November,Bandarban,Chittagong,2854.86,5000.66,0.570898,1413.0,Post-Monsoon (Oct-Nov)
2020,11,November,Barguna,Barisal,161.86,1547.28,0.104609,80.1,Post-Monsoon (Oct-Nov)
2020,11,November,Barisal,Barisal,481.02,2767.25,0.173827,238.1,Post-Monsoon (Oct-Nov)
2020,11,November,Bhola,Barisal,674.35,2471.69,0.272828,333.8,Post-Monsoon (Oct-Nov)
2020,11,November,Bogra,Rajshahi,305.79,3233.63,0.094566,151.3,Post-Monsoon (Oct-Nov)
2020,11,November,Brahamanbaria,Chittagong,254.54,2104.07,0.120977,126.0,Post-Monsoon (Oct-Nov)
2020,11,November,Chandpur,Chittagong,297.21,1864.17,0.159435,147.1,Post-Monsoon (Oct-Nov)
2020,11,November,Chittagong,Chittagong,916.58,4736.75,0.193505,453.7,Post-Monsoon (Oct-Nov)
2020,11,November,Chuadanga,Khulna,616.83,1233.0,0.500265,305.3,Post-Monsoon (Oct-Nov)
2020,11,November,Comilla,Chittagong,1119.36,3351.85,0.333954,554.0,Post-Monsoon (Oct-Nov)
2020,11,November,Cox's Bazar,Chittagong,264.48,2206.6,0.119857,130.9,Post-Monsoon (Oct-Nov)
2020,11,November,Dhaka,Dhaka,171.31,1611.18,0.106329,84.8,Post-Monsoon (Oct-Nov)
2020,11,November,Dinajpur,Rangpur,2879.18,3829.09,0.751925,1425.0,Post-Monsoon (Oct-Nov)
2020,11,November,Faridpur,Dhaka,136.25,2227.54,0.061168,67.4,Post-Monsoon (Oct-Nov)
2020,11,November,Feni,Chittagong,333.76,960.78,0.347385,165.2,Post-Monsoon (Oct-Nov)
2020,11,November,Gaibandha,Rangpur,283.55,2410.25,0.117644,140.3,Post-Monsoon (Oct-Nov)
2020,11,November,Gazipur,Dhaka,857.65,1940.74,0.441919,424.5,Post-Monsoon (Oct-Nov)
2020,11,November,Gopalganj,Dhaka,198.96,1602.77,0.124133,98.5,Post-Monsoon (Oct-Nov)
2020,11,November,Habiganj,Sylhet,585.68,2857.81,0.20494,289.9,Post-Monsoon (Oct-Nov)
2020,11,November,Jamalpur,Dhaka,224.07,2272.36,0.098605,110.9,Post-Monsoon (Oct-Nov)
2020,11,November,Jessore,Khulna,233.25,2784.67,0.08376,115.4,Post-Monsoon (Oct-Nov)
2020,11,November,Jhalokati,Barisal,38.36,807.93,0.047477,19.0,Post-Monsoon (Oct-Nov)
2020,11,November,Jhenaidah,Khulna,1101.18,2143.59,0.513708,545.0,Post-Monsoon (Oct-Nov)
2020,11,November,Joypurhat,Rajshahi,840.78,1081.54,0.777389,416.1,Post-Monsoon (Oct-Nov)
2020,11,November,Khagrachhari,Chittagong,1669.84,3108.48,0.537189,826.5,Post-Monsoon (Oct-Nov)
2020,11,November,Khulna,Khulna,1267.67,3868.06,0.327727,627.4,Post-Monsoon (Oct-Nov)
2020,11,November,Kishoreganj,Dhaka,647.49,2821.62,0.229475,320.5,Post-Monsoon (Oct-Nov)
2020,11,November,Kurigram,Rangpur,438.22,2481.86,0.17657,216.9,Post-Monsoon (Oct-Nov)
2020,11,November,Kushtia,Khulna,139.63,1830.28,0.076287,69.1,Post-Monsoon (Oct-Nov)
2020,11,November,Lakshmipur,Chittagong,297.05,1573.07,0.188836,147.0,Post-Monsoon (Oct-Nov)
2020,11,November,Lalmonirhat,Rangpur,637.65,1381.75,0.461481,315.6,Post-Monsoon (Oct-Nov)
2020,11,November,Madaripur,Dhaka,114.66,1257.23,0.091202,56.8,Post-Monsoon (Oct-Nov)
2020,11,November,Magura,Khulna,32.8,1143.98,0.028668,16.2,Post-Monsoon (Oct-Nov)
2020,11,November,Manikganj,Dhaka,209.67,1531.92,0.136867,103.8,Post-Monsoon (Oct-Nov)
2020,11,November,Maulvibazar,Sylhet,244.24,2819.05,0.086638,120.9,Post-Monsoon (Oct-Nov)
2020,11,November,Meherpur,Khulna,408.59,732.79,0.557591,202.2,Post-Monsoon (Oct-Nov)
2020,11,November,Munshiganj,Dhaka,121.31,1036.66,0.117017,60.0,Post-Monsoon (Oct-Nov)
2020,11,November,Mymensingh,Dhaka,2336.53,4784.19,0.488385,1156.5,Post-Monsoon (Oct-Nov)
2020,11,November,Naogaon,Rajshahi,1645.51,3824.58,0.430247,814.4,Post-Monsoon (Oct-Nov)
2020,11,November,Narail,Khulna,97.54,1072.86,0.09092,48.3,Post-Monsoon (Oct-Nov)
2020,11,November,Narayanganj,Dhaka,54.85,832.16,0.065918,27.1,Post-Monsoon (Oct-Nov)
2020,11,November,Narsingdi,Dhaka,82.1,1281.34,0.064077,40.6,Post-Monsoon (Oct-Nov)
2020,11,November,Natore,Rajshahi,173.7,2101.7,0.082648,86.0,Post-Monsoon (Oct-Nov)
2020,11,November,Nawabganj,Rajshahi,140.15,1804.38,0.077671,69.4,Post-Monsoon (Oct-Nov)
2020,11,November,Netrakona,Dhaka,492.67,3089.39,0.15947,243.8,Post-Monsoon (Oct-Nov)
2020,11,November,Nilphamari,Rangpur,1087.89,1836.84,0.592263,538.4,Post-Monsoon (Oct-Nov)
2020,11,November,Noakhali,Chittagong,164.89,2642.03,0.06241,81.6,Post-Monsoon (Oct-Nov)
2020,11,November,Pabna,Rajshahi,185.49,2634.14,0.07042,91.8,Post-Monsoon (Oct-Nov)
2020,11,November,Panchagarh,Rangpur,977.49,1548.93,0.631072,483.8,Post-Monsoon (Oct-Nov)
2020,11,November,Patuakhali,Barisal,225.66,2730.09,0.082657,111.7,Post-Monsoon (Oct-Nov)
2020,11,November,Pirojpur,Barisal,104.99,1365.69,0.076874,52.0,Post-Monsoon (Oct-Nov)
2020,11,November,Rajbari,Dhaka,132.38,1249.73,0.105928,65.5,Post-Monsoon (Oct-Nov)
2020,11,November,Rajshahi,Rajshahi,229.1,2664.72,0.085976,113.4,Post-Monsoon (Oct-Nov)
2020,11,November,Rangamati,Chittagong,513.48,6226.79,0.082464,254.1,Post-Monsoon (Oct-Nov)
2020,11,November,Rangpur,Rangpur,1732.13,2572.65,0.673288,857.3,Post-Monsoon (Oct-Nov)
2020,11,November,Satkhira,Khulna,1424.77,3543.74,0.402054,705.2,Post-Monsoon (Oct-Nov)
2020,11,November,Shariatpur,Dhaka,180.83,1362.06,0.132762,89.5,Post-Monsoon (Oct-Nov)
2020,11,November,Sherpur,Dhaka,799.89,1455.19,0.549681,395.9,Post-Monsoon (Oct-Nov)
2020,11,November,Sirajganj,Rajshahi,398.33,2755.65,0.144551,197.2,Post-Monsoon (Oct-Nov)
2020,11,November,Sunamganj,Sylhet,1582.72,4043.04,0.391468,783.4,Post-Monsoon (Oct-Nov)
2020,11,November,Sylhet,Sylhet,491.72,3847.75,0.127794,243.4,Post-Monsoon (Oct-Nov)
2020,11,November,Tangail,Dhaka,536.09,3707.07,0.144612,265.3,Post-Monsoon (Oct-Nov)
2020,11,November,Thakurgaon,Rangpur,1637.34,2008.93,0.815031,810.4,Post-Monsoon (Oct-Nov)
2020,12,December,Bagerhat,Khulna,954.13,3965.62,0.2406,472.2,Dry Winter (Dec-Feb)
2020,12,December,Bandarban,Chittagong,2494.35,5000.66,0.498804,1234.6,Dry Winter (Dec-Feb)
2020,12,December,Barguna,Barisal,158.93,1547.28,0.102718,78.7,Dry Winter (Dec-Feb)
2020,12,December,Barisal,Barisal,497.73,2767.25,0.179865,246.3,Dry Winter (Dec-Feb)
2020,12,December,Bhola,Barisal,701.9,2471.69,0.283976,347.4,Dry Winter (Dec-Feb)
2020,12,December,Bogra,Rajshahi,386.59,3233.63,0.119554,191.3,Dry Winter (Dec-Feb)
2020,12,December,Brahamanbaria,Chittagong,587.17,2104.07,0.279064,290.6,Dry Winter (Dec-Feb)
2020,12,December,Chandpur,Chittagong,275.03,1864.17,0.147538,136.1,Dry Winter (Dec-Feb)
2020,12,December,Chittagong,Chittagong,1498.76,4736.75,0.316412,741.8,Dry Winter (Dec-Feb)
2020,12,December,Chuadanga,Khulna,800.45,1233.0,0.649185,396.2,Dry Winter (Dec-Feb)
2020,12,December,Comilla,Chittagong,1095.03,3351.85,0.326695,542.0,Dry Winter (Dec-Feb)
2020,12,December,Cox's Bazar,Chittagong,838.75,2206.6,0.380111,415.1,Dry Winter (Dec-Feb)
2020,12,December,Dhaka,Dhaka,805.65,1611.18,0.500038,398.8,Dry Winter (Dec-Feb)
2020,12,December,Dinajpur,Rangpur,2574.64,3829.09,0.67239,1274.3,Dry Winter (Dec-Feb)
2020,12,December,Faridpur,Dhaka,118.93,2227.54,0.053389,58.9,Dry Winter (Dec-Feb)
2020,12,December,Feni,Chittagong,360.25,960.78,0.374955,178.3,Dry Winter (Dec-Feb)
2020,12,December,Gaibandha,Rangpur,300.0,2410.25,0.12447,148.5,Dry Winter (Dec-Feb)
2020,12,December,Gazipur,Dhaka,959.85,1940.74,0.494581,475.1,Dry Winter (Dec-Feb)
2020,12,December,Gopalganj,Dhaka,309.54,1602.77,0.193129,153.2,Dry Winter (Dec-Feb)
2020,12,December,Habiganj,Sylhet,810.58,2857.81,0.283635,401.2,Dry Winter (Dec-Feb)
2020,12,December,Jamalpur,Dhaka,321.95,2272.36,0.141682,159.3,Dry Winter (Dec-Feb)
2020,12,December,Jessore,Khulna,252.56,2784.67,0.090697,125.0,Dry Winter (Dec-Feb)
2020,12,December,Jhalokati,Barisal,37.31,807.93,0.04618,18.5,Dry Winter (Dec-Feb)
2020,12,December,Jhenaidah,Khulna,1126.09,2143.59,0.525326,557.4,Dry Winter (Dec-Feb)
2020,12,December,Joypurhat,Rajshahi,567.48,1081.54,0.524698,280.9,Dry Winter (Dec-Feb)
2020,12,December,Khagrachhari,Chittagong,1458.88,3108.48,0.469323,722.1,Dry Winter (Dec-Feb)
2020,12,December,Khulna,Khulna,970.79,3868.06,0.250976,480.5,Dry Winter (Dec-Feb)
2020,12,December,Kishoreganj,Dhaka,211.6,2821.62,0.074991,104.7,Dry Winter (Dec-Feb)
2020,12,December,Kurigram,Rangpur,451.57,2481.86,0.18195,223.5,Dry Winter (Dec-Feb)
2020,12,December,Kushtia,Khulna,147.71,1830.28,0.080706,73.1,Dry Winter (Dec-Feb)
2020,12,December,Lakshmipur,Chittagong,305.05,1573.07,0.193919,151.0,Dry Winter (Dec-Feb)
2020,12,December,Lalmonirhat,Rangpur,715.48,1381.75,0.517805,354.1,Dry Winter (Dec-Feb)
2020,12,December,Madaripur,Dhaka,123.92,1257.23,0.09857,61.3,Dry Winter (Dec-Feb)
2020,12,December,Magura,Khulna,323.83,1143.98,0.283071,160.3,Dry Winter (Dec-Feb)
2020,12,December,Manikganj,Dhaka,196.9,1531.92,0.128531,97.5,Dry Winter (Dec-Feb)
2020,12,December,Maulvibazar,Sylhet,252.72,2819.05,0.089646,125.1,Dry Winter (Dec-Feb)
2020,12,December,Meherpur,Khulna,431.6,732.79,0.588982,213.6,Dry Winter (Dec-Feb)
2020,12,December,Munshiganj,Dhaka,97.68,1036.66,0.094227,48.3,Dry Winter (Dec-Feb)
2020,12,December,Mymensingh,Dhaka,2389.33,4784.19,0.499423,1182.6,Dry Winter (Dec-Feb)
2020,12,December,Naogaon,Rajshahi,2067.71,3824.58,0.540638,1023.4,Dry Winter (Dec-Feb)
2020,12,December,Narail,Khulna,150.45,1072.86,0.140235,74.5,Dry Winter (Dec-Feb)
2020,12,December,Narayanganj,Dhaka,290.38,832.16,0.348954,143.7,Dry Winter (Dec-Feb)
2020,12,December,Narsingdi,Dhaka,63.86,1281.34,0.049839,31.6,Dry Winter (Dec-Feb)
2020,12,December,Natore,Rajshahi,502.38,2101.7,0.239037,248.7,Dry Winter (Dec-Feb)
2020,12,December,Nawabganj,Rajshahi,256.94,1804.38,0.142398,127.2,Dry Winter (Dec-Feb)
2020,12,December,Netrakona,Dhaka,546.26,3089.39,0.176819,270.4,Dry Winter (Dec-Feb)
2020,12,December,Nilphamari,Rangpur,932.17,1836.84,0.507488,461.4,Dry Winter (Dec-Feb)
2020,12,December,Noakhali,Chittagong,170.34,2642.03,0.064475,84.3,Dry Winter (Dec-Feb)
2020,12,December,Pabna,Rajshahi,194.53,2634.14,0.073851,96.3,Dry Winter (Dec-Feb)
2020,12,December,Panchagarh,Rangpur,827.21,1548.93,0.534049,409.4,Dry Winter (Dec-Feb)
2020,12,December,Patuakhali,Barisal,224.08,2730.09,0.082079,110.9,Dry Winter (Dec-Feb)
2020,12,December,Pirojpur,Barisal,115.44,1365.69,0.084529,57.1,Dry Winter (Dec-Feb)
2020,12,December,Rajbari,Dhaka,124.28,1249.73,0.099446,61.5,Dry Winter (Dec-Feb)
2020,12,December,Rajshahi,Rajshahi,403.25,2664.72,0.15133,199.6,Dry Winter (Dec-Feb)
2020,12,December,Rangamati,Chittagong,471.88,6226.79,0.075782,233.6,Dry Winter (Dec-Feb)
2020,12,December,Rangpur,Rangpur,1679.15,2572.65,0.652694,831.1,Dry Winter (Dec-Feb)
2020,12,December,Satkhira,Khulna,1276.79,3543.74,0.360294,631.9,Dry Winter (Dec-Feb)
2020,12,December,Shariatpur,Dhaka,161.11,1362.06,0.118282,79.7,Dry Winter (Dec-Feb)
2020,12,December,Sherpur,Dhaka,985.1,1455.19,0.676954,487.6,Dry Winter (Dec-Feb)
2020,12,December,Sirajganj,Rajshahi,365.98,2755.65,0.13281,181.1,Dry Winter (Dec-Feb)
2020,12,December,Sunamganj,Sylhet,918.85,4043.04,0.227268,454.8,Dry Winter (Dec-Feb)
2020,12,December,Sylhet,Sylhet,680.67,3847.75,0.1769,336.9,Dry Winter (Dec-Feb)
2020,12,December,Tangail,Dhaka,1609.0,3707.07,0.434035,796.4,Dry Winter (Dec-Feb)
2020,12,December,Thakurgaon,Rangpur,1268.76,2008.93,0.631561,628.0,Dry Winter (Dec-Feb)
2021,1,January,Bagerhat,Khulna,843.41,3965.62,0.212681,417.4,Dry Winter (Dec-Feb)
2021,1,January,Bandarban,Chittagong,2682.79,5000.66,0.536487,1327.8,Dry Winter (Dec-Feb)
2021,1,January,Barguna,Barisal,159.21,1547.28,0.102893,78.8,Dry Winter (Dec-Feb)
2021,1,January,Barisal,Barisal,423.55,2767.25,0.153058,209.6,Dry Winter (Dec-Feb)
2021,1,January,Bhola,Barisal,673.37,2471.69,0.272432,333.3,Dry Winter (Dec-Feb)
2021,1,January,Bogra,Rajshahi,206.25,3233.63,0.063783,102.1,Dry Winter (Dec-Feb)
2021,1,January,Brahamanbaria,Chittagong,1162.97,2104.07,0.552722,575.6,Dry Winter (Dec-Feb)
2021,1,January,Chandpur,Chittagong,262.76,1864.17,0.140952,130.1,Dry Winter (Dec-Feb)
2021,1,January,Chittagong,Chittagong,1964.74,4736.75,0.414787,972.4,Dry Winter (Dec-Feb)
2021,1,January,Chuadanga,Khulna,657.5,1233.0,0.533254,325.4,Dry Winter (Dec-Feb)
2021,1,January,Comilla,Chittagong,1722.01,3351.85,0.513749,852.3,Dry Winter (Dec-Feb)
2021,1,January,Cox's Bazar,Chittagong,833.57,2206.6,0.377764,412.6,Dry Winter (Dec-Feb)
2021,1,January,Dhaka,Dhaka,773.32,1611.18,0.47997,382.8,Dry Winter (Dec-Feb)
2021,1,January,Dinajpur,Rangpur,1434.57,3829.09,0.37465,710.0,Dry Winter (Dec-Feb)
2021,1,January,Faridpur,Dhaka,786.07,2227.54,0.352885,389.1,Dry Winter (Dec-Feb)
2021,1,January,Feni,Chittagong,430.59,960.78,0.448168,213.1,Dry Winter (Dec-Feb)
2021,1,January,Gaibandha,Rangpur,167.59,2410.25,0.069534,82.9,Dry Winter (Dec-Feb)
2021,1,January,Gazipur,Dhaka,872.7,1940.74,0.449673,431.9,Dry Winter (Dec-Feb)
2021,1,January,Gopalganj,Dhaka,784.04,1602.77,0.48918,388.1,Dry Winter (Dec-Feb)
2021,1,January,Habiganj,Sylhet,1689.6,2857.81,0.591221,836.3,Dry Winter (Dec-Feb)
2021,1,January,Jamalpur,Dhaka,193.91,2272.36,0.085334,96.0,Dry Winter (Dec-Feb)
2021,1,January,Jessore,Khulna,781.63,2784.67,0.280692,386.9,Dry Winter (Dec-Feb)
2021,1,January,Jhalokati,Barisal,34.69,807.93,0.042942,17.2,Dry Winter (Dec-Feb)
2021,1,January,Jhenaidah,Khulna,1032.41,2143.59,0.481624,511.0,Dry Winter (Dec-Feb)
2021,1,January,Joypurhat,Rajshahi,398.14,1081.54,0.368126,197.1,Dry Winter (Dec-Feb)
2021,1,January,Khagrachhari,Chittagong,1697.23,3108.48,0.545999,840.0,Dry Winter (Dec-Feb)
2021,1,January,Khulna,Khulna,919.43,3868.06,0.237698,455.1,Dry Winter (Dec-Feb)
2021,1,January,Kishoreganj,Dhaka,1349.4,2821.62,0.478235,667.9,Dry Winter (Dec-Feb)
2021,1,January,Kurigram,Rangpur,474.23,2481.86,0.191078,234.7,Dry Winter (Dec-Feb)
2021,1,January,Kushtia,Khulna,139.92,1830.28,0.076449,69.3,Dry Winter (Dec-Feb)
2021,1,January,Lakshmipur,Chittagong,292.43,1573.07,0.185899,144.7,Dry Winter (Dec-Feb)
2021,1,January,Lalmonirhat,Rangpur,108.48,1381.75,0.078512,53.7,Dry Winter (Dec-Feb)
2021,1,January,Madaripur,Dhaka,112.28,1257.23,0.089306,55.6,Dry Winter (Dec-Feb)
2021,1,January,Magura,Khulna,611.26,1143.98,0.534331,302.5,Dry Winter (Dec-Feb)
2021,1,January,Manikganj,Dhaka,192.42,1531.92,0.12561,95.2,Dry Winter (Dec-Feb)
2021,1,January,Maulvibazar,Sylhet,1008.65,2819.05,0.357798,499.2,Dry Winter (Dec-Feb)
2021,1,January,Meherpur,Khulna,445.46,732.79,0.6079,220.5,Dry Winter (Dec-Feb)
2021,1,January,Munshiganj,Dhaka,92.15,1036.66,0.088889,45.6,Dry Winter (Dec-Feb)
2021,1,January,Mymensingh,Dhaka,2525.27,4784.19,0.527836,1249.9,Dry Winter (Dec-Feb)
2021,1,January,Naogaon,Rajshahi,2278.03,3824.58,0.59563,1127.5,Dry Winter (Dec-Feb)
2021,1,January,Narail,Khulna,127.27,1072.86,0.118626,63.0,Dry Winter (Dec-Feb)
2021,1,January,Narayanganj,Dhaka,314.2,832.16,0.377573,155.5,Dry Winter (Dec-Feb)
2021,1,January,Narsingdi,Dhaka,62.1,1281.34,0.048469,30.7,Dry Winter (Dec-Feb)
2021,1,January,Natore,Rajshahi,1224.03,2101.7,0.582401,605.8,Dry Winter (Dec-Feb)
2021,1,January,Nawabganj,Rajshahi,802.02,1804.38,0.444487,397.0,Dry Winter (Dec-Feb)
2021,1,January,Netrakona,Dhaka,1636.36,3089.39,0.529671,809.9,Dry Winter (Dec-Feb)
2021,1,January,Nilphamari,Rangpur,125.55,1836.84,0.068352,62.1,Dry Winter (Dec-Feb)
2021,1,January,Noakhali,Chittagong,154.9,2642.03,0.058631,76.7,Dry Winter (Dec-Feb)
2021,1,January,Pabna,Rajshahi,946.08,2634.14,0.359161,468.3,Dry Winter (Dec-Feb)
2021,1,January,Panchagarh,Rangpur,1040.55,1548.93,0.671784,515.0,Dry Winter (Dec-Feb)
2021,1,January,Patuakhali,Barisal,218.65,2730.09,0.080091,108.2,Dry Winter (Dec-Feb)
2021,1,January,Pirojpur,Barisal,95.31,1365.69,0.069786,47.2,Dry Winter (Dec-Feb)
2021,1,January,Rajbari,Dhaka,122.0,1249.73,0.097623,60.4,Dry Winter (Dec-Feb)
2021,1,January,Rajshahi,Rajshahi,710.19,2664.72,0.266515,351.5,Dry Winter (Dec-Feb)
2021,1,January,Rangamati,Chittagong,461.4,6226.79,0.074099,228.4,Dry Winter (Dec-Feb)
2021,1,January,Rangpur,Rangpur,229.91,2572.65,0.089369,113.8,Dry Winter (Dec-Feb)
2021,1,January,Satkhira,Khulna,1053.73,3543.74,0.297349,521.5,Dry Winter (Dec-Feb)
2021,1,January,Shariatpur,Dhaka,144.7,1362.06,0.106236,71.6,Dry Winter (Dec-Feb)
2021,1,January,Sherpur,Dhaka,901.06,1455.19,0.619205,446.0,Dry Winter (Dec-Feb)
2021,1,January,Sirajganj,Rajshahi,430.79,2755.65,0.156328,213.2,Dry Winter (Dec-Feb)
2021,1,January,Sunamganj,Sylhet,608.27,4043.04,0.150448,301.1,Dry Winter (Dec-Feb)
2021,1,January,Sylhet,Sylhet,1883.73,3847.75,0.489567,932.3,Dry Winter (Dec-Feb)
2021,1,January,Tangail,Dhaka,1601.33,3707.07,0.431968,792.6,Dry Winter (Dec-Feb)
2021,1,January,Thakurgaon,Rangpur,1282.36,2008.93,0.638327,634.7,Dry Winter (Dec-Feb)
2021,2,February,Bagerhat,Khulna,657.79,3965.62,0.165872,325.6,Dry Winter (Dec-Feb)
2021,2,February,Bandarban,Chittagong,3530.87,5000.66,0.706082,1747.6,Dry Winter (Dec-Feb)
2021,2,February,Barguna,Barisal,156.59,1547.28,0.1012,77.5,Dry Winter (Dec-Feb)
2021,2,February,Barisal,Barisal,439.7,2767.25,0.158895,217.6,Dry Winter (Dec-Feb)
2021,2,February,Bhola,Barisal,695.43,2471.69,0.281358,344.2,Dry Winter (Dec-Feb)
2021,2,February,Bogra,Rajshahi,1489.11,3233.63,0.460506,737.0,Dry Winter (Dec-Feb)
2021,2,February,Brahamanbaria,Chittagong,1087.46,2104.07,0.516835,538.2,Dry Winter (Dec-Feb)
2021,2,February,Chandpur,Chittagong,259.22,1864.17,0.139055,128.3,Dry Winter (Dec-Feb)
2021,2,February,Chittagong,Chittagong,2055.66,4736.75,0.433982,1017.4,Dry Winter (Dec-Feb)
2021,2,February,Chuadanga,Khulna,807.32,1233.0,0.654758,399.6,Dry Winter (Dec-Feb)
2021,2,February,Comilla,Chittagong,1717.28,3351.85,0.512339,850.0,Dry Winter (Dec-Feb)
2021,2,February,Cox's Bazar,Chittagong,872.86,2206.6,0.395566,432.0,Dry Winter (Dec-Feb)
2021,2,February,Dhaka,Dhaka,786.23,1611.18,0.487987,389.1,Dry Winter (Dec-Feb)
2021,2,February,Dinajpur,Rangpur,1658.87,3829.09,0.433229,821.0,Dry Winter (Dec-Feb)
2021,2,February,Faridpur,Dhaka,1080.01,2227.54,0.484845,534.5,Dry Winter (Dec-Feb)
2021,2,February,Feni,Chittagong,485.04,960.78,0.504838,240.1,Dry Winter (Dec-Feb)
2021,2,February,Gaibandha,Rangpur,345.57,2410.25,0.143374,171.0,Dry Winter (Dec-Feb)
2021,2,February,Gazipur,Dhaka,971.24,1940.74,0.500449,480.7,Dry Winter (Dec-Feb)
2021,2,February,Gopalganj,Dhaka,839.19,1602.77,0.523591,415.4,Dry Winter (Dec-Feb)
2021,2,February,Habiganj,Sylhet,1339.74,2857.81,0.468797,663.1,Dry Winter (Dec-Feb)
2021,2,February,Jamalpur,Dhaka,626.85,2272.36,0.275859,310.3,Dry Winter (Dec-Feb)
2021,2,February,Jessore,Khulna,617.71,2784.67,0.221824,305.7,Dry Winter (Dec-Feb)
2021,2,February,Jhalokati,Barisal,35.64,807.93,0.044113,17.6,Dry Winter (Dec-Feb)
2021,2,February,Jhenaidah,Khulna,1037.31,2143.59,0.483913,513.4,Dry Winter (Dec-Feb)
2021,2,February,Joypurhat,Rajshahi,617.69,1081.54,0.571119,305.7,Dry Winter (Dec-Feb)
2021,2,February,Khagrachhari,Chittagong,2014.72,3108.48,0.648138,997.2,Dry Winter (Dec-Feb)
2021,2,February,Khulna,Khulna,599.15,3868.06,0.154897,296.5,Dry Winter (Dec-Feb)
2021,2,February,Kishoreganj,Dhaka,1502.8,2821.62,0.532603,743.8,Dry Winter (Dec-Feb)
2021,2,February,Kurigram,Rangpur,459.96,2481.86,0.185327,227.7,Dry Winter (Dec-Feb)
2021,2,February,Kushtia,Khulna,227.4,1830.28,0.124246,112.6,Dry Winter (Dec-Feb)
2021,2,February,Lakshmipur,Chittagong,303.72,1573.07,0.193076,150.3,Dry Winter (Dec-Feb)
2021,2,February,Lalmonirhat,Rangpur,481.14,1381.75,0.348207,238.1,Dry Winter (Dec-Feb)
2021,2,February,Madaripur,Dhaka,90.75,1257.23,0.072181,44.9,Dry Winter (Dec-Feb)
2021,2,February,Magura,Khulna,710.75,1143.98,0.621298,351.8,Dry Winter (Dec-Feb)
2021,2,February,Manikganj,Dhaka,193.35,1531.92,0.126214,95.7,Dry Winter (Dec-Feb)
2021,2,February,Maulvibazar,Sylhet,1354.11,2819.05,0.480342,670.2,Dry Winter (Dec-Feb)
2021,2,February,Meherpur,Khulna,437.32,732.79,0.596795,216.4,Dry Winter (Dec-Feb)
2021,2,February,Munshiganj,Dhaka,93.0,1036.66,0.089709,46.0,Dry Winter (Dec-Feb)
2021,2,February,Mymensingh,Dhaka,2496.66,4784.19,0.521856,1235.7,Dry Winter (Dec-Feb)
2021,2,February,Naogaon,Rajshahi,2808.65,3824.58,0.734369,1390.1,Dry Winter (Dec-Feb)
2021,2,February,Narail,Khulna,47.97,1072.86,0.044711,23.7,Dry Winter (Dec-Feb)
2021,2,February,Narayanganj,Dhaka,406.69,832.16,0.488716,201.3,Dry Winter (Dec-Feb)
2021,2,February,Narsingdi,Dhaka,67.29,1281.34,0.052512,33.3,Dry Winter (Dec-Feb)
2021,2,February,Natore,Rajshahi,1451.38,2101.7,0.690575,718.4,Dry Winter (Dec-Feb)
2021,2,February,Nawabganj,Rajshahi,924.23,1804.38,0.512212,457.4,Dry Winter (Dec-Feb)
2021,2,February,Netrakona,Dhaka,1638.48,3089.39,0.530358,811.0,Dry Winter (Dec-Feb)
2021,2,February,Nilphamari,Rangpur,715.33,1836.84,0.389433,354.0,Dry Winter (Dec-Feb)
2021,2,February,Noakhali,Chittagong,153.25,2642.03,0.058003,75.9,Dry Winter (Dec-Feb)
2021,2,February,Pabna,Rajshahi,1265.49,2634.14,0.480418,626.3,Dry Winter (Dec-Feb)
2021,2,February,Panchagarh,Rangpur,1042.05,1548.93,0.672753,515.8,Dry Winter (Dec-Feb)
2021,2,February,Patuakhali,Barisal,217.05,2730.09,0.079503,107.4,Dry Winter (Dec-Feb)
2021,2,February,Pirojpur,Barisal,92.63,1365.69,0.067827,45.8,Dry Winter (Dec-Feb)
2021,2,February,Rajbari,Dhaka,116.05,1249.73,0.09286,57.4,Dry Winter (Dec-Feb)
2021,2,February,Rajshahi,Rajshahi,1247.68,2664.72,0.468224,617.5,Dry Winter (Dec-Feb)
2021,2,February,Rangamati,Chittagong,378.27,6226.79,0.060748,187.2,Dry Winter (Dec-Feb)
2021,2,February,Rangpur,Rangpur,995.11,2572.65,0.386804,492.5,Dry Winter (Dec-Feb)
2021,2,February,Satkhira,Khulna,889.06,3543.74,0.250882,440.0,Dry Winter (Dec-Feb)
2021,2,February,Shariatpur,Dhaka,138.27,1362.06,0.101517,68.4,Dry Winter (Dec-Feb)
2021,2,February,Sherpur,Dhaka,775.86,1455.19,0.533163,384.0,Dry Winter (Dec-Feb)
2021,2,February,Sirajganj,Rajshahi,341.07,2755.65,0.12377,168.8,Dry Winter (Dec-Feb)
2021,2,February,Sunamganj,Sylhet,1188.67,4043.04,0.294004,588.3,Dry Winter (Dec-Feb)
2021,2,February,Sylhet,Sylhet,1793.4,3847.75,0.466091,887.6,Dry Winter (Dec-Feb)
2021,2,February,Tangail,Dhaka,1603.71,3707.07,0.432609,793.7,Dry Winter (Dec-Feb)
2021,2,February,Thakurgaon,Rangpur,1229.16,2008.93,0.611849,608.4,Dry Winter (Dec-Feb)
2021,3,March,Bagerhat,Khulna,798.09,3965.62,0.201251,395.0,Pre-Monsoon (Mar-May)
2021,3,March,Bandarban,Chittagong,3380.86,5000.66,0.676082,1673.3,Pre-Monsoon (Mar-May)
2021,3,March,Barguna,Barisal,156.43,1547.28,0.101101,77.4,Pre-Monsoon (Mar-May)
2021,3,March,Barisal,Barisal,419.89,2767.25,0.151736,207.8,Pre-Monsoon (Mar-May)
2021,3,March,Bhola,Barisal,673.41,2471.69,0.272449,333.3,Pre-Monsoon (Mar-May)
2021,3,March,Bogra,Rajshahi,1328.14,3233.63,0.410728,657.4,Pre-Monsoon (Mar-May)
2021,3,March,Brahamanbaria,Chittagong,1201.54,2104.07,0.571055,594.7,Pre-Monsoon (Mar-May)
2021,3,March,Chandpur,Chittagong,268.22,1864.17,0.14388,132.8,Pre-Monsoon (Mar-May)
2021,3,March,Chittagong,Chittagong,2252.45,4736.75,0.475528,1114.8,Pre-Monsoon (Mar-May)
2021,3,March,Chuadanga,Khulna,776.11,1233.0,0.62945,384.1,Pre-Monsoon (Mar-May)
2021,3,March,Comilla,Chittagong,2039.0,3351.85,0.60832,1009.2,Pre-Monsoon (Mar-May)
2021,3,March,Cox's Bazar,Chittagong,713.73,2206.6,0.323452,353.3,Pre-Monsoon (Mar-May)
2021,3,March,Dhaka,Dhaka,840.3,1611.18,0.521545,415.9,Pre-Monsoon (Mar-May)
2021,3,March,Dinajpur,Rangpur,2762.55,3829.09,0.721464,1367.3,Pre-Monsoon (Mar-May)
2021,3,March,Faridpur,Dhaka,1016.47,2227.54,0.456321,503.1,Pre-Monsoon (Mar-May)
2021,3,March,Feni,Chittagong,474.91,960.78,0.494294,235.1,Pre-Monsoon (Mar-May)
2021,3,March,Gaibandha,Rangpur,329.68,2410.25,0.136781,163.2,Pre-Monsoon (Mar-May)
2021,3,March,Gazipur,Dhaka,1020.02,1940.74,0.525583,504.9,Pre-Monsoon (Mar-May)
2021,3,March,Gopalganj,Dhaka,1010.98,1602.77,0.630772,500.4,Pre-Monsoon (Mar-May)
2021,3,March,Habiganj,Sylhet,1890.72,2857.81,0.661596,935.8,Pre-Monsoon (Mar-May)
2021,3,March,Jamalpur,Dhaka,272.02,2272.36,0.119708,134.6,Pre-Monsoon (Mar-May)
2021,3,March,Jessore,Khulna,391.97,2784.67,0.140761,194.0,Pre-Monsoon (Mar-May)
2021,3,March,Jhalokati,Barisal,32.66,807.93,0.040424,16.2,Pre-Monsoon (Mar-May)
2021,3,March,Jhenaidah,Khulna,1283.05,2143.59,0.59855,635.0,Pre-Monsoon (Mar-May)
2021,3,March,Joypurhat,Rajshahi,861.06,1081.54,0.796138,426.2,Pre-Monsoon (Mar-May)
2021,3,March,Khagrachhari,Chittagong,1921.12,3108.48,0.618024,950.8,Pre-Monsoon (Mar-May)
2021,3,March,Khulna,Khulna,698.55,3868.06,0.180594,345.7,Pre-Monsoon (Mar-May)
2021,3,March,Kishoreganj,Dhaka,1634.37,2821.62,0.579233,808.9,Pre-Monsoon (Mar-May)
2021,3,March,Kurigram,Rangpur,597.21,2481.86,0.240629,295.6,Pre-Monsoon (Mar-May)
2021,3,March,Kushtia,Khulna,153.8,1830.28,0.084033,76.1,Pre-Monsoon (Mar-May)
2021,3,March,Lakshmipur,Chittagong,300.37,1573.07,0.190947,148.7,Pre-Monsoon (Mar-May)
2021,3,March,Lalmonirhat,Rangpur,355.03,1381.75,0.25694,175.7,Pre-Monsoon (Mar-May)
2021,3,March,Madaripur,Dhaka,95.01,1257.23,0.075568,47.0,Pre-Monsoon (Mar-May)
2021,3,March,Magura,Khulna,639.14,1143.98,0.5587,316.3,Pre-Monsoon (Mar-May)
2021,3,March,Manikganj,Dhaka,199.99,1531.92,0.13055,99.0,Pre-Monsoon (Mar-May)
2021,3,March,Maulvibazar,Sylhet,1138.43,2819.05,0.403834,563.5,Pre-Monsoon (Mar-May)
2021,3,March,Meherpur,Khulna,471.5,732.79,0.643438,233.4,Pre-Monsoon (Mar-May)
2021,3,March,Munshiganj,Dhaka,85.18,1036.66,0.082169,42.2,Pre-Monsoon (Mar-May)
2021,3,March,Mymensingh,Dhaka,2434.15,4784.19,0.50879,1204.8,Pre-Monsoon (Mar-May)
2021,3,March,Naogaon,Rajshahi,2999.34,3824.58,0.784229,1484.5,Pre-Monsoon (Mar-May)
2021,3,March,Narail,Khulna,50.95,1072.86,0.04749,25.2,Pre-Monsoon (Mar-May)
2021,3,March,Narayanganj,Dhaka,441.63,832.16,0.530704,218.6,Pre-Monsoon (Mar-May)
2021,3,March,Narsingdi,Dhaka,218.86,1281.34,0.170803,108.3,Pre-Monsoon (Mar-May)
2021,3,March,Natore,Rajshahi,1388.56,2101.7,0.660685,687.3,Pre-Monsoon (Mar-May)
2021,3,March,Nawabganj,Rajshahi,616.83,1804.38,0.341852,305.3,Pre-Monsoon (Mar-May)
2021,3,March,Netrakona,Dhaka,1925.2,3089.39,0.623165,952.9,Pre-Monsoon (Mar-May)
2021,3,March,Nilphamari,Rangpur,1172.44,1836.84,0.638294,580.3,Pre-Monsoon (Mar-May)
2021,3,March,Noakhali,Chittagong,150.92,2642.03,0.057123,74.7,Pre-Monsoon (Mar-May)
2021,3,March,Pabna,Rajshahi,1332.12,2634.14,0.505715,659.3,Pre-Monsoon (Mar-May)
2021,3,March,Panchagarh,Rangpur,916.6,1548.93,0.59176,453.7,Pre-Monsoon (Mar-May)
2021,3,March,Patuakhali,Barisal,220.86,2730.09,0.080897,109.3,Pre-Monsoon (Mar-May)
2021,3,March,Pirojpur,Barisal,88.77,1365.69,0.064998,43.9,Pre-Monsoon (Mar-May)
2021,3,March,Rajbari,Dhaka,121.83,1249.73,0.097484,60.3,Pre-Monsoon (Mar-May)
2021,3,March,Rajshahi,Rajshahi,317.86,2664.72,0.119284,157.3,Pre-Monsoon (Mar-May)
2021,3,March,Rangamati,Chittagong,343.75,6226.79,0.055205,170.1,Pre-Monsoon (Mar-May)
2021,3,March,Rangpur,Rangpur,1963.58,2572.65,0.763254,971.9,Pre-Monsoon (Mar-May)
2021,3,March,Satkhira,Khulna,1124.33,3543.74,0.317273,556.5,Pre-Monsoon (Mar-May)
2021,3,March,Shariatpur,Dhaka,147.09,1362.06,0.107993,72.8,Pre-Monsoon (Mar-May)
2021,3,March,Sherpur,Dhaka,983.04,1455.19,0.675538,486.6,Pre-Monsoon (Mar-May)
2021,3,March,Sirajganj,Rajshahi,383.65,2755.65,0.139224,189.9,Pre-Monsoon (Mar-May)
2021,3,March,Sunamganj,Sylhet,2339.92,4043.04,0.578752,1158.1,Pre-Monsoon (Mar-May)
2021,3,March,Sylhet,Sylhet,2430.26,3847.75,0.631605,1202.8,Pre-Monsoon (Mar-May)
2021,3,March,Tangail,Dhaka,1717.02,3707.07,0.463174,849.8,Pre-Monsoon (Mar-May)
2021,3,March,Thakurgaon,Rangpur,1334.22,2008.93,0.664146,660.4,Pre-Monsoon (Mar-May)
2021,4,April,Bagerhat,Khulna,1166.19,3965.62,0.294074,577.2,Pre-Monsoon (Mar-May)
2021,4,April,Bandarban,Chittagong,3312.46,5000.66,0.662405,1639.5,Pre-Monsoon (Mar-May)
2021,4,April,Barguna,Barisal,161.26,1547.28,0.104218,79.8,Pre-Monsoon (Mar-May)
2021,4,April,Barisal,Barisal,453.37,2767.25,0.163834,224.4,Pre-Monsoon (Mar-May)
2021,4,April,Bhola,Barisal,705.14,2471.69,0.285285,349.0,Pre-Monsoon (Mar-May)
2021,4,April,Bogra,Rajshahi,1797.33,3233.63,0.555824,889.6,Pre-Monsoon (Mar-May)
2021,4,April,Brahamanbaria,Chittagong,1274.44,2104.07,0.605703,630.8,Pre-Monsoon (Mar-May)
2021,4,April,Chandpur,Chittagong,279.02,1864.17,0.149675,138.1,Pre-Monsoon (Mar-May)
2021,4,April,Chittagong,Chittagong,2512.1,4736.75,0.530343,1243.4,Pre-Monsoon (Mar-May)
2021,4,April,Chuadanga,Khulna,780.76,1233.0,0.633215,386.4,Pre-Monsoon (Mar-May)
2021,4,April,Comilla,Chittagong,2059.73,3351.85,0.614506,1019.5,Pre-Monsoon (Mar-May)
2021,4,April,Cox's Bazar,Chittagong,811.3,2206.6,0.36767,401.5,Pre-Monsoon (Mar-May)
2021,4,April,Dhaka,Dhaka,940.8,1611.18,0.58392,465.6,Pre-Monsoon (Mar-May)
2021,4,April,Dinajpur,Rangpur,2924.66,3829.09,0.763802,1447.5,Pre-Monsoon (Mar-May)
2021,4,April,Faridpur,Dhaka,724.09,2227.54,0.325064,358.4,Pre-Monsoon (Mar-May)
2021,4,April,Feni,Chittagong,609.92,960.78,0.63482,301.9,Pre-Monsoon (Mar-May)
2021,4,April,Gaibandha,Rangpur,322.58,2410.25,0.133836,159.7,Pre-Monsoon (Mar-May)
2021,4,April,Gazipur,Dhaka,1202.11,1940.74,0.619409,595.0,Pre-Monsoon (Mar-May)
2021,4,April,Gopalganj,Dhaka,1078.6,1602.77,0.672961,533.8,Pre-Monsoon (Mar-May)
2021,4,April,Habiganj,Sylhet,1902.67,2857.81,0.665778,941.7,Pre-Monsoon (Mar-May)
2021,4,April,Jamalpur,Dhaka,1366.45,2272.36,0.601337,676.3,Pre-Monsoon (Mar-May)
2021,4,April,Jessore,Khulna,1153.36,2784.67,0.414183,570.8,Pre-Monsoon (Mar-May)
2021,4,April,Jhalokati,Barisal,42.73,807.93,0.052889,21.1,Pre-Monsoon (Mar-May)
2021,4,April,Jhenaidah,Khulna,1452.06,2143.59,0.677395,718.7,Pre-Monsoon (Mar-May)
2021,4,April,Joypurhat,Rajshahi,872.11,1081.54,0.806354,431.6,Pre-Monsoon (Mar-May)
2021,4,April,Khagrachhari,Chittagong,2406.33,3108.48,0.774117,1191.0,Pre-Monsoon (Mar-May)
2021,4,April,Khulna,Khulna,655.65,3868.06,0.169504,324.5,Pre-Monsoon (Mar-May)
2021,4,April,Kishoreganj,Dhaka,1045.17,2821.62,0.370414,517.3,Pre-Monsoon (Mar-May)
2021,4,April,Kurigram,Rangpur,484.35,2481.86,0.195155,239.7,Pre-Monsoon (Mar-May)
2021,4,April,Kushtia,Khulna,159.84,1830.28,0.087331,79.1,Pre-Monsoon (Mar-May)
2021,4,April,Lakshmipur,Chittagong,308.71,1573.07,0.196246,152.8,Pre-Monsoon (Mar-May)
2021,4,April,Lalmonirhat,Rangpur,658.57,1381.75,0.476622,326.0,Pre-Monsoon (Mar-May)
2021,4,April,Madaripur,Dhaka,93.29,1257.23,0.074206,46.2,Pre-Monsoon (Mar-May)
2021,4,April,Magura,Khulna,751.45,1143.98,0.656875,371.9,Pre-Monsoon (Mar-May)
2021,4,April,Manikganj,Dhaka,191.12,1531.92,0.124761,94.6,Pre-Monsoon (Mar-May)
2021,4,April,Maulvibazar,Sylhet,863.81,2819.05,0.306418,427.5,Pre-Monsoon (Mar-May)
2021,4,April,Meherpur,Khulna,493.61,732.79,0.673605,244.3,Pre-Monsoon (Mar-May)
2021,4,April,Munshiganj,Dhaka,96.43,1036.66,0.093023,47.7,Pre-Monsoon (Mar-May)
2021,4,April,Mymensingh,Dhaka,2724.35,4784.19,0.569449,1348.4,Pre-Monsoon (Mar-May)
2021,4,April,Naogaon,Rajshahi,3088.17,3824.58,0.807455,1528.5,Pre-Monsoon (Mar-May)
2021,4,April,Narail,Khulna,40.75,1072.86,0.03798,20.2,Pre-Monsoon (Mar-May)
2021,4,April,Narayanganj,Dhaka,455.0,832.16,0.546775,225.2,Pre-Monsoon (Mar-May)
2021,4,April,Narsingdi,Dhaka,459.4,1281.34,0.358529,227.4,Pre-Monsoon (Mar-May)
2021,4,April,Natore,Rajshahi,1326.72,2101.7,0.631259,656.7,Pre-Monsoon (Mar-May)
2021,4,April,Nawabganj,Rajshahi,935.69,1804.38,0.518564,463.1,Pre-Monsoon (Mar-May)
2021,4,April,Netrakona,Dhaka,1609.74,3089.39,0.521053,796.7,Pre-Monsoon (Mar-May)
2021,4,April,Nilphamari,Rangpur,1165.91,1836.84,0.634735,577.1,Pre-Monsoon (Mar-May)
2021,4,April,Noakhali,Chittagong,152.66,2642.03,0.057782,75.6,Pre-Monsoon (Mar-May)
2021,4,April,Pabna,Rajshahi,1537.31,2634.14,0.583609,760.9,Pre-Monsoon (Mar-May)
2021,4,April,Panchagarh,Rangpur,849.07,1548.93,0.548163,420.2,Pre-Monsoon (Mar-May)
2021,4,April,Patuakhali,Barisal,242.47,2730.09,0.088815,120.0,Pre-Monsoon (Mar-May)
2021,4,April,Pirojpur,Barisal,103.22,1365.69,0.075578,51.1,Pre-Monsoon (Mar-May)
2021,4,April,Rajbari,Dhaka,131.04,1249.73,0.104856,64.9,Pre-Monsoon (Mar-May)
2021,4,April,Rajshahi,Rajshahi,1195.86,2664.72,0.448776,591.9,Pre-Monsoon (Mar-May)
2021,4,April,Rangamati,Chittagong,371.2,6226.79,0.059614,183.7,Pre-Monsoon (Mar-May)
2021,4,April,Rangpur,Rangpur,2041.16,2572.65,0.793407,1010.3,Pre-Monsoon (Mar-May)
2021,4,April,Satkhira,Khulna,1053.61,3543.74,0.297316,521.5,Pre-Monsoon (Mar-May)
2021,4,April,Shariatpur,Dhaka,150.39,1362.06,0.110411,74.4,Pre-Monsoon (Mar-May)
2021,4,April,Sherpur,Dhaka,1131.51,1455.19,0.777565,560.0,Pre-Monsoon (Mar-May)
2021,4,April,Sirajganj,Rajshahi,308.69,2755.65,0.11202,152.8,Pre-Monsoon (Mar-May)
2021,4,April,Sunamganj,Sylhet,986.72,4043.04,0.244053,488.4,Pre-Monsoon (Mar-May)
2021,4,April,Sylhet,Sylhet,941.42,3847.75,0.244668,466.0,Pre-Monsoon (Mar-May)
2021,4,April,Tangail,Dhaka,1916.59,3707.07,0.51701,948.6,Pre-Monsoon (Mar-May)
2021,4,April,Thakurgaon,Rangpur,1257.54,2008.93,0.625973,622.4,Pre-Monsoon (Mar-May)
2021,5,May,Bagerhat,Khulna,1114.58,3965.62,0.28106,551.7,Pre-Monsoon (Mar-May)
2021,5,May,Bandarban,Chittagong,3751.43,5000.66,0.750187,1856.8,Pre-Monsoon (Mar-May)
2021,5,May,Barguna,Barisal,161.4,1547.28,0.104313,79.9,Pre-Monsoon (Mar-May)
2021,5,May,Barisal,Barisal,442.58,2767.25,0.159934,219.1,Pre-Monsoon (Mar-May)
2021,5,May,Bhola,Barisal,679.04,2471.69,0.274726,336.1,Pre-Monsoon (Mar-May)
2021,5,May,Bogra,Rajshahi,192.13,3233.63,0.059415,95.1,Pre-Monsoon (Mar-May)
2021,5,May,Brahamanbaria,Chittagong,79.2,2104.07,0.037641,39.2,Pre-Monsoon (Mar-May)
2021,5,May,Chandpur,Chittagong,281.63,1864.17,0.151073,139.4,Pre-Monsoon (Mar-May)
2021,5,May,Chittagong,Chittagong,2322.97,4736.75,0.490415,1149.7,Pre-Monsoon (Mar-May)
2021,5,May,Chuadanga,Khulna,577.97,1233.0,0.468749,286.1,Pre-Monsoon (Mar-May)
2021,5,May,Comilla,Chittagong,2120.63,3351.85,0.632675,1049.6,Pre-Monsoon (Mar-May)
2021,5,May,Cox's Bazar,Chittagong,513.3,2206.6,0.232621,254.1,Pre-Monsoon (Mar-May)
2021,5,May,Dhaka,Dhaka,905.12,1611.18,0.561776,448.0,Pre-Monsoon (Mar-May)
2021,5,May,Dinajpur,Rangpur,1377.17,3829.09,0.359659,681.6,Pre-Monsoon (Mar-May)
2021,5,May,Faridpur,Dhaka,120.85,2227.54,0.054252,59.8,Pre-Monsoon (Mar-May)
2021,5,May,Feni,Chittagong,615.86,960.78,0.641004,304.8,Pre-Monsoon (Mar-May)
2021,5,May,Gaibandha,Rangpur,303.02,2410.25,0.125722,150.0,Pre-Monsoon (Mar-May)
2021,5,May,Gazipur,Dhaka,1098.88,1940.74,0.566216,543.9,Pre-Monsoon (Mar-May)
2021,5,May,Gopalganj,Dhaka,759.3,1602.77,0.473741,375.8,Pre-Monsoon (Mar-May)
2021,5,May,Habiganj,Sylhet,408.27,2857.81,0.142863,202.1,Pre-Monsoon (Mar-May)
2021,5,May,Jamalpur,Dhaka,162.04,2272.36,0.07131,80.2,Pre-Monsoon (Mar-May)
2021,5,May,Jessore,Khulna,679.06,2784.67,0.243856,336.1,Pre-Monsoon (Mar-May)
2021,5,May,Jhalokati,Barisal,36.71,807.93,0.045436,18.2,Pre-Monsoon (Mar-May)
2021,5,May,Jhenaidah,Khulna,1069.71,2143.59,0.499025,529.4,Pre-Monsoon (Mar-May)
2021,5,May,Joypurhat,Rajshahi,641.49,1081.54,0.59312,317.5,Pre-Monsoon (Mar-May)
2021,5,May,Khagrachhari,Chittagong,2427.95,3108.48,0.781073,1201.7,Pre-Monsoon (Mar-May)
2021,5,May,Khulna,Khulna,651.17,3868.06,0.168346,322.3,Pre-Monsoon (Mar-May)
2021,5,May,Kishoreganj,Dhaka,174.13,2821.62,0.061713,86.2,Pre-Monsoon (Mar-May)
2021,5,May,Kurigram,Rangpur,463.28,2481.86,0.186669,229.3,Pre-Monsoon (Mar-May)
2021,5,May,Kushtia,Khulna,128.8,1830.28,0.070372,63.7,Pre-Monsoon (Mar-May)
2021,5,May,Lakshmipur,Chittagong,301.41,1573.07,0.191605,149.2,Pre-Monsoon (Mar-May)
2021,5,May,Lalmonirhat,Rangpur,128.69,1381.75,0.093137,63.7,Pre-Monsoon (Mar-May)
2021,5,May,Madaripur,Dhaka,88.51,1257.23,0.070399,43.8,Pre-Monsoon (Mar-May)
2021,5,May,Magura,Khulna,340.39,1143.98,0.297552,168.5,Pre-Monsoon (Mar-May)
2021,5,May,Manikganj,Dhaka,186.93,1531.92,0.122024,92.5,Pre-Monsoon (Mar-May)
2021,5,May,Maulvibazar,Sylhet,108.17,2819.05,0.038372,53.5,Pre-Monsoon (Mar-May)
2021,5,May,Meherpur,Khulna,361.18,732.79,0.492893,178.8,Pre-Monsoon (Mar-May)
2021,5,May,Munshiganj,Dhaka,94.89,1036.66,0.091537,47.0,Pre-Monsoon (Mar-May)
2021,5,May,Mymensingh,Dhaka,2206.83,4784.19,0.461275,1092.3,Pre-Monsoon (Mar-May)
2021,5,May,Naogaon,Rajshahi,1788.64,3824.58,0.46767,885.3,Pre-Monsoon (Mar-May)
2021,5,May,Narail,Khulna,64.96,1072.86,0.060549,32.2,Pre-Monsoon (Mar-May)
2021,5,May,Narayanganj,Dhaka,81.58,832.16,0.09803,40.4,Pre-Monsoon (Mar-May)
2021,5,May,Narsingdi,Dhaka,62.66,1281.34,0.048899,31.0,Pre-Monsoon (Mar-May)
2021,5,May,Natore,Rajshahi,1246.84,2101.7,0.593253,617.1,Pre-Monsoon (Mar-May)
2021,5,May,Nawabganj,Rajshahi,282.05,1804.38,0.156312,139.6,Pre-Monsoon (Mar-May)
2021,5,May,Netrakona,Dhaka,200.17,3089.39,0.064794,99.1,Pre-Monsoon (Mar-May)
2021,5,May,Nilphamari,Rangpur,997.9,1836.84,0.543271,493.9,Pre-Monsoon (Mar-May)
2021,5,May,Noakhali,Chittagong,152.64,2642.03,0.057774,75.5,Pre-Monsoon (Mar-May)
2021,5,May,Pabna,Rajshahi,341.86,2634.14,0.129781,169.2,Pre-Monsoon (Mar-May)
2021,5,May,Panchagarh,Rangpur,780.13,1548.93,0.503655,386.1,Pre-Monsoon (Mar-May)
2021,5,May,Patuakhali,Barisal,244.92,2730.09,0.089711,121.2,Pre-Monsoon (Mar-May)
2021,5,May,Pirojpur,Barisal,98.4,1365.69,0.07205,48.7,Pre-Monsoon (Mar-May)
2021,5,May,Rajbari,Dhaka,138.04,1249.73,0.110454,68.3,Pre-Monsoon (Mar-May)
2021,5,May,Rajshahi,Rajshahi,380.83,2664.72,0.142917,188.5,Pre-Monsoon (Mar-May)
2021,5,May,Rangamati,Chittagong,445.56,6226.79,0.071555,220.5,Pre-Monsoon (Mar-May)
2021,5,May,Rangpur,Rangpur,1233.71,2572.65,0.47955,610.6,Pre-Monsoon (Mar-May)
2021,5,May,Satkhira,Khulna,935.34,3543.74,0.263942,462.9,Pre-Monsoon (Mar-May)
2021,5,May,Shariatpur,Dhaka,159.12,1362.06,0.116824,78.8,Pre-Monsoon (Mar-May)
2021,5,May,Sherpur,Dhaka,812.74,1455.19,0.558512,402.3,Pre-Monsoon (Mar-May)
2021,5,May,Sirajganj,Rajshahi,334.25,2755.65,0.121298,165.4,Pre-Monsoon (Mar-May)
2021,5,May,Sunamganj,Sylhet,203.61,4043.04,0.05036,100.8,Pre-Monsoon (Mar-May)
2021,5,May,Sylhet,Sylhet,207.2,3847.75,0.053851,102.6,Pre-Monsoon (Mar-May)
2021,5,May,Tangail,Dhaka,988.57,3707.07,0.266671,489.3,Pre-Monsoon (Mar-May)
2021,5,May,Thakurgaon,Rangpur,836.19,2008.93,0.416234,413.9,Pre-Monsoon (Mar-May)
2021,6,June,Bagerhat,Khulna,1417.12,3965.62,0.357351,701.4,Monsoon (Jun-Sep)
2021,6,June,Bandarban,Chittagong,2937.78,5000.66,0.587478,1454.0,Monsoon (Jun-Sep)
2021,6,June,Barguna,Barisal,254.74,1547.28,0.164636,126.1,Monsoon (Jun-Sep)
2021,6,June,Barisal,Barisal,549.13,2767.25,0.198438,271.8,Monsoon (Jun-Sep)
2021,6,June,Bhola,Barisal,765.57,2471.69,0.309734,378.9,Monsoon (Jun-Sep)
2021,6,June,Bogra,Rajshahi,222.28,3233.63,0.068739,110.0,Monsoon (Jun-Sep)
2021,6,June,Brahamanbaria,Chittagong,306.41,2104.07,0.145626,151.7,Monsoon (Jun-Sep)
2021,6,June,Chandpur,Chittagong,310.88,1864.17,0.166767,153.9,Monsoon (Jun-Sep)
2021,6,June,Chittagong,Chittagong,2071.13,4736.75,0.437249,1025.1,Monsoon (Jun-Sep)
2021,6,June,Chuadanga,Khulna,525.72,1233.0,0.42637,260.2,Monsoon (Jun-Sep)
2021,6,June,Comilla,Chittagong,718.49,3351.85,0.214355,355.6,Monsoon (Jun-Sep)
2021,6,June,Cox's Bazar,Chittagong,438.55,2206.6,0.198743,217.1,Monsoon (Jun-Sep)
2021,6,June,Dhaka,Dhaka,488.88,1611.18,0.303428,242.0,Monsoon (Jun-Sep)
2021,6,June,Dinajpur,Rangpur,2179.41,3829.09,0.569172,1078.7,Monsoon (Jun-Sep)
2021,6,June,Faridpur,Dhaka,137.19,2227.54,0.061587,67.9,Monsoon (Jun-Sep)
2021,6,June,Feni,Chittagong,520.28,960.78,0.541516,257.5,Monsoon (Jun-Sep)
2021,6,June,Gaibandha,Rangpur,313.56,2410.25,0.130093,155.2,Monsoon (Jun-Sep)
2021,6,June,Gazipur,Dhaka,311.58,1940.74,0.160547,154.2,Monsoon (Jun-Sep)
2021,6,June,Gopalganj,Dhaka,574.4,1602.77,0.358381,284.3,Monsoon (Jun-Sep)
2021,6,June,Habiganj,Sylhet,301.78,2857.81,0.1056,149.4,Monsoon (Jun-Sep)
2021,6,June,Jamalpur,Dhaka,162.77,2272.36,0.071632,80.6,Monsoon (Jun-Sep)
2021,6,June,Jessore,Khulna,264.93,2784.67,0.09514,131.1,Monsoon (Jun-Sep)
2021,6,June,Jhalokati,Barisal,116.11,807.93,0.143718,57.5,Monsoon (Jun-Sep)
2021,6,June,Jhenaidah,Khulna,748.25,2143.59,0.349066,370.3,Monsoon (Jun-Sep)
2021,6,June,Joypurhat,Rajshahi,620.38,1081.54,0.573609,307.1,Monsoon (Jun-Sep)
2021,6,June,Khagrachhari,Chittagong,1803.92,3108.48,0.580323,892.8,Monsoon (Jun-Sep)
2021,6,June,Khulna,Khulna,1029.45,3868.06,0.266142,509.5,Monsoon (Jun-Sep)
2021,6,June,Kishoreganj,Dhaka,674.17,2821.62,0.23893,333.7,Monsoon (Jun-Sep)
2021,6,June,Kurigram,Rangpur,487.4,2481.86,0.196384,241.2,Monsoon (Jun-Sep)
2021,6,June,Kushtia,Khulna,131.21,1830.28,0.071689,64.9,Monsoon (Jun-Sep)
2021,6,June,Lakshmipur,Chittagong,329.6,1573.07,0.209526,163.1,Monsoon (Jun-Sep)
2021,6,June,Lalmonirhat,Rangpur,90.42,1381.75,0.06544,44.8,Monsoon (Jun-Sep)
2021,6,June,Madaripur,Dhaka,170.31,1257.23,0.135462,84.3,Monsoon (Jun-Sep)
2021,6,June,Magura,Khulna,145.52,1143.98,0.127209,72.0,Monsoon (Jun-Sep)
2021,6,June,Manikganj,Dhaka,211.18,1531.92,0.137853,104.5,Monsoon (Jun-Sep)
2021,6,June,Maulvibazar,Sylhet,158.69,2819.05,0.05629,78.5,Monsoon (Jun-Sep)
2021,6,June,Meherpur,Khulna,337.6,732.79,0.460706,167.1,Monsoon (Jun-Sep)
2021,6,June,Munshiganj,Dhaka,130.19,1036.66,0.125584,64.4,Monsoon (Jun-Sep)
2021,6,June,Mymensingh,Dhaka,1312.11,4784.19,0.274259,649.4,Monsoon (Jun-Sep)
2021,6,June,Naogaon,Rajshahi,1233.42,3824.58,0.322499,610.5,Monsoon (Jun-Sep)
2021,6,June,Narail,Khulna,140.77,1072.86,0.131214,69.7,Monsoon (Jun-Sep)
2021,6,June,Narayanganj,Dhaka,67.7,832.16,0.081353,33.5,Monsoon (Jun-Sep)
2021,6,June,Narsingdi,Dhaka,115.63,1281.34,0.090245,57.2,Monsoon (Jun-Sep)
2021,6,June,Natore,Rajshahi,245.29,2101.7,0.116709,121.4,Monsoon (Jun-Sep)
2021,6,June,Nawabganj,Rajshahi,161.3,1804.38,0.089393,79.8,Monsoon (Jun-Sep)
2021,6,June,Netrakona,Dhaka,642.71,3089.39,0.208037,318.1,Monsoon (Jun-Sep)
2021,6,June,Nilphamari,Rangpur,536.11,1836.84,0.291866,265.3,Monsoon (Jun-Sep)
2021,6,June,Noakhali,Chittagong,249.32,2642.03,0.094366,123.4,Monsoon (Jun-Sep)
2021,6,June,Pabna,Rajshahi,175.1,2634.14,0.066473,86.7,Monsoon (Jun-Sep)
2021,6,June,Panchagarh,Rangpur,805.33,1548.93,0.519924,398.6,Monsoon (Jun-Sep)
2021,6,June,Patuakhali,Barisal,393.79,2730.09,0.14424,194.9,Monsoon (Jun-Sep)
2021,6,June,Pirojpur,Barisal,268.4,1365.69,0.196533,132.8,Monsoon (Jun-Sep)
2021,6,June,Rajbari,Dhaka,136.86,1249.73,0.109514,67.7,Monsoon (Jun-Sep)
2021,6,June,Rajshahi,Rajshahi,221.73,2664.72,0.08321,109.7,Monsoon (Jun-Sep)
2021,6,June,Rangamati,Chittagong,367.04,6226.79,0.058945,181.7,Monsoon (Jun-Sep)
2021,6,June,Rangpur,Rangpur,1426.24,2572.65,0.554386,705.9,Monsoon (Jun-Sep)
2021,6,June,Satkhira,Khulna,1293.63,3543.74,0.365047,640.3,Monsoon (Jun-Sep)
2021,6,June,Shariatpur,Dhaka,185.12,1362.06,0.135915,91.6,Monsoon (Jun-Sep)
2021,6,June,Sherpur,Dhaka,201.21,1455.19,0.13827,99.6,Monsoon (Jun-Sep)
2021,6,June,Sirajganj,Rajshahi,413.95,2755.65,0.150217,204.9,Monsoon (Jun-Sep)
2021,6,June,Sunamganj,Sylhet,1710.95,4043.04,0.423183,846.8,Monsoon (Jun-Sep)
2021,6,June,Sylhet,Sylhet,413.24,3847.75,0.107397,204.5,Monsoon (Jun-Sep)
2021,6,June,Tangail,Dhaka,197.37,3707.07,0.053243,97.7,Monsoon (Jun-Sep)
2021,6,June,Thakurgaon,Rangpur,1092.29,2008.93,0.543718,540.6,Monsoon (Jun-Sep)
2021,7,July,Bagerhat,Khulna,1432.99,3965.62,0.361354,709.3,Monsoon (Jun-Sep)
2021,7,July,Bandarban,Chittagong,2511.44,5000.66,0.502222,1243.0,Monsoon (Jun-Sep)
2021,7,July,Barguna,Barisal,191.99,1547.28,0.124084,95.0,Monsoon (Jun-Sep)
2021,7,July,Barisal,Barisal,651.32,2767.25,0.235368,322.4,Monsoon (Jun-Sep)
2021,7,July,Bhola,Barisal,706.58,2471.69,0.285869,349.7,Monsoon (Jun-Sep)
2021,7,July,Bogra,Rajshahi,515.22,3233.63,0.15933,255.0,Monsoon (Jun-Sep)
2021,7,July,Brahamanbaria,Chittagong,510.25,2104.07,0.242507,252.5,Monsoon (Jun-Sep)
2021,7,July,Chandpur,Chittagong,325.42,1864.17,0.174564,161.1,Monsoon (Jun-Sep)
2021,7,July,Chittagong,Chittagong,1666.69,4736.75,0.351864,824.9,Monsoon (Jun-Sep)
2021,7,July,Chuadanga,Khulna,649.12,1233.0,0.526452,321.3,Monsoon (Jun-Sep)
2021,7,July,Comilla,Chittagong,565.24,3351.85,0.168636,279.8,Monsoon (Jun-Sep)
2021,7,July,Cox's Bazar,Chittagong,477.97,2206.6,0.216609,236.6,Monsoon (Jun-Sep)
2021,7,July,Dhaka,Dhaka,133.31,1611.18,0.08274,66.0,Monsoon (Jun-Sep)
2021,7,July,Dinajpur,Rangpur,1370.76,3829.09,0.357987,678.5,Monsoon (Jun-Sep)
2021,7,July,Faridpur,Dhaka,252.16,2227.54,0.1132,124.8,Monsoon (Jun-Sep)
2021,7,July,Feni,Chittagong,390.72,960.78,0.406671,193.4,Monsoon (Jun-Sep)
2021,7,July,Gaibandha,Rangpur,338.39,2410.25,0.140396,167.5,Monsoon (Jun-Sep)
2021,7,July,Gazipur,Dhaka,192.9,1940.74,0.099395,95.5,Monsoon (Jun-Sep)
2021,7,July,Gopalganj,Dhaka,735.92,1602.77,0.459155,364.2,Monsoon (Jun-Sep)
2021,7,July,Habiganj,Sylhet,682.25,2857.81,0.238731,337.7,Monsoon (Jun-Sep)
2021,7,July,Jamalpur,Dhaka,204.84,2272.36,0.090142,101.4,Monsoon (Jun-Sep)
2021,7,July,Jessore,Khulna,435.06,2784.67,0.156236,215.3,Monsoon (Jun-Sep)
2021,7,July,Jhalokati,Barisal,169.81,807.93,0.210179,84.0,Monsoon (Jun-Sep)
2021,7,July,Jhenaidah,Khulna,410.62,2143.59,0.191557,203.2,Monsoon (Jun-Sep)
2021,7,July,Joypurhat,Rajshahi,448.36,1081.54,0.414554,221.9,Monsoon (Jun-Sep)
2021,7,July,Khagrachhari,Chittagong,1766.32,3108.48,0.568228,874.2,Monsoon (Jun-Sep)
2021,7,July,Khulna,Khulna,1577.14,3868.06,0.407734,780.6,Monsoon (Jun-Sep)
2021,7,July,Kishoreganj,Dhaka,1190.86,2821.62,0.422049,589.4,Monsoon (Jun-Sep)
2021,7,July,Kurigram,Rangpur,512.63,2481.86,0.206553,253.7,Monsoon (Jun-Sep)
2021,7,July,Kushtia,Khulna,156.36,1830.28,0.085431,77.4,Monsoon (Jun-Sep)
2021,7,July,Lakshmipur,Chittagong,318.2,1573.07,0.202283,157.5,Monsoon (Jun-Sep)
2021,7,July,Lalmonirhat,Rangpur,392.91,1381.75,0.284354,194.5,Monsoon (Jun-Sep)
2021,7,July,Madaripur,Dhaka,184.67,1257.23,0.146888,91.4,Monsoon (Jun-Sep)
2021,7,July,Magura,Khulna,258.61,1143.98,0.226066,128.0,Monsoon (Jun-Sep)
2021,7,July,Manikganj,Dhaka,275.03,1531.92,0.179534,136.1,Monsoon (Jun-Sep)
2021,7,July,Maulvibazar,Sylhet,505.75,2819.05,0.179405,250.3,Monsoon (Jun-Sep)
2021,7,July,Meherpur,Khulna,399.2,732.79,0.544769,197.6,Monsoon (Jun-Sep)
2021,7,July,Munshiganj,Dhaka,138.96,1036.66,0.134048,68.8,Monsoon (Jun-Sep)
2021,7,July,Mymensingh,Dhaka,1476.34,4784.19,0.308587,730.7,Monsoon (Jun-Sep)
2021,7,July,Naogaon,Rajshahi,1148.05,3824.58,0.300176,568.2,Monsoon (Jun-Sep)
2021,7,July,Narail,Khulna,303.69,1072.86,0.283062,150.3,Monsoon (Jun-Sep)
2021,7,July,Narayanganj,Dhaka,68.21,832.16,0.08197,33.8,Monsoon (Jun-Sep)
2021,7,July,Narsingdi,Dhaka,150.53,1281.34,0.117481,74.5,Monsoon (Jun-Sep)
2021,7,July,Natore,Rajshahi,309.54,2101.7,0.147279,153.2,Monsoon (Jun-Sep)
2021,7,July,Nawabganj,Rajshahi,230.38,1804.38,0.127677,114.0,Monsoon (Jun-Sep)
2021,7,July,Netrakona,Dhaka,1122.41,3089.39,0.363312,555.5,Monsoon (Jun-Sep)
2021,7,July,Nilphamari,Rangpur,668.85,1836.84,0.364133,331.0,Monsoon (Jun-Sep)
2021,7,July,Noakhali,Chittagong,381.77,2642.03,0.144498,189.0,Monsoon (Jun-Sep)
2021,7,July,Pabna,Rajshahi,407.51,2634.14,0.154704,201.7,Monsoon (Jun-Sep)
2021,7,July,Panchagarh,Rangpur,554.33,1548.93,0.35788,274.4,Monsoon (Jun-Sep)
2021,7,July,Patuakhali,Barisal,468.37,2730.09,0.171559,231.8,Monsoon (Jun-Sep)
2021,7,July,Pirojpur,Barisal,268.89,1365.69,0.196886,133.1,Monsoon (Jun-Sep)
2021,7,July,Rajbari,Dhaka,176.92,1249.73,0.141568,87.6,Monsoon (Jun-Sep)
2021,7,July,Rajshahi,Rajshahi,596.49,2664.72,0.223848,295.2,Monsoon (Jun-Sep)
2021,7,July,Rangamati,Chittagong,297.81,6226.79,0.047827,147.4,Monsoon (Jun-Sep)
2021,7,July,Rangpur,Rangpur,1188.05,2572.65,0.461801,588.0,Monsoon (Jun-Sep)
2021,7,July,Satkhira,Khulna,1480.67,3543.74,0.417827,732.8,Monsoon (Jun-Sep)
2021,7,July,Shariatpur,Dhaka,220.86,1362.06,0.162153,109.3,Monsoon (Jun-Sep)
2021,7,July,Sherpur,Dhaka,411.51,1455.19,0.282789,203.7,Monsoon (Jun-Sep)
2021,7,July,Sirajganj,Rajshahi,667.76,2755.65,0.242322,330.5,Monsoon (Jun-Sep)
2021,7,July,Sunamganj,Sylhet,2166.73,4043.04,0.535916,1072.4,Monsoon (Jun-Sep)
2021,7,July,Sylhet,Sylhet,825.32,3847.75,0.214495,408.5,Monsoon (Jun-Sep)
2021,7,July,Tangail,Dhaka,427.4,3707.07,0.115294,211.5,Monsoon (Jun-Sep)
2021,7,July,Thakurgaon,Rangpur,563.2,2008.93,0.280347,278.8,Monsoon (Jun-Sep)
2021,8,August,Bagerhat,Khulna,1477.98,3965.62,0.372697,731.5,Monsoon (Jun-Sep)
2021,8,August,Bandarban,Chittagong,2606.5,5000.66,0.521231,1290.1,Monsoon (Jun-Sep)
2021,8,August,Barguna,Barisal,240.0,1547.28,0.155109,118.8,Monsoon (Jun-Sep)
2021,8,August,Barisal,Barisal,598.24,2767.25,0.216186,296.1,Monsoon (Jun-Sep)
2021,8,August,Bhola,Barisal,806.69,2471.69,0.32637,399.3,Monsoon (Jun-Sep)
2021,8,August,Bogra,Rajshahi,584.64,3233.63,0.180798,289.4,Monsoon (Jun-Sep)
2021,8,August,Brahamanbaria,Chittagong,480.37,2104.07,0.228305,237.8,Monsoon (Jun-Sep)
2021,8,August,Chandpur,Chittagong,341.27,1864.17,0.183069,168.9,Monsoon (Jun-Sep)
2021,8,August,Chittagong,Chittagong,2007.08,4736.75,0.423726,993.4,Monsoon (Jun-Sep)
2021,8,August,Chuadanga,Khulna,607.97,1233.0,0.493079,300.9,Monsoon (Jun-Sep)
2021,8,August,Comilla,Chittagong,586.09,3351.85,0.174855,290.1,Monsoon (Jun-Sep)
2021,8,August,Cox's Bazar,Chittagong,480.36,2206.6,0.217692,237.8,Monsoon (Jun-Sep)
2021,8,August,Dhaka,Dhaka,130.97,1611.18,0.081288,64.8,Monsoon (Jun-Sep)
2021,8,August,Dinajpur,Rangpur,2110.45,3829.09,0.551164,1044.6,Monsoon (Jun-Sep)
2021,8,August,Faridpur,Dhaka,366.78,2227.54,0.164655,181.5,Monsoon (Jun-Sep)
2021,8,August,Feni,Chittagong,401.44,960.78,0.417825,198.7,Monsoon (Jun-Sep)
2021,8,August,Gaibandha,Rangpur,326.55,2410.25,0.135483,161.6,Monsoon (Jun-Sep)
2021,8,August,Gazipur,Dhaka,276.57,1940.74,0.142508,136.9,Monsoon (Jun-Sep)
2021,8,August,Gopalganj,Dhaka,538.23,1602.77,0.335814,266.4,Monsoon (Jun-Sep)
2021,8,August,Habiganj,Sylhet,636.79,2857.81,0.222825,315.2,Monsoon (Jun-Sep)
2021,8,August,Jamalpur,Dhaka,184.91,2272.36,0.081376,91.5,Monsoon (Jun-Sep)
2021,8,August,Jessore,Khulna,521.98,2784.67,0.187447,258.4,Monsoon (Jun-Sep)
2021,8,August,Jhalokati,Barisal,212.28,807.93,0.262747,105.1,Monsoon (Jun-Sep)
2021,8,August,Jhenaidah,Khulna,876.26,2143.59,0.408783,433.7,Monsoon (Jun-Sep)
2021,8,August,Joypurhat,Rajshahi,762.1,1081.54,0.704637,377.2,Monsoon (Jun-Sep)
2021,8,August,Khagrachhari,Chittagong,1469.41,3108.48,0.472712,727.3,Monsoon (Jun-Sep)
2021,8,August,Khulna,Khulna,1755.7,3868.06,0.453897,869.0,Monsoon (Jun-Sep)
2021,8,August,Kishoreganj,Dhaka,1110.4,2821.62,0.393534,549.6,Monsoon (Jun-Sep)
2021,8,August,Kurigram,Rangpur,511.86,2481.86,0.206241,253.3,Monsoon (Jun-Sep)
2021,8,August,Kushtia,Khulna,232.54,1830.28,0.12705,115.1,Monsoon (Jun-Sep)
2021,8,August,Lakshmipur,Chittagong,416.45,1573.07,0.264737,206.1,Monsoon (Jun-Sep)
2021,8,August,Lalmonirhat,Rangpur,508.89,1381.75,0.368296,251.9,Monsoon (Jun-Sep)
2021,8,August,Madaripur,Dhaka,161.49,1257.23,0.128449,79.9,Monsoon (Jun-Sep)
2021,8,August,Magura,Khulna,153.4,1143.98,0.134094,75.9,Monsoon (Jun-Sep)
2021,8,August,Manikganj,Dhaka,281.44,1531.92,0.183716,139.3,Monsoon (Jun-Sep)
2021,8,August,Maulvibazar,Sylhet,403.39,2819.05,0.143094,199.7,Monsoon (Jun-Sep)
2021,8,August,Meherpur,Khulna,428.62,732.79,0.584919,212.1,Monsoon (Jun-Sep)
2021,8,August,Munshiganj,Dhaka,127.57,1036.66,0.123063,63.1,Monsoon (Jun-Sep)
2021,8,August,Mymensingh,Dhaka,2012.17,4784.19,0.420587,995.9,Monsoon (Jun-Sep)
2021,8,August,Naogaon,Rajshahi,502.6,3824.58,0.131414,248.8,Monsoon (Jun-Sep)
2021,8,August,Narail,Khulna,193.76,1072.86,0.1806,95.9,Monsoon (Jun-Sep)
2021,8,August,Narayanganj,Dhaka,72.55,832.16,0.08718,35.9,Monsoon (Jun-Sep)
2021,8,August,Narsingdi,Dhaka,168.23,1281.34,0.131296,83.3,Monsoon (Jun-Sep)
2021,8,August,Natore,Rajshahi,347.76,2101.7,0.165466,172.1,Monsoon (Jun-Sep)
2021,8,August,Nawabganj,Rajshahi,257.51,1804.38,0.142715,127.5,Monsoon (Jun-Sep)
2021,8,August,Netrakona,Dhaka,858.18,3089.39,0.277783,424.8,Monsoon (Jun-Sep)
2021,8,August,Nilphamari,Rangpur,982.75,1836.84,0.535022,486.4,Monsoon (Jun-Sep)
2021,8,August,Noakhali,Chittagong,475.04,2642.02,0.179801,235.1,Monsoon (Jun-Sep)
2021,8,August,Pabna,Rajshahi,453.33,2634.14,0.1721,224.4,Monsoon (Jun-Sep)
2021,8,August,Panchagarh,Rangpur,878.86,1548.93,0.567398,435.0,Monsoon (Jun-Sep)
2021,8,August,Patuakhali,Barisal,640.34,2730.09,0.234549,316.9,Monsoon (Jun-Sep)
2021,8,August,Pirojpur,Barisal,366.2,1365.69,0.268145,181.2,Monsoon (Jun-Sep)
2021,8,August,Rajbari,Dhaka,252.72,1249.73,0.202221,125.1,Monsoon (Jun-Sep)
2021,8,August,Rajshahi,Rajshahi,309.31,2664.72,0.116077,153.1,Monsoon (Jun-Sep)
2021,8,August,Rangamati,Chittagong,403.23,6226.79,0.064757,199.6,Monsoon (Jun-Sep)
2021,8,August,Rangpur,Rangpur,1507.76,2572.65,0.586072,746.3,Monsoon (Jun-Sep)
2021,8,August,Satkhira,Khulna,1630.02,3543.74,0.459971,806.8,Monsoon (Jun-Sep)
2021,8,August,Shariatpur,Dhaka,212.05,1362.06,0.155686,105.0,Monsoon (Jun-Sep)
2021,8,August,Sherpur,Dhaka,418.4,1455.19,0.287524,207.1,Monsoon (Jun-Sep)
2021,8,August,Sirajganj,Rajshahi,614.1,2755.65,0.222851,303.9,Monsoon (Jun-Sep)
2021,8,August,Sunamganj,Sylhet,2105.26,4043.04,0.520712,1042.0,Monsoon (Jun-Sep)
2021,8,August,Sylhet,Sylhet,1018.79,3847.75,0.264775,504.2,Monsoon (Jun-Sep)
2021,8,August,Tangail,Dhaka,370.22,3707.07,0.099867,183.2,Monsoon (Jun-Sep)
2021,8,August,Thakurgaon,Rangpur,1305.35,2008.93,0.649774,646.1,Monsoon (Jun-Sep)
2021,9,September,Bagerhat,Khulna,1436.19,3965.62,0.36216,710.8,Monsoon (Jun-Sep)
2021,9,September,Bandarban,Chittagong,3013.49,5000.66,0.60262,1491.5,Monsoon (Jun-Sep)
2021,9,September,Barguna,Barisal,288.34,1547.28,0.186351,142.7,Monsoon (Jun-Sep)
2021,9,September,Barisal,Barisal,624.29,2767.25,0.2256,309.0,Monsoon (Jun-Sep)
2021,9,September,Bhola,Barisal,717.71,2471.69,0.29037,355.2,Monsoon (Jun-Sep)
2021,9,September,Bogra,Rajshahi,382.63,3233.63,0.118329,189.4,Monsoon (Jun-Sep)
2021,9,September,Brahamanbaria,Chittagong,446.14,2104.07,0.212035,220.8,Monsoon (Jun-Sep)
2021,9,September,Chandpur,Chittagong,335.63,1864.17,0.180045,166.1,Monsoon (Jun-Sep)
2021,9,September,Chittagong,Chittagong,1493.6,4736.75,0.315323,739.2,Monsoon (Jun-Sep)
2021,9,September,Chuadanga,Khulna,532.63,1233.0,0.431977,263.6,Monsoon (Jun-Sep)
2021,9,September,Comilla,Chittagong,1053.35,3351.85,0.31426,521.3,Monsoon (Jun-Sep)
2021,9,September,Cox's Bazar,Chittagong,185.32,2206.6,0.083985,91.7,Monsoon (Jun-Sep)
2021,9,September,Dhaka,Dhaka,140.35,1611.18,0.087112,69.5,Monsoon (Jun-Sep)
2021,9,September,Dinajpur,Rangpur,2790.05,3829.09,0.728647,1380.9,Monsoon (Jun-Sep)
2021,9,September,Faridpur,Dhaka,306.18,2227.54,0.137454,151.5,Monsoon (Jun-Sep)
2021,9,September,Feni,Chittagong,442.53,960.78,0.460595,219.0,Monsoon (Jun-Sep)
2021,9,September,Gaibandha,Rangpur,335.91,2410.25,0.139365,166.3,Monsoon (Jun-Sep)
2021,9,September,Gazipur,Dhaka,159.82,1940.74,0.08235,79.1,Monsoon (Jun-Sep)
2021,9,September,Gopalganj,Dhaka,572.35,1602.77,0.357099,283.3,Monsoon (Jun-Sep)
2021,9,September,Habiganj,Sylhet,332.2,2857.81,0.116242,164.4,Monsoon (Jun-Sep)
2021,9,September,Jamalpur,Dhaka,199.49,2272.36,0.087788,98.7,Monsoon (Jun-Sep)
2021,9,September,Jessore,Khulna,263.22,2784.67,0.094526,130.3,Monsoon (Jun-Sep)
2021,9,September,Jhalokati,Barisal,125.41,807.93,0.155226,62.1,Monsoon (Jun-Sep)
2021,9,September,Jhenaidah,Khulna,943.16,2143.59,0.439991,466.8,Monsoon (Jun-Sep)
2021,9,September,Joypurhat,Rajshahi,797.88,1081.54,0.737723,394.9,Monsoon (Jun-Sep)
2021,9,September,Khagrachhari,Chittagong,658.47,3108.48,0.211832,325.9,Monsoon (Jun-Sep)
2021,9,September,Khulna,Khulna,1612.78,3868.06,0.416948,798.2,Monsoon (Jun-Sep)
2021,9,September,Kishoreganj,Dhaka,1164.44,2821.62,0.412685,576.3,Monsoon (Jun-Sep)
2021,9,September,Kurigram,Rangpur,510.51,2481.86,0.205696,252.7,Monsoon (Jun-Sep)
2021,9,September,Kushtia,Khulna,186.76,1830.28,0.10204,92.4,Monsoon (Jun-Sep)
2021,9,September,Lakshmipur,Chittagong,317.21,1573.07,0.20165,157.0,Monsoon (Jun-Sep)
2021,9,September,Lalmonirhat,Rangpur,373.16,1381.75,0.270066,184.7,Monsoon (Jun-Sep)
2021,9,September,Madaripur,Dhaka,148.34,1257.23,0.117986,73.4,Monsoon (Jun-Sep)
2021,9,September,Magura,Khulna,68.24,1143.98,0.059649,33.8,Monsoon (Jun-Sep)
2021,9,September,Manikganj,Dhaka,334.02,1531.92,0.218041,165.3,Monsoon (Jun-Sep)
2021,9,September,Maulvibazar,Sylhet,261.77,2819.05,0.092858,129.6,Monsoon (Jun-Sep)
2021,9,September,Meherpur,Khulna,404.97,732.79,0.552641,200.4,Monsoon (Jun-Sep)
2021,9,September,Munshiganj,Dhaka,142.68,1036.66,0.137631,70.6,Monsoon (Jun-Sep)
2021,9,September,Mymensingh,Dhaka,2486.55,4784.19,0.519744,1230.7,Monsoon (Jun-Sep)
2021,9,September,Naogaon,Rajshahi,1223.58,3824.58,0.319925,605.6,Monsoon (Jun-Sep)
2021,9,September,Narail,Khulna,176.99,1072.86,0.164969,87.6,Monsoon (Jun-Sep)
2021,9,September,Narayanganj,Dhaka,73.0,832.16,0.087723,36.1,Monsoon (Jun-Sep)
2021,9,September,Narsingdi,Dhaka,131.52,1281.34,0.102643,65.1,Monsoon (Jun-Sep)
2021,9,September,Natore,Rajshahi,208.64,2101.7,0.099272,103.3,Monsoon (Jun-Sep)
2021,9,September,Nawabganj,Rajshahi,214.27,1804.38,0.118748,106.1,Monsoon (Jun-Sep)
2021,9,September,Netrakona,Dhaka,708.84,3089.39,0.229443,350.8,Monsoon (Jun-Sep)
2021,9,September,Nilphamari,Rangpur,1061.85,1836.84,0.578088,525.6,Monsoon (Jun-Sep)
2021,9,September,Noakhali,Chittagong,196.85,2642.03,0.074506,97.4,Monsoon (Jun-Sep)
2021,9,September,Pabna,Rajshahi,453.84,2634.14,0.172292,224.6,Monsoon (Jun-Sep)
2021,9,September,Panchagarh,Rangpur,901.7,1548.93,0.582141,446.3,Monsoon (Jun-Sep)
2021,9,September,Patuakhali,Barisal,319.66,2730.09,0.11709,158.2,Monsoon (Jun-Sep)
2021,9,September,Pirojpur,Barisal,334.15,1365.69,0.244674,165.4,Monsoon (Jun-Sep)
2021,9,September,Rajbari,Dhaka,201.96,1249.73,0.161606,100.0,Monsoon (Jun-Sep)
2021,9,September,Rajshahi,Rajshahi,285.99,2664.72,0.107325,141.5,Monsoon (Jun-Sep)
2021,9,September,Rangamati,Chittagong,474.65,6226.79,0.076227,234.9,Monsoon (Jun-Sep)
2021,9,September,Rangpur,Rangpur,1798.29,2572.65,0.699003,890.1,Monsoon (Jun-Sep)
2021,9,September,Satkhira,Khulna,1498.94,3543.74,0.422981,741.9,Monsoon (Jun-Sep)
2021,9,September,Shariatpur,Dhaka,233.07,1362.06,0.171115,115.4,Monsoon (Jun-Sep)
2021,9,September,Sherpur,Dhaka,537.3,1455.19,0.369226,265.9,Monsoon (Jun-Sep)
2021,9,September,Sirajganj,Rajshahi,627.81,2755.65,0.227827,310.7,Monsoon (Jun-Sep)
2021,9,September,Sunamganj,Sylhet,1857.86,4043.04,0.459521,919.5,Monsoon (Jun-Sep)
2021,9,September,Sylhet,Sylhet,483.56,3847.75,0.125674,239.3,Monsoon (Jun-Sep)
2021,9,September,Tangail,Dhaka,357.59,3707.07,0.09646,177.0,Monsoon (Jun-Sep)
2021,9,September,Thakurgaon,Rangpur,1518.87,2008.93,0.756059,751.8,Monsoon (Jun-Sep)
2021,10,October,Bagerhat,Khulna,1184.42,3965.62,0.298672,586.2,Post-Monsoon (Oct-Nov)
2021,10,October,Bandarban,Chittagong,2971.81,5000.66,0.594285,1470.9,Post-Monsoon (Oct-Nov)
2021,10,October,Barguna,Barisal,161.32,1547.28,0.104263,79.8,Post-Monsoon (Oct-Nov)
2021,10,October,Barisal,Barisal,504.37,2767.25,0.182264,249.6,Post-Monsoon (Oct-Nov)
2021,10,October,Bhola,Barisal,737.33,2471.69,0.29831,364.9,Post-Monsoon (Oct-Nov)
2021,10,October,Bogra,Rajshahi,318.07,3233.63,0.098364,157.4,Post-Monsoon (Oct-Nov)
2021,10,October,Brahamanbaria,Chittagong,329.52,2104.07,0.15661,163.1,Post-Monsoon (Oct-Nov)
2021,10,October,Chandpur,Chittagong,313.38,1864.17,0.168107,155.1,Post-Monsoon (Oct-Nov)
2021,10,October,Chittagong,Chittagong,1726.45,4736.75,0.364481,854.5,Post-Monsoon (Oct-Nov)
2021,10,October,Chuadanga,Khulna,594.14,1233.0,0.481863,294.1,Post-Monsoon (Oct-Nov)
2021,10,October,Comilla,Chittagong,1235.92,3351.85,0.368727,611.7,Post-Monsoon (Oct-Nov)
2021,10,October,Cox's Bazar,Chittagong,278.56,2206.6,0.126239,137.9,Post-Monsoon (Oct-Nov)
2021,10,October,Dhaka,Dhaka,117.33,1611.18,0.07282,58.1,Post-Monsoon (Oct-Nov)
2021,10,October,Dinajpur,Rangpur,2835.39,3829.09,0.740486,1403.4,Post-Monsoon (Oct-Nov)
2021,10,October,Faridpur,Dhaka,196.43,2227.54,0.088183,97.2,Post-Monsoon (Oct-Nov)
2021,10,October,Feni,Chittagong,434.47,960.78,0.452212,215.0,Post-Monsoon (Oct-Nov)
2021,10,October,Gaibandha,Rangpur,283.35,2410.25,0.117562,140.2,Post-Monsoon (Oct-Nov)
2021,10,October,Gazipur,Dhaka,168.38,1940.74,0.08676,83.3,Post-Monsoon (Oct-Nov)
2021,10,October,Gopalganj,Dhaka,285.24,1602.77,0.177968,141.2,Post-Monsoon (Oct-Nov)
2021,10,October,Habiganj,Sylhet,261.47,2857.81,0.091493,129.4,Post-Monsoon (Oct-Nov)
2021,10,October,Jamalpur,Dhaka,184.35,2272.36,0.081127,91.2,Post-Monsoon (Oct-Nov)
2021,10,October,Jessore,Khulna,495.94,2784.67,0.178095,245.5,Post-Monsoon (Oct-Nov)
2021,10,October,Jhalokati,Barisal,37.96,807.93,0.04699,18.8,Post-Monsoon (Oct-Nov)
2021,10,October,Jhenaidah,Khulna,992.53,2143.59,0.463023,491.2,Post-Monsoon (Oct-Nov)
2021,10,October,Joypurhat,Rajshahi,854.16,1081.54,0.789762,422.8,Post-Monsoon (Oct-Nov)
2021,10,October,Khagrachhari,Chittagong,1570.79,3108.48,0.505324,777.5,Post-Monsoon (Oct-Nov)
2021,10,October,Khulna,Khulna,988.87,3868.06,0.255649,489.4,Post-Monsoon (Oct-Nov)
2021,10,October,Kishoreganj,Dhaka,874.34,2821.62,0.309873,432.7,Post-Monsoon (Oct-Nov)
2021,10,October,Kurigram,Rangpur,427.46,2481.86,0.172233,211.6,Post-Monsoon (Oct-Nov)
2021,10,October,Kushtia,Khulna,157.26,1830.28,0.085921,77.8,Post-Monsoon (Oct-Nov)
2021,10,October,Lakshmipur,Chittagong,316.98,1573.07,0.201501,156.9,Post-Monsoon (Oct-Nov)
2021,10,October,Lalmonirhat,Rangpur,644.21,1381.75,0.466226,318.8,Post-Monsoon (Oct-Nov)
2021,10,October,Madaripur,Dhaka,121.59,1257.23,0.096715,60.2,Post-Monsoon (Oct-Nov)
2021,10,October,Magura,Khulna,85.36,1143.98,0.074616,42.2,Post-Monsoon (Oct-Nov)
2021,10,October,Manikganj,Dhaka,235.87,1531.92,0.153969,116.7,Post-Monsoon (Oct-Nov)
2021,10,October,Maulvibazar,Sylhet,195.22,2819.05,0.06925,96.6,Post-Monsoon (Oct-Nov)
2021,10,October,Meherpur,Khulna,379.02,732.79,0.517238,187.6,Post-Monsoon (Oct-Nov)
2021,10,October,Munshiganj,Dhaka,132.81,1036.66,0.128114,65.7,Post-Monsoon (Oct-Nov)
2021,10,October,Mymensingh,Dhaka,2737.71,4784.19,0.572242,1355.0,Post-Monsoon (Oct-Nov)
2021,10,October,Naogaon,Rajshahi,1391.39,3824.58,0.363803,688.7,Post-Monsoon (Oct-Nov)
2021,10,October,Narail,Khulna,160.94,1072.86,0.15001,79.7,Post-Monsoon (Oct-Nov)
2021,10,October,Narayanganj,Dhaka,63.82,832.16,0.076697,31.6,Post-Monsoon (Oct-Nov)
2021,10,October,Narsingdi,Dhaka,95.37,1281.34,0.074429,47.2,Post-Monsoon (Oct-Nov)
2021,10,October,Natore,Rajshahi,171.57,2101.7,0.081635,84.9,Post-Monsoon (Oct-Nov)
2021,10,October,Nawabganj,Rajshahi,191.3,1804.38,0.10602,94.7,Post-Monsoon (Oct-Nov)
2021,10,October,Netrakona,Dhaka,534.95,3089.39,0.173158,264.8,Post-Monsoon (Oct-Nov)
2021,10,October,Nilphamari,Rangpur,977.99,1836.84,0.532431,484.1,Post-Monsoon (Oct-Nov)
2021,10,October,Noakhali,Chittagong,178.63,2642.03,0.067612,88.4,Post-Monsoon (Oct-Nov)
2021,10,October,Pabna,Rajshahi,306.01,2634.14,0.116172,151.5,Post-Monsoon (Oct-Nov)
2021,10,October,Panchagarh,Rangpur,952.11,1548.93,0.614685,471.2,Post-Monsoon (Oct-Nov)
2021,10,October,Patuakhali,Barisal,235.63,2730.09,0.08631,116.6,Post-Monsoon (Oct-Nov)
2021,10,October,Pirojpur,Barisal,98.74,1365.69,0.072299,48.9,Post-Monsoon (Oct-Nov)
2021,10,October,Rajbari,Dhaka,158.47,1249.73,0.126805,78.4,Post-Monsoon (Oct-Nov)
2021,10,October,Rajshahi,Rajshahi,354.07,2664.72,0.132873,175.2,Post-Monsoon (Oct-Nov)
2021,10,October,Rangamati,Chittagong,491.72,6226.79,0.078969,243.4,Post-Monsoon (Oct-Nov)
2021,10,October,Rangpur,Rangpur,1833.15,2572.65,0.712555,907.3,Post-Monsoon (Oct-Nov)
2021,10,October,Satkhira,Khulna,1398.26,3543.74,0.394572,692.1,Post-Monsoon (Oct-Nov)
2021,10,October,Shariatpur,Dhaka,195.65,1362.06,0.143639,96.8,Post-Monsoon (Oct-Nov)
2021,10,October,Sherpur,Dhaka,892.31,1455.19,0.613187,441.6,Post-Monsoon (Oct-Nov)
2021,10,October,Sirajganj,Rajshahi,472.26,2755.65,0.171378,233.7,Post-Monsoon (Oct-Nov)
2021,10,October,Sunamganj,Sylhet,1557.37,4043.04,0.385197,770.8,Post-Monsoon (Oct-Nov)
2021,10,October,Sylhet,Sylhet,363.76,3847.75,0.094537,180.0,Post-Monsoon (Oct-Nov)
2021,10,October,Tangail,Dhaka,188.11,3707.07,0.050743,93.1,Post-Monsoon (Oct-Nov)
2021,10,October,Thakurgaon,Rangpur,1407.7,2008.93,0.70072,696.7,Post-Monsoon (Oct-Nov)
2021,11,November,Bagerhat,Khulna,1087.6,3965.62,0.274256,538.3,Post-Monsoon (Oct-Nov)
2021,11,November,Bandarban,Chittagong,2905.83,5000.66,0.58109,1438.2,Post-Monsoon (Oct-Nov)
2021,11,November,Barguna,Barisal,160.67,1547.28,0.103839,79.5,Post-Monsoon (Oct-Nov)
2021,11,November,Barisal,Barisal,518.68,2767.25,0.187434,256.7,Post-Monsoon (Oct-Nov)
2021,11,November,Bhola,Barisal,694.34,2471.69,0.280918,343.7,Post-Monsoon (Oct-Nov)
2021,11,November,Bogra,Rajshahi,310.76,3233.63,0.096102,153.8,Post-Monsoon (Oct-Nov)
2021,11,November,Brahamanbaria,Chittagong,180.46,2104.07,0.085768,89.3,Post-Monsoon (Oct-Nov)
2021,11,November,Chandpur,Chittagong,300.3,1864.17,0.161089,148.6,Post-Monsoon (Oct-Nov)
2021,11,November,Chittagong,Chittagong,1477.48,4736.75,0.311918,731.3,Post-Monsoon (Oct-Nov)
2021,11,November,Chuadanga,Khulna,533.02,1233.0,0.432294,263.8,Post-Monsoon (Oct-Nov)
2021,11,November,Comilla,Chittagong,1348.59,3351.85,0.402343,667.5,Post-Monsoon (Oct-Nov)
2021,11,November,Cox's Bazar,Chittagong,292.86,2206.6,0.132721,144.9,Post-Monsoon (Oct-Nov)
2021,11,November,Dhaka,Dhaka,149.12,1611.18,0.092551,73.8,Post-Monsoon (Oct-Nov)
2021,11,November,Dinajpur,Rangpur,2658.26,3829.09,0.694229,1315.7,Post-Monsoon (Oct-Nov)
2021,11,November,Faridpur,Dhaka,131.33,2227.54,0.058958,65.0,Post-Monsoon (Oct-Nov)
2021,11,November,Feni,Chittagong,473.63,960.78,0.492967,234.4,Post-Monsoon (Oct-Nov)
2021,11,November,Gaibandha,Rangpur,247.24,2410.25,0.102579,122.4,Post-Monsoon (Oct-Nov)
2021,11,November,Gazipur,Dhaka,788.03,1940.74,0.406047,390.0,Post-Monsoon (Oct-Nov)
2021,11,November,Gopalganj,Dhaka,258.16,1602.77,0.161073,127.8,Post-Monsoon (Oct-Nov)
2021,11,November,Habiganj,Sylhet,424.59,2857.81,0.14857,210.1,Post-Monsoon (Oct-Nov)
2021,11,November,Jamalpur,Dhaka,254.16,2272.36,0.11185,125.8,Post-Monsoon (Oct-Nov)
2021,11,November,Jessore,Khulna,242.27,2784.67,0.087001,119.9,Post-Monsoon (Oct-Nov)
2021,11,November,Jhalokati,Barisal,41.45,807.93,0.051308,20.5,Post-Monsoon (Oct-Nov)
2021,11,November,Jhenaidah,Khulna,957.92,2143.59,0.446876,474.1,Post-Monsoon (Oct-Nov)
2021,11,November,Joypurhat,Rajshahi,807.23,1081.54,0.746371,399.5,Post-Monsoon (Oct-Nov)
2021,11,November,Khagrachhari,Chittagong,1711.45,3108.48,0.550573,847.1,Post-Monsoon (Oct-Nov)
2021,11,November,Khulna,Khulna,1203.35,3868.06,0.3111,595.6,Post-Monsoon (Oct-Nov)
2021,11,November,Kishoreganj,Dhaka,344.05,2821.62,0.121935,170.3,Post-Monsoon (Oct-Nov)
2021,11,November,Kurigram,Rangpur,371.47,2481.86,0.149676,183.9,Post-Monsoon (Oct-Nov)
2021,11,November,Kushtia,Khulna,139.77,1830.28,0.076365,69.2,Post-Monsoon (Oct-Nov)
2021,11,November,Lakshmipur,Chittagong,305.34,1573.07,0.194103,151.1,Post-Monsoon (Oct-Nov)
2021,11,November,Lalmonirhat,Rangpur,581.07,1381.75,0.420534,287.6,Post-Monsoon (Oct-Nov)
2021,11,November,Madaripur,Dhaka,119.21,1257.23,0.094818,59.0,Post-Monsoon (Oct-Nov)
2021,11,November,Magura,Khulna,35.22,1143.98,0.030791,17.4,Post-Monsoon (Oct-Nov)
2021,11,November,Manikganj,Dhaka,199.3,1531.92,0.130101,98.6,Post-Monsoon (Oct-Nov)
2021,11,November,Maulvibazar,Sylhet,150.88,2819.05,0.053523,74.7,Post-Monsoon (Oct-Nov)
2021,11,November,Meherpur,Khulna,378.13,732.79,0.516022,187.2,Post-Monsoon (Oct-Nov)
2021,11,November,Munshiganj,Dhaka,120.89,1036.66,0.116616,59.8,Post-Monsoon (Oct-Nov)
2021,11,November,Mymensingh,Dhaka,2603.12,4784.19,0.544108,1288.4,Post-Monsoon (Oct-Nov)
2021,11,November,Naogaon,Rajshahi,1468.23,3824.58,0.383894,726.7,Post-Monsoon (Oct-Nov)
2021,11,November,Narail,Khulna,143.67,1072.86,0.133911,71.1,Post-Monsoon (Oct-Nov)
2021,11,November,Narayanganj,Dhaka,53.17,832.16,0.063897,26.3,Post-Monsoon (Oct-Nov)
2021,11,November,Narsingdi,Dhaka,69.01,1281.34,0.053855,34.2,Post-Monsoon (Oct-Nov)
2021,11,November,Natore,Rajshahi,109.94,2101.7,0.052311,54.4,Post-Monsoon (Oct-Nov)
2021,11,November,Nawabganj,Rajshahi,163.3,1804.38,0.090505,80.8,Post-Monsoon (Oct-Nov)
2021,11,November,Netrakona,Dhaka,324.2,3089.39,0.104941,160.5,Post-Monsoon (Oct-Nov)
2021,11,November,Nilphamari,Rangpur,895.56,1836.84,0.487557,443.3,Post-Monsoon (Oct-Nov)
2021,11,November,Noakhali,Chittagong,168.53,2642.03,0.063788,83.4,Post-Monsoon (Oct-Nov)
2021,11,November,Pabna,Rajshahi,156.08,2634.14,0.059252,77.3,Post-Monsoon (Oct-Nov)
2021,11,November,Panchagarh,Rangpur,756.28,1548.93,0.488256,374.3,Post-Monsoon (Oct-Nov)
2021,11,November,Patuakhali,Barisal,229.32,2730.09,0.083997,113.5,Post-Monsoon (Oct-Nov)
2021,11,November,Pirojpur,Barisal,115.0,1365.69,0.084206,56.9,Post-Monsoon (Oct-Nov)
2021,11,November,Rajbari,Dhaka,129.33,1249.73,0.103487,64.0,Post-Monsoon (Oct-Nov)
2021,11,November,Rajshahi,Rajshahi,209.98,2664.72,0.078799,103.9,Post-Monsoon (Oct-Nov)
2021,11,November,Rangamati,Chittagong,482.12,6226.79,0.077427,238.6,Post-Monsoon (Oct-Nov)
2021,11,November,Rangpur,Rangpur,1723.73,2572.65,0.670022,853.2,Post-Monsoon (Oct-Nov)
2021,11,November,Satkhira,Khulna,1410.16,3543.74,0.39793,698.0,Post-Monsoon (Oct-Nov)
2021,11,November,Shariatpur,Dhaka,182.17,1362.06,0.133746,90.2,Post-Monsoon (Oct-Nov)
2021,11,November,Sherpur,Dhaka,926.53,1455.19,0.636705,458.6,Post-Monsoon (Oct-Nov)
2021,11,November,Sirajganj,Rajshahi,342.6,2755.65,0.124325,169.6,Post-Monsoon (Oct-Nov)
2021,11,November,Sunamganj,Sylhet,1062.64,4043.04,0.262832,525.9,Post-Monsoon (Oct-Nov)
2021,11,November,Sylhet,Sylhet,393.46,3847.75,0.102258,194.7,Post-Monsoon (Oct-Nov)
2021,11,November,Tangail,Dhaka,667.81,3707.07,0.180145,330.5,Post-Monsoon (Oct-Nov)
2021,11,November,Thakurgaon,Rangpur,1492.92,2008.93,0.74314,738.9,Post-Monsoon (Oct-Nov)
2021,12,December,Bagerhat,Khulna,952.33,3965.62,0.240145,471.4,Dry Winter (Dec-Feb)
2021,12,December,Bandarban,Chittagong,2379.67,5000.66,0.475872,1177.8,Dry Winter (Dec-Feb)
2021,12,December,Barguna,Barisal,160.7,1547.28,0.103861,79.5,Dry Winter (Dec-Feb)
2021,12,December,Barisal,Barisal,481.18,2767.25,0.173882,238.2,Dry Winter (Dec-Feb)
2021,12,December,Bhola,Barisal,694.79,2471.69,0.281098,343.9,Dry Winter (Dec-Feb)
2021,12,December,Bogra,Rajshahi,462.64,3233.63,0.143071,229.0,Dry Winter (Dec-Feb)
2021,12,December,Brahamanbaria,Chittagong,326.6,2104.07,0.155223,161.6,Dry Winter (Dec-Feb)
2021,12,December,Chandpur,Chittagong,281.34,1864.17,0.150918,139.2,Dry Winter (Dec-Feb)
2021,12,December,Chittagong,Chittagong,1001.83,4736.75,0.211501,495.9,Dry Winter (Dec-Feb)
2021,12,December,Chuadanga,Khulna,650.35,1233.0,0.527454,321.9,Dry Winter (Dec-Feb)
2021,12,December,Comilla,Chittagong,823.6,3351.85,0.245714,407.6,Dry Winter (Dec-Feb)
2021,12,December,Cox's Bazar,Chittagong,710.96,2206.6,0.322195,351.9,Dry Winter (Dec-Feb)
2021,12,December,Dhaka,Dhaka,723.82,1611.18,0.449248,358.3,Dry Winter (Dec-Feb)
2021,12,December,Dinajpur,Rangpur,2591.63,3829.09,0.676826,1282.7,Dry Winter (Dec-Feb)
2021,12,December,Faridpur,Dhaka,117.47,2227.54,0.052736,58.1,Dry Winter (Dec-Feb)
2021,12,December,Feni,Chittagong,220.92,960.78,0.229942,109.3,Dry Winter (Dec-Feb)
2021,12,December,Gaibandha,Rangpur,296.81,2410.25,0.123146,146.9,Dry Winter (Dec-Feb)
2021,12,December,Gazipur,Dhaka,783.06,1940.74,0.403484,387.6,Dry Winter (Dec-Feb)
2021,12,December,Gopalganj,Dhaka,316.29,1602.77,0.19734,156.5,Dry Winter (Dec-Feb)
2021,12,December,Habiganj,Sylhet,581.03,2857.81,0.203312,287.6,Dry Winter (Dec-Feb)
2021,12,December,Jamalpur,Dhaka,449.74,2272.36,0.197918,222.6,Dry Winter (Dec-Feb)
2021,12,December,Jessore,Khulna,264.03,2784.67,0.094815,130.7,Dry Winter (Dec-Feb)
2021,12,December,Jhalokati,Barisal,36.79,807.93,0.04553,18.2,Dry Winter (Dec-Feb)
2021,12,December,Jhenaidah,Khulna,721.28,2143.59,0.336483,357.0,Dry Winter (Dec-Feb)
2021,12,December,Joypurhat,Rajshahi,605.24,1081.54,0.559606,299.6,Dry Winter (Dec-Feb)
2021,12,December,Khagrachhari,Chittagong,1239.0,3108.48,0.398587,613.2,Dry Winter (Dec-Feb)
2021,12,December,Khulna,Khulna,959.23,3868.06,0.247987,474.8,Dry Winter (Dec-Feb)
2021,12,December,Kishoreganj,Dhaka,179.47,2821.62,0.063605,88.8,Dry Winter (Dec-Feb)
2021,12,December,Kurigram,Rangpur,416.41,2481.86,0.16778,206.1,Dry Winter (Dec-Feb)
2021,12,December,Kushtia,Khulna,143.9,1830.28,0.078621,71.2,Dry Winter (Dec-Feb)
2021,12,December,Lakshmipur,Chittagong,304.3,1573.07,0.193445,150.6,Dry Winter (Dec-Feb)
2021,12,December,Lalmonirhat,Rangpur,671.96,1381.75,0.486312,332.6,Dry Winter (Dec-Feb)
2021,12,December,Madaripur,Dhaka,121.58,1257.23,0.096705,60.2,Dry Winter (Dec-Feb)
2021,12,December,Magura,Khulna,192.21,1143.98,0.168015,95.1,Dry Winter (Dec-Feb)
2021,12,December,Manikganj,Dhaka,189.03,1531.92,0.123392,93.6,Dry Winter (Dec-Feb)
2021,12,December,Maulvibazar,Sylhet,205.88,2819.05,0.073033,101.9,Dry Winter (Dec-Feb)
2021,12,December,Meherpur,Khulna,406.12,732.79,0.554215,201.0,Dry Winter (Dec-Feb)
2021,12,December,Munshiganj,Dhaka,106.21,1036.66,0.102456,52.6,Dry Winter (Dec-Feb)
2021,12,December,Mymensingh,Dhaka,2459.66,4784.19,0.514123,1217.4,Dry Winter (Dec-Feb)
2021,12,December,Naogaon,Rajshahi,2185.04,3824.58,0.571314,1081.5,Dry Winter (Dec-Feb)
2021,12,December,Narail,Khulna,185.45,1072.86,0.172853,91.8,Dry Winter (Dec-Feb)
2021,12,December,Narayanganj,Dhaka,241.88,832.16,0.29067,119.7,Dry Winter (Dec-Feb)
2021,12,December,Narsingdi,Dhaka,60.86,1281.34,0.047496,30.1,Dry Winter (Dec-Feb)
2021,12,December,Natore,Rajshahi,591.12,2101.7,0.281258,292.6,Dry Winter (Dec-Feb)
2021,12,December,Nawabganj,Rajshahi,237.41,1804.38,0.131572,117.5,Dry Winter (Dec-Feb)
2021,12,December,Netrakona,Dhaka,415.52,3089.39,0.1345,205.7,Dry Winter (Dec-Feb)
2021,12,December,Nilphamari,Rangpur,980.6,1836.84,0.533852,485.3,Dry Winter (Dec-Feb)
2021,12,December,Noakhali,Chittagong,190.73,2642.03,0.072189,94.4,Dry Winter (Dec-Feb)
2021,12,December,Pabna,Rajshahi,184.14,2634.14,0.069906,91.1,Dry Winter (Dec-Feb)
2021,12,December,Panchagarh,Rangpur,800.48,1548.93,0.516792,396.2,Dry Winter (Dec-Feb)
2021,12,December,Patuakhali,Barisal,227.41,2730.09,0.083299,112.6,Dry Winter (Dec-Feb)
2021,12,December,Pirojpur,Barisal,112.73,1365.69,0.082548,55.8,Dry Winter (Dec-Feb)
2021,12,December,Rajbari,Dhaka,123.54,1249.73,0.098856,61.1,Dry Winter (Dec-Feb)
2021,12,December,Rajshahi,Rajshahi,367.52,2664.72,0.137922,181.9,Dry Winter (Dec-Feb)
2021,12,December,Rangamati,Chittagong,463.26,6226.79,0.074399,229.3,Dry Winter (Dec-Feb)
2021,12,December,Rangpur,Rangpur,1753.46,2572.65,0.681576,867.9,Dry Winter (Dec-Feb)
2021,12,December,Satkhira,Khulna,1256.89,3543.74,0.354678,622.1,Dry Winter (Dec-Feb)
2021,12,December,Shariatpur,Dhaka,158.95,1362.06,0.116696,78.7,Dry Winter (Dec-Feb)
2021,12,December,Sherpur,Dhaka,1057.27,1455.19,0.726549,523.3,Dry Winter (Dec-Feb)
2021,12,December,Sirajganj,Rajshahi,334.89,2755.65,0.121527,165.8,Dry Winter (Dec-Feb)
2021,12,December,Sunamganj,Sylhet,630.69,4043.04,0.155995,312.2,Dry Winter (Dec-Feb)
2021,12,December,Sylhet,Sylhet,577.8,3847.75,0.150165,286.0,Dry Winter (Dec-Feb)
2021,12,December,Tangail,Dhaka,1614.55,3707.07,0.435533,799.1,Dry Winter (Dec-Feb)
2021,12,December,Thakurgaon,Rangpur,1168.75,2008.93,0.581776,578.5,Dry Winter (Dec-Feb)
2022,1,January,Bagerhat,Khulna,764.49,3965.62,0.192779,378.4,Dry Winter (Dec-Feb)
2022,1,January,Bandarban,Chittagong,2440.93,5000.66,0.488121,1208.1,Dry Winter (Dec-Feb)
2022,1,January,Barguna,Barisal,155.9,1547.28,0.100756,77.2,Dry Winter (Dec-Feb)
2022,1,January,Barisal,Barisal,441.93,2767.25,0.159701,218.7,Dry Winter (Dec-Feb)
2022,1,January,Bhola,Barisal,676.47,2471.69,0.273686,334.8,Dry Winter (Dec-Feb)
2022,1,January,Bogra,Rajshahi,198.51,3233.63,0.06139,98.3,Dry Winter (Dec-Feb)
2022,1,January,Brahamanbaria,Chittagong,939.51,2104.07,0.446519,465.0,Dry Winter (Dec-Feb)
2022,1,January,Chandpur,Chittagong,266.95,1864.17,0.143203,132.1,Dry Winter (Dec-Feb)
2022,1,January,Chittagong,Chittagong,1909.3,4736.75,0.403083,945.0,Dry Winter (Dec-Feb)
2022,1,January,Chuadanga,Khulna,701.87,1233.0,0.569235,347.4,Dry Winter (Dec-Feb)
2022,1,January,Comilla,Chittagong,1398.48,3351.85,0.417227,692.2,Dry Winter (Dec-Feb)
2022,1,January,Cox's Bazar,Chittagong,849.04,2206.6,0.384775,420.2,Dry Winter (Dec-Feb)
2022,1,January,Dhaka,Dhaka,758.58,1611.18,0.470822,375.5,Dry Winter (Dec-Feb)
2022,1,January,Dinajpur,Rangpur,1076.3,3829.09,0.281085,532.7,Dry Winter (Dec-Feb)
2022,1,January,Faridpur,Dhaka,487.46,2227.54,0.218834,241.3,Dry Winter (Dec-Feb)
2022,1,January,Feni,Chittagong,405.19,960.78,0.421733,200.5,Dry Winter (Dec-Feb)
2022,1,January,Gaibandha,Rangpur,172.33,2410.25,0.0715,85.3,Dry Winter (Dec-Feb)
2022,1,January,Gazipur,Dhaka,870.94,1940.74,0.448768,431.1,Dry Winter (Dec-Feb)
2022,1,January,Gopalganj,Dhaka,614.69,1602.77,0.383518,304.2,Dry Winter (Dec-Feb)
2022,1,January,Habiganj,Sylhet,1551.49,2857.81,0.542894,767.9,Dry Winter (Dec-Feb)
2022,1,January,Jamalpur,Dhaka,203.59,2272.36,0.089593,100.8,Dry Winter (Dec-Feb)
2022,1,January,Jessore,Khulna,576.23,2784.67,0.206928,285.2,Dry Winter (Dec-Feb)
2022,1,January,Jhalokati,Barisal,35.47,807.93,0.043908,17.6,Dry Winter (Dec-Feb)
2022,1,January,Jhenaidah,Khulna,754.69,2143.59,0.352068,373.5,Dry Winter (Dec-Feb)
2022,1,January,Joypurhat,Rajshahi,364.93,1081.54,0.337416,180.6,Dry Winter (Dec-Feb)
2022,1,January,Khagrachhari,Chittagong,1390.8,3108.48,0.44742,688.4,Dry Winter (Dec-Feb)
2022,1,January,Khulna,Khulna,925.1,3868.06,0.239165,457.9,Dry Winter (Dec-Feb)
2022,1,January,Kishoreganj,Dhaka,1256.9,2821.62,0.445455,622.1,Dry Winter (Dec-Feb)
2022,1,January,Kurigram,Rangpur,459.51,2481.86,0.185146,227.4,Dry Winter (Dec-Feb)
2022,1,January,Kushtia,Khulna,131.23,1830.28,0.071698,65.0,Dry Winter (Dec-Feb)
2022,1,January,Lakshmipur,Chittagong,298.5,1573.07,0.189755,147.7,Dry Winter (Dec-Feb)
2022,1,January,Lalmonirhat,Rangpur,80.53,1381.75,0.058279,39.9,Dry Winter (Dec-Feb)
2022,1,January,Madaripur,Dhaka,109.6,1257.23,0.087175,54.2,Dry Winter (Dec-Feb)
2022,1,January,Magura,Khulna,402.86,1143.98,0.352162,199.4,Dry Winter (Dec-Feb)
2022,1,January,Manikganj,Dhaka,188.08,1531.92,0.122776,93.1,Dry Winter (Dec-Feb)
2022,1,January,Maulvibazar,Sylhet,876.62,2819.05,0.310964,433.9,Dry Winter (Dec-Feb)
2022,1,January,Meherpur,Khulna,416.38,732.79,0.56821,206.1,Dry Winter (Dec-Feb)
2022,1,January,Munshiganj,Dhaka,98.85,1036.66,0.095357,48.9,Dry Winter (Dec-Feb)
2022,1,January,Mymensingh,Dhaka,2664.19,4784.19,0.556874,1318.6,Dry Winter (Dec-Feb)
2022,1,January,Naogaon,Rajshahi,2012.42,3824.58,0.526182,996.0,Dry Winter (Dec-Feb)
2022,1,January,Narail,Khulna,150.73,1072.86,0.140495,74.6,Dry Winter (Dec-Feb)
2022,1,January,Narayanganj,Dhaka,309.72,832.16,0.372185,153.3,Dry Winter (Dec-Feb)
2022,1,January,Narsingdi,Dhaka,58.6,1281.34,0.04573,29.0,Dry Winter (Dec-Feb)
2022,1,January,Natore,Rajshahi,1194.49,2101.7,0.568346,591.2,Dry Winter (Dec-Feb)
2022,1,January,Nawabganj,Rajshahi,658.73,1804.38,0.365072,326.0,Dry Winter (Dec-Feb)
2022,1,January,Netrakona,Dhaka,1659.48,3089.39,0.537155,821.4,Dry Winter (Dec-Feb)
2022,1,January,Nilphamari,Rangpur,67.28,1836.84,0.036626,33.3,Dry Winter (Dec-Feb)
2022,1,January,Noakhali,Chittagong,159.99,2642.03,0.060554,79.2,Dry Winter (Dec-Feb)
2022,1,January,Pabna,Rajshahi,650.99,2634.14,0.247135,322.2,Dry Winter (Dec-Feb)
2022,1,January,Panchagarh,Rangpur,906.39,1548.93,0.585171,448.6,Dry Winter (Dec-Feb)
2022,1,January,Patuakhali,Barisal,214.4,2730.09,0.078532,106.1,Dry Winter (Dec-Feb)
2022,1,January,Pirojpur,Barisal,96.05,1365.69,0.070334,47.5,Dry Winter (Dec-Feb)
2022,1,January,Rajbari,Dhaka,110.75,1249.73,0.088616,54.8,Dry Winter (Dec-Feb)
2022,1,January,Rajshahi,Rajshahi,582.0,2664.72,0.218411,288.1,Dry Winter (Dec-Feb)
2022,1,January,Rangamati,Chittagong,433.75,6226.79,0.069659,214.7,Dry Winter (Dec-Feb)
2022,1,January,Rangpur,Rangpur,190.34,2572.65,0.073985,94.2,Dry Winter (Dec-Feb)
2022,1,January,Satkhira,Khulna,1029.24,3543.74,0.290438,509.4,Dry Winter (Dec-Feb)
2022,1,January,Shariatpur,Dhaka,138.99,1362.06,0.102044,68.8,Dry Winter (Dec-Feb)
2022,1,January,Sherpur,Dhaka,995.73,1455.19,0.684259,492.8,Dry Winter (Dec-Feb)
2022,1,January,Sirajganj,Rajshahi,365.36,2755.65,0.132586,180.8,Dry Winter (Dec-Feb)
2022,1,January,Sunamganj,Sylhet,419.28,4043.04,0.103703,207.5,Dry Winter (Dec-Feb)
2022,1,January,Sylhet,Sylhet,1827.95,3847.75,0.475069,904.7,Dry Winter (Dec-Feb)
2022,1,January,Tangail,Dhaka,1709.76,3707.07,0.461215,846.2,Dry Winter (Dec-Feb)
2022,1,January,Thakurgaon,Rangpur,1106.14,2008.93,0.550612,547.5,Dry Winter (Dec-Feb)
2022,2,February,Bagerhat,Khulna,640.45,3965.62,0.1615,317.0,Dry Winter (Dec-Feb)
2022,2,February,Bandarban,Chittagong,3372.33,5000.66,0.674378,1669.1,Dry Winter (Dec-Feb)
2022,2,February,Barguna,Barisal,156.45,1547.28,0.10111,77.4,Dry Winter (Dec-Feb)
2022,2,February,Barisal,Barisal,417.75,2767.25,0.150962,206.8,Dry Winter (Dec-Feb)
2022,2,February,Bhola,Barisal,680.53,2471.69,0.275331,336.8,Dry Winter (Dec-Feb)
2022,2,February,Bogra,Rajshahi,1414.15,3233.63,0.437324,699.9,Dry Winter (Dec-Feb)
2022,2,February,Brahamanbaria,Chittagong,1196.84,2104.07,0.568821,592.4,Dry Winter (Dec-Feb)
2022,2,February,Chandpur,Chittagong,259.94,1864.17,0.139441,128.7,Dry Winter (Dec-Feb)
2022,2,February,Chittagong,Chittagong,1879.61,4736.75,0.396815,930.3,Dry Winter (Dec-Feb)
2022,2,February,Chuadanga,Khulna,711.42,1233.0,0.576984,352.1,Dry Winter (Dec-Feb)
2022,2,February,Comilla,Chittagong,1705.71,3351.85,0.508887,844.2,Dry Winter (Dec-Feb)
2022,2,February,Cox's Bazar,Chittagong,877.47,2206.6,0.397658,434.3,Dry Winter (Dec-Feb)
2022,2,February,Dhaka,Dhaka,768.88,1611.18,0.477216,380.6,Dry Winter (Dec-Feb)
2022,2,February,Dinajpur,Rangpur,1448.7,3829.09,0.37834,717.0,Dry Winter (Dec-Feb)
2022,2,February,Faridpur,Dhaka,624.84,2227.54,0.280508,309.3,Dry Winter (Dec-Feb)
2022,2,February,Feni,Chittagong,418.74,960.78,0.435834,207.3,Dry Winter (Dec-Feb)
2022,2,February,Gaibandha,Rangpur,342.61,2410.25,0.142145,169.6,Dry Winter (Dec-Feb)
2022,2,February,Gazipur,Dhaka,927.89,1940.74,0.478111,459.3,Dry Winter (Dec-Feb)
2022,2,February,Gopalganj,Dhaka,752.84,1602.77,0.46971,372.6,Dry Winter (Dec-Feb)
2022,2,February,Habiganj,Sylhet,1257.05,2857.81,0.439866,622.2,Dry Winter (Dec-Feb)
2022,2,February,Jamalpur,Dhaka,801.17,2272.36,0.352572,396.5,Dry Winter (Dec-Feb)
2022,2,February,Jessore,Khulna,946.57,2784.67,0.339921,468.5,Dry Winter (Dec-Feb)
2022,2,February,Jhalokati,Barisal,35.17,807.93,0.043534,17.4,Dry Winter (Dec-Feb)
2022,2,February,Jhenaidah,Khulna,1060.41,2143.59,0.49469,524.8,Dry Winter (Dec-Feb)
2022,2,February,Joypurhat,Rajshahi,465.43,1081.54,0.430342,230.4,Dry Winter (Dec-Feb)
2022,2,February,Khagrachhari,Chittagong,1761.54,3108.48,0.566689,871.9,Dry Winter (Dec-Feb)
2022,2,February,Khulna,Khulna,587.26,3868.06,0.151824,290.7,Dry Winter (Dec-Feb)
2022,2,February,Kishoreganj,Dhaka,1630.47,2821.62,0.577848,807.0,Dry Winter (Dec-Feb)
2022,2,February,Kurigram,Rangpur,368.92,2481.86,0.148648,182.6,Dry Winter (Dec-Feb)
2022,2,February,Kushtia,Khulna,200.38,1830.28,0.109478,99.2,Dry Winter (Dec-Feb)
2022,2,February,Lakshmipur,Chittagong,300.07,1573.07,0.190754,148.5,Dry Winter (Dec-Feb)
2022,2,February,Lalmonirhat,Rangpur,458.85,1381.75,0.332082,227.1,Dry Winter (Dec-Feb)
2022,2,February,Madaripur,Dhaka,94.45,1257.23,0.075123,46.7,Dry Winter (Dec-Feb)
2022,2,February,Magura,Khulna,669.22,1143.98,0.584993,331.2,Dry Winter (Dec-Feb)
2022,2,February,Manikganj,Dhaka,171.96,1531.92,0.112252,85.1,Dry Winter (Dec-Feb)
2022,2,February,Maulvibazar,Sylhet,1138.03,2819.05,0.403693,563.3,Dry Winter (Dec-Feb)
2022,2,February,Meherpur,Khulna,369.97,732.79,0.504885,183.1,Dry Winter (Dec-Feb)
2022,2,February,Munshiganj,Dhaka,97.35,1036.66,0.093907,48.2,Dry Winter (Dec-Feb)
2022,2,February,Mymensingh,Dhaka,2659.53,4784.19,0.555901,1316.3,Dry Winter (Dec-Feb)
2022,2,February,Naogaon,Rajshahi,2646.99,3824.58,0.6921,1310.1,Dry Winter (Dec-Feb)
2022,2,February,Narail,Khulna,80.68,1072.86,0.075202,39.9,Dry Winter (Dec-Feb)
2022,2,February,Narayanganj,Dhaka,384.3,832.16,0.461814,190.2,Dry Winter (Dec-Feb)
2022,2,February,Narsingdi,Dhaka,66.49,1281.34,0.051893,32.9,Dry Winter (Dec-Feb)
2022,2,February,Natore,Rajshahi,1375.8,2101.7,0.654615,680.9,Dry Winter (Dec-Feb)
2022,2,February,Nawabganj,Rajshahi,808.48,1804.38,0.448067,400.2,Dry Winter (Dec-Feb)
2022,2,February,Netrakona,Dhaka,1916.09,3089.39,0.620217,948.4,Dry Winter (Dec-Feb)
2022,2,February,Nilphamari,Rangpur,712.56,1836.84,0.38793,352.7,Dry Winter (Dec-Feb)
2022,2,February,Noakhali,Chittagong,163.77,2642.03,0.061988,81.1,Dry Winter (Dec-Feb)
2022,2,February,Pabna,Rajshahi,975.58,2634.14,0.370362,482.9,Dry Winter (Dec-Feb)
2022,2,February,Panchagarh,Rangpur,877.46,1548.93,0.566492,434.3,Dry Winter (Dec-Feb)
2022,2,February,Patuakhali,Barisal,218.91,2730.09,0.080185,108.3,Dry Winter (Dec-Feb)
2022,2,February,Pirojpur,Barisal,90.84,1365.69,0.066518,45.0,Dry Winter (Dec-Feb)
2022,2,February,Rajbari,Dhaka,98.11,1249.73,0.078502,48.6,Dry Winter (Dec-Feb)
2022,2,February,Rajshahi,Rajshahi,1197.78,2664.72,0.449495,592.8,Dry Winter (Dec-Feb)
2022,2,February,Rangamati,Chittagong,382.11,6226.79,0.061365,189.1,Dry Winter (Dec-Feb)
2022,2,February,Rangpur,Rangpur,949.36,2572.65,0.369022,469.9,Dry Winter (Dec-Feb)
2022,2,February,Satkhira,Khulna,866.27,3543.74,0.244451,428.8,Dry Winter (Dec-Feb)
2022,2,February,Shariatpur,Dhaka,130.6,1362.06,0.095887,64.6,Dry Winter (Dec-Feb)
2022,2,February,Sherpur,Dhaka,827.65,1455.19,0.568757,409.6,Dry Winter (Dec-Feb)
2022,2,February,Sirajganj,Rajshahi,261.92,2755.65,0.095047,129.6,Dry Winter (Dec-Feb)
2022,2,February,Sunamganj,Sylhet,1117.83,4043.04,0.276481,553.3,Dry Winter (Dec-Feb)
2022,2,February,Sylhet,Sylhet,1561.24,3847.75,0.405753,772.7,Dry Winter (Dec-Feb)
2022,2,February,Tangail,Dhaka,1611.72,3707.07,0.434769,797.7,Dry Winter (Dec-Feb)
2022,2,February,Thakurgaon,Rangpur,961.31,2008.93,0.478517,475.8,Dry Winter (Dec-Feb)
2022,3,March,Bagerhat,Khulna,687.29,3965.62,0.173312,340.2,Pre-Monsoon (Mar-May)
2022,3,March,Bandarban,Chittagong,3328.22,5000.66,0.665557,1647.3,Pre-Monsoon (Mar-May)
2022,3,March,Barguna,Barisal,155.0,1547.28,0.100173,76.7,Pre-Monsoon (Mar-May)
2022,3,March,Barisal,Barisal,448.0,2767.25,0.161892,221.7,Pre-Monsoon (Mar-May)
2022,3,March,Bhola,Barisal,690.32,2471.69,0.279289,341.7,Pre-Monsoon (Mar-May)
2022,3,March,Bogra,Rajshahi,1411.4,3233.63,0.436475,698.6,Pre-Monsoon (Mar-May)
2022,3,March,Brahamanbaria,Chittagong,1135.35,2104.07,0.539596,561.9,Pre-Monsoon (Mar-May)
2022,3,March,Chandpur,Chittagong,274.99,1864.17,0.147512,136.1,Pre-Monsoon (Mar-May)
2022,3,March,Chittagong,Chittagong,2381.14,4736.75,0.502695,1178.5,Pre-Monsoon (Mar-May)
2022,3,March,Chuadanga,Khulna,713.25,1233.0,0.578465,353.0,Pre-Monsoon (Mar-May)
2022,3,March,Comilla,Chittagong,1957.53,3351.85,0.584014,968.9,Pre-Monsoon (Mar-May)
2022,3,March,Cox's Bazar,Chittagong,791.6,2206.6,0.358742,391.8,Pre-Monsoon (Mar-May)
2022,3,March,Dhaka,Dhaka,813.35,1611.18,0.504819,402.6,Pre-Monsoon (Mar-May)
2022,3,March,Dinajpur,Rangpur,2583.62,3829.09,0.674734,1278.7,Pre-Monsoon (Mar-May)
2022,3,March,Faridpur,Dhaka,999.47,2227.54,0.448688,494.7,Pre-Monsoon (Mar-May)
2022,3,March,Feni,Chittagong,512.36,960.78,0.533281,253.6,Pre-Monsoon (Mar-May)
2022,3,March,Gaibandha,Rangpur,316.58,2410.25,0.131349,156.7,Pre-Monsoon (Mar-May)
2022,3,March,Gazipur,Dhaka,952.99,1940.74,0.491046,471.7,Pre-Monsoon (Mar-May)
2022,3,March,Gopalganj,Dhaka,924.37,1602.77,0.576733,457.5,Pre-Monsoon (Mar-May)
2022,3,March,Habiganj,Sylhet,1930.11,2857.81,0.675379,955.3,Pre-Monsoon (Mar-May)
2022,3,March,Jamalpur,Dhaka,275.99,2272.36,0.121457,136.6,Pre-Monsoon (Mar-May)
2022,3,March,Jessore,Khulna,281.94,2784.67,0.101246,139.5,Pre-Monsoon (Mar-May)
2022,3,March,Jhalokati,Barisal,34.14,807.93,0.042253,16.9,Pre-Monsoon (Mar-May)
2022,3,March,Jhenaidah,Khulna,1170.65,2143.59,0.546113,579.4,Pre-Monsoon (Mar-May)
2022,3,March,Joypurhat,Rajshahi,859.49,1081.54,0.794689,425.4,Pre-Monsoon (Mar-May)
2022,3,March,Khagrachhari,Chittagong,1920.55,3108.48,0.617843,950.6,Pre-Monsoon (Mar-May)
2022,3,March,Khulna,Khulna,574.05,3868.06,0.148408,284.1,Pre-Monsoon (Mar-May)
2022,3,March,Kishoreganj,Dhaka,1695.39,2821.62,0.600858,839.1,Pre-Monsoon (Mar-May)
2022,3,March,Kurigram,Rangpur,518.41,2481.86,0.20888,256.6,Pre-Monsoon (Mar-May)
2022,3,March,Kushtia,Khulna,140.51,1830.28,0.076769,69.5,Pre-Monsoon (Mar-May)
2022,3,March,Lakshmipur,Chittagong,308.37,1573.07,0.19603,152.6,Pre-Monsoon (Mar-May)
2022,3,March,Lalmonirhat,Rangpur,332.86,1381.75,0.240894,164.7,Pre-Monsoon (Mar-May)
2022,3,March,Madaripur,Dhaka,89.18,1257.23,0.070935,44.1,Pre-Monsoon (Mar-May)
2022,3,March,Magura,Khulna,596.36,1143.98,0.521302,295.2,Pre-Monsoon (Mar-May)
2022,3,March,Manikganj,Dhaka,196.19,1531.92,0.128067,97.1,Pre-Monsoon (Mar-May)
2022,3,March,Maulvibazar,Sylhet,1228.29,2819.05,0.435711,607.9,Pre-Monsoon (Mar-May)
2022,3,March,Meherpur,Khulna,435.0,732.79,0.59362,215.3,Pre-Monsoon (Mar-May)
2022,3,March,Munshiganj,Dhaka,89.05,1036.66,0.085898,44.1,Pre-Monsoon (Mar-May)
2022,3,March,Mymensingh,Dhaka,2510.75,4784.19,0.524801,1242.7,Pre-Monsoon (Mar-May)
2022,3,March,Naogaon,Rajshahi,2932.7,3824.58,0.766804,1451.5,Pre-Monsoon (Mar-May)
2022,3,March,Narail,Khulna,42.83,1072.86,0.039926,21.2,Pre-Monsoon (Mar-May)
2022,3,March,Narayanganj,Dhaka,406.42,832.16,0.488397,201.2,Pre-Monsoon (Mar-May)
2022,3,March,Narsingdi,Dhaka,158.82,1281.34,0.123946,78.6,Pre-Monsoon (Mar-May)
2022,3,March,Natore,Rajshahi,1366.59,2101.7,0.650232,676.4,Pre-Monsoon (Mar-May)
2022,3,March,Nawabganj,Rajshahi,477.86,1804.38,0.264835,236.5,Pre-Monsoon (Mar-May)
2022,3,March,Netrakona,Dhaka,1875.18,3089.39,0.606974,928.1,Pre-Monsoon (Mar-May)
2022,3,March,Nilphamari,Rangpur,1075.18,1836.84,0.58534,532.2,Pre-Monsoon (Mar-May)
2022,3,March,Noakhali,Chittagong,158.64,2642.03,0.060047,78.5,Pre-Monsoon (Mar-May)
2022,3,March,Pabna,Rajshahi,1289.52,2634.14,0.489543,638.2,Pre-Monsoon (Mar-May)
2022,3,March,Panchagarh,Rangpur,778.14,1548.93,0.50237,385.1,Pre-Monsoon (Mar-May)
2022,3,March,Patuakhali,Barisal,223.44,2730.09,0.081845,110.6,Pre-Monsoon (Mar-May)
2022,3,March,Pirojpur,Barisal,91.58,1365.69,0.067056,45.3,Pre-Monsoon (Mar-May)
2022,3,March,Rajbari,Dhaka,108.8,1249.73,0.087062,53.8,Pre-Monsoon (Mar-May)
2022,3,March,Rajshahi,Rajshahi,265.33,2664.72,0.099573,131.3,Pre-Monsoon (Mar-May)
2022,3,March,Rangamati,Chittagong,347.35,6226.79,0.055784,171.9,Pre-Monsoon (Mar-May)
2022,3,March,Rangpur,Rangpur,1906.1,2572.65,0.74091,943.4,Pre-Monsoon (Mar-May)
2022,3,March,Satkhira,Khulna,1012.21,3543.74,0.285634,501.0,Pre-Monsoon (Mar-May)
2022,3,March,Shariatpur,Dhaka,141.17,1362.06,0.103646,69.9,Pre-Monsoon (Mar-May)
2022,3,March,Sherpur,Dhaka,966.59,1455.19,0.664233,478.4,Pre-Monsoon (Mar-May)
2022,3,March,Sirajganj,Rajshahi,338.81,2755.65,0.122953,167.7,Pre-Monsoon (Mar-May)
2022,3,March,Sunamganj,Sylhet,2446.24,4043.04,0.60505,1210.8,Pre-Monsoon (Mar-May)
2022,3,March,Sylhet,Sylhet,2286.76,3847.75,0.594312,1131.8,Pre-Monsoon (Mar-May)
2022,3,March,Tangail,Dhaka,1779.52,3707.07,0.480034,880.8,Pre-Monsoon (Mar-May)
2022,3,March,Thakurgaon,Rangpur,1180.93,2008.93,0.587841,584.5,Pre-Monsoon (Mar-May)
2022,4,April,Bagerhat,Khulna,1201.95,3965.62,0.303092,594.9,Pre-Monsoon (Mar-May)
2022,4,April,Bandarban,Chittagong,3141.77,5000.66,0.628272,1555.0,Pre-Monsoon (Mar-May)
2022,4,April,Barguna,Barisal,159.6,1547.28,0.103149,79.0,Pre-Monsoon (Mar-May)
2022,4,April,Barisal,Barisal,428.26,2767.25,0.154759,212.0,Pre-Monsoon (Mar-May)
2022,4,April,Bhola,Barisal,693.22,2471.69,0.280462,343.1,Pre-Monsoon (Mar-May)
2022,4,April,Bogra,Rajshahi,1569.36,3233.63,0.485324,776.7,Pre-Monsoon (Mar-May)
2022,4,April,Brahamanbaria,Chittagong,1283.19,2104.07,0.609862,635.1,Pre-Monsoon (Mar-May)
2022,4,April,Chandpur,Chittagong,278.74,1864.17,0.149526,138.0,Pre-Monsoon (Mar-May)
2022,4,April,Chittagong,Chittagong,2262.17,4736.75,0.477579,1119.6,Pre-Monsoon (Mar-May)
2022,4,April,Chuadanga,Khulna,651.8,1233.0,0.528628,322.6,Pre-Monsoon (Mar-May)
2022,4,April,Comilla,Chittagong,1888.59,3351.85,0.563447,934.7,Pre-Monsoon (Mar-May)
2022,4,April,Cox's Bazar,Chittagong,872.75,2206.6,0.395518,432.0,Pre-Monsoon (Mar-May)
2022,4,April,Dhaka,Dhaka,894.59,1611.18,0.555238,442.8,Pre-Monsoon (Mar-May)
2022,4,April,Dinajpur,Rangpur,2705.19,3829.09,0.706485,1338.9,Pre-Monsoon (Mar-May)
2022,4,April,Faridpur,Dhaka,638.68,2227.54,0.286719,316.1,Pre-Monsoon (Mar-May)
2022,4,April,Feni,Chittagong,540.43,960.78,0.562497,267.5,Pre-Monsoon (Mar-May)
2022,4,April,Gaibandha,Rangpur,248.78,2410.25,0.103217,123.1,Pre-Monsoon (Mar-May)
2022,4,April,Gazipur,Dhaka,1040.68,1940.74,0.536229,515.1,Pre-Monsoon (Mar-May)
2022,4,April,Gopalganj,Dhaka,1028.92,1602.77,0.641968,509.3,Pre-Monsoon (Mar-May)
2022,4,April,Habiganj,Sylhet,1917.81,2857.81,0.671076,949.2,Pre-Monsoon (Mar-May)
2022,4,April,Jamalpur,Dhaka,1135.54,2272.36,0.49972,562.0,Pre-Monsoon (Mar-May)
2022,4,April,Jessore,Khulna,1333.69,2784.67,0.47894,660.1,Pre-Monsoon (Mar-May)
2022,4,April,Jhalokati,Barisal,35.48,807.93,0.043912,17.6,Pre-Monsoon (Mar-May)
2022,4,April,Jhenaidah,Khulna,1336.84,2143.59,0.623644,661.7,Pre-Monsoon (Mar-May)
2022,4,April,Joypurhat,Rajshahi,832.83,1081.54,0.770036,412.2,Pre-Monsoon (Mar-May)
2022,4,April,Khagrachhari,Chittagong,1942.35,3108.48,0.624856,961.4,Pre-Monsoon (Mar-May)
2022,4,April,Khulna,Khulna,696.08,3868.06,0.179956,344.5,Pre-Monsoon (Mar-May)
2022,4,April,Kishoreganj,Dhaka,1256.08,2821.62,0.445164,621.7,Pre-Monsoon (Mar-May)
2022,4,April,Kurigram,Rangpur,370.78,2481.86,0.149396,183.5,Pre-Monsoon (Mar-May)
2022,4,April,Kushtia,Khulna,154.93,1830.28,0.084646,76.7,Pre-Monsoon (Mar-May)
2022,4,April,Lakshmipur,Chittagong,305.24,1573.07,0.194042,151.1,Pre-Monsoon (Mar-May)
2022,4,April,Lalmonirhat,Rangpur,397.82,1381.75,0.287911,196.9,Pre-Monsoon (Mar-May)
2022,4,April,Madaripur,Dhaka,95.49,1257.23,0.075949,47.3,Pre-Monsoon (Mar-May)
2022,4,April,Magura,Khulna,738.68,1143.98,0.645709,365.6,Pre-Monsoon (Mar-May)
2022,4,April,Manikganj,Dhaka,192.54,1531.92,0.125685,95.3,Pre-Monsoon (Mar-May)
2022,4,April,Maulvibazar,Sylhet,1106.33,2819.05,0.392449,547.6,Pre-Monsoon (Mar-May)
2022,4,April,Meherpur,Khulna,475.62,732.79,0.649062,235.4,Pre-Monsoon (Mar-May)
2022,4,April,Munshiganj,Dhaka,105.2,1036.66,0.101475,52.1,Pre-Monsoon (Mar-May)
2022,4,April,Mymensingh,Dhaka,2546.2,4784.19,0.532211,1260.2,Pre-Monsoon (Mar-May)
2022,4,April,Naogaon,Rajshahi,3029.48,3824.58,0.79211,1499.4,Pre-Monsoon (Mar-May)
2022,4,April,Narail,Khulna,100.61,1072.86,0.093779,49.8,Pre-Monsoon (Mar-May)
2022,4,April,Narayanganj,Dhaka,431.54,832.16,0.518583,213.6,Pre-Monsoon (Mar-May)
2022,4,April,Narsingdi,Dhaka,471.95,1281.34,0.368329,233.6,Pre-Monsoon (Mar-May)
2022,4,April,Natore,Rajshahi,1360.48,2101.7,0.647325,673.4,Pre-Monsoon (Mar-May)
2022,4,April,Nawabganj,Rajshahi,896.68,1804.38,0.496944,443.8,Pre-Monsoon (Mar-May)
2022,4,April,Netrakona,Dhaka,1565.52,3089.39,0.50674,774.8,Pre-Monsoon (Mar-May)
2022,4,April,Nilphamari,Rangpur,955.54,1836.84,0.520208,472.9,Pre-Monsoon (Mar-May)
2022,4,April,Noakhali,Chittagong,164.83,2642.03,0.062387,81.6,Pre-Monsoon (Mar-May)
2022,4,April,Pabna,Rajshahi,1406.35,2634.14,0.533895,696.1,Pre-Monsoon (Mar-May)
2022,4,April,Panchagarh,Rangpur,590.46,1548.93,0.381208,292.2,Pre-Monsoon (Mar-May)
2022,4,April,Patuakhali,Barisal,245.38,2730.09,0.089881,121.4,Pre-Monsoon (Mar-May)
2022,4,April,Pirojpur,Barisal,95.65,1365.69,0.070038,47.3,Pre-Monsoon (Mar-May)
2022,4,April,Rajbari,Dhaka,125.13,1249.73,0.100127,61.9,Pre-Monsoon (Mar-May)
2022,4,April,Rajshahi,Rajshahi,1173.84,2664.72,0.440512,581.0,Pre-Monsoon (Mar-May)
2022,4,April,Rangamati,Chittagong,370.45,6226.79,0.059492,183.4,Pre-Monsoon (Mar-May)
2022,4,April,Rangpur,Rangpur,1797.59,2572.65,0.698732,889.7,Pre-Monsoon (Mar-May)
2022,4,April,Satkhira,Khulna,1233.89,3543.74,0.348189,610.7,Pre-Monsoon (Mar-May)
2022,4,April,Shariatpur,Dhaka,139.48,1362.06,0.1024,69.0,Pre-Monsoon (Mar-May)
2022,4,April,Sherpur,Dhaka,1037.1,1455.19,0.712687,513.3,Pre-Monsoon (Mar-May)
2022,4,April,Sirajganj,Rajshahi,320.62,2755.65,0.116351,158.7,Pre-Monsoon (Mar-May)
2022,4,April,Sunamganj,Sylhet,1117.18,4043.04,0.276322,552.9,Pre-Monsoon (Mar-May)
2022,4,April,Sylhet,Sylhet,1133.82,3847.75,0.294671,561.2,Pre-Monsoon (Mar-May)
2022,4,April,Tangail,Dhaka,1758.39,3707.07,0.474333,870.3,Pre-Monsoon (Mar-May)
2022,4,April,Thakurgaon,Rangpur,1017.17,2008.93,0.506322,503.4,Pre-Monsoon (Mar-May)
2022,5,May,Bagerhat,Khulna,1162.96,3965.62,0.293261,575.6,Pre-Monsoon (Mar-May)
2022,5,May,Bandarban,Chittagong,2675.88,5000.66,0.535106,1324.4,Pre-Monsoon (Mar-May)
2022,5,May,Barguna,Barisal,174.63,1547.28,0.112864,86.4,Pre-Monsoon (Mar-May)
2022,5,May,Barisal,Barisal,509.38,2767.25,0.184073,252.1,Pre-Monsoon (Mar-May)
2022,5,May,Bhola,Barisal,720.82,2471.69,0.291629,356.8,Pre-Monsoon (Mar-May)
2022,5,May,Bogra,Rajshahi,185.13,3233.63,0.05725,91.6,Pre-Monsoon (Mar-May)
2022,5,May,Brahamanbaria,Chittagong,254.11,2104.07,0.120772,125.8,Pre-Monsoon (Mar-May)
2022,5,May,Chandpur,Chittagong,300.68,1864.17,0.161292,148.8,Pre-Monsoon (Mar-May)
2022,5,May,Chittagong,Chittagong,1135.16,4736.75,0.239651,561.8,Pre-Monsoon (Mar-May)
2022,5,May,Chuadanga,Khulna,826.04,1233.0,0.669944,408.8,Pre-Monsoon (Mar-May)
2022,5,May,Comilla,Chittagong,1521.51,3351.85,0.453931,753.1,Pre-Monsoon (Mar-May)
2022,5,May,Cox's Bazar,Chittagong,458.26,2206.6,0.207676,226.8,Pre-Monsoon (Mar-May)
2022,5,May,Dhaka,Dhaka,833.67,1611.18,0.517431,412.6,Pre-Monsoon (Mar-May)
2022,5,May,Dinajpur,Rangpur,1778.36,3829.09,0.464434,880.2,Pre-Monsoon (Mar-May)
2022,5,May,Faridpur,Dhaka,118.08,2227.54,0.05301,58.4,Pre-Monsoon (Mar-May)
2022,5,May,Feni,Chittagong,459.44,960.78,0.478197,227.4,Pre-Monsoon (Mar-May)
2022,5,May,Gaibandha,Rangpur,274.35,2410.25,0.113827,135.8,Pre-Monsoon (Mar-May)
2022,5,May,Gazipur,Dhaka,914.21,1940.74,0.471062,452.5,Pre-Monsoon (Mar-May)
2022,5,May,Gopalganj,Dhaka,709.18,1602.77,0.442471,351.0,Pre-Monsoon (Mar-May)
2022,5,May,Habiganj,Sylhet,855.57,2857.81,0.29938,423.5,Pre-Monsoon (Mar-May)
2022,5,May,Jamalpur,Dhaka,134.6,2272.36,0.059232,66.6,Pre-Monsoon (Mar-May)
2022,5,May,Jessore,Khulna,525.42,2784.67,0.188681,260.1,Pre-Monsoon (Mar-May)
2022,5,May,Jhalokati,Barisal,58.45,807.93,0.072344,28.9,Pre-Monsoon (Mar-May)
2022,5,May,Jhenaidah,Khulna,1040.1,2143.59,0.485214,514.8,Pre-Monsoon (Mar-May)
2022,5,May,Joypurhat,Rajshahi,752.8,1081.54,0.696041,372.6,Pre-Monsoon (Mar-May)
2022,5,May,Khagrachhari,Chittagong,1331.98,3108.48,0.428498,659.3,Pre-Monsoon (Mar-May)
2022,5,May,Khulna,Khulna,596.73,3868.06,0.154271,295.3,Pre-Monsoon (Mar-May)
2022,5,May,Kishoreganj,Dhaka,618.42,2821.62,0.219172,306.1,Pre-Monsoon (Mar-May)
2022,5,May,Kurigram,Rangpur,434.71,2481.86,0.175157,215.2,Pre-Monsoon (Mar-May)
2022,5,May,Kushtia,Khulna,127.45,1830.28,0.069632,63.1,Pre-Monsoon (Mar-May)
2022,5,May,Lakshmipur,Chittagong,313.54,1573.07,0.199317,155.2,Pre-Monsoon (Mar-May)
2022,5,May,Lalmonirhat,Rangpur,121.93,1381.75,0.088241,60.3,Pre-Monsoon (Mar-May)
2022,5,May,Madaripur,Dhaka,99.39,1257.23,0.079058,49.2,Pre-Monsoon (Mar-May)
2022,5,May,Magura,Khulna,182.85,1143.98,0.159838,90.5,Pre-Monsoon (Mar-May)
2022,5,May,Manikganj,Dhaka,194.24,1531.92,0.126798,96.1,Pre-Monsoon (Mar-May)
2022,5,May,Maulvibazar,Sylhet,369.16,2819.05,0.130953,182.7,Pre-Monsoon (Mar-May)
2022,5,May,Meherpur,Khulna,497.33,732.79,0.678691,246.2,Pre-Monsoon (Mar-May)
2022,5,May,Munshiganj,Dhaka,109.89,1036.66,0.106004,54.4,Pre-Monsoon (Mar-May)
2022,5,May,Mymensingh,Dhaka,2076.56,4784.19,0.434047,1027.8,Pre-Monsoon (Mar-May)
2022,5,May,Naogaon,Rajshahi,1761.13,3824.58,0.460476,871.7,Pre-Monsoon (Mar-May)
2022,5,May,Narail,Khulna,42.7,1072.86,0.039799,21.1,Pre-Monsoon (Mar-May)
2022,5,May,Narayanganj,Dhaka,83.32,832.16,0.100128,41.2,Pre-Monsoon (Mar-May)
2022,5,May,Narsingdi,Dhaka,84.72,1281.34,0.066119,41.9,Pre-Monsoon (Mar-May)
2022,5,May,Natore,Rajshahi,1077.2,2101.7,0.512538,533.2,Pre-Monsoon (Mar-May)
2022,5,May,Nawabganj,Rajshahi,184.43,1804.38,0.102211,91.3,Pre-Monsoon (Mar-May)
2022,5,May,Netrakona,Dhaka,898.92,3089.39,0.290968,444.9,Pre-Monsoon (Mar-May)
2022,5,May,Nilphamari,Rangpur,758.37,1836.84,0.412864,375.4,Pre-Monsoon (Mar-May)
2022,5,May,Noakhali,Chittagong,167.48,2642.03,0.063391,82.9,Pre-Monsoon (Mar-May)
2022,5,May,Pabna,Rajshahi,166.95,2634.14,0.063381,82.6,Pre-Monsoon (Mar-May)
2022,5,May,Panchagarh,Rangpur,747.29,1548.93,0.482452,369.9,Pre-Monsoon (Mar-May)
2022,5,May,Patuakhali,Barisal,270.76,2730.09,0.099177,134.0,Pre-Monsoon (Mar-May)
2022,5,May,Pirojpur,Barisal,119.09,1365.69,0.087202,58.9,Pre-Monsoon (Mar-May)
2022,5,May,Rajbari,Dhaka,123.32,1249.73,0.098677,61.0,Pre-Monsoon (Mar-May)
2022,5,May,Rajshahi,Rajshahi,293.95,2664.72,0.110312,145.5,Pre-Monsoon (Mar-May)
2022,5,May,Rangamati,Chittagong,295.18,6226.79,0.047405,146.1,Pre-Monsoon (Mar-May)
2022,5,May,Rangpur,Rangpur,1404.02,2572.65,0.545747,694.9,Pre-Monsoon (Mar-May)
2022,5,May,Satkhira,Khulna,995.01,3543.74,0.28078,492.5,Pre-Monsoon (Mar-May)
2022,5,May,Shariatpur,Dhaka,161.64,1362.06,0.118676,80.0,Pre-Monsoon (Mar-May)
2022,5,May,Sherpur,Dhaka,815.41,1455.19,0.560342,403.6,Pre-Monsoon (Mar-May)
2022,5,May,Sirajganj,Rajshahi,332.09,2755.65,0.120513,164.4,Pre-Monsoon (Mar-May)
2022,5,May,Sunamganj,Sylhet,1707.18,4043.04,0.422251,845.0,Pre-Monsoon (Mar-May)
2022,5,May,Sylhet,Sylhet,1553.51,3847.75,0.403744,768.9,Pre-Monsoon (Mar-May)
2022,5,May,Tangail,Dhaka,814.38,3707.07,0.219684,403.1,Pre-Monsoon (Mar-May)
2022,5,May,Thakurgaon,Rangpur,1013.13,2008.93,0.504312,501.4,Pre-Monsoon (Mar-May)
2022,6,June,Bagerhat,Khulna,1370.17,3965.62,0.345512,678.2,Monsoon (Jun-Sep)
2022,6,June,Bandarban,Chittagong,2784.43,5000.66,0.556814,1378.1,Monsoon (Jun-Sep)
2022,6,June,Barguna,Barisal,182.96,1547.28,0.118244,90.6,Monsoon (Jun-Sep)
2022,6,June,Barisal,Barisal,510.33,2767.25,0.184418,252.6,Monsoon (Jun-Sep)
2022,6,June,Bhola,Barisal,696.97,2471.69,0.28198,345.0,Monsoon (Jun-Sep)
2022,6,June,Bogra,Rajshahi,257.28,3233.63,0.079563,127.3,Monsoon (Jun-Sep)
2022,6,June,Brahamanbaria,Chittagong,876.18,2104.07,0.416423,433.7,Monsoon (Jun-Sep)
2022,6,June,Chandpur,Chittagong,337.59,1864.17,0.181094,167.1,Monsoon (Jun-Sep)
2022,6,June,Chittagong,Chittagong,1584.06,4736.75,0.334419,784.0,Monsoon (Jun-Sep)
2022,6,June,Chuadanga,Khulna,732.54,1233.0,0.594111,362.6,Monsoon (Jun-Sep)
2022,6,June,Comilla,Chittagong,1088.86,3351.85,0.324855,538.9,Monsoon (Jun-Sep)
2022,6,June,Cox's Bazar,Chittagong,392.84,2206.6,0.178031,194.4,Monsoon (Jun-Sep)
2022,6,June,Dhaka,Dhaka,536.85,1611.18,0.333205,265.7,Monsoon (Jun-Sep)
2022,6,June,Dinajpur,Rangpur,2154.7,3829.09,0.562718,1066.5,Monsoon (Jun-Sep)
2022,6,June,Faridpur,Dhaka,161.67,2227.54,0.07258,80.0,Monsoon (Jun-Sep)
2022,6,June,Feni,Chittagong,386.85,960.78,0.402648,191.5,Monsoon (Jun-Sep)
2022,6,June,Gaibandha,Rangpur,439.97,2410.25,0.182543,217.8,Monsoon (Jun-Sep)
2022,6,June,Gazipur,Dhaka,354.53,1940.74,0.18268,175.5,Monsoon (Jun-Sep)
2022,6,June,Gopalganj,Dhaka,556.68,1602.77,0.347322,275.5,Monsoon (Jun-Sep)
2022,6,June,Habiganj,Sylhet,1326.08,2857.81,0.464018,656.3,Monsoon (Jun-Sep)
2022,6,June,Jamalpur,Dhaka,340.62,2272.36,0.149897,168.6,Monsoon (Jun-Sep)
2022,6,June,Jessore,Khulna,302.75,2784.67,0.108722,149.8,Monsoon (Jun-Sep)
2022,6,June,Jhalokati,Barisal,71.61,807.93,0.088628,35.4,Monsoon (Jun-Sep)
2022,6,June,Jhenaidah,Khulna,1211.59,2143.59,0.565213,599.7,Monsoon (Jun-Sep)
2022,6,June,Joypurhat,Rajshahi,689.33,1081.54,0.637359,341.2,Monsoon (Jun-Sep)
2022,6,June,Khagrachhari,Chittagong,1429.98,3108.48,0.460026,707.8,Monsoon (Jun-Sep)
2022,6,June,Khulna,Khulna,1018.25,3868.06,0.263247,504.0,Monsoon (Jun-Sep)
2022,6,June,Kishoreganj,Dhaka,1543.82,2821.62,0.547142,764.1,Monsoon (Jun-Sep)
2022,6,June,Kurigram,Rangpur,727.04,2481.86,0.292942,359.8,Monsoon (Jun-Sep)
2022,6,June,Kushtia,Khulna,133.58,1830.28,0.072983,66.1,Monsoon (Jun-Sep)
2022,6,June,Lakshmipur,Chittagong,308.18,1573.07,0.195909,152.5,Monsoon (Jun-Sep)
2022,6,June,Lalmonirhat,Rangpur,174.52,1381.75,0.126302,86.4,Monsoon (Jun-Sep)
2022,6,June,Madaripur,Dhaka,186.24,1257.23,0.148134,92.2,Monsoon (Jun-Sep)
2022,6,June,Magura,Khulna,216.46,1143.98,0.189216,107.1,Monsoon (Jun-Sep)
2022,6,June,Manikganj,Dhaka,237.14,1531.92,0.154803,117.4,Monsoon (Jun-Sep)
2022,6,June,Maulvibazar,Sylhet,670.04,2819.05,0.237682,331.6,Monsoon (Jun-Sep)
2022,6,June,Meherpur,Khulna,443.65,732.79,0.605427,219.6,Monsoon (Jun-Sep)
2022,6,June,Munshiganj,Dhaka,159.51,1036.66,0.15387,78.9,Monsoon (Jun-Sep)
2022,6,June,Mymensingh,Dhaka,1503.81,4784.19,0.314328,744.3,Monsoon (Jun-Sep)
2022,6,June,Naogaon,Rajshahi,1329.3,3824.58,0.347567,657.9,Monsoon (Jun-Sep)
2022,6,June,Narail,Khulna,84.1,1072.86,0.078388,41.6,Monsoon (Jun-Sep)
2022,6,June,Narayanganj,Dhaka,77.54,832.16,0.093179,38.4,Monsoon (Jun-Sep)
2022,6,June,Narsingdi,Dhaka,202.03,1281.34,0.157673,100.0,Monsoon (Jun-Sep)
2022,6,June,Natore,Rajshahi,286.61,2101.7,0.136373,141.9,Monsoon (Jun-Sep)
2022,6,June,Nawabganj,Rajshahi,157.3,1804.38,0.087179,77.9,Monsoon (Jun-Sep)
2022,6,June,Netrakona,Dhaka,1541.6,3089.39,0.498999,763.0,Monsoon (Jun-Sep)
2022,6,June,Nilphamari,Rangpur,821.97,1836.84,0.447491,406.8,Monsoon (Jun-Sep)
2022,6,June,Noakhali,Chittagong,254.93,2642.03,0.09649,126.2,Monsoon (Jun-Sep)
2022,6,June,Pabna,Rajshahi,217.69,2634.14,0.082642,107.7,Monsoon (Jun-Sep)
2022,6,June,Panchagarh,Rangpur,833.41,1548.93,0.538057,412.5,Monsoon (Jun-Sep)
2022,6,June,Patuakhali,Barisal,303.21,2730.09,0.111063,150.1,Monsoon (Jun-Sep)
2022,6,June,Pirojpur,Barisal,142.71,1365.69,0.104496,70.6,Monsoon (Jun-Sep)
2022,6,June,Rajbari,Dhaka,143.51,1249.73,0.114835,71.0,Monsoon (Jun-Sep)
2022,6,June,Rajshahi,Rajshahi,233.0,2664.72,0.087439,115.3,Monsoon (Jun-Sep)
2022,6,June,Rangamati,Chittagong,357.22,6226.79,0.057368,176.8,Monsoon (Jun-Sep)
2022,6,June,Rangpur,Rangpur,1328.14,2572.65,0.516255,657.4,Monsoon (Jun-Sep)
2022,6,June,Satkhira,Khulna,1193.38,3543.74,0.336758,590.7,Monsoon (Jun-Sep)
2022,6,June,Shariatpur,Dhaka,193.03,1362.06,0.141718,95.5,Monsoon (Jun-Sep)
2022,6,June,Sherpur,Dhaka,387.99,1455.19,0.266624,192.0,Monsoon (Jun-Sep)
2022,6,June,Sirajganj,Rajshahi,588.7,2755.65,0.213635,291.4,Monsoon (Jun-Sep)
2022,6,June,Sunamganj,Sylhet,2909.21,4043.04,0.719559,1439.9,Monsoon (Jun-Sep)
2022,6,June,Sylhet,Sylhet,1983.7,3847.75,0.515548,981.8,Monsoon (Jun-Sep)
2022,6,June,Tangail,Dhaka,506.65,3707.07,0.136672,250.8,Monsoon (Jun-Sep)
2022,6,June,Thakurgaon,Rangpur,1021.94,2008.93,0.508699,505.8,Monsoon (Jun-Sep)
2022,7,July,Bagerhat,Khulna,1368.19,3965.62,0.345012,677.2,Monsoon (Jun-Sep)
2022,7,July,Bandarban,Chittagong,2865.69,5000.66,0.573063,1418.4,Monsoon (Jun-Sep)
2022,7,July,Barguna,Barisal,187.66,1547.28,0.121285,92.9,Monsoon (Jun-Sep)
2022,7,July,Barisal,Barisal,587.52,2767.25,0.212312,290.8,Monsoon (Jun-Sep)
2022,7,July,Bhola,Barisal,730.87,2471.69,0.295696,361.7,Monsoon (Jun-Sep)
2022,7,July,Bogra,Rajshahi,254.54,3233.63,0.078716,126.0,Monsoon (Jun-Sep)
2022,7,July,Brahamanbaria,Chittagong,742.74,2104.07,0.353002,367.6,Monsoon (Jun-Sep)
2022,7,July,Chandpur,Chittagong,327.69,1864.17,0.175782,162.2,Monsoon (Jun-Sep)
2022,7,July,Chittagong,Chittagong,1924.91,4736.75,0.406377,952.7,Monsoon (Jun-Sep)
2022,7,July,Chuadanga,Khulna,837.23,1233.0,0.679019,414.4,Monsoon (Jun-Sep)
2022,7,July,Comilla,Chittagong,589.3,3351.85,0.175814,291.7,Monsoon (Jun-Sep)
2022,7,July,Cox's Bazar,Chittagong,378.34,2206.6,0.171457,187.3,Monsoon (Jun-Sep)
2022,7,July,Dhaka,Dhaka,156.27,1611.18,0.096989,77.3,Monsoon (Jun-Sep)
2022,7,July,Dinajpur,Rangpur,654.72,3829.09,0.170987,324.1,Monsoon (Jun-Sep)
2022,7,July,Faridpur,Dhaka,193.72,2227.54,0.086967,95.9,Monsoon (Jun-Sep)
2022,7,July,Feni,Chittagong,356.18,960.78,0.370724,176.3,Monsoon (Jun-Sep)
2022,7,July,Gaibandha,Rangpur,317.49,2410.25,0.131723,157.1,Monsoon (Jun-Sep)
2022,7,July,Gazipur,Dhaka,206.71,1940.74,0.106511,102.3,Monsoon (Jun-Sep)
2022,7,July,Gopalganj,Dhaka,654.19,1602.77,0.408166,323.8,Monsoon (Jun-Sep)
2022,7,July,Habiganj,Sylhet,1310.46,2857.81,0.458554,648.6,Monsoon (Jun-Sep)
2022,7,July,Jamalpur,Dhaka,171.11,2272.36,0.0753,84.7,Monsoon (Jun-Sep)
2022,7,July,Jessore,Khulna,244.84,2784.67,0.087924,121.2,Monsoon (Jun-Sep)
2022,7,July,Jhalokati,Barisal,188.23,807.93,0.232983,93.2,Monsoon (Jun-Sep)
2022,7,July,Jhenaidah,Khulna,513.19,2143.59,0.239405,254.0,Monsoon (Jun-Sep)
2022,7,July,Joypurhat,Rajshahi,83.32,1081.54,0.077035,41.2,Monsoon (Jun-Sep)
2022,7,July,Khagrachhari,Chittagong,1739.13,3108.48,0.55948,860.8,Monsoon (Jun-Sep)
2022,7,July,Khulna,Khulna,1468.46,3868.06,0.379637,726.8,Monsoon (Jun-Sep)
2022,7,July,Kishoreganj,Dhaka,1368.38,2821.62,0.484962,677.3,Monsoon (Jun-Sep)
2022,7,July,Kurigram,Rangpur,478.98,2481.86,0.192991,237.1,Monsoon (Jun-Sep)
2022,7,July,Kushtia,Khulna,143.4,1830.28,0.078348,71.0,Monsoon (Jun-Sep)
2022,7,July,Lakshmipur,Chittagong,321.07,1573.07,0.204104,158.9,Monsoon (Jun-Sep)
2022,7,July,Lalmonirhat,Rangpur,258.73,1381.75,0.187245,128.1,Monsoon (Jun-Sep)
2022,7,July,Madaripur,Dhaka,152.28,1257.23,0.121126,75.4,Monsoon (Jun-Sep)
2022,7,July,Magura,Khulna,226.78,1143.98,0.198237,112.2,Monsoon (Jun-Sep)
2022,7,July,Manikganj,Dhaka,259.31,1531.92,0.169269,128.3,Monsoon (Jun-Sep)
2022,7,July,Maulvibazar,Sylhet,782.09,2819.05,0.277431,387.1,Monsoon (Jun-Sep)
2022,7,July,Meherpur,Khulna,465.34,732.79,0.635023,230.3,Monsoon (Jun-Sep)
2022,7,July,Munshiganj,Dhaka,158.08,1036.66,0.152485,78.2,Monsoon (Jun-Sep)
2022,7,July,Mymensingh,Dhaka,1076.05,4784.19,0.224918,532.6,Monsoon (Jun-Sep)
2022,7,July,Naogaon,Rajshahi,415.2,3824.58,0.10856,205.5,Monsoon (Jun-Sep)
2022,7,July,Narail,Khulna,117.37,1072.86,0.109403,58.1,Monsoon (Jun-Sep)
2022,7,July,Narayanganj,Dhaka,78.98,832.16,0.094915,39.1,Monsoon (Jun-Sep)
2022,7,July,Narsingdi,Dhaka,191.18,1281.34,0.149202,94.6,Monsoon (Jun-Sep)
2022,7,July,Natore,Rajshahi,254.81,2101.7,0.121242,126.1,Monsoon (Jun-Sep)
2022,7,July,Nawabganj,Rajshahi,153.26,1804.38,0.084938,75.9,Monsoon (Jun-Sep)
2022,7,July,Netrakona,Dhaka,959.31,3089.39,0.310518,474.8,Monsoon (Jun-Sep)
2022,7,July,Nilphamari,Rangpur,456.43,1836.84,0.248487,225.9,Monsoon (Jun-Sep)
2022,7,July,Noakhali,Chittagong,291.42,2642.03,0.110301,144.2,Monsoon (Jun-Sep)
2022,7,July,Pabna,Rajshahi,293.07,2634.14,0.111259,145.1,Monsoon (Jun-Sep)
2022,7,July,Panchagarh,Rangpur,456.45,1548.93,0.294689,225.9,Monsoon (Jun-Sep)
2022,7,July,Patuakhali,Barisal,455.18,2730.09,0.166729,225.3,Monsoon (Jun-Sep)
2022,7,July,Pirojpur,Barisal,300.0,1365.69,0.219668,148.5,Monsoon (Jun-Sep)
2022,7,July,Rajbari,Dhaka,141.66,1249.73,0.113352,70.1,Monsoon (Jun-Sep)
2022,7,July,Rajshahi,Rajshahi,376.73,2664.72,0.141376,186.5,Monsoon (Jun-Sep)
2022,7,July,Rangamati,Chittagong,379.07,6226.79,0.060877,187.6,Monsoon (Jun-Sep)
2022,7,July,Rangpur,Rangpur,1249.29,2572.65,0.485604,618.3,Monsoon (Jun-Sep)
2022,7,July,Satkhira,Khulna,1270.7,3543.74,0.358577,628.9,Monsoon (Jun-Sep)
2022,7,July,Shariatpur,Dhaka,217.68,1362.06,0.159815,107.7,Monsoon (Jun-Sep)
2022,7,July,Sherpur,Dhaka,177.11,1455.19,0.121707,87.7,Monsoon (Jun-Sep)
2022,7,July,Sirajganj,Rajshahi,560.38,2755.65,0.203358,277.4,Monsoon (Jun-Sep)
2022,7,July,Sunamganj,Sylhet,2547.79,4043.04,0.630167,1261.0,Monsoon (Jun-Sep)
2022,7,July,Sylhet,Sylhet,1518.79,3847.75,0.394721,751.7,Monsoon (Jun-Sep)
2022,7,July,Tangail,Dhaka,460.07,3707.07,0.124106,227.7,Monsoon (Jun-Sep)
2022,7,July,Thakurgaon,Rangpur,505.92,2008.93,0.251835,250.4,Monsoon (Jun-Sep)
2022,8,August,Bagerhat,Khulna,1451.76,3965.62,0.366086,718.5,Monsoon (Jun-Sep)
2022,8,August,Bandarban,Chittagong,2975.75,5000.66,0.595072,1472.8,Monsoon (Jun-Sep)
2022,8,August,Barguna,Barisal,350.0,1547.28,0.226206,173.2,Monsoon (Jun-Sep)
2022,8,August,Barisal,Barisal,607.22,2767.25,0.219432,300.5,Monsoon (Jun-Sep)
2022,8,August,Bhola,Barisal,680.95,2471.69,0.275501,337.0,Monsoon (Jun-Sep)
2022,8,August,Bogra,Rajshahi,579.22,3233.63,0.179125,286.7,Monsoon (Jun-Sep)
2022,8,August,Brahamanbaria,Chittagong,493.82,2104.07,0.234698,244.4,Monsoon (Jun-Sep)
2022,8,August,Chandpur,Chittagong,321.98,1864.17,0.172721,159.4,Monsoon (Jun-Sep)
2022,8,August,Chittagong,Chittagong,2088.28,4736.75,0.440868,1033.6,Monsoon (Jun-Sep)
2022,8,August,Chuadanga,Khulna,670.59,1233.0,0.543867,331.9,Monsoon (Jun-Sep)
2022,8,August,Comilla,Chittagong,528.19,3351.85,0.15758,261.4,Monsoon (Jun-Sep)
2022,8,August,Cox's Bazar,Chittagong,429.25,2206.6,0.19453,212.5,Monsoon (Jun-Sep)
2022,8,August,Dhaka,Dhaka,133.44,1611.18,0.08282,66.0,Monsoon (Jun-Sep)
2022,8,August,Dinajpur,Rangpur,2346.74,3829.09,0.612873,1161.5,Monsoon (Jun-Sep)
2022,8,August,Faridpur,Dhaka,230.19,2227.54,0.103339,113.9,Monsoon (Jun-Sep)
2022,8,August,Feni,Chittagong,320.9,960.78,0.334003,158.8,Monsoon (Jun-Sep)
2022,8,August,Gaibandha,Rangpur,281.06,2410.25,0.116609,139.1,Monsoon (Jun-Sep)
2022,8,August,Gazipur,Dhaka,266.38,1940.74,0.137259,131.8,Monsoon (Jun-Sep)
2022,8,August,Gopalganj,Dhaka,434.42,1602.77,0.271046,215.0,Monsoon (Jun-Sep)
2022,8,August,Habiganj,Sylhet,844.36,2857.81,0.295456,417.9,Monsoon (Jun-Sep)
2022,8,August,Jamalpur,Dhaka,147.91,2272.36,0.065092,73.2,Monsoon (Jun-Sep)
2022,8,August,Jessore,Khulna,465.93,2784.67,0.167321,230.6,Monsoon (Jun-Sep)
2022,8,August,Jhalokati,Barisal,204.86,807.93,0.253558,101.4,Monsoon (Jun-Sep)
2022,8,August,Jhenaidah,Khulna,903.25,2143.59,0.421372,447.1,Monsoon (Jun-Sep)
2022,8,August,Joypurhat,Rajshahi,769.17,1081.54,0.711173,380.7,Monsoon (Jun-Sep)
2022,8,August,Khagrachhari,Chittagong,1632.79,3108.48,0.52527,808.1,Monsoon (Jun-Sep)
2022,8,August,Khulna,Khulna,1655.15,3868.06,0.427903,819.2,Monsoon (Jun-Sep)
2022,8,August,Kishoreganj,Dhaka,1093.58,2821.62,0.387571,541.3,Monsoon (Jun-Sep)
2022,8,August,Kurigram,Rangpur,461.19,2481.86,0.185823,228.3,Monsoon (Jun-Sep)
2022,8,August,Kushtia,Khulna,152.93,1830.28,0.083557,75.7,Monsoon (Jun-Sep)
2022,8,August,Lakshmipur,Chittagong,318.89,1573.07,0.202717,157.8,Monsoon (Jun-Sep)
2022,8,August,Lalmonirhat,Rangpur,448.77,1381.75,0.324786,222.1,Monsoon (Jun-Sep)
2022,8,August,Madaripur,Dhaka,133.51,1257.23,0.106192,66.1,Monsoon (Jun-Sep)
2022,8,August,Magura,Khulna,95.24,1143.98,0.083255,47.1,Monsoon (Jun-Sep)
2022,8,August,Manikganj,Dhaka,258.03,1531.92,0.168434,127.7,Monsoon (Jun-Sep)
2022,8,August,Maulvibazar,Sylhet,498.58,2819.05,0.176861,246.8,Monsoon (Jun-Sep)
2022,8,August,Meherpur,Khulna,409.42,732.79,0.558721,202.6,Monsoon (Jun-Sep)
2022,8,August,Munshiganj,Dhaka,137.31,1036.66,0.132453,68.0,Monsoon (Jun-Sep)
2022,8,August,Mymensingh,Dhaka,1693.3,4784.19,0.353938,838.1,Monsoon (Jun-Sep)
2022,8,August,Naogaon,Rajshahi,421.74,3824.58,0.110271,208.7,Monsoon (Jun-Sep)
2022,8,August,Narail,Khulna,100.92,1072.86,0.094065,49.9,Monsoon (Jun-Sep)
2022,8,August,Narayanganj,Dhaka,76.36,832.16,0.091765,37.8,Monsoon (Jun-Sep)
2022,8,August,Narsingdi,Dhaka,161.87,1281.34,0.126328,80.1,Monsoon (Jun-Sep)
2022,8,August,Natore,Rajshahi,276.94,2101.7,0.131769,137.1,Monsoon (Jun-Sep)
2022,8,August,Nawabganj,Rajshahi,156.82,1804.38,0.086912,77.6,Monsoon (Jun-Sep)
2022,8,August,Netrakona,Dhaka,643.34,3089.39,0.208243,318.4,Monsoon (Jun-Sep)
2022,8,August,Nilphamari,Rangpur,992.85,1836.84,0.540521,491.4,Monsoon (Jun-Sep)
2022,8,August,Noakhali,Chittagong,341.66,2642.03,0.129317,169.1,Monsoon (Jun-Sep)
2022,8,August,Pabna,Rajshahi,380.75,2634.14,0.144545,188.5,Monsoon (Jun-Sep)
2022,8,August,Panchagarh,Rangpur,887.35,1548.93,0.572878,439.2,Monsoon (Jun-Sep)
2022,8,August,Patuakhali,Barisal,721.74,2730.09,0.264365,357.2,Monsoon (Jun-Sep)
2022,8,August,Pirojpur,Barisal,376.61,1365.69,0.275768,186.4,Monsoon (Jun-Sep)
2022,8,August,Rajbari,Dhaka,167.38,1249.73,0.133932,82.8,Monsoon (Jun-Sep)
2022,8,August,Rajshahi,Rajshahi,220.15,2664.72,0.082617,109.0,Monsoon (Jun-Sep)
2022,8,August,Rangamati,Chittagong,449.66,6226.79,0.072214,222.6,Monsoon (Jun-Sep)
2022,8,August,Rangpur,Rangpur,1498.5,2572.65,0.582474,741.7,Monsoon (Jun-Sep)
2022,8,August,Satkhira,Khulna,1445.38,3543.74,0.40787,715.4,Monsoon (Jun-Sep)
2022,8,August,Shariatpur,Dhaka,202.75,1362.06,0.148855,100.4,Monsoon (Jun-Sep)
2022,8,August,Sherpur,Dhaka,342.01,1455.19,0.235029,169.3,Monsoon (Jun-Sep)
2022,8,August,Sirajganj,Rajshahi,502.5,2755.65,0.182351,248.7,Monsoon (Jun-Sep)
2022,8,August,Sunamganj,Sylhet,2098.98,4043.04,0.519158,1038.9,Monsoon (Jun-Sep)
2022,8,August,Sylhet,Sylhet,793.44,3847.75,0.206208,392.7,Monsoon (Jun-Sep)
2022,8,August,Tangail,Dhaka,336.28,3707.07,0.090714,166.4,Monsoon (Jun-Sep)
2022,8,August,Thakurgaon,Rangpur,1367.02,2008.93,0.680471,676.6,Monsoon (Jun-Sep)
2022,9,September,Bagerhat,Khulna,1424.58,3965.62,0.359233,705.1,Monsoon (Jun-Sep)
2022,9,September,Bandarban,Chittagong,3031.35,5000.66,0.606191,1500.4,Monsoon (Jun-Sep)
2022,9,September,Barguna,Barisal,278.8,1547.28,0.18019,138.0,Monsoon (Jun-Sep)
2022,9,September,Barisal,Barisal,587.82,2767.25,0.212421,290.9,Monsoon (Jun-Sep)
2022,9,September,Bhola,Barisal,765.82,2471.69,0.309838,379.0,Monsoon (Jun-Sep)
2022,9,September,Bogra,Rajshahi,285.77,3233.63,0.088373,141.4,Monsoon (Jun-Sep)
2022,9,September,Brahamanbaria,Chittagong,443.62,2104.07,0.210839,219.6,Monsoon (Jun-Sep)
2022,9,September,Chandpur,Chittagong,327.15,1864.17,0.175494,161.9,Monsoon (Jun-Sep)
2022,9,September,Chittagong,Chittagong,1546.41,4736.75,0.326471,765.4,Monsoon (Jun-Sep)
2022,9,September,Chuadanga,Khulna,725.69,1233.0,0.588551,359.2,Monsoon (Jun-Sep)
2022,9,September,Comilla,Chittagong,1126.44,3351.85,0.336065,557.5,Monsoon (Jun-Sep)
2022,9,September,Cox's Bazar,Chittagong,169.5,2206.6,0.076814,83.9,Monsoon (Jun-Sep)
2022,9,September,Dhaka,Dhaka,116.71,1611.18,0.072436,57.8,Monsoon (Jun-Sep)
2022,9,September,Dinajpur,Rangpur,2845.81,3829.09,0.743208,1408.5,Monsoon (Jun-Sep)
2022,9,September,Faridpur,Dhaka,217.28,2227.54,0.097544,107.5,Monsoon (Jun-Sep)
2022,9,September,Feni,Chittagong,442.85,960.78,0.46093,219.2,Monsoon (Jun-Sep)
2022,9,September,Gaibandha,Rangpur,308.97,2410.25,0.12819,152.9,Monsoon (Jun-Sep)
2022,9,September,Gazipur,Dhaka,138.46,1940.74,0.071345,68.5,Monsoon (Jun-Sep)
2022,9,September,Gopalganj,Dhaka,423.53,1602.77,0.264252,209.6,Monsoon (Jun-Sep)
2022,9,September,Habiganj,Sylhet,499.03,2857.81,0.17462,247.0,Monsoon (Jun-Sep)
2022,9,September,Jamalpur,Dhaka,160.58,2272.36,0.070667,79.5,Monsoon (Jun-Sep)
2022,9,September,Jessore,Khulna,175.02,2784.67,0.062852,86.6,Monsoon (Jun-Sep)
2022,9,September,Jhalokati,Barisal,179.69,807.93,0.22241,88.9,Monsoon (Jun-Sep)
2022,9,September,Jhenaidah,Khulna,1034.43,2143.59,0.48257,512.0,Monsoon (Jun-Sep)
2022,9,September,Joypurhat,Rajshahi,795.55,1081.54,0.735565,393.8,Monsoon (Jun-Sep)
2022,9,September,Khagrachhari,Chittagong,851.06,3108.48,0.273786,421.2,Monsoon (Jun-Sep)
2022,9,September,Khulna,Khulna,1584.62,3868.06,0.409667,784.3,Monsoon (Jun-Sep)
2022,9,September,Kishoreganj,Dhaka,1193.18,2821.62,0.422871,590.6,Monsoon (Jun-Sep)
2022,9,September,Kurigram,Rangpur,481.77,2481.86,0.194116,238.4,Monsoon (Jun-Sep)
2022,9,September,Kushtia,Khulna,160.59,1830.28,0.08774,79.5,Monsoon (Jun-Sep)
2022,9,September,Lakshmipur,Chittagong,334.78,1573.07,0.212822,165.7,Monsoon (Jun-Sep)
2022,9,September,Lalmonirhat,Rangpur,478.7,1381.75,0.346445,236.9,Monsoon (Jun-Sep)
2022,9,September,Madaripur,Dhaka,118.41,1257.23,0.09418,58.6,Monsoon (Jun-Sep)
2022,9,September,Magura,Khulna,40.58,1143.98,0.035476,20.1,Monsoon (Jun-Sep)
2022,9,September,Manikganj,Dhaka,254.71,1531.92,0.16627,126.1,Monsoon (Jun-Sep)
2022,9,September,Maulvibazar,Sylhet,359.2,2819.05,0.127418,177.8,Monsoon (Jun-Sep)
2022,9,September,Meherpur,Khulna,434.75,732.79,0.593288,215.2,Monsoon (Jun-Sep)
2022,9,September,Munshiganj,Dhaka,140.84,1036.66,0.135858,69.7,Monsoon (Jun-Sep)
2022,9,September,Mymensingh,Dhaka,2422.41,4784.19,0.506336,1199.0,Monsoon (Jun-Sep)
2022,9,September,Naogaon,Rajshahi,732.37,3824.58,0.191491,362.5,Monsoon (Jun-Sep)
2022,9,September,Narail,Khulna,91.28,1072.86,0.085082,45.2,Monsoon (Jun-Sep)
2022,9,September,Narayanganj,Dhaka,72.95,832.16,0.087665,36.1,Monsoon (Jun-Sep)
2022,9,September,Narsingdi,Dhaka,148.9,1281.34,0.116207,73.7,Monsoon (Jun-Sep)
2022,9,September,Natore,Rajshahi,183.13,2101.7,0.087136,90.6,Monsoon (Jun-Sep)
2022,9,September,Nawabganj,Rajshahi,176.43,1804.38,0.09778,87.3,Monsoon (Jun-Sep)
2022,9,September,Netrakona,Dhaka,756.9,3089.39,0.245,374.6,Monsoon (Jun-Sep)
2022,9,September,Nilphamari,Rangpur,1146.41,1836.84,0.624123,567.4,Monsoon (Jun-Sep)
2022,9,September,Noakhali,Chittagong,219.43,2642.03,0.083053,108.6,Monsoon (Jun-Sep)
2022,9,September,Pabna,Rajshahi,373.4,2634.14,0.141753,184.8,Monsoon (Jun-Sep)
2022,9,September,Panchagarh,Rangpur,957.79,1548.93,0.618358,474.1,Monsoon (Jun-Sep)
2022,9,September,Patuakhali,Barisal,411.81,2730.09,0.150843,203.8,Monsoon (Jun-Sep)
2022,9,September,Pirojpur,Barisal,345.98,1365.69,0.253336,171.2,Monsoon (Jun-Sep)
2022,9,September,Rajbari,Dhaka,174.42,1249.73,0.139566,86.3,Monsoon (Jun-Sep)
2022,9,September,Rajshahi,Rajshahi,247.18,2664.72,0.092759,122.3,Monsoon (Jun-Sep)
2022,9,September,Rangamati,Chittagong,410.65,6226.79,0.065949,203.2,Monsoon (Jun-Sep)
2022,9,September,Rangpur,Rangpur,1853.02,2572.65,0.720277,917.1,Monsoon (Jun-Sep)
2022,9,September,Satkhira,Khulna,1289.66,3543.74,0.363926,638.3,Monsoon (Jun-Sep)
2022,9,September,Shariatpur,Dhaka,196.83,1362.06,0.144508,97.4,Monsoon (Jun-Sep)
2022,9,September,Sherpur,Dhaka,477.13,1455.19,0.327879,236.2,Monsoon (Jun-Sep)
2022,9,September,Sirajganj,Rajshahi,580.38,2755.65,0.210615,287.3,Monsoon (Jun-Sep)
2022,9,September,Sunamganj,Sylhet,2139.48,4043.04,0.529177,1058.9,Monsoon (Jun-Sep)
2022,9,September,Sylhet,Sylhet,753.98,3847.75,0.195953,373.2,Monsoon (Jun-Sep)
2022,9,September,Tangail,Dhaka,268.03,3707.07,0.072304,132.7,Monsoon (Jun-Sep)
2022,9,September,Thakurgaon,Rangpur,1516.32,2008.93,0.75479,750.5,Monsoon (Jun-Sep)
2022,10,October,Bagerhat,Khulna,1210.89,3965.62,0.305346,599.3,Post-Monsoon (Oct-Nov)
2022,10,October,Bandarban,Chittagong,2803.79,5000.66,0.560685,1387.7,Post-Monsoon (Oct-Nov)
2022,10,October,Barguna,Barisal,161.86,1547.28,0.104608,80.1,Post-Monsoon (Oct-Nov)
2022,10,October,Barisal,Barisal,523.52,2767.25,0.189185,259.1,Post-Monsoon (Oct-Nov)
2022,10,October,Bhola,Barisal,699.57,2471.69,0.283034,346.2,Post-Monsoon (Oct-Nov)
2022,10,October,Bogra,Rajshahi,245.4,3233.63,0.075891,121.5,Post-Monsoon (Oct-Nov)
2022,10,October,Brahamanbaria,Chittagong,427.98,2104.07,0.203405,211.8,Post-Monsoon (Oct-Nov)
2022,10,October,Chandpur,Chittagong,320.1,1864.17,0.171714,158.4,Post-Monsoon (Oct-Nov)
2022,10,October,Chittagong,Chittagong,1668.72,4736.75,0.352293,825.9,Post-Monsoon (Oct-Nov)
2022,10,October,Chuadanga,Khulna,514.47,1233.0,0.417247,254.6,Post-Monsoon (Oct-Nov)
2022,10,October,Comilla,Chittagong,1259.17,3351.85,0.375665,623.2,Post-Monsoon (Oct-Nov)
2022,10,October,Cox's Bazar,Chittagong,289.86,2206.6,0.131362,143.5,Post-Monsoon (Oct-Nov)
2022,10,October,Dhaka,Dhaka,114.58,1611.18,0.071113,56.7,Post-Monsoon (Oct-Nov)
2022,10,October,Dinajpur,Rangpur,2884.48,3829.09,0.753308,1427.7,Post-Monsoon (Oct-Nov)
2022,10,October,Faridpur,Dhaka,186.68,2227.54,0.083804,92.4,Post-Monsoon (Oct-Nov)
2022,10,October,Feni,Chittagong,417.38,960.78,0.434423,206.6,Post-Monsoon (Oct-Nov)
2022,10,October,Gaibandha,Rangpur,293.64,2410.25,0.12183,145.3,Post-Monsoon (Oct-Nov)
2022,10,October,Gazipur,Dhaka,172.2,1940.74,0.088731,85.2,Post-Monsoon (Oct-Nov)
2022,10,October,Gopalganj,Dhaka,234.44,1602.77,0.146272,116.0,Post-Monsoon (Oct-Nov)
2022,10,October,Habiganj,Sylhet,533.38,2857.81,0.186639,264.0,Post-Monsoon (Oct-Nov)
2022,10,October,Jamalpur,Dhaka,175.6,2272.36,0.077279,86.9,Post-Monsoon (Oct-Nov)
2022,10,October,Jessore,Khulna,447.75,2784.67,0.160789,221.6,Post-Monsoon (Oct-Nov)
2022,10,October,Jhalokati,Barisal,38.04,807.93,0.047082,18.8,Post-Monsoon (Oct-Nov)
2022,10,October,Jhenaidah,Khulna,962.86,2143.59,0.449182,476.6,Post-Monsoon (Oct-Nov)
2022,10,October,Joypurhat,Rajshahi,805.78,1081.54,0.74503,398.8,Post-Monsoon (Oct-Nov)
2022,10,October,Khagrachhari,Chittagong,1473.52,3108.48,0.474032,729.3,Post-Monsoon (Oct-Nov)
2022,10,October,Khulna,Khulna,945.63,3868.06,0.244472,468.0,Post-Monsoon (Oct-Nov)
2022,10,October,Kishoreganj,Dhaka,1127.35,2821.62,0.399542,558.0,Post-Monsoon (Oct-Nov)
2022,10,October,Kurigram,Rangpur,430.63,2481.86,0.173513,213.1,Post-Monsoon (Oct-Nov)
2022,10,October,Kushtia,Khulna,145.15,1830.28,0.079306,71.8,Post-Monsoon (Oct-Nov)
2022,10,October,Lakshmipur,Chittagong,309.66,1573.07,0.196853,153.3,Post-Monsoon (Oct-Nov)
2022,10,October,Lalmonirhat,Rangpur,741.45,1381.75,0.5366,367.0,Post-Monsoon (Oct-Nov)
2022,10,October,Madaripur,Dhaka,115.99,1257.23,0.092258,57.4,Post-Monsoon (Oct-Nov)
2022,10,October,Magura,Khulna,38.59,1143.98,0.033737,19.1,Post-Monsoon (Oct-Nov)
2022,10,October,Manikganj,Dhaka,251.27,1531.92,0.164021,124.4,Post-Monsoon (Oct-Nov)
2022,10,October,Maulvibazar,Sylhet,329.82,2819.05,0.116996,163.2,Post-Monsoon (Oct-Nov)
2022,10,October,Meherpur,Khulna,341.78,732.79,0.466415,169.2,Post-Monsoon (Oct-Nov)
2022,10,October,Munshiganj,Dhaka,141.34,1036.66,0.136341,70.0,Post-Monsoon (Oct-Nov)
2022,10,October,Mymensingh,Dhaka,2521.01,4784.19,0.526946,1247.8,Post-Monsoon (Oct-Nov)
2022,10,October,Naogaon,Rajshahi,1026.54,3824.58,0.268405,508.1,Post-Monsoon (Oct-Nov)
2022,10,October,Narail,Khulna,93.24,1072.86,0.086903,46.1,Post-Monsoon (Oct-Nov)
2022,10,October,Narayanganj,Dhaka,67.43,832.16,0.081032,33.4,Post-Monsoon (Oct-Nov)
2022,10,October,Narsingdi,Dhaka,132.13,1281.34,0.103121,65.4,Post-Monsoon (Oct-Nov)
2022,10,October,Natore,Rajshahi,156.77,2101.7,0.074594,77.6,Post-Monsoon (Oct-Nov)
2022,10,October,Nawabganj,Rajshahi,173.66,1804.38,0.096246,86.0,Post-Monsoon (Oct-Nov)
2022,10,October,Netrakona,Dhaka,639.16,3089.39,0.20689,316.3,Post-Monsoon (Oct-Nov)
2022,10,October,Nilphamari,Rangpur,1087.85,1836.84,0.592239,538.4,Post-Monsoon (Oct-Nov)
2022,10,October,Noakhali,Chittagong,183.28,2642.03,0.069373,90.7,Post-Monsoon (Oct-Nov)
2022,10,October,Pabna,Rajshahi,330.74,2634.14,0.12556,163.7,Post-Monsoon (Oct-Nov)
2022,10,October,Panchagarh,Rangpur,971.26,1548.93,0.627054,480.7,Post-Monsoon (Oct-Nov)
2022,10,October,Patuakhali,Barisal,235.44,2730.09,0.086238,116.5,Post-Monsoon (Oct-Nov)
2022,10,October,Pirojpur,Barisal,99.18,1365.69,0.072621,49.1,Post-Monsoon (Oct-Nov)
2022,10,October,Rajbari,Dhaka,151.68,1249.73,0.121372,75.1,Post-Monsoon (Oct-Nov)
2022,10,October,Rajshahi,Rajshahi,265.84,2664.72,0.099763,131.6,Post-Monsoon (Oct-Nov)
2022,10,October,Rangamati,Chittagong,407.27,6226.79,0.065407,201.6,Post-Monsoon (Oct-Nov)
2022,10,October,Rangpur,Rangpur,1803.76,2572.65,0.701131,892.8,Post-Monsoon (Oct-Nov)
2022,10,October,Satkhira,Khulna,1345.35,3543.74,0.379641,665.9,Post-Monsoon (Oct-Nov)
2022,10,October,Shariatpur,Dhaka,195.3,1362.06,0.143388,96.7,Post-Monsoon (Oct-Nov)
2022,10,October,Sherpur,Dhaka,695.23,1455.19,0.477758,344.1,Post-Monsoon (Oct-Nov)
2022,10,October,Sirajganj,Rajshahi,560.77,2755.65,0.2035,277.6,Post-Monsoon (Oct-Nov)
2022,10,October,Sunamganj,Sylhet,1980.22,4043.04,0.489784,980.1,Post-Monsoon (Oct-Nov)
2022,10,October,Sylhet,Sylhet,625.69,3847.75,0.162612,309.7,Post-Monsoon (Oct-Nov)
2022,10,October,Tangail,Dhaka,240.55,3707.07,0.064889,119.1,Post-Monsoon (Oct-Nov)
2022,10,October,Thakurgaon,Rangpur,1397.01,2008.93,0.6954,691.4,Post-Monsoon (Oct-Nov)
2022,11,November,Bagerhat,Khulna,1120.38,3965.62,0.282524,554.5,Post-Monsoon (Oct-Nov)
2022,11,November,Bandarban,Chittagong,2936.15,5000.66,0.587153,1453.2,Post-Monsoon (Oct-Nov)
2022,11,November,Barguna,Barisal,160.4,1547.28,0.103664,79.4,Post-Monsoon (Oct-Nov)
2022,11,November,Barisal,Barisal,510.49,2767.25,0.184476,252.7,Post-Monsoon (Oct-Nov)
2022,11,November,Bhola,Barisal,696.32,2471.69,0.281716,344.6,Post-Monsoon (Oct-Nov)
2022,11,November,Bogra,Rajshahi,308.65,3233.63,0.095448,152.8,Post-Monsoon (Oct-Nov)
2022,11,November,Brahamanbaria,Chittagong,206.17,2104.07,0.097986,102.0,Post-Monsoon (Oct-Nov)
2022,11,November,Chandpur,Chittagong,297.65,1864.17,0.159671,147.3,Post-Monsoon (Oct-Nov)
2022,11,November,Chittagong,Chittagong,1482.34,4736.75,0.312945,733.7,Post-Monsoon (Oct-Nov)
2022,11,November,Chuadanga,Khulna,778.43,1233.0,0.631325,385.3,Post-Monsoon (Oct-Nov)
2022,11,November,Comilla,Chittagong,1327.46,3351.85,0.396038,657.0,Post-Monsoon (Oct-Nov)
2022,11,November,Cox's Bazar,Chittagong,282.83,2206.6,0.128173,140.0,Post-Monsoon (Oct-Nov)
2022,11,November,Dhaka,Dhaka,156.59,1611.18,0.09719,77.5,Post-Monsoon (Oct-Nov)
2022,11,November,Dinajpur,Rangpur,3032.61,3829.09,0.791994,1501.0,Post-Monsoon (Oct-Nov)
2022,11,November,Faridpur,Dhaka,129.45,2227.54,0.058115,64.1,Post-Monsoon (Oct-Nov)
2022,11,November,Feni,Chittagong,477.9,960.78,0.497409,236.5,Post-Monsoon (Oct-Nov)
2022,11,November,Gaibandha,Rangpur,256.03,2410.25,0.106224,126.7,Post-Monsoon (Oct-Nov)
2022,11,November,Gazipur,Dhaka,757.04,1940.74,0.39008,374.7,Post-Monsoon (Oct-Nov)
2022,11,November,Gopalganj,Dhaka,246.3,1602.77,0.15367,121.9,Post-Monsoon (Oct-Nov)
2022,11,November,Habiganj,Sylhet,575.66,2857.81,0.201435,284.9,Post-Monsoon (Oct-Nov)
2022,11,November,Jamalpur,Dhaka,189.85,2272.36,0.083547,94.0,Post-Monsoon (Oct-Nov)
2022,11,November,Jessore,Khulna,204.79,2784.67,0.073542,101.4,Post-Monsoon (Oct-Nov)
2022,11,November,Jhalokati,Barisal,41.59,807.93,0.051475,20.6,Post-Monsoon (Oct-Nov)
2022,11,November,Jhenaidah,Khulna,1220.86,2143.59,0.569541,604.3,Post-Monsoon (Oct-Nov)
2022,11,November,Joypurhat,Rajshahi,872.78,1081.54,0.806971,432.0,Post-Monsoon (Oct-Nov)
2022,11,November,Khagrachhari,Chittagong,1841.42,3108.48,0.592388,911.4,Post-Monsoon (Oct-Nov)
2022,11,November,Khulna,Khulna,1147.72,3868.06,0.296719,568.1,Post-Monsoon (Oct-Nov)
2022,11,November,Kishoreganj,Dhaka,493.87,2821.62,0.17503,244.4,Post-Monsoon (Oct-Nov)
2022,11,November,Kurigram,Rangpur,384.88,2481.86,0.155077,190.5,Post-Monsoon (Oct-Nov)
2022,11,November,Kushtia,Khulna,134.42,1830.28,0.073442,66.5,Post-Monsoon (Oct-Nov)
2022,11,November,Lakshmipur,Chittagong,307.18,1573.07,0.195274,152.0,Post-Monsoon (Oct-Nov)
2022,11,November,Lalmonirhat,Rangpur,757.84,1381.75,0.548464,375.1,Post-Monsoon (Oct-Nov)
2022,11,November,Madaripur,Dhaka,113.53,1257.23,0.0903,56.2,Post-Monsoon (Oct-Nov)
2022,11,November,Magura,Khulna,27.8,1143.98,0.024298,13.8,Post-Monsoon (Oct-Nov)
2022,11,November,Manikganj,Dhaka,206.28,1531.92,0.134655,102.1,Post-Monsoon (Oct-Nov)
2022,11,November,Maulvibazar,Sylhet,247.73,2819.05,0.087877,122.6,Post-Monsoon (Oct-Nov)
2022,11,November,Meherpur,Khulna,445.15,732.79,0.607473,220.3,Post-Monsoon (Oct-Nov)
2022,11,November,Munshiganj,Dhaka,129.75,1036.66,0.125166,64.2,Post-Monsoon (Oct-Nov)
2022,11,November,Mymensingh,Dhaka,2520.38,4784.19,0.526815,1247.4,Post-Monsoon (Oct-Nov)
2022,11,November,Naogaon,Rajshahi,1784.45,3824.58,0.466576,883.2,Post-Monsoon (Oct-Nov)
2022,11,November,Narail,Khulna,98.49,1072.86,0.091805,48.7,Post-Monsoon (Oct-Nov)
2022,11,November,Narayanganj,Dhaka,56.07,832.16,0.067384,27.8,Post-Monsoon (Oct-Nov)
2022,11,November,Narsingdi,Dhaka,78.6,1281.34,0.06134,38.9,Post-Monsoon (Oct-Nov)
2022,11,November,Natore,Rajshahi,98.29,2101.7,0.046766,48.6,Post-Monsoon (Oct-Nov)
2022,11,November,Nawabganj,Rajshahi,135.64,1804.38,0.075173,67.1,Post-Monsoon (Oct-Nov)
2022,11,November,Netrakona,Dhaka,425.05,3089.39,0.137584,210.4,Post-Monsoon (Oct-Nov)
2022,11,November,Nilphamari,Rangpur,1153.58,1836.84,0.628023,571.0,Post-Monsoon (Oct-Nov)
2022,11,November,Noakhali,Chittagong,178.71,2642.03,0.067642,88.5,Post-Monsoon (Oct-Nov)
2022,11,November,Pabna,Rajshahi,173.7,2634.14,0.065941,86.0,Post-Monsoon (Oct-Nov)
2022,11,November,Panchagarh,Rangpur,1025.18,1548.93,0.66186,507.4,Post-Monsoon (Oct-Nov)
2022,11,November,Patuakhali,Barisal,228.94,2730.09,0.083858,113.3,Post-Monsoon (Oct-Nov)
2022,11,November,Pirojpur,Barisal,111.27,1365.69,0.081479,55.1,Post-Monsoon (Oct-Nov)
2022,11,November,Rajbari,Dhaka,125.35,1249.73,0.100305,62.0,Post-Monsoon (Oct-Nov)
2022,11,November,Rajshahi,Rajshahi,191.46,2664.72,0.07185,94.8,Post-Monsoon (Oct-Nov)
2022,11,November,Rangamati,Chittagong,396.16,6226.79,0.063622,196.1,Post-Monsoon (Oct-Nov)
2022,11,November,Rangpur,Rangpur,1855.82,2572.65,0.721367,918.5,Post-Monsoon (Oct-Nov)
2022,11,November,Satkhira,Khulna,1410.31,3543.74,0.397971,698.0,Post-Monsoon (Oct-Nov)
2022,11,November,Shariatpur,Dhaka,167.2,1362.06,0.122753,82.8,Post-Monsoon (Oct-Nov)
2022,11,November,Sherpur,Dhaka,862.57,1455.19,0.592754,426.9,Post-Monsoon (Oct-Nov)
2022,11,November,Sirajganj,Rajshahi,355.69,2755.65,0.129076,176.0,Post-Monsoon (Oct-Nov)
2022,11,November,Sunamganj,Sylhet,1401.6,4043.04,0.346671,693.7,Post-Monsoon (Oct-Nov)
2022,11,November,Sylhet,Sylhet,556.89,3847.75,0.144732,275.6,Post-Monsoon (Oct-Nov)
2022,11,November,Tangail,Dhaka,633.83,3707.07,0.170979,313.7,Post-Monsoon (Oct-Nov)
2022,11,November,Thakurgaon,Rangpur,1699.23,2008.93,0.845836,841.0,Post-Monsoon (Oct-Nov)
2022,12,December,Bagerhat,Khulna,997.45,3965.62,0.251524,493.7,Dry Winter (Dec-Feb)
2022,12,December,Bandarban,Chittagong,2776.42,5000.66,0.555211,1374.2,Dry Winter (Dec-Feb)
2022,12,December,Barguna,Barisal,161.39,1547.28,0.104307,79.9,Dry Winter (Dec-Feb)
2022,12,December,Barisal,Barisal,482.45,2767.25,0.174343,238.8,Dry Winter (Dec-Feb)
2022,12,December,Bhola,Barisal,673.71,2471.69,0.272571,333.4,Dry Winter (Dec-Feb)
2022,12,December,Bogra,Rajshahi,302.42,3233.63,0.093523,149.7,Dry Winter (Dec-Feb)
2022,12,December,Brahamanbaria,Chittagong,642.67,2104.07,0.305439,318.1,Dry Winter (Dec-Feb)
2022,12,December,Chandpur,Chittagong,281.88,1864.17,0.151208,139.5,Dry Winter (Dec-Feb)
2022,12,December,Chittagong,Chittagong,1867.36,4736.75,0.394228,924.2,Dry Winter (Dec-Feb)
2022,12,December,Chuadanga,Khulna,632.73,1233.0,0.51316,313.2,Dry Winter (Dec-Feb)
2022,12,December,Comilla,Chittagong,1562.45,3351.85,0.466146,773.3,Dry Winter (Dec-Feb)
2022,12,December,Cox's Bazar,Chittagong,998.67,2206.6,0.452581,494.3,Dry Winter (Dec-Feb)
2022,12,December,Dhaka,Dhaka,827.96,1611.18,0.513888,409.8,Dry Winter (Dec-Feb)
2022,12,December,Dinajpur,Rangpur,2605.86,3829.09,0.680544,1289.8,Dry Winter (Dec-Feb)
2022,12,December,Faridpur,Dhaka,107.23,2227.54,0.048138,53.1,Dry Winter (Dec-Feb)
2022,12,December,Feni,Chittagong,454.99,960.78,0.473566,225.2,Dry Winter (Dec-Feb)
2022,12,December,Gaibandha,Rangpur,255.54,2410.25,0.106024,126.5,Dry Winter (Dec-Feb)
2022,12,December,Gazipur,Dhaka,1093.42,1940.74,0.563403,541.2,Dry Winter (Dec-Feb)
2022,12,December,Gopalganj,Dhaka,338.51,1602.77,0.211203,167.5,Dry Winter (Dec-Feb)
2022,12,December,Habiganj,Sylhet,875.41,2857.81,0.30632,433.3,Dry Winter (Dec-Feb)
2022,12,December,Jamalpur,Dhaka,258.07,2272.36,0.113569,127.7,Dry Winter (Dec-Feb)
2022,12,December,Jessore,Khulna,252.35,2784.67,0.090619,124.9,Dry Winter (Dec-Feb)
2022,12,December,Jhalokati,Barisal,38.13,807.93,0.047192,18.9,Dry Winter (Dec-Feb)
2022,12,December,Jhenaidah,Khulna,1068.63,2143.59,0.498524,528.9,Dry Winter (Dec-Feb)
2022,12,December,Joypurhat,Rajshahi,578.07,1081.54,0.534485,286.1,Dry Winter (Dec-Feb)
2022,12,December,Khagrachhari,Chittagong,1878.49,3108.48,0.604312,929.7,Dry Winter (Dec-Feb)
2022,12,December,Khulna,Khulna,993.26,3868.06,0.256784,491.6,Dry Winter (Dec-Feb)
2022,12,December,Kishoreganj,Dhaka,207.8,2821.62,0.073646,102.8,Dry Winter (Dec-Feb)
2022,12,December,Kurigram,Rangpur,381.55,2481.86,0.153737,188.8,Dry Winter (Dec-Feb)
2022,12,December,Kushtia,Khulna,128.06,1830.28,0.069967,63.4,Dry Winter (Dec-Feb)
2022,12,December,Lakshmipur,Chittagong,303.49,1573.07,0.192929,150.2,Dry Winter (Dec-Feb)
2022,12,December,Lalmonirhat,Rangpur,663.39,1381.75,0.480111,328.3,Dry Winter (Dec-Feb)
2022,12,December,Madaripur,Dhaka,119.23,1257.23,0.094832,59.0,Dry Winter (Dec-Feb)
2022,12,December,Magura,Khulna,353.94,1143.98,0.309391,175.2,Dry Winter (Dec-Feb)
2022,12,December,Manikganj,Dhaka,189.51,1531.92,0.123707,93.8,Dry Winter (Dec-Feb)
2022,12,December,Maulvibazar,Sylhet,283.55,2819.05,0.100584,140.3,Dry Winter (Dec-Feb)
2022,12,December,Meherpur,Khulna,362.78,732.79,0.495073,179.6,Dry Winter (Dec-Feb)
2022,12,December,Munshiganj,Dhaka,107.11,1036.66,0.103326,53.0,Dry Winter (Dec-Feb)
2022,12,December,Mymensingh,Dhaka,2569.05,4784.19,0.536988,1271.5,Dry Winter (Dec-Feb)
2022,12,December,Naogaon,Rajshahi,2048.77,3824.58,0.535686,1014.0,Dry Winter (Dec-Feb)
2022,12,December,Narail,Khulna,149.08,1072.86,0.138957,73.8,Dry Winter (Dec-Feb)
2022,12,December,Narayanganj,Dhaka,340.88,832.16,0.409632,168.7,Dry Winter (Dec-Feb)
2022,12,December,Narsingdi,Dhaka,65.06,1281.34,0.050774,32.2,Dry Winter (Dec-Feb)
2022,12,December,Natore,Rajshahi,416.65,2101.7,0.198246,206.2,Dry Winter (Dec-Feb)
2022,12,December,Nawabganj,Rajshahi,197.45,1804.38,0.109427,97.7,Dry Winter (Dec-Feb)
2022,12,December,Netrakona,Dhaka,545.9,3089.39,0.176702,270.2,Dry Winter (Dec-Feb)
2022,12,December,Nilphamari,Rangpur,1002.04,1836.84,0.545522,496.0,Dry Winter (Dec-Feb)
2022,12,December,Noakhali,Chittagong,186.36,2642.03,0.070538,92.2,Dry Winter (Dec-Feb)
2022,12,December,Pabna,Rajshahi,187.59,2634.14,0.071216,92.8,Dry Winter (Dec-Feb)
2022,12,December,Panchagarh,Rangpur,814.45,1548.93,0.525814,403.1,Dry Winter (Dec-Feb)
2022,12,December,Patuakhali,Barisal,230.69,2730.09,0.084497,114.2,Dry Winter (Dec-Feb)
2022,12,December,Pirojpur,Barisal,112.18,1365.69,0.082142,55.5,Dry Winter (Dec-Feb)
2022,12,December,Rajbari,Dhaka,114.02,1249.73,0.091237,56.4,Dry Winter (Dec-Feb)
2022,12,December,Rajshahi,Rajshahi,342.53,2664.72,0.128544,169.5,Dry Winter (Dec-Feb)
2022,12,December,Rangamati,Chittagong,395.0,6226.79,0.063436,195.5,Dry Winter (Dec-Feb)
2022,12,December,Rangpur,Rangpur,1674.29,2572.65,0.650804,828.7,Dry Winter (Dec-Feb)
2022,12,December,Satkhira,Khulna,1368.77,3543.74,0.386251,677.5,Dry Winter (Dec-Feb)
2022,12,December,Shariatpur,Dhaka,154.45,1362.06,0.113393,76.4,Dry Winter (Dec-Feb)
2022,12,December,Sherpur,Dhaka,948.77,1455.19,0.651988,469.6,Dry Winter (Dec-Feb)
2022,12,December,Sirajganj,Rajshahi,312.16,2755.65,0.113281,154.5,Dry Winter (Dec-Feb)
2022,12,December,Sunamganj,Sylhet,814.58,4043.04,0.201478,403.2,Dry Winter (Dec-Feb)
2022,12,December,Sylhet,Sylhet,726.53,3847.75,0.18882,359.6,Dry Winter (Dec-Feb)
2022,12,December,Tangail,Dhaka,1679.73,3707.07,0.453114,831.4,Dry Winter (Dec-Feb)
2022,12,December,Thakurgaon,Rangpur,1190.51,2008.93,0.592605,589.2,Dry Winter (Dec-Feb)
2023,1,January,Bagerhat,Khulna,909.34,3965.62,0.229306,450.1,Dry Winter (Dec-Feb)
2023,1,January,Bandarban,Chittagong,2851.32,5000.66,0.570189,1411.2,Dry Winter (Dec-Feb)
2023,1,January,Barguna,Barisal,159.29,1547.28,0.102947,78.8,Dry Winter (Dec-Feb)
2023,1,January,Barisal,Barisal,438.54,2767.25,0.158476,217.1,Dry Winter (Dec-Feb)
2023,1,January,Bhola,Barisal,690.04,2471.69,0.279175,341.5,Dry Winter (Dec-Feb)
2023,1,January,Bogra,Rajshahi,178.12,3233.63,0.055083,88.2,Dry Winter (Dec-Feb)
2023,1,January,Brahamanbaria,Chittagong,1032.43,2104.07,0.490684,511.0,Dry Winter (Dec-Feb)
2023,1,January,Chandpur,Chittagong,265.31,1864.17,0.142321,131.3,Dry Winter (Dec-Feb)
2023,1,January,Chittagong,Chittagong,2060.04,4736.75,0.434906,1019.6,Dry Winter (Dec-Feb)
2023,1,January,Chuadanga,Khulna,765.54,1233.0,0.620872,378.9,Dry Winter (Dec-Feb)
2023,1,January,Comilla,Chittagong,1614.01,3351.85,0.481529,798.8,Dry Winter (Dec-Feb)
2023,1,January,Cox's Bazar,Chittagong,906.37,2206.6,0.410752,448.6,Dry Winter (Dec-Feb)
2023,1,January,Dhaka,Dhaka,735.07,1611.18,0.456232,363.8,Dry Winter (Dec-Feb)
2023,1,January,Dinajpur,Rangpur,1434.1,3829.09,0.374527,709.8,Dry Winter (Dec-Feb)
2023,1,January,Faridpur,Dhaka,644.19,2227.54,0.289192,318.8,Dry Winter (Dec-Feb)
2023,1,January,Feni,Chittagong,460.09,960.78,0.478876,227.7,Dry Winter (Dec-Feb)
2023,1,January,Gaibandha,Rangpur,160.89,2410.25,0.066753,79.6,Dry Winter (Dec-Feb)
2023,1,January,Gazipur,Dhaka,818.17,1940.74,0.421575,404.9,Dry Winter (Dec-Feb)
2023,1,January,Gopalganj,Dhaka,723.91,1602.77,0.451665,358.3,Dry Winter (Dec-Feb)
2023,1,January,Habiganj,Sylhet,1605.52,2857.81,0.5618,794.6,Dry Winter (Dec-Feb)
2023,1,January,Jamalpur,Dhaka,158.67,2272.36,0.069826,78.5,Dry Winter (Dec-Feb)
2023,1,January,Jessore,Khulna,811.43,2784.67,0.29139,401.6,Dry Winter (Dec-Feb)
2023,1,January,Jhalokati,Barisal,36.28,807.93,0.044911,18.0,Dry Winter (Dec-Feb)
2023,1,January,Jhenaidah,Khulna,991.26,2143.59,0.462431,490.6,Dry Winter (Dec-Feb)
2023,1,January,Joypurhat,Rajshahi,436.38,1081.54,0.403481,216.0,Dry Winter (Dec-Feb)
2023,1,January,Khagrachhari,Chittagong,1889.53,3108.48,0.607864,935.2,Dry Winter (Dec-Feb)
2023,1,January,Khulna,Khulna,959.66,3868.06,0.248098,475.0,Dry Winter (Dec-Feb)
2023,1,January,Kishoreganj,Dhaka,1149.56,2821.62,0.407411,569.0,Dry Winter (Dec-Feb)
2023,1,January,Kurigram,Rangpur,444.51,2481.86,0.179103,220.0,Dry Winter (Dec-Feb)
2023,1,January,Kushtia,Khulna,129.94,1830.28,0.070997,64.3,Dry Winter (Dec-Feb)
2023,1,January,Lakshmipur,Chittagong,305.81,1573.07,0.194404,151.4,Dry Winter (Dec-Feb)
2023,1,January,Lalmonirhat,Rangpur,83.87,1381.75,0.060696,41.5,Dry Winter (Dec-Feb)
2023,1,January,Madaripur,Dhaka,108.06,1257.23,0.085951,53.5,Dry Winter (Dec-Feb)
2023,1,January,Magura,Khulna,583.55,1143.98,0.510108,288.8,Dry Winter (Dec-Feb)
2023,1,January,Manikganj,Dhaka,194.38,1531.92,0.126888,96.2,Dry Winter (Dec-Feb)
2023,1,January,Maulvibazar,Sylhet,1101.86,2819.05,0.390863,545.4,Dry Winter (Dec-Feb)
2023,1,January,Meherpur,Khulna,430.25,732.79,0.587148,212.9,Dry Winter (Dec-Feb)
2023,1,January,Munshiganj,Dhaka,98.92,1036.66,0.09542,49.0,Dry Winter (Dec-Feb)
2023,1,January,Mymensingh,Dhaka,2334.11,4784.19,0.48788,1155.3,Dry Winter (Dec-Feb)
2023,1,January,Naogaon,Rajshahi,2143.69,3824.58,0.560503,1061.0,Dry Winter (Dec-Feb)
2023,1,January,Narail,Khulna,147.36,1072.86,0.13735,72.9,Dry Winter (Dec-Feb)
2023,1,January,Narayanganj,Dhaka,298.64,832.16,0.358872,147.8,Dry Winter (Dec-Feb)
2023,1,January,Narsingdi,Dhaka,61.56,1281.34,0.048045,30.5,Dry Winter (Dec-Feb)
2023,1,January,Natore,Rajshahi,1140.47,2101.7,0.54264,564.5,Dry Winter (Dec-Feb)
2023,1,January,Nawabganj,Rajshahi,733.48,1804.38,0.406499,363.0,Dry Winter (Dec-Feb)
2023,1,January,Netrakona,Dhaka,1555.51,3089.39,0.503501,769.9,Dry Winter (Dec-Feb)
2023,1,January,Nilphamari,Rangpur,83.93,1836.84,0.045692,41.5,Dry Winter (Dec-Feb)
2023,1,January,Noakhali,Chittagong,173.13,2642.03,0.065528,85.7,Dry Winter (Dec-Feb)
2023,1,January,Pabna,Rajshahi,804.72,2634.14,0.305495,398.3,Dry Winter (Dec-Feb)
2023,1,January,Panchagarh,Rangpur,986.55,1548.93,0.636924,488.3,Dry Winter (Dec-Feb)
2023,1,January,Patuakhali,Barisal,222.55,2730.09,0.081516,110.1,Dry Winter (Dec-Feb)
2023,1,January,Pirojpur,Barisal,97.34,1365.69,0.071272,48.2,Dry Winter (Dec-Feb)
2023,1,January,Rajbari,Dhaka,111.4,1249.73,0.089142,55.1,Dry Winter (Dec-Feb)
2023,1,January,Rajshahi,Rajshahi,624.26,2664.72,0.234268,309.0,Dry Winter (Dec-Feb)
2023,1,January,Rangamati,Chittagong,385.42,6226.79,0.061897,190.8,Dry Winter (Dec-Feb)
2023,1,January,Rangpur,Rangpur,210.05,2572.65,0.081649,104.0,Dry Winter (Dec-Feb)
2023,1,January,Satkhira,Khulna,1054.41,3543.74,0.297541,521.9,Dry Winter (Dec-Feb)
2023,1,January,Shariatpur,Dhaka,133.86,1362.06,0.098275,66.3,Dry Winter (Dec-Feb)
2023,1,January,Sherpur,Dhaka,900.74,1455.19,0.618979,445.8,Dry Winter (Dec-Feb)
2023,1,January,Sirajganj,Rajshahi,358.31,2755.65,0.130026,177.3,Dry Winter (Dec-Feb)
2023,1,January,Sunamganj,Sylhet,397.15,4043.04,0.09823,196.6,Dry Winter (Dec-Feb)
2023,1,January,Sylhet,Sylhet,2022.1,3847.75,0.525528,1000.8,Dry Winter (Dec-Feb)
2023,1,January,Tangail,Dhaka,1610.63,3707.07,0.434475,797.2,Dry Winter (Dec-Feb)
2023,1,January,Thakurgaon,Rangpur,1160.41,2008.93,0.577624,574.3,Dry Winter (Dec-Feb)
2023,2,February,Bagerhat,Khulna,658.1,3965.62,0.165952,325.7,Dry Winter (Dec-Feb)
2023,2,February,Bandarban,Chittagong,3397.18,5000.66,0.679347,1681.4,Dry Winter (Dec-Feb)
2023,2,February,Barguna,Barisal,155.54,1547.28,0.100523,77.0,Dry Winter (Dec-Feb)
2023,2,February,Barisal,Barisal,426.27,2767.25,0.15404,211.0,Dry Winter (Dec-Feb)
2023,2,February,Bhola,Barisal,657.36,2471.69,0.265956,325.4,Dry Winter (Dec-Feb)
2023,2,February,Bogra,Rajshahi,1360.73,3233.63,0.420804,673.5,Dry Winter (Dec-Feb)
2023,2,February,Brahamanbaria,Chittagong,1096.57,2104.07,0.521167,542.7,Dry Winter (Dec-Feb)
2023,2,February,Chandpur,Chittagong,264.0,1864.17,0.141617,130.7,Dry Winter (Dec-Feb)
2023,2,February,Chittagong,Chittagong,2098.61,4736.75,0.443049,1038.7,Dry Winter (Dec-Feb)
2023,2,February,Chuadanga,Khulna,767.18,1233.0,0.622207,379.7,Dry Winter (Dec-Feb)
2023,2,February,Comilla,Chittagong,1742.26,3351.85,0.519792,862.3,Dry Winter (Dec-Feb)
2023,2,February,Cox's Bazar,Chittagong,877.37,2206.6,0.397612,434.2,Dry Winter (Dec-Feb)
2023,2,February,Dhaka,Dhaka,792.83,1611.18,0.49208,392.4,Dry Winter (Dec-Feb)
2023,2,February,Dinajpur,Rangpur,1454.19,3829.09,0.379775,719.7,Dry Winter (Dec-Feb)
2023,2,February,Faridpur,Dhaka,1026.64,2227.54,0.460885,508.1,Dry Winter (Dec-Feb)
2023,2,February,Feni,Chittagong,477.49,960.78,0.496981,236.3,Dry Winter (Dec-Feb)
2023,2,February,Gaibandha,Rangpur,311.0,2410.25,0.129034,153.9,Dry Winter (Dec-Feb)
2023,2,February,Gazipur,Dhaka,1077.6,1940.74,0.555252,533.4,Dry Winter (Dec-Feb)
2023,2,February,Gopalganj,Dhaka,769.24,1602.77,0.479947,380.7,Dry Winter (Dec-Feb)
2023,2,February,Habiganj,Sylhet,1341.4,2857.81,0.46938,663.9,Dry Winter (Dec-Feb)
2023,2,February,Jamalpur,Dhaka,581.77,2272.36,0.256022,287.9,Dry Winter (Dec-Feb)
2023,2,February,Jessore,Khulna,401.45,2784.67,0.144165,198.7,Dry Winter (Dec-Feb)
2023,2,February,Jhalokati,Barisal,34.78,807.93,0.04305,17.2,Dry Winter (Dec-Feb)
2023,2,February,Jhenaidah,Khulna,904.76,2143.59,0.422077,447.8,Dry Winter (Dec-Feb)
2023,2,February,Joypurhat,Rajshahi,580.57,1081.54,0.536801,287.4,Dry Winter (Dec-Feb)
2023,2,February,Khagrachhari,Chittagong,2140.98,3108.48,0.688756,1059.7,Dry Winter (Dec-Feb)
2023,2,February,Khulna,Khulna,566.79,3868.06,0.146532,280.5,Dry Winter (Dec-Feb)
2023,2,February,Kishoreganj,Dhaka,1401.43,2821.62,0.496677,693.6,Dry Winter (Dec-Feb)
2023,2,February,Kurigram,Rangpur,403.46,2481.86,0.162562,199.7,Dry Winter (Dec-Feb)
2023,2,February,Kushtia,Khulna,225.56,1830.28,0.123235,111.6,Dry Winter (Dec-Feb)
2023,2,February,Lakshmipur,Chittagong,297.81,1573.07,0.189315,147.4,Dry Winter (Dec-Feb)
2023,2,February,Lalmonirhat,Rangpur,489.63,1381.75,0.354355,242.3,Dry Winter (Dec-Feb)
2023,2,February,Madaripur,Dhaka,88.18,1257.23,0.070141,43.6,Dry Winter (Dec-Feb)
2023,2,February,Magura,Khulna,675.5,1143.98,0.590482,334.3,Dry Winter (Dec-Feb)
2023,2,February,Manikganj,Dhaka,187.05,1531.92,0.122103,92.6,Dry Winter (Dec-Feb)
2023,2,February,Maulvibazar,Sylhet,1326.88,2819.05,0.470684,656.7,Dry Winter (Dec-Feb)
2023,2,February,Meherpur,Khulna,407.66,732.79,0.556316,201.8,Dry Winter (Dec-Feb)
2023,2,February,Munshiganj,Dhaka,105.06,1036.66,0.101348,52.0,Dry Winter (Dec-Feb)
2023,2,February,Mymensingh,Dhaka,2421.68,4784.19,0.506184,1198.6,Dry Winter (Dec-Feb)
2023,2,February,Naogaon,Rajshahi,2647.79,3824.58,0.69231,1310.5,Dry Winter (Dec-Feb)
2023,2,February,Narail,Khulna,49.89,1072.86,0.046499,24.7,Dry Winter (Dec-Feb)
2023,2,February,Narayanganj,Dhaka,407.72,832.16,0.489959,201.8,Dry Winter (Dec-Feb)
2023,2,February,Narsingdi,Dhaka,69.56,1281.34,0.054289,34.4,Dry Winter (Dec-Feb)
2023,2,February,Natore,Rajshahi,1390.06,2101.7,0.661398,688.0,Dry Winter (Dec-Feb)
2023,2,February,Nawabganj,Rajshahi,694.11,1804.38,0.384681,343.5,Dry Winter (Dec-Feb)
2023,2,February,Netrakona,Dhaka,1664.53,3089.39,0.538789,823.9,Dry Winter (Dec-Feb)
2023,2,February,Nilphamari,Rangpur,641.91,1836.84,0.349462,317.7,Dry Winter (Dec-Feb)
2023,2,February,Noakhali,Chittagong,170.78,2642.03,0.064641,84.5,Dry Winter (Dec-Feb)
2023,2,February,Pabna,Rajshahi,1122.1,2634.14,0.425984,555.4,Dry Winter (Dec-Feb)
2023,2,February,Panchagarh,Rangpur,935.02,1548.93,0.603654,462.8,Dry Winter (Dec-Feb)
2023,2,February,Patuakhali,Barisal,217.43,2730.09,0.079642,107.6,Dry Winter (Dec-Feb)
2023,2,February,Pirojpur,Barisal,90.43,1365.69,0.066218,44.8,Dry Winter (Dec-Feb)
2023,2,February,Rajbari,Dhaka,101.13,1249.73,0.080925,50.1,Dry Winter (Dec-Feb)
2023,2,February,Rajshahi,Rajshahi,1292.85,2664.72,0.485172,639.9,Dry Winter (Dec-Feb)
2023,2,February,Rangamati,Chittagong,290.36,6226.79,0.046631,143.7,Dry Winter (Dec-Feb)
2023,2,February,Rangpur,Rangpur,954.61,2572.65,0.371062,472.5,Dry Winter (Dec-Feb)
2023,2,February,Satkhira,Khulna,814.83,3543.74,0.229936,403.3,Dry Winter (Dec-Feb)
2023,2,February,Shariatpur,Dhaka,132.16,1362.06,0.097029,65.4,Dry Winter (Dec-Feb)
2023,2,February,Sherpur,Dhaka,706.8,1455.19,0.485712,349.8,Dry Winter (Dec-Feb)
2023,2,February,Sirajganj,Rajshahi,298.91,2755.65,0.108471,147.9,Dry Winter (Dec-Feb)
2023,2,February,Sunamganj,Sylhet,1266.38,4043.04,0.313225,626.8,Dry Winter (Dec-Feb)
2023,2,February,Sylhet,Sylhet,1780.76,3847.75,0.462805,881.4,Dry Winter (Dec-Feb)
2023,2,February,Tangail,Dhaka,1561.98,3707.07,0.421351,773.1,Dry Winter (Dec-Feb)
2023,2,February,Thakurgaon,Rangpur,945.62,2008.93,0.470708,468.0,Dry Winter (Dec-Feb)
2023,3,March,Bagerhat,Khulna,656.26,3965.62,0.165487,324.8,Pre-Monsoon (Mar-May)
2023,3,March,Bandarban,Chittagong,3254.66,5000.66,0.650846,1610.9,Pre-Monsoon (Mar-May)
2023,3,March,Barguna,Barisal,158.4,1547.28,0.102373,78.4,Pre-Monsoon (Mar-May)
2023,3,March,Barisal,Barisal,426.8,2767.25,0.154233,211.2,Pre-Monsoon (Mar-May)
2023,3,March,Bhola,Barisal,696.19,2471.69,0.281667,344.6,Pre-Monsoon (Mar-May)
2023,3,March,Bogra,Rajshahi,1371.04,3233.63,0.423995,678.6,Pre-Monsoon (Mar-May)
2023,3,March,Brahamanbaria,Chittagong,1105.62,2104.07,0.525465,547.2,Pre-Monsoon (Mar-May)
2023,3,March,Chandpur,Chittagong,267.44,1864.17,0.143461,132.4,Pre-Monsoon (Mar-May)
2023,3,March,Chittagong,Chittagong,1983.38,4736.75,0.418722,981.7,Pre-Monsoon (Mar-May)
2023,3,March,Chuadanga,Khulna,807.11,1233.0,0.654589,399.5,Pre-Monsoon (Mar-May)
2023,3,March,Comilla,Chittagong,1787.41,3351.85,0.533261,884.7,Pre-Monsoon (Mar-May)
2023,3,March,Cox's Bazar,Chittagong,706.03,2206.6,0.319963,349.4,Pre-Monsoon (Mar-May)
2023,3,March,Dhaka,Dhaka,800.93,1611.18,0.497109,396.4,Pre-Monsoon (Mar-May)
2023,3,March,Dinajpur,Rangpur,2730.28,3829.09,0.713037,1351.3,Pre-Monsoon (Mar-May)
2023,3,March,Faridpur,Dhaka,926.08,2227.54,0.41574,458.4,Pre-Monsoon (Mar-May)
2023,3,March,Feni,Chittagong,383.03,960.78,0.398667,189.6,Pre-Monsoon (Mar-May)
2023,3,March,Gaibandha,Rangpur,298.13,2410.25,0.123694,147.6,Pre-Monsoon (Mar-May)
2023,3,March,Gazipur,Dhaka,1010.3,1940.74,0.520576,500.0,Pre-Monsoon (Mar-May)
2023,3,March,Gopalganj,Dhaka,916.48,1602.77,0.571813,453.6,Pre-Monsoon (Mar-May)
2023,3,March,Habiganj,Sylhet,1695.35,2857.81,0.593234,839.1,Pre-Monsoon (Mar-May)
2023,3,March,Jamalpur,Dhaka,239.94,2272.36,0.105591,118.8,Pre-Monsoon (Mar-May)
2023,3,March,Jessore,Khulna,287.99,2784.67,0.103421,142.5,Pre-Monsoon (Mar-May)
2023,3,March,Jhalokati,Barisal,34.07,807.93,0.042164,16.9,Pre-Monsoon (Mar-May)
2023,3,March,Jhenaidah,Khulna,1201.59,2143.59,0.560548,594.7,Pre-Monsoon (Mar-May)
2023,3,March,Joypurhat,Rajshahi,880.06,1081.54,0.81371,435.6,Pre-Monsoon (Mar-May)
2023,3,March,Khagrachhari,Chittagong,1591.13,3108.48,0.511867,787.5,Pre-Monsoon (Mar-May)
2023,3,March,Khulna,Khulna,530.36,3868.06,0.137112,262.5,Pre-Monsoon (Mar-May)
2023,3,March,Kishoreganj,Dhaka,1454.33,2821.62,0.515425,719.8,Pre-Monsoon (Mar-May)
2023,3,March,Kurigram,Rangpur,512.18,2481.86,0.206369,253.5,Pre-Monsoon (Mar-May)
2023,3,March,Kushtia,Khulna,161.62,1830.28,0.088303,80.0,Pre-Monsoon (Mar-May)
2023,3,March,Lakshmipur,Chittagong,309.47,1573.07,0.19673,153.2,Pre-Monsoon (Mar-May)
2023,3,March,Lalmonirhat,Rangpur,401.73,1381.75,0.290741,198.8,Pre-Monsoon (Mar-May)
2023,3,March,Madaripur,Dhaka,86.8,1257.23,0.069042,43.0,Pre-Monsoon (Mar-May)
2023,3,March,Magura,Khulna,602.23,1143.98,0.526437,298.1,Pre-Monsoon (Mar-May)
2023,3,March,Manikganj,Dhaka,195.32,1531.92,0.127499,96.7,Pre-Monsoon (Mar-May)
2023,3,March,Maulvibazar,Sylhet,908.65,2819.05,0.322324,449.7,Pre-Monsoon (Mar-May)
2023,3,March,Meherpur,Khulna,419.75,732.79,0.572809,207.8,Pre-Monsoon (Mar-May)
2023,3,March,Munshiganj,Dhaka,93.49,1036.66,0.090182,46.3,Pre-Monsoon (Mar-May)
2023,3,March,Mymensingh,Dhaka,2141.93,4784.19,0.44771,1060.1,Pre-Monsoon (Mar-May)
2023,3,March,Naogaon,Rajshahi,3008.46,3824.58,0.786612,1489.0,Pre-Monsoon (Mar-May)
2023,3,March,Narail,Khulna,40.91,1072.86,0.038129,20.2,Pre-Monsoon (Mar-May)
2023,3,March,Narayanganj,Dhaka,399.11,832.16,0.479609,197.5,Pre-Monsoon (Mar-May)
2023,3,March,Narsingdi,Dhaka,163.16,1281.34,0.127335,80.8,Pre-Monsoon (Mar-May)
2023,3,March,Natore,Rajshahi,1338.64,2101.7,0.636935,662.6,Pre-Monsoon (Mar-May)
2023,3,March,Nawabganj,Rajshahi,556.69,1804.38,0.308519,275.5,Pre-Monsoon (Mar-May)
2023,3,March,Netrakona,Dhaka,1659.88,3089.39,0.537283,821.5,Pre-Monsoon (Mar-May)
2023,3,March,Nilphamari,Rangpur,1130.3,1836.84,0.61535,559.4,Pre-Monsoon (Mar-May)
2023,3,March,Noakhali,Chittagong,172.27,2642.03,0.065204,85.3,Pre-Monsoon (Mar-May)
2023,3,March,Pabna,Rajshahi,1121.89,2634.14,0.425903,555.3,Pre-Monsoon (Mar-May)
2023,3,March,Panchagarh,Rangpur,758.24,1548.93,0.489525,375.3,Pre-Monsoon (Mar-May)
2023,3,March,Patuakhali,Barisal,227.17,2730.09,0.08321,112.4,Pre-Monsoon (Mar-May)
2023,3,March,Pirojpur,Barisal,91.17,1365.69,0.066759,45.1,Pre-Monsoon (Mar-May)
2023,3,March,Rajbari,Dhaka,99.43,1249.73,0.079559,49.2,Pre-Monsoon (Mar-May)
2023,3,March,Rajshahi,Rajshahi,317.58,2664.72,0.119179,157.2,Pre-Monsoon (Mar-May)
2023,3,March,Rangamati,Chittagong,267.2,6226.79,0.042911,132.2,Pre-Monsoon (Mar-May)
2023,3,March,Rangpur,Rangpur,2009.77,2572.65,0.781207,994.7,Pre-Monsoon (Mar-May)
2023,3,March,Satkhira,Khulna,848.07,3543.74,0.239316,419.7,Pre-Monsoon (Mar-May)
2023,3,March,Shariatpur,Dhaka,133.39,1362.06,0.097933,66.0,Pre-Monsoon (Mar-May)
2023,3,March,Sherpur,Dhaka,929.07,1455.19,0.638451,459.8,Pre-Monsoon (Mar-May)
2023,3,March,Sirajganj,Rajshahi,335.78,2755.65,0.121851,166.2,Pre-Monsoon (Mar-May)
2023,3,March,Sunamganj,Sylhet,1829.42,4043.04,0.452485,905.5,Pre-Monsoon (Mar-May)
2023,3,March,Sylhet,Sylhet,1806.7,3847.75,0.469549,894.2,Pre-Monsoon (Mar-May)
2023,3,March,Tangail,Dhaka,1663.09,3707.07,0.448625,823.1,Pre-Monsoon (Mar-May)
2023,3,March,Thakurgaon,Rangpur,1214.0,2008.93,0.604301,600.9,Pre-Monsoon (Mar-May)
2023,4,April,Bagerhat,Khulna,883.78,3965.62,0.22286,437.4,Pre-Monsoon (Mar-May)
2023,4,April,Bandarban,Chittagong,2777.51,5000.66,0.555429,1374.7,Pre-Monsoon (Mar-May)
2023,4,April,Barguna,Barisal,157.01,1547.28,0.101477,77.7,Pre-Monsoon (Mar-May)
2023,4,April,Barisal,Barisal,443.91,2767.25,0.160416,219.7,Pre-Monsoon (Mar-May)
2023,4,April,Bhola,Barisal,663.51,2471.69,0.268445,328.4,Pre-Monsoon (Mar-May)
2023,4,April,Bogra,Rajshahi,1768.3,3233.63,0.546847,875.2,Pre-Monsoon (Mar-May)
2023,4,April,Brahamanbaria,Chittagong,1148.43,2104.07,0.545813,568.4,Pre-Monsoon (Mar-May)
2023,4,April,Chandpur,Chittagong,276.34,1864.17,0.148237,136.8,Pre-Monsoon (Mar-May)
2023,4,April,Chittagong,Chittagong,1866.68,4736.75,0.394086,923.9,Pre-Monsoon (Mar-May)
2023,4,April,Chuadanga,Khulna,803.02,1233.0,0.651271,397.5,Pre-Monsoon (Mar-May)
2023,4,April,Comilla,Chittagong,1821.12,3351.85,0.543318,901.4,Pre-Monsoon (Mar-May)
2023,4,April,Cox's Bazar,Chittagong,747.29,2206.6,0.338661,369.9,Pre-Monsoon (Mar-May)
2023,4,April,Dhaka,Dhaka,894.91,1611.18,0.555442,442.9,Pre-Monsoon (Mar-May)
2023,4,April,Dinajpur,Rangpur,2953.64,3829.09,0.77137,1461.9,Pre-Monsoon (Mar-May)
2023,4,April,Faridpur,Dhaka,675.8,2227.54,0.303385,334.5,Pre-Monsoon (Mar-May)
2023,4,April,Feni,Chittagong,499.73,960.78,0.520131,247.3,Pre-Monsoon (Mar-May)
2023,4,April,Gaibandha,Rangpur,261.56,2410.25,0.10852,129.5,Pre-Monsoon (Mar-May)
2023,4,April,Gazipur,Dhaka,1082.25,1940.74,0.557647,535.7,Pre-Monsoon (Mar-May)
2023,4,April,Gopalganj,Dhaka,910.83,1602.77,0.568285,450.8,Pre-Monsoon (Mar-May)
2023,4,April,Habiganj,Sylhet,1731.48,2857.81,0.605877,857.0,Pre-Monsoon (Mar-May)
2023,4,April,Jamalpur,Dhaka,1238.24,2272.36,0.544915,612.9,Pre-Monsoon (Mar-May)
2023,4,April,Jessore,Khulna,964.29,2784.67,0.346285,477.3,Pre-Monsoon (Mar-May)
2023,4,April,Jhalokati,Barisal,34.3,807.93,0.042448,17.0,Pre-Monsoon (Mar-May)
2023,4,April,Jhenaidah,Khulna,1393.95,2143.59,0.650288,689.9,Pre-Monsoon (Mar-May)
2023,4,April,Joypurhat,Rajshahi,869.21,1081.54,0.803673,430.2,Pre-Monsoon (Mar-May)
2023,4,April,Khagrachhari,Chittagong,1817.94,3108.48,0.584834,899.8,Pre-Monsoon (Mar-May)
2023,4,April,Khulna,Khulna,553.93,3868.06,0.143205,274.2,Pre-Monsoon (Mar-May)
2023,4,April,Kishoreganj,Dhaka,1095.74,2821.62,0.388336,542.3,Pre-Monsoon (Mar-May)
2023,4,April,Kurigram,Rangpur,399.34,2481.86,0.160905,197.7,Pre-Monsoon (Mar-May)
2023,4,April,Kushtia,Khulna,168.72,1830.28,0.092184,83.5,Pre-Monsoon (Mar-May)
2023,4,April,Lakshmipur,Chittagong,303.04,1573.07,0.192641,150.0,Pre-Monsoon (Mar-May)
2023,4,April,Lalmonirhat,Rangpur,589.63,1381.75,0.426728,291.8,Pre-Monsoon (Mar-May)
2023,4,April,Madaripur,Dhaka,88.28,1257.23,0.070214,43.7,Pre-Monsoon (Mar-May)
2023,4,April,Magura,Khulna,724.51,1143.98,0.63333,358.6,Pre-Monsoon (Mar-May)
2023,4,April,Manikganj,Dhaka,185.25,1531.92,0.120927,91.7,Pre-Monsoon (Mar-May)
2023,4,April,Maulvibazar,Sylhet,862.0,2819.05,0.305778,426.6,Pre-Monsoon (Mar-May)
2023,4,April,Meherpur,Khulna,515.72,732.79,0.703787,255.3,Pre-Monsoon (Mar-May)
2023,4,April,Munshiganj,Dhaka,104.9,1036.66,0.101187,51.9,Pre-Monsoon (Mar-May)
2023,4,April,Mymensingh,Dhaka,2622.41,4784.19,0.548141,1297.9,Pre-Monsoon (Mar-May)
2023,4,April,Naogaon,Rajshahi,3135.18,3824.58,0.819747,1551.7,Pre-Monsoon (Mar-May)
2023,4,April,Narail,Khulna,38.02,1072.86,0.035439,18.8,Pre-Monsoon (Mar-May)
2023,4,April,Narayanganj,Dhaka,428.96,832.16,0.515481,212.3,Pre-Monsoon (Mar-May)
2023,4,April,Narsingdi,Dhaka,420.71,1281.34,0.328339,208.2,Pre-Monsoon (Mar-May)
2023,4,April,Natore,Rajshahi,1336.38,2101.7,0.635858,661.4,Pre-Monsoon (Mar-May)
2023,4,April,Nawabganj,Rajshahi,986.93,1804.38,0.546965,488.5,Pre-Monsoon (Mar-May)
2023,4,April,Netrakona,Dhaka,1706.51,3089.39,0.552377,844.6,Pre-Monsoon (Mar-May)
2023,4,April,Nilphamari,Rangpur,1120.77,1836.84,0.610162,554.7,Pre-Monsoon (Mar-May)
2023,4,April,Noakhali,Chittagong,169.05,2642.03,0.063984,83.7,Pre-Monsoon (Mar-May)
2023,4,April,Pabna,Rajshahi,1377.55,2634.14,0.522959,681.8,Pre-Monsoon (Mar-May)
2023,4,April,Panchagarh,Rangpur,689.74,1548.93,0.4453,341.4,Pre-Monsoon (Mar-May)
2023,4,April,Patuakhali,Barisal,231.91,2730.09,0.084945,114.8,Pre-Monsoon (Mar-May)
2023,4,April,Pirojpur,Barisal,91.45,1365.69,0.06696,45.3,Pre-Monsoon (Mar-May)
2023,4,April,Rajbari,Dhaka,119.21,1249.73,0.095388,59.0,Pre-Monsoon (Mar-May)
2023,4,April,Rajshahi,Rajshahi,1283.02,2664.72,0.481484,635.0,Pre-Monsoon (Mar-May)
2023,4,April,Rangamati,Chittagong,307.53,6226.79,0.049388,152.2,Pre-Monsoon (Mar-May)
2023,4,April,Rangpur,Rangpur,1999.5,2572.65,0.777215,989.6,Pre-Monsoon (Mar-May)
2023,4,April,Satkhira,Khulna,947.48,3543.74,0.267366,469.0,Pre-Monsoon (Mar-May)
2023,4,April,Shariatpur,Dhaka,137.34,1362.06,0.10083,68.0,Pre-Monsoon (Mar-May)
2023,4,April,Sherpur,Dhaka,1065.33,1455.19,0.732091,527.3,Pre-Monsoon (Mar-May)
2023,4,April,Sirajganj,Rajshahi,287.74,2755.65,0.10442,142.4,Pre-Monsoon (Mar-May)
2023,4,April,Sunamganj,Sylhet,880.77,4043.04,0.217848,435.9,Pre-Monsoon (Mar-May)
2023,4,April,Sylhet,Sylhet,825.82,3847.75,0.214624,408.7,Pre-Monsoon (Mar-May)
2023,4,April,Tangail,Dhaka,1783.53,3707.07,0.481117,882.7,Pre-Monsoon (Mar-May)
2023,4,April,Thakurgaon,Rangpur,1262.47,2008.93,0.628428,624.9,Pre-Monsoon (Mar-May)
2023,5,May,Bagerhat,Khulna,1163.31,3965.62,0.29335,575.8,Pre-Monsoon (Mar-May)
2023,5,May,Bandarban,Chittagong,3541.44,5000.66,0.708194,1752.8,Pre-Monsoon (Mar-May)
2023,5,May,Barguna,Barisal,161.92,1547.28,0.10465,80.1,Pre-Monsoon (Mar-May)
2023,5,May,Barisal,Barisal,435.36,2767.25,0.157327,215.5,Pre-Monsoon (Mar-May)
2023,5,May,Bhola,Barisal,690.75,2471.69,0.279466,341.9,Pre-Monsoon (Mar-May)
2023,5,May,Bogra,Rajshahi,175.48,3233.63,0.054267,86.9,Pre-Monsoon (Mar-May)
2023,5,May,Brahamanbaria,Chittagong,73.29,2104.07,0.034834,36.3,Pre-Monsoon (Mar-May)
2023,5,May,Chandpur,Chittagong,278.97,1864.17,0.149648,138.1,Pre-Monsoon (Mar-May)
2023,5,May,Chittagong,Chittagong,1740.55,4736.75,0.367456,861.5,Pre-Monsoon (Mar-May)
2023,5,May,Chuadanga,Khulna,641.99,1233.0,0.520671,317.7,Pre-Monsoon (Mar-May)
2023,5,May,Comilla,Chittagong,1909.7,3351.85,0.569744,945.2,Pre-Monsoon (Mar-May)
2023,5,May,Cox's Bazar,Chittagong,460.14,2206.6,0.208529,227.7,Pre-Monsoon (Mar-May)
2023,5,May,Dhaka,Dhaka,890.78,1611.18,0.552874,440.9,Pre-Monsoon (Mar-May)
2023,5,May,Dinajpur,Rangpur,2706.34,3829.09,0.706785,1339.5,Pre-Monsoon (Mar-May)
2023,5,May,Faridpur,Dhaka,111.07,2227.54,0.049862,55.0,Pre-Monsoon (Mar-May)
2023,5,May,Feni,Chittagong,524.81,960.78,0.546239,259.8,Pre-Monsoon (Mar-May)
2023,5,May,Gaibandha,Rangpur,311.81,2410.25,0.129369,154.3,Pre-Monsoon (Mar-May)
2023,5,May,Gazipur,Dhaka,1108.08,1940.74,0.570958,548.4,Pre-Monsoon (Mar-May)
2023,5,May,Gopalganj,Dhaka,843.0,1602.77,0.525964,417.2,Pre-Monsoon (Mar-May)
2023,5,May,Habiganj,Sylhet,640.96,2857.81,0.224284,317.2,Pre-Monsoon (Mar-May)
2023,5,May,Jamalpur,Dhaka,142.72,2272.36,0.062807,70.6,Pre-Monsoon (Mar-May)
2023,5,May,Jessore,Khulna,600.38,2784.67,0.2156,297.2,Pre-Monsoon (Mar-May)
2023,5,May,Jhalokati,Barisal,38.36,807.93,0.047476,19.0,Pre-Monsoon (Mar-May)
2023,5,May,Jhenaidah,Khulna,1180.2,2143.59,0.55057,584.1,Pre-Monsoon (Mar-May)
2023,5,May,Joypurhat,Rajshahi,883.85,1081.54,0.817214,437.5,Pre-Monsoon (Mar-May)
2023,5,May,Khagrachhari,Chittagong,2384.22,3108.48,0.767007,1180.1,Pre-Monsoon (Mar-May)
2023,5,May,Khulna,Khulna,670.94,3868.06,0.173456,332.1,Pre-Monsoon (Mar-May)
2023,5,May,Kishoreganj,Dhaka,151.07,2821.62,0.053541,74.8,Pre-Monsoon (Mar-May)
2023,5,May,Kurigram,Rangpur,472.72,2481.86,0.19047,234.0,Pre-Monsoon (Mar-May)
2023,5,May,Kushtia,Khulna,120.95,1830.28,0.066081,59.9,Pre-Monsoon (Mar-May)
2023,5,May,Lakshmipur,Chittagong,306.94,1573.07,0.195119,151.9,Pre-Monsoon (Mar-May)
2023,5,May,Lalmonirhat,Rangpur,143.94,1381.75,0.104176,71.2,Pre-Monsoon (Mar-May)
2023,5,May,Madaripur,Dhaka,92.19,1257.23,0.073328,45.6,Pre-Monsoon (Mar-May)
2023,5,May,Magura,Khulna,388.05,1143.98,0.339214,192.1,Pre-Monsoon (Mar-May)
2023,5,May,Manikganj,Dhaka,193.47,1531.92,0.126293,95.8,Pre-Monsoon (Mar-May)
2023,5,May,Maulvibazar,Sylhet,102.15,2819.05,0.036237,50.6,Pre-Monsoon (Mar-May)
2023,5,May,Meherpur,Khulna,457.39,732.79,0.624185,226.4,Pre-Monsoon (Mar-May)
2023,5,May,Munshiganj,Dhaka,103.65,1036.66,0.099981,51.3,Pre-Monsoon (Mar-May)
2023,5,May,Mymensingh,Dhaka,2576.88,4784.19,0.538624,1275.4,Pre-Monsoon (Mar-May)
2023,5,May,Naogaon,Rajshahi,2693.33,3824.58,0.704216,1333.0,Pre-Monsoon (Mar-May)
2023,5,May,Narail,Khulna,48.06,1072.86,0.044792,23.8,Pre-Monsoon (Mar-May)
2023,5,May,Narayanganj,Dhaka,75.72,832.16,0.090994,37.5,Pre-Monsoon (Mar-May)
2023,5,May,Narsingdi,Dhaka,62.84,1281.34,0.049041,31.1,Pre-Monsoon (Mar-May)
2023,5,May,Natore,Rajshahi,1246.43,2101.7,0.593059,616.9,Pre-Monsoon (Mar-May)
2023,5,May,Nawabganj,Rajshahi,319.13,1804.38,0.176861,158.0,Pre-Monsoon (Mar-May)
2023,5,May,Netrakona,Dhaka,192.46,3089.39,0.062295,95.3,Pre-Monsoon (Mar-May)
2023,5,May,Nilphamari,Rangpur,1212.89,1836.84,0.660314,600.3,Pre-Monsoon (Mar-May)
2023,5,May,Noakhali,Chittagong,177.45,2642.03,0.067165,87.8,Pre-Monsoon (Mar-May)
2023,5,May,Pabna,Rajshahi,212.89,2634.14,0.080818,105.4,Pre-Monsoon (Mar-May)
2023,5,May,Panchagarh,Rangpur,979.6,1548.93,0.632438,484.8,Pre-Monsoon (Mar-May)
2023,5,May,Patuakhali,Barisal,248.61,2730.09,0.091063,123.0,Pre-Monsoon (Mar-May)
2023,5,May,Pirojpur,Barisal,98.02,1365.69,0.071776,48.5,Pre-Monsoon (Mar-May)
2023,5,May,Rajbari,Dhaka,125.15,1249.73,0.100142,61.9,Pre-Monsoon (Mar-May)
2023,5,May,Rajshahi,Rajshahi,320.07,2664.72,0.120112,158.4,Pre-Monsoon (Mar-May)
2023,5,May,Rangamati,Chittagong,339.17,6226.79,0.054469,167.9,Pre-Monsoon (Mar-May)
2023,5,May,Rangpur,Rangpur,1638.09,2572.65,0.636732,810.8,Pre-Monsoon (Mar-May)
2023,5,May,Satkhira,Khulna,961.65,3543.74,0.271365,476.0,Pre-Monsoon (Mar-May)
2023,5,May,Shariatpur,Dhaka,145.02,1362.06,0.106472,71.8,Pre-Monsoon (Mar-May)
2023,5,May,Sherpur,Dhaka,1008.07,1455.19,0.692742,498.9,Pre-Monsoon (Mar-May)
2023,5,May,Sirajganj,Rajshahi,314.18,2755.65,0.114012,155.5,Pre-Monsoon (Mar-May)
2023,5,May,Sunamganj,Sylhet,176.87,4043.04,0.043748,87.5,Pre-Monsoon (Mar-May)
2023,5,May,Sylhet,Sylhet,206.43,3847.75,0.053649,102.2,Pre-Monsoon (Mar-May)
2023,5,May,Tangail,Dhaka,978.66,3707.07,0.263998,484.4,Pre-Monsoon (Mar-May)
2023,5,May,Thakurgaon,Rangpur,1362.82,2008.93,0.678378,674.5,Pre-Monsoon (Mar-May)
2023,6,June,Bagerhat,Khulna,1346.57,3965.62,0.33956,666.5,Monsoon (Jun-Sep)
2023,6,June,Bandarban,Chittagong,3235.17,5000.66,0.64695,1601.2,Monsoon (Jun-Sep)
2023,6,June,Barguna,Barisal,188.34,1547.28,0.121726,93.2,Monsoon (Jun-Sep)
2023,6,June,Barisal,Barisal,491.58,2767.25,0.177641,243.3,Monsoon (Jun-Sep)
2023,6,June,Bhola,Barisal,674.25,2471.69,0.272787,333.7,Monsoon (Jun-Sep)
2023,6,June,Bogra,Rajshahi,202.17,3233.63,0.062521,100.1,Monsoon (Jun-Sep)
2023,6,June,Brahamanbaria,Chittagong,187.81,2104.07,0.089262,93.0,Monsoon (Jun-Sep)
2023,6,June,Chandpur,Chittagong,303.22,1864.17,0.162659,150.1,Monsoon (Jun-Sep)
2023,6,June,Chittagong,Chittagong,2170.73,4736.75,0.458275,1074.4,Monsoon (Jun-Sep)
2023,6,June,Chuadanga,Khulna,712.19,1233.0,0.577602,352.5,Monsoon (Jun-Sep)
2023,6,June,Comilla,Chittagong,1201.8,3351.85,0.35855,594.8,Monsoon (Jun-Sep)
2023,6,June,Cox's Bazar,Chittagong,389.77,2206.6,0.176638,192.9,Monsoon (Jun-Sep)
2023,6,June,Dhaka,Dhaka,639.72,1611.18,0.397053,316.6,Monsoon (Jun-Sep)
2023,6,June,Dinajpur,Rangpur,2949.05,3829.09,0.770171,1459.6,Monsoon (Jun-Sep)
2023,6,June,Faridpur,Dhaka,119.39,2227.54,0.053596,59.1,Monsoon (Jun-Sep)
2023,6,June,Feni,Chittagong,518.44,960.78,0.539607,256.6,Monsoon (Jun-Sep)
2023,6,June,Gaibandha,Rangpur,292.7,2410.25,0.121441,144.9,Monsoon (Jun-Sep)
2023,6,June,Gazipur,Dhaka,310.25,1940.74,0.159862,153.6,Monsoon (Jun-Sep)
2023,6,June,Gopalganj,Dhaka,342.08,1602.77,0.213431,169.3,Monsoon (Jun-Sep)
2023,6,June,Habiganj,Sylhet,342.76,2857.81,0.119938,169.6,Monsoon (Jun-Sep)
2023,6,June,Jamalpur,Dhaka,132.48,2272.36,0.058299,65.6,Monsoon (Jun-Sep)
2023,6,June,Jessore,Khulna,294.35,2784.67,0.105705,145.7,Monsoon (Jun-Sep)
2023,6,June,Jhalokati,Barisal,64.08,807.93,0.079316,31.7,Monsoon (Jun-Sep)
2023,6,June,Jhenaidah,Khulna,1169.19,2143.59,0.545436,578.7,Monsoon (Jun-Sep)
2023,6,June,Joypurhat,Rajshahi,850.61,1081.54,0.786479,421.0,Monsoon (Jun-Sep)
2023,6,June,Khagrachhari,Chittagong,2103.95,3108.48,0.676841,1041.3,Monsoon (Jun-Sep)
2023,6,June,Khulna,Khulna,1074.22,3868.06,0.277716,531.7,Monsoon (Jun-Sep)
2023,6,June,Kishoreganj,Dhaka,346.78,2821.62,0.122901,171.6,Monsoon (Jun-Sep)
2023,6,June,Kurigram,Rangpur,460.88,2481.86,0.185698,228.1,Monsoon (Jun-Sep)
2023,6,June,Kushtia,Khulna,137.73,1830.28,0.075253,68.2,Monsoon (Jun-Sep)
2023,6,June,Lakshmipur,Chittagong,302.87,1573.07,0.192535,149.9,Monsoon (Jun-Sep)
2023,6,June,Lalmonirhat,Rangpur,97.53,1381.75,0.070581,48.3,Monsoon (Jun-Sep)
2023,6,June,Madaripur,Dhaka,119.33,1257.23,0.094918,59.1,Monsoon (Jun-Sep)
2023,6,June,Magura,Khulna,270.98,1143.98,0.236873,134.1,Monsoon (Jun-Sep)
2023,6,June,Manikganj,Dhaka,213.86,1531.92,0.139604,105.8,Monsoon (Jun-Sep)
2023,6,June,Maulvibazar,Sylhet,315.66,2819.05,0.111975,156.2,Monsoon (Jun-Sep)
2023,6,June,Meherpur,Khulna,473.86,732.79,0.646661,234.5,Monsoon (Jun-Sep)
2023,6,June,Munshiganj,Dhaka,122.38,1036.66,0.118055,60.6,Monsoon (Jun-Sep)
2023,6,June,Mymensingh,Dhaka,1863.15,4784.19,0.389439,922.2,Monsoon (Jun-Sep)
2023,6,June,Naogaon,Rajshahi,2313.03,3824.58,0.604782,1144.8,Monsoon (Jun-Sep)
2023,6,June,Narail,Khulna,75.12,1072.86,0.070022,37.2,Monsoon (Jun-Sep)
2023,6,June,Narayanganj,Dhaka,60.33,832.16,0.072504,29.9,Monsoon (Jun-Sep)
2023,6,June,Narsingdi,Dhaka,90.35,1281.34,0.070511,44.7,Monsoon (Jun-Sep)
2023,6,June,Natore,Rajshahi,263.86,2101.7,0.125548,130.6,Monsoon (Jun-Sep)
2023,6,June,Nawabganj,Rajshahi,190.35,1804.38,0.105492,94.2,Monsoon (Jun-Sep)
2023,6,June,Netrakona,Dhaka,349.01,3089.39,0.112971,172.7,Monsoon (Jun-Sep)
2023,6,June,Nilphamari,Rangpur,916.8,1836.84,0.49912,453.8,Monsoon (Jun-Sep)
2023,6,June,Noakhali,Chittagong,203.23,2642.03,0.076921,100.6,Monsoon (Jun-Sep)
2023,6,June,Pabna,Rajshahi,153.58,2634.14,0.058303,76.0,Monsoon (Jun-Sep)
2023,6,June,Panchagarh,Rangpur,1044.54,1548.93,0.674363,517.0,Monsoon (Jun-Sep)
2023,6,June,Patuakhali,Barisal,279.11,2730.09,0.102234,138.1,Monsoon (Jun-Sep)
2023,6,June,Pirojpur,Barisal,146.46,1365.69,0.107242,72.5,Monsoon (Jun-Sep)
2023,6,June,Rajbari,Dhaka,133.28,1249.73,0.106647,66.0,Monsoon (Jun-Sep)
2023,6,June,Rajshahi,Rajshahi,203.2,2664.72,0.076257,100.6,Monsoon (Jun-Sep)
2023,6,June,Rangamati,Chittagong,337.99,6226.79,0.054281,167.3,Monsoon (Jun-Sep)
2023,6,June,Rangpur,Rangpur,1648.9,2572.65,0.640937,816.1,Monsoon (Jun-Sep)
2023,6,June,Satkhira,Khulna,1167.06,3543.74,0.329331,577.6,Monsoon (Jun-Sep)
2023,6,June,Shariatpur,Dhaka,167.46,1362.06,0.122946,82.9,Monsoon (Jun-Sep)
2023,6,June,Sherpur,Dhaka,432.54,1455.19,0.297236,214.1,Monsoon (Jun-Sep)
2023,6,June,Sirajganj,Rajshahi,378.85,2755.65,0.137483,187.5,Monsoon (Jun-Sep)
2023,6,June,Sunamganj,Sylhet,1057.28,4043.04,0.261505,523.3,Monsoon (Jun-Sep)
2023,6,June,Sylhet,Sylhet,1056.83,3847.75,0.274661,523.1,Monsoon (Jun-Sep)
2023,6,June,Tangail,Dhaka,161.62,3707.07,0.043597,80.0,Monsoon (Jun-Sep)
2023,6,June,Thakurgaon,Rangpur,1555.13,2008.93,0.774109,769.7,Monsoon (Jun-Sep)
2023,7,July,Bagerhat,Khulna,1344.93,3965.62,0.339146,665.7,Monsoon (Jun-Sep)
2023,7,July,Bandarban,Chittagong,3027.7,5000.66,0.60546,1498.5,Monsoon (Jun-Sep)
2023,7,July,Barguna,Barisal,179.55,1547.28,0.116045,88.9,Monsoon (Jun-Sep)
2023,7,July,Barisal,Barisal,502.33,2767.25,0.181527,248.6,Monsoon (Jun-Sep)
2023,7,July,Bhola,Barisal,711.7,2471.69,0.287939,352.3,Monsoon (Jun-Sep)
2023,7,July,Bogra,Rajshahi,369.32,3233.63,0.114213,182.8,Monsoon (Jun-Sep)
2023,7,July,Brahamanbaria,Chittagong,547.75,2104.07,0.260331,271.1,Monsoon (Jun-Sep)
2023,7,July,Chandpur,Chittagong,315.95,1864.17,0.169484,156.4,Monsoon (Jun-Sep)
2023,7,July,Chittagong,Chittagong,1625.94,4736.75,0.343261,804.8,Monsoon (Jun-Sep)
2023,7,July,Chuadanga,Khulna,743.02,1233.0,0.60261,367.8,Monsoon (Jun-Sep)
2023,7,July,Comilla,Chittagong,456.74,3351.85,0.136264,226.1,Monsoon (Jun-Sep)
2023,7,July,Cox's Bazar,Chittagong,340.67,2206.6,0.154389,168.6,Monsoon (Jun-Sep)
2023,7,July,Dhaka,Dhaka,143.11,1611.18,0.088822,70.8,Monsoon (Jun-Sep)
2023,7,July,Dinajpur,Rangpur,1210.65,3829.09,0.316173,599.2,Monsoon (Jun-Sep)
2023,7,July,Faridpur,Dhaka,173.92,2227.54,0.078078,86.1,Monsoon (Jun-Sep)
2023,7,July,Feni,Chittagong,291.3,960.78,0.303195,144.2,Monsoon (Jun-Sep)
2023,7,July,Gaibandha,Rangpur,342.32,2410.25,0.142028,169.4,Monsoon (Jun-Sep)
2023,7,July,Gazipur,Dhaka,203.17,1940.74,0.104689,100.6,Monsoon (Jun-Sep)
2023,7,July,Gopalganj,Dhaka,452.86,1602.77,0.282546,224.1,Monsoon (Jun-Sep)
2023,7,July,Habiganj,Sylhet,869.94,2857.81,0.304409,430.6,Monsoon (Jun-Sep)
2023,7,July,Jamalpur,Dhaka,189.69,2272.36,0.083475,93.9,Monsoon (Jun-Sep)
2023,7,July,Jessore,Khulna,265.02,2784.67,0.095172,131.2,Monsoon (Jun-Sep)
2023,7,July,Jhalokati,Barisal,124.51,807.93,0.154114,61.6,Monsoon (Jun-Sep)
2023,7,July,Jhenaidah,Khulna,405.76,2143.59,0.189289,200.8,Monsoon (Jun-Sep)
2023,7,July,Joypurhat,Rajshahi,281.31,1081.54,0.260102,139.2,Monsoon (Jun-Sep)
2023,7,July,Khagrachhari,Chittagong,1840.1,3108.48,0.591961,910.7,Monsoon (Jun-Sep)
2023,7,July,Khulna,Khulna,1495.17,3868.06,0.386542,740.0,Monsoon (Jun-Sep)
2023,7,July,Kishoreganj,Dhaka,1300.14,2821.62,0.460778,643.5,Monsoon (Jun-Sep)
2023,7,July,Kurigram,Rangpur,544.1,2481.86,0.21923,269.3,Monsoon (Jun-Sep)
2023,7,July,Kushtia,Khulna,135.47,1830.28,0.074014,67.1,Monsoon (Jun-Sep)
2023,7,July,Lakshmipur,Chittagong,319.49,1573.07,0.203098,158.1,Monsoon (Jun-Sep)
2023,7,July,Lalmonirhat,Rangpur,411.7,1381.75,0.297953,203.8,Monsoon (Jun-Sep)
2023,7,July,Madaripur,Dhaka,132.72,1257.23,0.105568,65.7,Monsoon (Jun-Sep)
2023,7,July,Magura,Khulna,218.61,1143.98,0.191098,108.2,Monsoon (Jun-Sep)
2023,7,July,Manikganj,Dhaka,257.34,1531.92,0.167986,127.4,Monsoon (Jun-Sep)
2023,7,July,Maulvibazar,Sylhet,552.44,2819.05,0.195968,273.4,Monsoon (Jun-Sep)
2023,7,July,Meherpur,Khulna,443.65,732.79,0.605429,219.6,Monsoon (Jun-Sep)
2023,7,July,Munshiganj,Dhaka,168.16,1036.66,0.162215,83.2,Monsoon (Jun-Sep)
2023,7,July,Mymensingh,Dhaka,1208.39,4784.19,0.252581,598.1,Monsoon (Jun-Sep)
2023,7,July,Naogaon,Rajshahi,579.7,3824.58,0.151573,286.9,Monsoon (Jun-Sep)
2023,7,July,Narail,Khulna,155.79,1072.86,0.145207,77.1,Monsoon (Jun-Sep)
2023,7,July,Narayanganj,Dhaka,72.42,832.16,0.087024,35.8,Monsoon (Jun-Sep)
2023,7,July,Narsingdi,Dhaka,163.79,1281.34,0.127824,81.1,Monsoon (Jun-Sep)
2023,7,July,Natore,Rajshahi,136.22,2101.7,0.064813,67.4,Monsoon (Jun-Sep)
2023,7,July,Nawabganj,Rajshahi,185.7,1804.38,0.102918,91.9,Monsoon (Jun-Sep)
2023,7,July,Netrakona,Dhaka,1043.73,3089.39,0.337843,516.6,Monsoon (Jun-Sep)
2023,7,July,Nilphamari,Rangpur,792.95,1836.84,0.431691,392.5,Monsoon (Jun-Sep)
2023,7,July,Noakhali,Chittagong,298.24,2642.03,0.112881,147.6,Monsoon (Jun-Sep)
2023,7,July,Pabna,Rajshahi,325.84,2634.14,0.123697,161.3,Monsoon (Jun-Sep)
2023,7,July,Panchagarh,Rangpur,665.28,1548.93,0.429509,329.3,Monsoon (Jun-Sep)
2023,7,July,Patuakhali,Barisal,378.9,2730.09,0.138788,187.5,Monsoon (Jun-Sep)
2023,7,July,Pirojpur,Barisal,234.93,1365.69,0.17202,116.3,Monsoon (Jun-Sep)
2023,7,July,Rajbari,Dhaka,138.51,1249.73,0.11083,68.6,Monsoon (Jun-Sep)
2023,7,July,Rajshahi,Rajshahi,416.32,2664.72,0.156233,206.1,Monsoon (Jun-Sep)
2023,7,July,Rangamati,Chittagong,273.55,6226.79,0.043931,135.4,Monsoon (Jun-Sep)
2023,7,July,Rangpur,Rangpur,1278.23,2572.65,0.496853,632.7,Monsoon (Jun-Sep)
2023,7,July,Satkhira,Khulna,1366.48,3543.74,0.385605,676.3,Monsoon (Jun-Sep)
2023,7,July,Shariatpur,Dhaka,195.37,1362.06,0.143435,96.7,Monsoon (Jun-Sep)
2023,7,July,Sherpur,Dhaka,246.33,1455.19,0.169278,121.9,Monsoon (Jun-Sep)
2023,7,July,Sirajganj,Rajshahi,593.02,2755.65,0.215203,293.5,Monsoon (Jun-Sep)
2023,7,July,Sunamganj,Sylhet,2441.47,4043.04,0.60387,1208.4,Monsoon (Jun-Sep)
2023,7,July,Sylhet,Sylhet,1098.59,3847.75,0.285515,543.7,Monsoon (Jun-Sep)
2023,7,July,Tangail,Dhaka,356.63,3707.07,0.096202,176.5,Monsoon (Jun-Sep)
2023,7,July,Thakurgaon,Rangpur,606.23,2008.93,0.301765,300.1,Monsoon (Jun-Sep)
2023,8,August,Bagerhat,Khulna,1358.09,3965.62,0.342466,672.2,Monsoon (Jun-Sep)
2023,8,August,Bandarban,Chittagong,2552.09,5000.66,0.51035,1263.1,Monsoon (Jun-Sep)
2023,8,August,Barguna,Barisal,271.93,1547.28,0.175748,134.6,Monsoon (Jun-Sep)
2023,8,August,Barisal,Barisal,647.99,2767.25,0.234163,320.7,Monsoon (Jun-Sep)
2023,8,August,Bhola,Barisal,691.47,2471.69,0.279757,342.2,Monsoon (Jun-Sep)
2023,8,August,Bogra,Rajshahi,711.26,3233.63,0.219956,352.0,Monsoon (Jun-Sep)
2023,8,August,Brahamanbaria,Chittagong,412.6,2104.07,0.196096,204.2,Monsoon (Jun-Sep)
2023,8,August,Chandpur,Chittagong,339.32,1864.17,0.182022,167.9,Monsoon (Jun-Sep)
2023,8,August,Chittagong,Chittagong,1873.11,4736.75,0.395442,927.1,Monsoon (Jun-Sep)
2023,8,August,Chuadanga,Khulna,744.91,1233.0,0.604143,368.7,Monsoon (Jun-Sep)
2023,8,August,Comilla,Chittagong,489.09,3351.85,0.145917,242.1,Monsoon (Jun-Sep)
2023,8,August,Cox's Bazar,Chittagong,469.65,2206.6,0.212841,232.5,Monsoon (Jun-Sep)
2023,8,August,Dhaka,Dhaka,119.13,1611.18,0.073939,59.0,Monsoon (Jun-Sep)
2023,8,August,Dinajpur,Rangpur,2282.72,3829.09,0.596152,1129.8,Monsoon (Jun-Sep)
2023,8,August,Faridpur,Dhaka,199.31,2227.54,0.089477,98.6,Monsoon (Jun-Sep)
2023,8,August,Feni,Chittagong,352.25,960.78,0.366627,174.3,Monsoon (Jun-Sep)
2023,8,August,Gaibandha,Rangpur,396.56,2410.25,0.164532,196.3,Monsoon (Jun-Sep)
2023,8,August,Gazipur,Dhaka,248.63,1940.74,0.128111,123.1,Monsoon (Jun-Sep)
2023,8,August,Gopalganj,Dhaka,216.05,1602.77,0.134795,106.9,Monsoon (Jun-Sep)
2023,8,August,Habiganj,Sylhet,557.06,2857.81,0.194924,275.7,Monsoon (Jun-Sep)
2023,8,August,Jamalpur,Dhaka,267.26,2272.36,0.117615,132.3,Monsoon (Jun-Sep)
2023,8,August,Jessore,Khulna,360.57,2784.67,0.129483,178.5,Monsoon (Jun-Sep)
2023,8,August,Jhalokati,Barisal,186.89,807.93,0.231314,92.5,Monsoon (Jun-Sep)
2023,8,August,Jhenaidah,Khulna,846.39,2143.59,0.394848,418.9,Monsoon (Jun-Sep)
2023,8,August,Joypurhat,Rajshahi,770.53,1081.54,0.712432,381.4,Monsoon (Jun-Sep)
2023,8,August,Khagrachhari,Chittagong,1274.45,3108.48,0.40999,630.8,Monsoon (Jun-Sep)
2023,8,August,Khulna,Khulna,1652.59,3868.06,0.427241,817.9,Monsoon (Jun-Sep)
2023,8,August,Kishoreganj,Dhaka,1139.27,2821.62,0.403763,563.9,Monsoon (Jun-Sep)
2023,8,August,Kurigram,Rangpur,632.24,2481.86,0.254744,312.9,Monsoon (Jun-Sep)
2023,8,August,Kushtia,Khulna,157.25,1830.28,0.085917,77.8,Monsoon (Jun-Sep)
2023,8,August,Lakshmipur,Chittagong,371.01,1573.07,0.235849,183.6,Monsoon (Jun-Sep)
2023,8,August,Lalmonirhat,Rangpur,468.57,1381.75,0.339111,231.9,Monsoon (Jun-Sep)
2023,8,August,Madaripur,Dhaka,125.76,1257.23,0.100031,62.2,Monsoon (Jun-Sep)
2023,8,August,Magura,Khulna,79.26,1143.98,0.069288,39.2,Monsoon (Jun-Sep)
2023,8,August,Manikganj,Dhaka,262.77,1531.92,0.171532,130.1,Monsoon (Jun-Sep)
2023,8,August,Maulvibazar,Sylhet,354.02,2819.05,0.12558,175.2,Monsoon (Jun-Sep)
2023,8,August,Meherpur,Khulna,433.82,732.79,0.592022,214.7,Monsoon (Jun-Sep)
2023,8,August,Munshiganj,Dhaka,141.1,1036.66,0.136115,69.8,Monsoon (Jun-Sep)
2023,8,August,Mymensingh,Dhaka,1812.14,4784.19,0.378778,896.9,Monsoon (Jun-Sep)
2023,8,August,Naogaon,Rajshahi,779.64,3824.58,0.20385,385.9,Monsoon (Jun-Sep)
2023,8,August,Narail,Khulna,117.64,1072.86,0.109651,58.2,Monsoon (Jun-Sep)
2023,8,August,Narayanganj,Dhaka,66.24,832.16,0.079595,32.8,Monsoon (Jun-Sep)
2023,8,August,Narsingdi,Dhaka,143.9,1281.34,0.112301,71.2,Monsoon (Jun-Sep)
2023,8,August,Natore,Rajshahi,310.58,2101.7,0.147775,153.7,Monsoon (Jun-Sep)
2023,8,August,Nawabganj,Rajshahi,170.78,1804.38,0.094648,84.5,Monsoon (Jun-Sep)
2023,8,August,Netrakona,Dhaka,782.54,3089.39,0.253299,387.3,Monsoon (Jun-Sep)
2023,8,August,Nilphamari,Rangpur,954.62,1836.84,0.51971,472.5,Monsoon (Jun-Sep)
2023,8,August,Noakhali,Chittagong,412.61,2642.03,0.156171,204.2,Monsoon (Jun-Sep)
2023,8,August,Pabna,Rajshahi,380.74,2634.14,0.144542,188.4,Monsoon (Jun-Sep)
2023,8,August,Panchagarh,Rangpur,861.43,1548.93,0.556145,426.4,Monsoon (Jun-Sep)
2023,8,August,Patuakhali,Barisal,646.69,2730.09,0.236876,320.1,Monsoon (Jun-Sep)
2023,8,August,Pirojpur,Barisal,335.69,1365.69,0.245801,166.1,Monsoon (Jun-Sep)
2023,8,August,Rajbari,Dhaka,167.4,1249.73,0.133948,82.9,Monsoon (Jun-Sep)
2023,8,August,Rajshahi,Rajshahi,220.54,2664.72,0.082762,109.2,Monsoon (Jun-Sep)
2023,8,August,Rangamati,Chittagong,482.57,6226.79,0.077499,238.8,Monsoon (Jun-Sep)
2023,8,August,Rangpur,Rangpur,1482.46,2572.65,0.576241,733.7,Monsoon (Jun-Sep)
2023,8,August,Satkhira,Khulna,1507.93,3543.74,0.425518,746.3,Monsoon (Jun-Sep)
2023,8,August,Shariatpur,Dhaka,206.81,1362.06,0.151835,102.4,Monsoon (Jun-Sep)
2023,8,August,Sherpur,Dhaka,393.51,1455.19,0.270417,194.8,Monsoon (Jun-Sep)
2023,8,August,Sirajganj,Rajshahi,655.64,2755.65,0.237924,324.5,Monsoon (Jun-Sep)
2023,8,August,Sunamganj,Sylhet,2158.96,4043.04,0.533993,1068.6,Monsoon (Jun-Sep)
2023,8,August,Sylhet,Sylhet,846.07,3847.75,0.219886,418.8,Monsoon (Jun-Sep)
2023,8,August,Tangail,Dhaka,381.75,3707.07,0.102978,188.9,Monsoon (Jun-Sep)
2023,8,August,Thakurgaon,Rangpur,1325.19,2008.93,0.659649,655.9,Monsoon (Jun-Sep)
2023,9,September,Bagerhat,Khulna,1371.2,3965.62,0.345772,678.7,Monsoon (Jun-Sep)
2023,9,September,Bandarban,Chittagong,2774.86,5000.66,0.554898,1373.4,Monsoon (Jun-Sep)
2023,9,September,Barguna,Barisal,311.61,1547.28,0.20139,154.2,Monsoon (Jun-Sep)
2023,9,September,Barisal,Barisal,509.5,2767.25,0.184116,252.2,Monsoon (Jun-Sep)
2023,9,September,Bhola,Barisal,731.73,2471.69,0.296045,362.2,Monsoon (Jun-Sep)
2023,9,September,Bogra,Rajshahi,329.67,3233.63,0.10195,163.2,Monsoon (Jun-Sep)
2023,9,September,Brahamanbaria,Chittagong,363.09,2104.07,0.172566,179.7,Monsoon (Jun-Sep)
2023,9,September,Chandpur,Chittagong,317.4,1864.17,0.170266,157.1,Monsoon (Jun-Sep)
2023,9,September,Chittagong,Chittagong,1327.99,4736.75,0.280359,657.3,Monsoon (Jun-Sep)
2023,9,September,Chuadanga,Khulna,536.41,1233.0,0.435047,265.5,Monsoon (Jun-Sep)
2023,9,September,Comilla,Chittagong,978.55,3351.85,0.291943,484.3,Monsoon (Jun-Sep)
2023,9,September,Cox's Bazar,Chittagong,170.1,2206.6,0.077088,84.2,Monsoon (Jun-Sep)
2023,9,September,Dhaka,Dhaka,113.68,1611.18,0.070559,56.3,Monsoon (Jun-Sep)
2023,9,September,Dinajpur,Rangpur,2665.95,3829.09,0.696237,1319.5,Monsoon (Jun-Sep)
2023,9,September,Faridpur,Dhaka,176.36,2227.54,0.079173,87.3,Monsoon (Jun-Sep)
2023,9,September,Feni,Chittagong,402.32,960.78,0.418745,199.1,Monsoon (Jun-Sep)
2023,9,September,Gaibandha,Rangpur,299.02,2410.25,0.124063,148.0,Monsoon (Jun-Sep)
2023,9,September,Gazipur,Dhaka,133.11,1940.74,0.068588,65.9,Monsoon (Jun-Sep)
2023,9,September,Gopalganj,Dhaka,252.89,1602.77,0.157783,125.2,Monsoon (Jun-Sep)
2023,9,September,Habiganj,Sylhet,350.96,2857.81,0.122806,173.7,Monsoon (Jun-Sep)
2023,9,September,Jamalpur,Dhaka,164.14,2272.36,0.072235,81.2,Monsoon (Jun-Sep)
2023,9,September,Jessore,Khulna,161.85,2784.67,0.058122,80.1,Monsoon (Jun-Sep)
2023,9,September,Jhalokati,Barisal,83.05,807.93,0.102795,41.1,Monsoon (Jun-Sep)
2023,9,September,Jhenaidah,Khulna,925.03,2143.59,0.431531,457.8,Monsoon (Jun-Sep)
2023,9,September,Joypurhat,Rajshahi,784.45,1081.54,0.725307,388.3,Monsoon (Jun-Sep)
2023,9,September,Khagrachhari,Chittagong,644.79,3108.48,0.207431,319.1,Monsoon (Jun-Sep)
2023,9,September,Khulna,Khulna,1553.03,3868.06,0.4015,768.7,Monsoon (Jun-Sep)
2023,9,September,Kishoreganj,Dhaka,1102.74,2821.62,0.39082,545.8,Monsoon (Jun-Sep)
2023,9,September,Kurigram,Rangpur,445.46,2481.86,0.179485,220.5,Monsoon (Jun-Sep)
2023,9,September,Kushtia,Khulna,141.72,1830.28,0.077429,70.1,Monsoon (Jun-Sep)
2023,9,September,Lakshmipur,Chittagong,328.65,1573.07,0.208921,162.7,Monsoon (Jun-Sep)
2023,9,September,Lalmonirhat,Rangpur,497.1,1381.75,0.359757,246.0,Monsoon (Jun-Sep)
2023,9,September,Madaripur,Dhaka,110.27,1257.23,0.087709,54.6,Monsoon (Jun-Sep)
2023,9,September,Magura,Khulna,32.25,1143.98,0.028194,16.0,Monsoon (Jun-Sep)
2023,9,September,Manikganj,Dhaka,240.25,1531.92,0.156829,118.9,Monsoon (Jun-Sep)
2023,9,September,Maulvibazar,Sylhet,267.83,2819.05,0.095008,132.6,Monsoon (Jun-Sep)
2023,9,September,Meherpur,Khulna,354.45,732.79,0.483707,175.4,Monsoon (Jun-Sep)
2023,9,September,Munshiganj,Dhaka,136.42,1036.66,0.131592,67.5,Monsoon (Jun-Sep)
2023,9,September,Mymensingh,Dhaka,2267.95,4784.19,0.474051,1122.5,Monsoon (Jun-Sep)
2023,9,September,Naogaon,Rajshahi,826.76,3824.58,0.216169,409.2,Monsoon (Jun-Sep)
2023,9,September,Narail,Khulna,108.62,1072.86,0.10124,53.8,Monsoon (Jun-Sep)
2023,9,September,Narayanganj,Dhaka,63.26,832.16,0.076019,31.3,Monsoon (Jun-Sep)
2023,9,September,Narsingdi,Dhaka,120.5,1281.34,0.094044,59.6,Monsoon (Jun-Sep)
2023,9,September,Natore,Rajshahi,154.47,2101.7,0.0735,76.5,Monsoon (Jun-Sep)
2023,9,September,Nawabganj,Rajshahi,162.19,1804.38,0.089888,80.3,Monsoon (Jun-Sep)
2023,9,September,Netrakona,Dhaka,725.37,3089.39,0.234795,359.0,Monsoon (Jun-Sep)
2023,9,September,Nilphamari,Rangpur,1150.26,1836.84,0.626215,569.3,Monsoon (Jun-Sep)
2023,9,September,Noakhali,Chittagong,239.48,2642.03,0.090643,118.5,Monsoon (Jun-Sep)
2023,9,September,Pabna,Rajshahi,352.97,2634.14,0.133999,174.7,Monsoon (Jun-Sep)
2023,9,September,Panchagarh,Rangpur,960.23,1548.93,0.619929,475.3,Monsoon (Jun-Sep)
2023,9,September,Patuakhali,Barisal,382.97,2730.09,0.140276,189.5,Monsoon (Jun-Sep)
2023,9,September,Pirojpur,Barisal,272.17,1365.69,0.199294,134.7,Monsoon (Jun-Sep)
2023,9,September,Rajbari,Dhaka,153.71,1249.73,0.122991,76.1,Monsoon (Jun-Sep)
2023,9,September,Rajshahi,Rajshahi,227.5,2664.72,0.085375,112.6,Monsoon (Jun-Sep)
2023,9,September,Rangamati,Chittagong,490.72,6226.79,0.078808,242.9,Monsoon (Jun-Sep)
2023,9,September,Rangpur,Rangpur,1760.89,2572.65,0.684466,871.5,Monsoon (Jun-Sep)
2023,9,September,Satkhira,Khulna,1264.67,3543.74,0.356873,625.9,Monsoon (Jun-Sep)
2023,9,September,Shariatpur,Dhaka,176.64,1362.06,0.129683,87.4,Monsoon (Jun-Sep)
2023,9,September,Sherpur,Dhaka,481.68,1455.19,0.33101,238.4,Monsoon (Jun-Sep)
2023,9,September,Sirajganj,Rajshahi,484.0,2755.65,0.175638,239.6,Monsoon (Jun-Sep)
2023,9,September,Sunamganj,Sylhet,2036.91,4043.04,0.503806,1008.2,Monsoon (Jun-Sep)
2023,9,September,Sylhet,Sylhet,549.31,3847.75,0.142762,271.9,Monsoon (Jun-Sep)
2023,9,September,Tangail,Dhaka,235.08,3707.07,0.063413,116.4,Monsoon (Jun-Sep)
2023,9,September,Thakurgaon,Rangpur,1466.47,2008.93,0.729973,725.8,Monsoon (Jun-Sep)
2023,10,October,Bagerhat,Khulna,1182.43,3965.62,0.298171,585.2,Post-Monsoon (Oct-Nov)
2023,10,October,Bandarban,Chittagong,3032.15,5000.66,0.606351,1500.7,Post-Monsoon (Oct-Nov)
2023,10,October,Barguna,Barisal,159.34,1547.28,0.102981,78.9,Post-Monsoon (Oct-Nov)
2023,10,October,Barisal,Barisal,525.24,2767.25,0.189807,260.0,Post-Monsoon (Oct-Nov)
2023,10,October,Bhola,Barisal,683.01,2471.69,0.276333,338.1,Post-Monsoon (Oct-Nov)
2023,10,October,Bogra,Rajshahi,303.05,3233.63,0.093719,150.0,Post-Monsoon (Oct-Nov)
2023,10,October,Brahamanbaria,Chittagong,357.94,2104.07,0.170118,177.2,Post-Monsoon (Oct-Nov)
2023,10,October,Chandpur,Chittagong,313.31,1864.17,0.16807,155.1,Post-Monsoon (Oct-Nov)
2023,10,October,Chittagong,Chittagong,1797.5,4736.75,0.379481,889.7,Post-Monsoon (Oct-Nov)
2023,10,October,Chuadanga,Khulna,649.94,1233.0,0.527121,321.7,Post-Monsoon (Oct-Nov)
2023,10,October,Comilla,Chittagong,1270.65,3351.85,0.37909,628.9,Post-Monsoon (Oct-Nov)
2023,10,October,Cox's Bazar,Chittagong,276.04,2206.6,0.125095,136.6,Post-Monsoon (Oct-Nov)
2023,10,October,Dhaka,Dhaka,108.41,1611.18,0.067286,53.7,Post-Monsoon (Oct-Nov)
2023,10,October,Dinajpur,Rangpur,2886.17,3829.09,0.753748,1428.5,Post-Monsoon (Oct-Nov)
2023,10,October,Faridpur,Dhaka,155.82,2227.54,0.069953,77.1,Post-Monsoon (Oct-Nov)
2023,10,October,Feni,Chittagong,435.81,960.78,0.453604,215.7,Post-Monsoon (Oct-Nov)
2023,10,October,Gaibandha,Rangpur,307.18,2410.25,0.127446,152.0,Post-Monsoon (Oct-Nov)
2023,10,October,Gazipur,Dhaka,149.0,1940.74,0.076773,73.7,Post-Monsoon (Oct-Nov)
2023,10,October,Gopalganj,Dhaka,184.73,1602.77,0.115257,91.4,Post-Monsoon (Oct-Nov)
2023,10,October,Habiganj,Sylhet,369.52,2857.81,0.1293,182.9,Post-Monsoon (Oct-Nov)
2023,10,October,Jamalpur,Dhaka,164.71,2272.36,0.072484,81.5,Post-Monsoon (Oct-Nov)
2023,10,October,Jessore,Khulna,410.98,2784.67,0.147585,203.4,Post-Monsoon (Oct-Nov)
2023,10,October,Jhalokati,Barisal,37.55,807.93,0.046476,18.6,Post-Monsoon (Oct-Nov)
2023,10,October,Jhenaidah,Khulna,990.39,2143.59,0.462023,490.2,Post-Monsoon (Oct-Nov)
2023,10,October,Joypurhat,Rajshahi,814.11,1081.54,0.752729,402.9,Post-Monsoon (Oct-Nov)
2023,10,October,Khagrachhari,Chittagong,1550.34,3108.48,0.498745,767.3,Post-Monsoon (Oct-Nov)
2023,10,October,Khulna,Khulna,931.84,3868.06,0.240907,461.2,Post-Monsoon (Oct-Nov)
2023,10,October,Kishoreganj,Dhaka,1076.05,2821.62,0.381359,532.6,Post-Monsoon (Oct-Nov)
2023,10,October,Kurigram,Rangpur,446.58,2481.86,0.179938,221.0,Post-Monsoon (Oct-Nov)
2023,10,October,Kushtia,Khulna,127.56,1830.28,0.069697,63.1,Post-Monsoon (Oct-Nov)
2023,10,October,Lakshmipur,Chittagong,307.83,1573.07,0.19569,152.4,Post-Monsoon (Oct-Nov)
2023,10,October,Lalmonirhat,Rangpur,724.05,1381.75,0.524011,358.4,Post-Monsoon (Oct-Nov)
2023,10,October,Madaripur,Dhaka,108.06,1257.23,0.085952,53.5,Post-Monsoon (Oct-Nov)
2023,10,October,Magura,Khulna,40.45,1143.98,0.035359,20.0,Post-Monsoon (Oct-Nov)
2023,10,October,Manikganj,Dhaka,238.75,1531.92,0.155852,118.2,Post-Monsoon (Oct-Nov)
2023,10,October,Maulvibazar,Sylhet,234.38,2819.05,0.083141,116.0,Post-Monsoon (Oct-Nov)
2023,10,October,Meherpur,Khulna,322.59,732.79,0.440221,159.7,Post-Monsoon (Oct-Nov)
2023,10,October,Munshiganj,Dhaka,135.87,1036.66,0.131061,67.2,Post-Monsoon (Oct-Nov)
2023,10,October,Mymensingh,Dhaka,2333.55,4784.19,0.487763,1155.0,Post-Monsoon (Oct-Nov)
2023,10,October,Naogaon,Rajshahi,1326.85,3824.58,0.346928,656.7,Post-Monsoon (Oct-Nov)
2023,10,October,Narail,Khulna,109.64,1072.86,0.102196,54.3,Post-Monsoon (Oct-Nov)
2023,10,October,Narayanganj,Dhaka,58.33,832.16,0.070094,28.9,Post-Monsoon (Oct-Nov)
2023,10,October,Narsingdi,Dhaka,104.97,1281.34,0.081924,52.0,Post-Monsoon (Oct-Nov)
2023,10,October,Natore,Rajshahi,175.35,2101.7,0.083431,86.8,Post-Monsoon (Oct-Nov)
2023,10,October,Nawabganj,Rajshahi,162.28,1804.38,0.089935,80.3,Post-Monsoon (Oct-Nov)
2023,10,October,Netrakona,Dhaka,648.52,3089.39,0.209917,321.0,Post-Monsoon (Oct-Nov)
2023,10,October,Nilphamari,Rangpur,1108.14,1836.84,0.603284,548.5,Post-Monsoon (Oct-Nov)
2023,10,October,Noakhali,Chittagong,187.52,2642.03,0.070978,92.8,Post-Monsoon (Oct-Nov)
2023,10,October,Pabna,Rajshahi,314.27,2634.14,0.119307,155.5,Post-Monsoon (Oct-Nov)
2023,10,October,Panchagarh,Rangpur,1049.93,1548.93,0.677838,519.7,Post-Monsoon (Oct-Nov)
2023,10,October,Patuakhali,Barisal,229.98,2730.09,0.084238,113.8,Post-Monsoon (Oct-Nov)
2023,10,October,Pirojpur,Barisal,98.18,1365.69,0.071888,48.6,Post-Monsoon (Oct-Nov)
2023,10,October,Rajbari,Dhaka,136.19,1249.73,0.108977,67.4,Post-Monsoon (Oct-Nov)
2023,10,October,Rajshahi,Rajshahi,323.35,2664.72,0.121346,160.0,Post-Monsoon (Oct-Nov)
2023,10,October,Rangamati,Chittagong,490.87,6226.79,0.078831,243.0,Post-Monsoon (Oct-Nov)
2023,10,October,Rangpur,Rangpur,1753.27,2572.65,0.681505,867.8,Post-Monsoon (Oct-Nov)
2023,10,October,Satkhira,Khulna,1359.72,3543.74,0.383695,673.0,Post-Monsoon (Oct-Nov)
2023,10,October,Shariatpur,Dhaka,182.1,1362.06,0.133691,90.1,Post-Monsoon (Oct-Nov)
2023,10,October,Sherpur,Dhaka,729.81,1455.19,0.501522,361.2,Post-Monsoon (Oct-Nov)
2023,10,October,Sirajganj,Rajshahi,530.46,2755.65,0.1925,262.5,Post-Monsoon (Oct-Nov)
2023,10,October,Sunamganj,Sylhet,1917.7,4043.04,0.474322,949.2,Post-Monsoon (Oct-Nov)
2023,10,October,Sylhet,Sylhet,595.47,3847.75,0.154758,294.7,Post-Monsoon (Oct-Nov)
2023,10,October,Tangail,Dhaka,198.47,3707.07,0.053538,98.2,Post-Monsoon (Oct-Nov)
2023,10,October,Thakurgaon,Rangpur,1394.18,2008.93,0.693988,690.0,Post-Monsoon (Oct-Nov)
2023,11,November,Bagerhat,Khulna,1104.19,3965.62,0.27844,546.5,Post-Monsoon (Oct-Nov)
2023,11,November,Bandarban,Chittagong,2584.65,5000.66,0.516862,1279.3,Post-Monsoon (Oct-Nov)
2023,11,November,Barguna,Barisal,160.04,1547.28,0.103436,79.2,Post-Monsoon (Oct-Nov)
2023,11,November,Barisal,Barisal,476.47,2767.25,0.172182,235.8,Post-Monsoon (Oct-Nov)
2023,11,November,Bhola,Barisal,659.75,2471.69,0.266922,326.5,Post-Monsoon (Oct-Nov)
2023,11,November,Bogra,Rajshahi,342.83,3233.63,0.106019,169.7,Post-Monsoon (Oct-Nov)
2023,11,November,Brahamanbaria,Chittagong,135.93,2104.07,0.064605,67.3,Post-Monsoon (Oct-Nov)
2023,11,November,Chandpur,Chittagong,287.13,1864.17,0.154024,142.1,Post-Monsoon (Oct-Nov)
2023,11,November,Chittagong,Chittagong,1110.34,4736.75,0.234409,549.6,Post-Monsoon (Oct-Nov)
2023,11,November,Chuadanga,Khulna,516.1,1233.0,0.418573,255.4,Post-Monsoon (Oct-Nov)
2023,11,November,Comilla,Chittagong,1273.57,3351.85,0.37996,630.3,Post-Monsoon (Oct-Nov)
2023,11,November,Cox's Bazar,Chittagong,222.65,2206.6,0.1009,110.2,Post-Monsoon (Oct-Nov)
2023,11,November,Dhaka,Dhaka,141.45,1611.18,0.087793,70.0,Post-Monsoon (Oct-Nov)
2023,11,November,Dinajpur,Rangpur,2820.36,3829.09,0.736563,1395.9,Post-Monsoon (Oct-Nov)
2023,11,November,Faridpur,Dhaka,112.12,2227.54,0.050335,55.5,Post-Monsoon (Oct-Nov)
2023,11,November,Feni,Chittagong,389.31,960.78,0.4052,192.7,Post-Monsoon (Oct-Nov)
2023,11,November,Gaibandha,Rangpur,255.3,2410.25,0.105922,126.4,Post-Monsoon (Oct-Nov)
2023,11,November,Gazipur,Dhaka,852.76,1940.74,0.4394,422.1,Post-Monsoon (Oct-Nov)
2023,11,November,Gopalganj,Dhaka,201.2,1602.77,0.12553,99.6,Post-Monsoon (Oct-Nov)
2023,11,November,Habiganj,Sylhet,461.55,2857.81,0.161505,228.4,Post-Monsoon (Oct-Nov)
2023,11,November,Jamalpur,Dhaka,203.77,2272.36,0.089674,100.9,Post-Monsoon (Oct-Nov)
2023,11,November,Jessore,Khulna,202.13,2784.67,0.072588,100.0,Post-Monsoon (Oct-Nov)
2023,11,November,Jhalokati,Barisal,39.17,807.93,0.048479,19.4,Post-Monsoon (Oct-Nov)
2023,11,November,Jhenaidah,Khulna,1056.47,2143.59,0.492852,522.9,Post-Monsoon (Oct-Nov)
2023,11,November,Joypurhat,Rajshahi,811.65,1081.54,0.750455,401.7,Post-Monsoon (Oct-Nov)
2023,11,November,Khagrachhari,Chittagong,1535.23,3108.48,0.493884,759.9,Post-Monsoon (Oct-Nov)
2023,11,November,Khulna,Khulna,1206.53,3868.06,0.31192,597.2,Post-Monsoon (Oct-Nov)
2023,11,November,Kishoreganj,Dhaka,405.33,2821.62,0.143652,200.6,Post-Monsoon (Oct-Nov)
2023,11,November,Kurigram,Rangpur,369.42,2481.86,0.148847,182.8,Post-Monsoon (Oct-Nov)
2023,11,November,Kushtia,Khulna,113.9,1830.28,0.062228,56.4,Post-Monsoon (Oct-Nov)
2023,11,November,Lakshmipur,Chittagong,297.45,1573.07,0.18909,147.2,Post-Monsoon (Oct-Nov)
2023,11,November,Lalmonirhat,Rangpur,721.32,1381.75,0.522032,357.0,Post-Monsoon (Oct-Nov)
2023,11,November,Madaripur,Dhaka,104.51,1257.23,0.083128,51.7,Post-Monsoon (Oct-Nov)
2023,11,November,Magura,Khulna,30.03,1143.98,0.02625,14.9,Post-Monsoon (Oct-Nov)
2023,11,November,Manikganj,Dhaka,196.81,1531.92,0.128472,97.4,Post-Monsoon (Oct-Nov)
2023,11,November,Maulvibazar,Sylhet,182.81,2819.05,0.064849,90.5,Post-Monsoon (Oct-Nov)
2023,11,November,Meherpur,Khulna,336.72,732.79,0.459507,166.7,Post-Monsoon (Oct-Nov)
2023,11,November,Munshiganj,Dhaka,121.15,1036.66,0.116867,60.0,Post-Monsoon (Oct-Nov)
2023,11,November,Mymensingh,Dhaka,2734.97,4784.19,0.571669,1353.7,Post-Monsoon (Oct-Nov)
2023,11,November,Naogaon,Rajshahi,1536.45,3824.58,0.40173,760.5,Post-Monsoon (Oct-Nov)
2023,11,November,Narail,Khulna,117.6,1072.86,0.109612,58.2,Post-Monsoon (Oct-Nov)
2023,11,November,Narayanganj,Dhaka,49.82,832.16,0.059864,24.7,Post-Monsoon (Oct-Nov)
2023,11,November,Narsingdi,Dhaka,67.45,1281.34,0.052643,33.4,Post-Monsoon (Oct-Nov)
2023,11,November,Natore,Rajshahi,105.69,2101.7,0.050288,52.3,Post-Monsoon (Oct-Nov)
2023,11,November,Nawabganj,Rajshahi,122.81,1804.38,0.068062,60.8,Post-Monsoon (Oct-Nov)
2023,11,November,Netrakona,Dhaka,379.93,3089.39,0.122978,188.0,Post-Monsoon (Oct-Nov)
2023,11,November,Nilphamari,Rangpur,1069.92,1836.84,0.58248,529.6,Post-Monsoon (Oct-Nov)
2023,11,November,Noakhali,Chittagong,186.08,2642.03,0.070432,92.1,Post-Monsoon (Oct-Nov)
2023,11,November,Pabna,Rajshahi,154.01,2634.14,0.058466,76.2,Post-Monsoon (Oct-Nov)
2023,11,November,Panchagarh,Rangpur,955.82,1548.93,0.617087,473.1,Post-Monsoon (Oct-Nov)
2023,11,November,Patuakhali,Barisal,226.56,2730.09,0.082985,112.1,Post-Monsoon (Oct-Nov)
2023,11,November,Pirojpur,Barisal,102.46,1365.69,0.075023,50.7,Post-Monsoon (Oct-Nov)
2023,11,November,Rajbari,Dhaka,112.48,1249.73,0.090006,55.7,Post-Monsoon (Oct-Nov)
2023,11,November,Rajshahi,Rajshahi,188.44,2664.72,0.070717,93.3,Post-Monsoon (Oct-Nov)
2023,11,November,Rangamati,Chittagong,442.68,6226.79,0.071093,219.1,Post-Monsoon (Oct-Nov)
2023,11,November,Rangpur,Rangpur,1684.22,2572.65,0.654662,833.6,Post-Monsoon (Oct-Nov)
2023,11,November,Satkhira,Khulna,1419.5,3543.74,0.400567,702.6,Post-Monsoon (Oct-Nov)
2023,11,November,Shariatpur,Dhaka,156.95,1362.06,0.115228,77.7,Post-Monsoon (Oct-Nov)
2023,11,November,Sherpur,Dhaka,833.26,1455.19,0.572607,412.4,Post-Monsoon (Oct-Nov)
2023,11,November,Sirajganj,Rajshahi,343.8,2755.65,0.124761,170.2,Post-Monsoon (Oct-Nov)
2023,11,November,Sunamganj,Sylhet,1288.03,4043.04,0.318579,637.5,Post-Monsoon (Oct-Nov)
2023,11,November,Sylhet,Sylhet,441.54,3847.75,0.114753,218.5,Post-Monsoon (Oct-Nov)
2023,11,November,Tangail,Dhaka,634.27,3707.07,0.171098,313.9,Post-Monsoon (Oct-Nov)
2023,11,November,Thakurgaon,Rangpur,1564.17,2008.93,0.778606,774.2,Post-Monsoon (Oct-Nov)
2023,12,December,Bagerhat,Khulna,975.75,3965.59,0.246055,482.9,Dry Winter (Dec-Feb)
2023,12,December,Bandarban,Chittagong,1997.74,5000.66,0.399497,988.8,Dry Winter (Dec-Feb)
2023,12,December,Barguna,Barisal,153.73,1547.16,0.09936,76.1,Dry Winter (Dec-Feb)
2023,12,December,Barisal,Barisal,487.75,2767.25,0.176258,241.4,Dry Winter (Dec-Feb)
2023,12,December,Bhola,Barisal,659.26,2471.69,0.266723,326.3,Dry Winter (Dec-Feb)
2023,12,December,Bogra,Rajshahi,224.84,3233.63,0.069531,111.3,Dry Winter (Dec-Feb)
2023,12,December,Brahamanbaria,Chittagong,389.94,2104.07,0.185329,193.0,Dry Winter (Dec-Feb)
2023,12,December,Chandpur,Chittagong,280.81,1864.17,0.150636,139.0,Dry Winter (Dec-Feb)
2023,12,December,Chittagong,Chittagong,1183.45,4736.75,0.249845,585.7,Dry Winter (Dec-Feb)
2023,12,December,Chuadanga,Khulna,607.33,1233.0,0.49256,300.6,Dry Winter (Dec-Feb)
2023,12,December,Comilla,Chittagong,999.9,3351.85,0.298313,494.9,Dry Winter (Dec-Feb)
2023,12,December,Cox's Bazar,Chittagong,651.21,2206.6,0.295121,322.3,Dry Winter (Dec-Feb)
2023,12,December,Dhaka,Dhaka,744.94,1610.77,0.462471,368.7,Dry Winter (Dec-Feb)
2023,12,December,Dinajpur,Rangpur,2469.88,3829.09,0.645032,1222.5,Dry Winter (Dec-Feb)
2023,12,December,Faridpur,Dhaka,105.02,2227.54,0.047144,52.0,Dry Winter (Dec-Feb)
2023,12,December,Feni,Chittagong,275.45,960.78,0.286698,136.3,Dry Winter (Dec-Feb)
2023,12,December,Gaibandha,Rangpur,249.97,2409.94,0.103724,123.7,Dry Winter (Dec-Feb)
2023,12,December,Gazipur,Dhaka,965.83,1940.23,0.497793,478.0,Dry Winter (Dec-Feb)
2023,12,December,Gopalganj,Dhaka,313.72,1602.77,0.195736,155.3,Dry Winter (Dec-Feb)
2023,12,December,Habiganj,Sylhet,653.11,2857.81,0.228533,323.3,Dry Winter (Dec-Feb)
2023,12,December,Jamalpur,Dhaka,221.24,2272.34,0.097361,109.5,Dry Winter (Dec-Feb)
2023,12,December,Jessore,Khulna,211.3,2784.67,0.075881,104.6,Dry Winter (Dec-Feb)
2023,12,December,Jhalokati,Barisal,37.49,807.89,0.046404,18.6,Dry Winter (Dec-Feb)
2023,12,December,Jhenaidah,Khulna,939.44,2143.59,0.438254,465.0,Dry Winter (Dec-Feb)
2023,12,December,Joypurhat,Rajshahi,482.24,1081.54,0.445876,238.7,Dry Winter (Dec-Feb)
2023,12,December,Khagrachhari,Chittagong,1138.28,3108.48,0.366187,563.4,Dry Winter (Dec-Feb)
2023,12,December,Khulna,Khulna,979.41,3867.85,0.253218,484.8,Dry Winter (Dec-Feb)
2023,12,December,Kishoreganj,Dhaka,242.99,2821.62,0.086119,120.3,Dry Winter (Dec-Feb)
2023,12,December,Kurigram,Rangpur,374.93,2481.67,0.151079,185.6,Dry Winter (Dec-Feb)
2023,12,December,Kushtia,Khulna,119.57,1830.28,0.06533,59.2,Dry Winter (Dec-Feb)
2023,12,December,Lakshmipur,Chittagong,298.37,1573.07,0.189677,147.7,Dry Winter (Dec-Feb)
2023,12,December,Lalmonirhat,Rangpur,582.95,1381.75,0.421893,288.5,Dry Winter (Dec-Feb)
2023,12,December,Madaripur,Dhaka,120.91,1257.23,0.096171,59.8,Dry Winter (Dec-Feb)
2023,12,December,Magura,Khulna,275.3,1143.98,0.240654,136.3,Dry Winter (Dec-Feb)
2023,12,December,Manikganj,Dhaka,184.17,1531.33,0.120271,91.2,Dry Winter (Dec-Feb)
2023,12,December,Maulvibazar,Sylhet,272.53,2819.05,0.096673,134.9,Dry Winter (Dec-Feb)
2023,12,December,Meherpur,Khulna,304.99,732.79,0.416207,151.0,Dry Winter (Dec-Feb)
2023,12,December,Munshiganj,Dhaka,110.93,1036.66,0.107008,54.9,Dry Winter (Dec-Feb)
2023,12,December,Mymensingh,Dhaka,2495.07,4784.19,0.521525,1234.9,Dry Winter (Dec-Feb)
2023,12,December,Naogaon,Rajshahi,1556.1,3824.58,0.406869,770.2,Dry Winter (Dec-Feb)
2023,12,December,Narail,Khulna,166.41,1072.86,0.155109,82.4,Dry Winter (Dec-Feb)
2023,12,December,Narayanganj,Dhaka,301.21,832.16,0.361959,149.1,Dry Winter (Dec-Feb)
2023,12,December,Narsingdi,Dhaka,60.77,1281.12,0.047439,30.1,Dry Winter (Dec-Feb)
2023,12,December,Natore,Rajshahi,295.88,2101.7,0.140782,146.4,Dry Winter (Dec-Feb)
2023,12,December,Nawabganj,Rajshahi,154.49,1804.38,0.085618,76.5,Dry Winter (Dec-Feb)
2023,12,December,Netrakona,Dhaka,505.59,3089.39,0.163654,250.2,Dry Winter (Dec-Feb)
2023,12,December,Nilphamari,Rangpur,957.23,1836.84,0.521127,473.8,Dry Winter (Dec-Feb)
2023,12,December,Noakhali,Chittagong,198.26,2642.03,0.075039,98.1,Dry Winter (Dec-Feb)
2023,12,December,Pabna,Rajshahi,158.1,2633.87,0.060025,78.3,Dry Winter (Dec-Feb)
2023,12,December,Panchagarh,Rangpur,859.01,1548.93,0.554585,425.2,Dry Winter (Dec-Feb)
2023,12,December,Patuakhali,Barisal,222.95,2729.74,0.081674,110.3,Dry Winter (Dec-Feb)
2023,12,December,Pirojpur,Barisal,106.01,1365.46,0.077635,52.5,Dry Winter (Dec-Feb)
2023,12,December,Rajbari,Dhaka,104.84,1249.73,0.083888,51.9,Dry Winter (Dec-Feb)
2023,12,December,Rajshahi,Rajshahi,273.09,2664.72,0.102482,135.2,Dry Winter (Dec-Feb)
2023,12,December,Rangamati,Chittagong,415.9,6226.79,0.066792,205.8,Dry Winter (Dec-Feb)
2023,12,December,Rangpur,Rangpur,1567.58,2572.65,0.609327,775.9,Dry Winter (Dec-Feb)
2023,12,December,Satkhira,Khulna,1285.02,3543.46,0.362644,636.0,Dry Winter (Dec-Feb)
2023,12,December,Shariatpur,Dhaka,153.06,1362.06,0.112374,75.8,Dry Winter (Dec-Feb)
2023,12,December,Sherpur,Dhaka,910.45,1455.19,0.625656,450.6,Dry Winter (Dec-Feb)
2023,12,December,Sirajganj,Rajshahi,309.91,2755.65,0.112462,153.4,Dry Winter (Dec-Feb)
2023,12,December,Sunamganj,Sylhet,819.62,4043.04,0.202724,405.7,Dry Winter (Dec-Feb)
2023,12,December,Sylhet,Sylhet,614.59,3847.75,0.159726,304.2,Dry Winter (Dec-Feb)
2023,12,December,Tangail,Dhaka,1499.89,3707.07,0.404604,742.4,Dry Winter (Dec-Feb)
2023,12,December,Thakurgaon,Rangpur,1151.06,2008.93,0.57297,569.7,Dry Winter (Dec-Feb)
2024,1,January,Bagerhat,Khulna,787.92,3965.62,0.198687,390.0,Dry Winter (Dec-Feb)
2024,1,January,Bandarban,Chittagong,2032.31,5000.66,0.406408,1005.9,Dry Winter (Dec-Feb)
2024,1,January,Barguna,Barisal,159.39,1547.28,0.103016,78.9,Dry Winter (Dec-Feb)
2024,1,January,Barisal,Barisal,412.94,2767.25,0.149224,204.4,Dry Winter (Dec-Feb)
2024,1,January,Bhola,Barisal,647.95,2471.69,0.262148,320.7,Dry Winter (Dec-Feb)
2024,1,January,Bogra,Rajshahi,171.51,3233.63,0.053039,84.9,Dry Winter (Dec-Feb)
2024,1,January,Brahamanbaria,Chittagong,979.32,2104.07,0.465442,484.7,Dry Winter (Dec-Feb)
2024,1,January,Chandpur,Chittagong,259.06,1864.17,0.13897,128.2,Dry Winter (Dec-Feb)
2024,1,January,Chittagong,Chittagong,1696.71,4736.75,0.358202,839.8,Dry Winter (Dec-Feb)
2024,1,January,Chuadanga,Khulna,558.04,1233.0,0.452583,276.2,Dry Winter (Dec-Feb)
2024,1,January,Comilla,Chittagong,1648.91,3351.85,0.49194,816.1,Dry Winter (Dec-Feb)
2024,1,January,Cox's Bazar,Chittagong,730.77,2206.6,0.331173,361.7,Dry Winter (Dec-Feb)
2024,1,January,Dhaka,Dhaka,732.82,1611.18,0.454835,362.7,Dry Winter (Dec-Feb)
2024,1,January,Dinajpur,Rangpur,1103.47,3829.09,0.288182,546.2,Dry Winter (Dec-Feb)
2024,1,January,Faridpur,Dhaka,518.37,2227.54,0.232709,256.6,Dry Winter (Dec-Feb)
2024,1,January,Feni,Chittagong,370.34,960.78,0.385461,183.3,Dry Winter (Dec-Feb)
2024,1,January,Gaibandha,Rangpur,156.99,2410.25,0.065135,77.7,Dry Winter (Dec-Feb)
2024,1,January,Gazipur,Dhaka,923.9,1940.74,0.476056,457.3,Dry Winter (Dec-Feb)
2024,1,January,Gopalganj,Dhaka,625.08,1602.77,0.390004,309.4,Dry Winter (Dec-Feb)
2024,1,January,Habiganj,Sylhet,1412.92,2857.81,0.494406,699.3,Dry Winter (Dec-Feb)
2024,1,January,Jamalpur,Dhaka,162.78,2272.36,0.071636,80.6,Dry Winter (Dec-Feb)
2024,1,January,Jessore,Khulna,682.26,2784.67,0.245005,337.7,Dry Winter (Dec-Feb)
2024,1,January,Jhalokati,Barisal,35.87,807.93,0.044404,17.8,Dry Winter (Dec-Feb)
2024,1,January,Jhenaidah,Khulna,793.12,2143.59,0.369994,392.6,Dry Winter (Dec-Feb)
2024,1,January,Joypurhat,Rajshahi,308.8,1081.54,0.285514,152.8,Dry Winter (Dec-Feb)
2024,1,January,Khagrachhari,Chittagong,1303.63,3108.48,0.419377,645.2,Dry Winter (Dec-Feb)
2024,1,January,Khulna,Khulna,918.13,3868.06,0.237363,454.4,Dry Winter (Dec-Feb)
2024,1,January,Kishoreganj,Dhaka,1464.36,2821.62,0.518979,724.8,Dry Winter (Dec-Feb)
2024,1,January,Kurigram,Rangpur,413.54,2481.86,0.166627,204.7,Dry Winter (Dec-Feb)
2024,1,January,Kushtia,Khulna,108.53,1830.28,0.059299,53.7,Dry Winter (Dec-Feb)
2024,1,January,Lakshmipur,Chittagong,292.26,1573.07,0.185791,144.7,Dry Winter (Dec-Feb)
2024,1,January,Lalmonirhat,Rangpur,44.1,1381.75,0.031917,21.8,Dry Winter (Dec-Feb)
2024,1,January,Madaripur,Dhaka,102.63,1257.23,0.081635,50.8,Dry Winter (Dec-Feb)
2024,1,January,Magura,Khulna,486.11,1143.98,0.424933,240.6,Dry Winter (Dec-Feb)
2024,1,January,Manikganj,Dhaka,189.08,1531.92,0.123428,93.6,Dry Winter (Dec-Feb)
2024,1,January,Maulvibazar,Sylhet,663.1,2819.05,0.235223,328.2,Dry Winter (Dec-Feb)
2024,1,January,Meherpur,Khulna,322.69,732.79,0.440366,159.7,Dry Winter (Dec-Feb)
2024,1,January,Munshiganj,Dhaka,102.81,1036.66,0.099176,50.9,Dry Winter (Dec-Feb)
2024,1,January,Mymensingh,Dhaka,2692.05,4784.19,0.562698,1332.4,Dry Winter (Dec-Feb)
2024,1,January,Naogaon,Rajshahi,1841.17,3824.58,0.481405,911.3,Dry Winter (Dec-Feb)
2024,1,January,Narail,Khulna,172.04,1072.86,0.16036,85.2,Dry Winter (Dec-Feb)
2024,1,January,Narayanganj,Dhaka,319.21,832.16,0.383589,158.0,Dry Winter (Dec-Feb)
2024,1,January,Narsingdi,Dhaka,62.75,1281.34,0.048976,31.1,Dry Winter (Dec-Feb)
2024,1,January,Natore,Rajshahi,898.35,2101.7,0.427442,444.6,Dry Winter (Dec-Feb)
2024,1,January,Nawabganj,Rajshahi,636.39,1804.38,0.352689,315.0,Dry Winter (Dec-Feb)
2024,1,January,Netrakona,Dhaka,1826.88,3089.39,0.59134,904.2,Dry Winter (Dec-Feb)
2024,1,January,Nilphamari,Rangpur,40.22,1836.84,0.021895,19.9,Dry Winter (Dec-Feb)
2024,1,January,Noakhali,Chittagong,183.64,2642.03,0.069507,90.9,Dry Winter (Dec-Feb)
2024,1,January,Pabna,Rajshahi,609.35,2634.14,0.231328,301.6,Dry Winter (Dec-Feb)
2024,1,January,Panchagarh,Rangpur,891.27,1548.93,0.575406,441.1,Dry Winter (Dec-Feb)
2024,1,January,Patuakhali,Barisal,224.14,2730.09,0.082101,110.9,Dry Winter (Dec-Feb)
2024,1,January,Pirojpur,Barisal,95.98,1365.69,0.070281,47.5,Dry Winter (Dec-Feb)
2024,1,January,Rajbari,Dhaka,97.6,1249.73,0.078097,48.3,Dry Winter (Dec-Feb)
2024,1,January,Rajshahi,Rajshahi,550.17,2664.72,0.206465,272.3,Dry Winter (Dec-Feb)
2024,1,January,Rangamati,Chittagong,378.46,6226.79,0.060779,187.3,Dry Winter (Dec-Feb)
2024,1,January,Rangpur,Rangpur,95.86,2572.65,0.03726,47.4,Dry Winter (Dec-Feb)
2024,1,January,Satkhira,Khulna,1103.6,3543.74,0.311422,546.2,Dry Winter (Dec-Feb)
2024,1,January,Shariatpur,Dhaka,134.68,1362.06,0.098877,66.7,Dry Winter (Dec-Feb)
2024,1,January,Sherpur,Dhaka,899.54,1455.19,0.618157,445.2,Dry Winter (Dec-Feb)
2024,1,January,Sirajganj,Rajshahi,366.81,2755.65,0.133114,181.6,Dry Winter (Dec-Feb)
2024,1,January,Sunamganj,Sylhet,395.98,4043.04,0.097941,196.0,Dry Winter (Dec-Feb)
2024,1,January,Sylhet,Sylhet,1717.29,3847.75,0.446311,850.0,Dry Winter (Dec-Feb)
2024,1,January,Tangail,Dhaka,1761.68,3707.07,0.475222,871.9,Dry Winter (Dec-Feb)
2024,1,January,Thakurgaon,Rangpur,1013.98,2008.93,0.504734,501.9,Dry Winter (Dec-Feb)
2024,2,February,Bagerhat,Khulna,600.36,3965.62,0.151392,297.1,Dry Winter (Dec-Feb)
2024,2,February,Bandarban,Chittagong,3037.84,5000.66,0.607487,1503.6,Dry Winter (Dec-Feb)
2024,2,February,Barguna,Barisal,154.3,1547.28,0.099722,76.4,Dry Winter (Dec-Feb)
2024,2,February,Barisal,Barisal,437.04,2767.25,0.157932,216.3,Dry Winter (Dec-Feb)
2024,2,February,Bhola,Barisal,664.98,2471.69,0.269039,329.1,Dry Winter (Dec-Feb)
2024,2,February,Bogra,Rajshahi,1298.67,3233.63,0.401613,642.8,Dry Winter (Dec-Feb)
2024,2,February,Brahamanbaria,Chittagong,1047.97,2104.07,0.498069,518.7,Dry Winter (Dec-Feb)
2024,2,February,Chandpur,Chittagong,262.05,1864.17,0.140574,129.7,Dry Winter (Dec-Feb)
2024,2,February,Chittagong,Chittagong,1744.42,4736.75,0.368275,863.4,Dry Winter (Dec-Feb)
2024,2,February,Chuadanga,Khulna,786.84,1233.0,0.638152,389.4,Dry Winter (Dec-Feb)
2024,2,February,Comilla,Chittagong,1575.24,3351.85,0.469961,779.7,Dry Winter (Dec-Feb)
2024,2,February,Cox's Bazar,Chittagong,807.09,2206.6,0.365763,399.5,Dry Winter (Dec-Feb)
2024,2,February,Dhaka,Dhaka,699.35,1611.18,0.43406,346.1,Dry Winter (Dec-Feb)
2024,2,February,Dinajpur,Rangpur,1443.31,3829.09,0.376933,714.4,Dry Winter (Dec-Feb)
2024,2,February,Faridpur,Dhaka,722.59,2227.54,0.32439,357.6,Dry Winter (Dec-Feb)
2024,2,February,Feni,Chittagong,411.19,960.78,0.427972,203.5,Dry Winter (Dec-Feb)
2024,2,February,Gaibandha,Rangpur,338.09,2410.25,0.14027,167.3,Dry Winter (Dec-Feb)
2024,2,February,Gazipur,Dhaka,879.72,1940.74,0.453291,435.4,Dry Winter (Dec-Feb)
2024,2,February,Gopalganj,Dhaka,626.34,1602.77,0.390784,310.0,Dry Winter (Dec-Feb)
2024,2,February,Habiganj,Sylhet,1104.34,2857.81,0.386428,546.6,Dry Winter (Dec-Feb)
2024,2,February,Jamalpur,Dhaka,602.68,2272.36,0.265221,298.3,Dry Winter (Dec-Feb)
2024,2,February,Jessore,Khulna,648.71,2784.67,0.232958,321.1,Dry Winter (Dec-Feb)
2024,2,February,Jhalokati,Barisal,35.92,807.93,0.044462,17.8,Dry Winter (Dec-Feb)
2024,2,February,Jhenaidah,Khulna,983.66,2143.59,0.458885,486.9,Dry Winter (Dec-Feb)
2024,2,February,Joypurhat,Rajshahi,549.5,1081.54,0.508069,272.0,Dry Winter (Dec-Feb)
2024,2,February,Khagrachhari,Chittagong,1721.72,3108.48,0.553878,852.2,Dry Winter (Dec-Feb)
2024,2,February,Khulna,Khulna,566.87,3868.06,0.146552,280.6,Dry Winter (Dec-Feb)
2024,2,February,Kishoreganj,Dhaka,1096.97,2821.62,0.388775,542.9,Dry Winter (Dec-Feb)
2024,2,February,Kurigram,Rangpur,410.3,2481.86,0.16532,203.1,Dry Winter (Dec-Feb)
2024,2,February,Kushtia,Khulna,206.4,1830.28,0.112767,102.2,Dry Winter (Dec-Feb)
2024,2,February,Lakshmipur,Chittagong,298.54,1573.07,0.189781,147.8,Dry Winter (Dec-Feb)
2024,2,February,Lalmonirhat,Rangpur,476.75,1381.75,0.34503,236.0,Dry Winter (Dec-Feb)
2024,2,February,Madaripur,Dhaka,84.66,1257.23,0.067339,41.9,Dry Winter (Dec-Feb)
2024,2,February,Magura,Khulna,670.13,1143.98,0.585794,331.7,Dry Winter (Dec-Feb)
2024,2,February,Manikganj,Dhaka,185.33,1531.92,0.120982,91.7,Dry Winter (Dec-Feb)
2024,2,February,Maulvibazar,Sylhet,1042.87,2819.05,0.369938,516.2,Dry Winter (Dec-Feb)
2024,2,February,Meherpur,Khulna,363.99,732.79,0.496726,180.2,Dry Winter (Dec-Feb)
2024,2,February,Munshiganj,Dhaka,102.44,1036.66,0.098819,50.7,Dry Winter (Dec-Feb)
2024,2,February,Mymensingh,Dhaka,2271.6,4784.19,0.474813,1124.3,Dry Winter (Dec-Feb)
2024,2,February,Naogaon,Rajshahi,2714.15,3824.58,0.709659,1343.4,Dry Winter (Dec-Feb)
2024,2,February,Narail,Khulna,52.03,1072.86,0.048494,25.8,Dry Winter (Dec-Feb)
2024,2,February,Narayanganj,Dhaka,352.03,832.16,0.423029,174.2,Dry Winter (Dec-Feb)
2024,2,February,Narsingdi,Dhaka,65.07,1281.34,0.050786,32.2,Dry Winter (Dec-Feb)
2024,2,February,Natore,Rajshahi,1354.2,2101.7,0.644335,670.3,Dry Winter (Dec-Feb)
2024,2,February,Nawabganj,Rajshahi,822.97,1804.38,0.456097,407.3,Dry Winter (Dec-Feb)
2024,2,February,Netrakona,Dhaka,1654.5,3089.39,0.535542,818.9,Dry Winter (Dec-Feb)
2024,2,February,Nilphamari,Rangpur,678.24,1836.84,0.369244,335.7,Dry Winter (Dec-Feb)
2024,2,February,Noakhali,Chittagong,178.74,2642.03,0.067651,88.5,Dry Winter (Dec-Feb)
2024,2,February,Pabna,Rajshahi,1097.74,2634.14,0.416735,543.3,Dry Winter (Dec-Feb)
2024,2,February,Panchagarh,Rangpur,1004.67,1548.93,0.648624,497.3,Dry Winter (Dec-Feb)
2024,2,February,Patuakhali,Barisal,216.31,2730.09,0.079233,107.1,Dry Winter (Dec-Feb)
2024,2,February,Pirojpur,Barisal,92.83,1365.69,0.067974,45.9,Dry Winter (Dec-Feb)
2024,2,February,Rajbari,Dhaka,98.29,1249.73,0.07865,48.6,Dry Winter (Dec-Feb)
2024,2,February,Rajshahi,Rajshahi,1184.5,2664.72,0.444515,586.3,Dry Winter (Dec-Feb)
2024,2,February,Rangamati,Chittagong,305.6,6226.79,0.049078,151.3,Dry Winter (Dec-Feb)
2024,2,February,Rangpur,Rangpur,1002.66,2572.65,0.389738,496.3,Dry Winter (Dec-Feb)
2024,2,February,Satkhira,Khulna,807.11,3543.74,0.227756,399.5,Dry Winter (Dec-Feb)
2024,2,February,Shariatpur,Dhaka,132.17,1362.06,0.09704,65.4,Dry Winter (Dec-Feb)
2024,2,February,Sherpur,Dhaka,751.75,1455.19,0.516596,372.1,Dry Winter (Dec-Feb)
2024,2,February,Sirajganj,Rajshahi,301.3,2755.65,0.109338,149.1,Dry Winter (Dec-Feb)
2024,2,February,Sunamganj,Sylhet,995.53,4043.04,0.246232,492.7,Dry Winter (Dec-Feb)
2024,2,February,Sylhet,Sylhet,1288.84,3847.75,0.33496,637.9,Dry Winter (Dec-Feb)
2024,2,February,Tangail,Dhaka,1493.43,3707.07,0.402859,739.2,Dry Winter (Dec-Feb)
2024,2,February,Thakurgaon,Rangpur,1013.28,2008.93,0.504387,501.5,Dry Winter (Dec-Feb)
2024,3,March,Bagerhat,Khulna,606.44,3965.62,0.152925,300.2,Pre-Monsoon (Mar-May)
2024,3,March,Bandarban,Chittagong,2898.94,5000.66,0.579711,1434.8,Pre-Monsoon (Mar-May)
2024,3,March,Barguna,Barisal,156.74,1547.28,0.101301,77.6,Pre-Monsoon (Mar-May)
2024,3,March,Barisal,Barisal,410.36,2767.25,0.148292,203.1,Pre-Monsoon (Mar-May)
2024,3,March,Bhola,Barisal,651.14,2471.69,0.26344,322.3,Pre-Monsoon (Mar-May)
2024,3,March,Bogra,Rajshahi,1271.37,3233.63,0.393169,629.3,Pre-Monsoon (Mar-May)
2024,3,March,Brahamanbaria,Chittagong,1027.74,2104.07,0.488455,508.7,Pre-Monsoon (Mar-May)
2024,3,March,Chandpur,Chittagong,260.5,1864.17,0.139739,128.9,Pre-Monsoon (Mar-May)
2024,3,March,Chittagong,Chittagong,1960.41,4736.75,0.413872,970.3,Pre-Monsoon (Mar-May)
2024,3,March,Chuadanga,Khulna,598.08,1233.0,0.485063,296.0,Pre-Monsoon (Mar-May)
2024,3,March,Comilla,Chittagong,1759.64,3351.85,0.524974,870.9,Pre-Monsoon (Mar-May)
2024,3,March,Cox's Bazar,Chittagong,700.14,2206.6,0.317294,346.5,Pre-Monsoon (Mar-May)
2024,3,March,Dhaka,Dhaka,732.83,1611.18,0.454842,362.7,Pre-Monsoon (Mar-May)
2024,3,March,Dinajpur,Rangpur,2400.52,3829.09,0.626918,1188.1,Pre-Monsoon (Mar-May)
2024,3,March,Faridpur,Dhaka,862.25,2227.54,0.387088,426.8,Pre-Monsoon (Mar-May)
2024,3,March,Feni,Chittagong,401.32,960.78,0.417701,198.6,Pre-Monsoon (Mar-May)
2024,3,March,Gaibandha,Rangpur,282.99,2410.25,0.117411,140.1,Pre-Monsoon (Mar-May)
2024,3,March,Gazipur,Dhaka,944.85,1940.74,0.486849,467.6,Pre-Monsoon (Mar-May)
2024,3,March,Gopalganj,Dhaka,918.58,1602.77,0.573123,454.6,Pre-Monsoon (Mar-May)
2024,3,March,Habiganj,Sylhet,1667.83,2857.81,0.583605,825.5,Pre-Monsoon (Mar-May)
2024,3,March,Jamalpur,Dhaka,190.12,2272.36,0.083668,94.1,Pre-Monsoon (Mar-May)
2024,3,March,Jessore,Khulna,212.3,2784.67,0.076239,105.1,Pre-Monsoon (Mar-May)
2024,3,March,Jhalokati,Barisal,32.68,807.93,0.040451,16.2,Pre-Monsoon (Mar-May)
2024,3,March,Jhenaidah,Khulna,1026.49,2143.59,0.478864,508.1,Pre-Monsoon (Mar-May)
2024,3,March,Joypurhat,Rajshahi,840.52,1081.54,0.777147,416.0,Pre-Monsoon (Mar-May)
2024,3,March,Khagrachhari,Chittagong,1395.86,3108.48,0.44905,690.9,Pre-Monsoon (Mar-May)
2024,3,March,Khulna,Khulna,549.29,3868.06,0.142006,271.9,Pre-Monsoon (Mar-May)
2024,3,March,Kishoreganj,Dhaka,1471.03,2821.62,0.521342,728.1,Pre-Monsoon (Mar-May)
2024,3,March,Kurigram,Rangpur,465.95,2481.86,0.187743,230.6,Pre-Monsoon (Mar-May)
2024,3,March,Kushtia,Khulna,124.55,1830.28,0.068048,61.6,Pre-Monsoon (Mar-May)
2024,3,March,Lakshmipur,Chittagong,297.05,1573.07,0.188835,147.0,Pre-Monsoon (Mar-May)
2024,3,March,Lalmonirhat,Rangpur,300.38,1381.75,0.217391,148.7,Pre-Monsoon (Mar-May)
2024,3,March,Madaripur,Dhaka,84.21,1257.23,0.066977,41.7,Pre-Monsoon (Mar-May)
2024,3,March,Magura,Khulna,532.36,1143.98,0.465355,263.5,Pre-Monsoon (Mar-May)
2024,3,March,Manikganj,Dhaka,191.15,1531.92,0.124776,94.6,Pre-Monsoon (Mar-May)
2024,3,March,Maulvibazar,Sylhet,799.53,2819.05,0.283617,395.7,Pre-Monsoon (Mar-May)
2024,3,March,Meherpur,Khulna,342.12,732.79,0.466872,169.3,Pre-Monsoon (Mar-May)
2024,3,March,Munshiganj,Dhaka,94.33,1036.66,0.090991,46.7,Pre-Monsoon (Mar-May)
2024,3,March,Mymensingh,Dhaka,2259.59,4784.19,0.472304,1118.4,Pre-Monsoon (Mar-May)
2024,3,March,Naogaon,Rajshahi,2797.27,3824.58,0.731392,1384.5,Pre-Monsoon (Mar-May)
2024,3,March,Narail,Khulna,43.36,1072.86,0.040413,21.5,Pre-Monsoon (Mar-May)
2024,3,March,Narayanganj,Dhaka,385.11,832.16,0.462786,190.6,Pre-Monsoon (Mar-May)
2024,3,March,Narsingdi,Dhaka,142.85,1281.34,0.111489,70.7,Pre-Monsoon (Mar-May)
2024,3,March,Natore,Rajshahi,1162.22,2101.7,0.552993,575.2,Pre-Monsoon (Mar-May)
2024,3,March,Nawabganj,Rajshahi,432.94,1804.38,0.239938,214.3,Pre-Monsoon (Mar-May)
2024,3,March,Netrakona,Dhaka,1784.39,3089.39,0.577587,883.2,Pre-Monsoon (Mar-May)
2024,3,March,Nilphamari,Rangpur,1093.47,1836.84,0.595303,541.2,Pre-Monsoon (Mar-May)
2024,3,March,Noakhali,Chittagong,179.62,2642.03,0.067984,88.9,Pre-Monsoon (Mar-May)
2024,3,March,Pabna,Rajshahi,1087.69,2634.14,0.412919,538.3,Pre-Monsoon (Mar-May)
2024,3,March,Panchagarh,Rangpur,715.54,1548.93,0.461958,354.2,Pre-Monsoon (Mar-May)
2024,3,March,Patuakhali,Barisal,223.2,2730.09,0.081757,110.5,Pre-Monsoon (Mar-May)
2024,3,March,Pirojpur,Barisal,87.47,1365.69,0.064048,43.3,Pre-Monsoon (Mar-May)
2024,3,March,Rajbari,Dhaka,90.65,1249.73,0.072536,44.9,Pre-Monsoon (Mar-May)
2024,3,March,Rajshahi,Rajshahi,271.07,2664.72,0.101725,134.2,Pre-Monsoon (Mar-May)
2024,3,March,Rangamati,Chittagong,294.45,6226.79,0.047287,145.7,Pre-Monsoon (Mar-May)
2024,3,March,Rangpur,Rangpur,1807.2,2572.65,0.702466,894.5,Pre-Monsoon (Mar-May)
2024,3,March,Satkhira,Khulna,971.03,3543.74,0.274012,480.6,Pre-Monsoon (Mar-May)
2024,3,March,Shariatpur,Dhaka,131.22,1362.06,0.09634,64.9,Pre-Monsoon (Mar-May)
2024,3,March,Sherpur,Dhaka,831.45,1455.19,0.571363,411.5,Pre-Monsoon (Mar-May)
2024,3,March,Sirajganj,Rajshahi,315.01,2755.65,0.114314,155.9,Pre-Monsoon (Mar-May)
2024,3,March,Sunamganj,Sylhet,1962.58,4043.04,0.485421,971.4,Pre-Monsoon (Mar-May)
2024,3,March,Sylhet,Sylhet,1926.17,3847.75,0.500597,953.3,Pre-Monsoon (Mar-May)
2024,3,March,Tangail,Dhaka,1606.04,3707.07,0.433236,794.9,Pre-Monsoon (Mar-May)
2024,3,March,Thakurgaon,Rangpur,977.2,2008.93,0.486427,483.7,Pre-Monsoon (Mar-May)
2024,4,April,Bagerhat,Khulna,1145.5,3965.62,0.288858,567.0,Pre-Monsoon (Mar-May)
2024,4,April,Bandarban,Chittagong,3176.11,5000.66,0.635139,1572.0,Pre-Monsoon (Mar-May)
2024,4,April,Barguna,Barisal,158.31,1547.28,0.102314,78.4,Pre-Monsoon (Mar-May)
2024,4,April,Barisal,Barisal,433.4,2767.25,0.156619,214.5,Pre-Monsoon (Mar-May)
2024,4,April,Bhola,Barisal,663.37,2471.69,0.268386,328.3,Pre-Monsoon (Mar-May)
2024,4,April,Bogra,Rajshahi,1910.6,3233.63,0.590854,945.6,Pre-Monsoon (Mar-May)
2024,4,April,Brahamanbaria,Chittagong,1132.64,2104.07,0.538309,560.6,Pre-Monsoon (Mar-May)
2024,4,April,Chandpur,Chittagong,272.38,1864.17,0.146113,134.8,Pre-Monsoon (Mar-May)
2024,4,April,Chittagong,Chittagong,2022.89,4736.75,0.427064,1001.2,Pre-Monsoon (Mar-May)
2024,4,April,Chuadanga,Khulna,759.98,1233.0,0.616363,376.1,Pre-Monsoon (Mar-May)
2024,4,April,Comilla,Chittagong,1908.52,3351.85,0.569392,944.6,Pre-Monsoon (Mar-May)
2024,4,April,Cox's Bazar,Chittagong,872.06,2206.6,0.395204,431.6,Pre-Monsoon (Mar-May)
2024,4,April,Dhaka,Dhaka,856.66,1611.18,0.5317,424.0,Pre-Monsoon (Mar-May)
2024,4,April,Dinajpur,Rangpur,3080.6,3829.09,0.804525,1524.7,Pre-Monsoon (Mar-May)
2024,4,April,Faridpur,Dhaka,766.42,2227.54,0.344066,379.3,Pre-Monsoon (Mar-May)
2024,4,April,Feni,Chittagong,452.29,960.78,0.470752,223.9,Pre-Monsoon (Mar-May)
2024,4,April,Gaibandha,Rangpur,245.85,2410.25,0.102001,121.7,Pre-Monsoon (Mar-May)
2024,4,April,Gazipur,Dhaka,982.91,1940.74,0.506461,486.5,Pre-Monsoon (Mar-May)
2024,4,April,Gopalganj,Dhaka,1023.1,1602.77,0.638335,506.4,Pre-Monsoon (Mar-May)
2024,4,April,Habiganj,Sylhet,1707.1,2857.81,0.597344,844.9,Pre-Monsoon (Mar-May)
2024,4,April,Jamalpur,Dhaka,1233.97,2272.36,0.543034,610.7,Pre-Monsoon (Mar-May)
2024,4,April,Jessore,Khulna,1254.8,2784.67,0.450611,621.1,Pre-Monsoon (Mar-May)
2024,4,April,Jhalokati,Barisal,35.73,807.93,0.044227,17.7,Pre-Monsoon (Mar-May)
2024,4,April,Jhenaidah,Khulna,1412.49,2143.59,0.658937,699.1,Pre-Monsoon (Mar-May)
2024,4,April,Joypurhat,Rajshahi,879.2,1081.54,0.812913,435.2,Pre-Monsoon (Mar-May)
2024,4,April,Khagrachhari,Chittagong,1790.7,3108.48,0.576068,886.3,Pre-Monsoon (Mar-May)
2024,4,April,Khulna,Khulna,700.65,3868.06,0.181137,346.8,Pre-Monsoon (Mar-May)
2024,4,April,Kishoreganj,Dhaka,1131.34,2821.62,0.400954,560.0,Pre-Monsoon (Mar-May)
2024,4,April,Kurigram,Rangpur,341.03,2481.86,0.137409,168.8,Pre-Monsoon (Mar-May)
2024,4,April,Kushtia,Khulna,180.94,1830.28,0.098858,89.6,Pre-Monsoon (Mar-May)
2024,4,April,Lakshmipur,Chittagong,300.83,1573.07,0.191236,148.9,Pre-Monsoon (Mar-May)
2024,4,April,Lalmonirhat,Rangpur,661.81,1381.75,0.478966,327.6,Pre-Monsoon (Mar-May)
2024,4,April,Madaripur,Dhaka,87.92,1257.23,0.06993,43.5,Pre-Monsoon (Mar-May)
2024,4,April,Magura,Khulna,783.94,1143.98,0.685274,388.0,Pre-Monsoon (Mar-May)
2024,4,April,Manikganj,Dhaka,179.34,1531.92,0.117071,88.8,Pre-Monsoon (Mar-May)
2024,4,April,Maulvibazar,Sylhet,667.09,2819.05,0.236638,330.2,Pre-Monsoon (Mar-May)
2024,4,April,Meherpur,Khulna,492.53,732.79,0.672132,243.8,Pre-Monsoon (Mar-May)
2024,4,April,Munshiganj,Dhaka,102.46,1036.66,0.098837,50.7,Pre-Monsoon (Mar-May)
2024,4,April,Mymensingh,Dhaka,2592.88,4784.19,0.541969,1283.3,Pre-Monsoon (Mar-May)
2024,4,April,Naogaon,Rajshahi,3119.41,3824.58,0.815624,1543.9,Pre-Monsoon (Mar-May)
2024,4,April,Narail,Khulna,74.05,1072.86,0.069018,36.7,Pre-Monsoon (Mar-May)
2024,4,April,Narayanganj,Dhaka,418.98,832.16,0.503482,207.4,Pre-Monsoon (Mar-May)
2024,4,April,Narsingdi,Dhaka,419.49,1281.34,0.327388,207.6,Pre-Monsoon (Mar-May)
2024,4,April,Natore,Rajshahi,1405.31,2101.7,0.668656,695.6,Pre-Monsoon (Mar-May)
2024,4,April,Nawabganj,Rajshahi,919.14,1804.38,0.509391,454.9,Pre-Monsoon (Mar-May)
2024,4,April,Netrakona,Dhaka,1898.83,3089.39,0.614628,939.8,Pre-Monsoon (Mar-May)
2024,4,April,Nilphamari,Rangpur,1308.54,1836.84,0.712388,647.7,Pre-Monsoon (Mar-May)
2024,4,April,Noakhali,Chittagong,179.04,2642.03,0.067765,88.6,Pre-Monsoon (Mar-May)
2024,4,April,Pabna,Rajshahi,1437.68,2634.14,0.545786,711.6,Pre-Monsoon (Mar-May)
2024,4,April,Panchagarh,Rangpur,866.37,1548.93,0.559337,428.8,Pre-Monsoon (Mar-May)
2024,4,April,Patuakhali,Barisal,238.32,2730.09,0.087294,118.0,Pre-Monsoon (Mar-May)
2024,4,April,Pirojpur,Barisal,93.57,1365.69,0.068517,46.3,Pre-Monsoon (Mar-May)
2024,4,April,Rajbari,Dhaka,114.45,1249.73,0.091578,56.6,Pre-Monsoon (Mar-May)
2024,4,April,Rajshahi,Rajshahi,1176.01,2664.72,0.441326,582.1,Pre-Monsoon (Mar-May)
2024,4,April,Rangamati,Chittagong,377.91,6226.79,0.060691,187.0,Pre-Monsoon (Mar-May)
2024,4,April,Rangpur,Rangpur,1957.14,2572.65,0.760751,968.7,Pre-Monsoon (Mar-May)
2024,4,April,Satkhira,Khulna,1081.05,3543.74,0.305059,535.1,Pre-Monsoon (Mar-May)
2024,4,April,Shariatpur,Dhaka,134.59,1362.06,0.098812,66.6,Pre-Monsoon (Mar-May)
2024,4,April,Sherpur,Dhaka,1024.47,1455.19,0.704008,507.1,Pre-Monsoon (Mar-May)
2024,4,April,Sirajganj,Rajshahi,282.67,2755.65,0.102577,139.9,Pre-Monsoon (Mar-May)
2024,4,April,Sunamganj,Sylhet,695.66,4043.04,0.172064,344.3,Pre-Monsoon (Mar-May)
2024,4,April,Sylhet,Sylhet,860.42,3847.75,0.223616,425.9,Pre-Monsoon (Mar-May)
2024,4,April,Tangail,Dhaka,1793.84,3707.07,0.483896,887.9,Pre-Monsoon (Mar-May)
2024,4,April,Thakurgaon,Rangpur,1286.55,2008.93,0.640416,636.8,Pre-Monsoon (Mar-May)
2024,5,May,Bagerhat,Khulna,1264.63,3965.62,0.318898,625.9,Pre-Monsoon (Mar-May)
2024,5,May,Bandarban,Chittagong,2983.46,5000.66,0.596613,1476.6,Pre-Monsoon (Mar-May)
2024,5,May,Barguna,Barisal,163.59,1547.28,0.10573,81.0,Pre-Monsoon (Mar-May)
2024,5,May,Barisal,Barisal,432.35,2767.25,0.156239,214.0,Pre-Monsoon (Mar-May)
2024,5,May,Bhola,Barisal,651.39,2471.69,0.263539,322.4,Pre-Monsoon (Mar-May)
2024,5,May,Bogra,Rajshahi,157.11,3233.63,0.048587,77.8,Pre-Monsoon (Mar-May)
2024,5,May,Brahamanbaria,Chittagong,99.62,2104.07,0.047347,49.3,Pre-Monsoon (Mar-May)
2024,5,May,Chandpur,Chittagong,277.81,1864.17,0.149025,137.5,Pre-Monsoon (Mar-May)
2024,5,May,Chittagong,Chittagong,1307.68,4736.75,0.276071,647.2,Pre-Monsoon (Mar-May)
2024,5,May,Chuadanga,Khulna,878.39,1233.0,0.712398,434.8,Pre-Monsoon (Mar-May)
2024,5,May,Comilla,Chittagong,1771.87,3351.85,0.528624,877.0,Pre-Monsoon (Mar-May)
2024,5,May,Cox's Bazar,Chittagong,481.66,2206.6,0.218282,238.4,Pre-Monsoon (Mar-May)
2024,5,May,Dhaka,Dhaka,864.22,1611.18,0.53639,427.7,Pre-Monsoon (Mar-May)
2024,5,May,Dinajpur,Rangpur,2537.92,3829.09,0.6628,1256.1,Pre-Monsoon (Mar-May)
2024,5,May,Faridpur,Dhaka,117.3,2227.54,0.052659,58.1,Pre-Monsoon (Mar-May)
2024,5,May,Feni,Chittagong,476.5,960.78,0.495952,235.8,Pre-Monsoon (Mar-May)
2024,5,May,Gaibandha,Rangpur,232.29,2410.25,0.096377,115.0,Pre-Monsoon (Mar-May)
2024,5,May,Gazipur,Dhaka,977.02,1940.74,0.503425,483.6,Pre-Monsoon (Mar-May)
2024,5,May,Gopalganj,Dhaka,896.25,1602.77,0.559191,443.6,Pre-Monsoon (Mar-May)
2024,5,May,Habiganj,Sylhet,579.55,2857.81,0.202795,286.8,Pre-Monsoon (Mar-May)
2024,5,May,Jamalpur,Dhaka,112.26,2272.36,0.049403,55.6,Pre-Monsoon (Mar-May)
2024,5,May,Jessore,Khulna,675.82,2784.67,0.242692,334.5,Pre-Monsoon (Mar-May)
2024,5,May,Jhalokati,Barisal,39.73,807.93,0.049171,19.7,Pre-Monsoon (Mar-May)
2024,5,May,Jhenaidah,Khulna,1242.58,2143.59,0.579673,615.0,Pre-Monsoon (Mar-May)
2024,5,May,Joypurhat,Rajshahi,826.1,1081.54,0.763817,408.9,Pre-Monsoon (Mar-May)
2024,5,May,Khagrachhari,Chittagong,1670.14,3108.48,0.537287,826.6,Pre-Monsoon (Mar-May)
2024,5,May,Khulna,Khulna,723.57,3868.06,0.187064,358.1,Pre-Monsoon (Mar-May)
2024,5,May,Kishoreganj,Dhaka,214.86,2821.62,0.076148,106.3,Pre-Monsoon (Mar-May)
2024,5,May,Kurigram,Rangpur,364.35,2481.86,0.146807,180.3,Pre-Monsoon (Mar-May)
2024,5,May,Kushtia,Khulna,132.66,1830.28,0.072483,65.7,Pre-Monsoon (Mar-May)
2024,5,May,Lakshmipur,Chittagong,291.51,1573.07,0.185314,144.3,Pre-Monsoon (Mar-May)
2024,5,May,Lalmonirhat,Rangpur,197.27,1381.75,0.142767,97.6,Pre-Monsoon (Mar-May)
2024,5,May,Madaripur,Dhaka,93.59,1257.23,0.074438,46.3,Pre-Monsoon (Mar-May)
2024,5,May,Magura,Khulna,450.25,1143.98,0.393587,222.8,Pre-Monsoon (Mar-May)
2024,5,May,Manikganj,Dhaka,178.67,1531.92,0.116633,88.4,Pre-Monsoon (Mar-May)
2024,5,May,Maulvibazar,Sylhet,187.06,2819.05,0.066354,92.6,Pre-Monsoon (Mar-May)
2024,5,May,Meherpur,Khulna,518.79,732.79,0.707968,256.8,Pre-Monsoon (Mar-May)
2024,5,May,Munshiganj,Dhaka,106.43,1036.66,0.102669,52.7,Pre-Monsoon (Mar-May)
2024,5,May,Mymensingh,Dhaka,2848.52,4784.19,0.595404,1409.9,Pre-Monsoon (Mar-May)
2024,5,May,Naogaon,Rajshahi,2588.72,3824.58,0.676866,1281.3,Pre-Monsoon (Mar-May)
2024,5,May,Narail,Khulna,62.43,1072.86,0.058186,30.9,Pre-Monsoon (Mar-May)
2024,5,May,Narayanganj,Dhaka,73.33,832.16,0.088122,36.3,Pre-Monsoon (Mar-May)
2024,5,May,Narsingdi,Dhaka,71.44,1281.34,0.055751,35.4,Pre-Monsoon (Mar-May)
2024,5,May,Natore,Rajshahi,1471.85,2101.7,0.700313,728.5,Pre-Monsoon (Mar-May)
2024,5,May,Nawabganj,Rajshahi,317.45,1804.38,0.175934,157.1,Pre-Monsoon (Mar-May)
2024,5,May,Netrakona,Dhaka,409.37,3089.39,0.132508,202.6,Pre-Monsoon (Mar-May)
2024,5,May,Nilphamari,Rangpur,1264.63,1836.84,0.68848,625.9,Pre-Monsoon (Mar-May)
2024,5,May,Noakhali,Chittagong,180.62,2642.03,0.068364,89.4,Pre-Monsoon (Mar-May)
2024,5,May,Pabna,Rajshahi,267.52,2634.14,0.101558,132.4,Pre-Monsoon (Mar-May)
2024,5,May,Panchagarh,Rangpur,1034.04,1548.93,0.667584,511.8,Pre-Monsoon (Mar-May)
2024,5,May,Patuakhali,Barisal,260.11,2730.09,0.095276,128.7,Pre-Monsoon (Mar-May)
2024,5,May,Pirojpur,Barisal,105.37,1365.69,0.077156,52.2,Pre-Monsoon (Mar-May)
2024,5,May,Rajbari,Dhaka,121.69,1249.73,0.097375,60.2,Pre-Monsoon (Mar-May)
2024,5,May,Rajshahi,Rajshahi,508.45,2664.72,0.190807,251.7,Pre-Monsoon (Mar-May)
2024,5,May,Rangamati,Chittagong,295.98,6226.79,0.047534,146.5,Pre-Monsoon (Mar-May)
2024,5,May,Rangpur,Rangpur,1576.44,2572.65,0.61277,780.3,Pre-Monsoon (Mar-May)
2024,5,May,Satkhira,Khulna,1041.21,3543.74,0.293817,515.3,Pre-Monsoon (Mar-May)
2024,5,May,Shariatpur,Dhaka,144.16,1362.06,0.10584,71.4,Pre-Monsoon (Mar-May)
2024,5,May,Sherpur,Dhaka,1067.11,1455.19,0.733311,528.2,Pre-Monsoon (Mar-May)
2024,5,May,Sirajganj,Rajshahi,288.36,2755.65,0.104644,142.7,Pre-Monsoon (Mar-May)
2024,5,May,Sunamganj,Sylhet,320.16,4043.04,0.079189,158.5,Pre-Monsoon (Mar-May)
2024,5,May,Sylhet,Sylhet,274.94,3847.75,0.071456,136.1,Pre-Monsoon (Mar-May)
2024,5,May,Tangail,Dhaka,901.22,3707.07,0.243108,446.1,Pre-Monsoon (Mar-May)
2024,5,May,Thakurgaon,Rangpur,1206.9,2008.93,0.600765,597.3,Pre-Monsoon (Mar-May)
2024,6,June,Bagerhat,Khulna,1417.44,3965.62,0.357433,701.6,Monsoon (Jun-Sep)
2024,6,June,Bandarban,Chittagong,3318.41,5000.66,0.663594,1642.4,Monsoon (Jun-Sep)
2024,6,June,Barguna,Barisal,185.56,1547.28,0.119923,91.8,Monsoon (Jun-Sep)
2024,6,June,Barisal,Barisal,568.56,2767.25,0.205459,281.4,Monsoon (Jun-Sep)
2024,6,June,Bhola,Barisal,758.02,2471.69,0.30668,375.2,Monsoon (Jun-Sep)
2024,6,June,Bogra,Rajshahi,200.22,3233.63,0.061917,99.1,Monsoon (Jun-Sep)
2024,6,June,Brahamanbaria,Chittagong,469.55,2104.07,0.223164,232.4,Monsoon (Jun-Sep)
2024,6,June,Chandpur,Chittagong,315.66,1864.17,0.169332,156.2,Monsoon (Jun-Sep)
2024,6,June,Chittagong,Chittagong,1865.88,4736.75,0.393915,923.5,Monsoon (Jun-Sep)
2024,6,June,Chuadanga,Khulna,868.39,1233.0,0.704284,429.8,Monsoon (Jun-Sep)
2024,6,June,Comilla,Chittagong,830.63,3351.85,0.247812,411.1,Monsoon (Jun-Sep)
2024,6,June,Cox's Bazar,Chittagong,383.21,2206.6,0.173665,189.7,Monsoon (Jun-Sep)
2024,6,June,Dhaka,Dhaka,618.87,1611.18,0.384111,306.3,Monsoon (Jun-Sep)
2024,6,June,Dinajpur,Rangpur,2338.0,3829.09,0.61059,1157.2,Monsoon (Jun-Sep)
2024,6,June,Faridpur,Dhaka,127.93,2227.54,0.057432,63.3,Monsoon (Jun-Sep)
2024,6,June,Feni,Chittagong,332.27,960.78,0.345834,164.5,Monsoon (Jun-Sep)
2024,6,June,Gaibandha,Rangpur,302.05,2410.25,0.125318,149.5,Monsoon (Jun-Sep)
2024,6,June,Gazipur,Dhaka,296.77,1940.74,0.152915,146.9,Monsoon (Jun-Sep)
2024,6,June,Gopalganj,Dhaka,536.56,1602.77,0.334769,265.6,Monsoon (Jun-Sep)
2024,6,June,Habiganj,Sylhet,1015.48,2857.81,0.355335,502.6,Monsoon (Jun-Sep)
2024,6,June,Jamalpur,Dhaka,154.55,2272.36,0.068011,76.5,Monsoon (Jun-Sep)
2024,6,June,Jessore,Khulna,358.76,2784.67,0.128833,177.6,Monsoon (Jun-Sep)
2024,6,June,Jhalokati,Barisal,76.22,807.93,0.094343,37.7,Monsoon (Jun-Sep)
2024,6,June,Jhenaidah,Khulna,1516.39,2143.59,0.707407,750.5,Monsoon (Jun-Sep)
2024,6,June,Joypurhat,Rajshahi,743.66,1081.54,0.687591,368.1,Monsoon (Jun-Sep)
2024,6,June,Khagrachhari,Chittagong,1655.46,3108.48,0.532562,819.4,Monsoon (Jun-Sep)
2024,6,June,Khulna,Khulna,1006.22,3868.06,0.260134,498.0,Monsoon (Jun-Sep)
2024,6,June,Kishoreganj,Dhaka,1331.47,2821.62,0.471882,659.0,Monsoon (Jun-Sep)
2024,6,June,Kurigram,Rangpur,495.18,2481.86,0.199519,245.1,Monsoon (Jun-Sep)
2024,6,June,Kushtia,Khulna,134.94,1830.28,0.073724,66.8,Monsoon (Jun-Sep)
2024,6,June,Lakshmipur,Chittagong,325.7,1573.07,0.207049,161.2,Monsoon (Jun-Sep)
2024,6,June,Lalmonirhat,Rangpur,83.53,1381.75,0.060454,41.3,Monsoon (Jun-Sep)
2024,6,June,Madaripur,Dhaka,155.06,1257.23,0.123333,76.7,Monsoon (Jun-Sep)
2024,6,June,Magura,Khulna,523.64,1143.98,0.457739,259.2,Monsoon (Jun-Sep)
2024,6,June,Manikganj,Dhaka,211.51,1531.92,0.138071,104.7,Monsoon (Jun-Sep)
2024,6,June,Maulvibazar,Sylhet,652.08,2819.05,0.231313,322.7,Monsoon (Jun-Sep)
2024,6,June,Meherpur,Khulna,550.21,732.79,0.750852,272.3,Monsoon (Jun-Sep)
2024,6,June,Munshiganj,Dhaka,141.83,1036.66,0.136817,70.2,Monsoon (Jun-Sep)
2024,6,June,Mymensingh,Dhaka,1468.85,4784.19,0.307021,727.0,Monsoon (Jun-Sep)
2024,6,June,Naogaon,Rajshahi,1731.69,3824.58,0.45278,857.1,Monsoon (Jun-Sep)
2024,6,June,Narail,Khulna,120.35,1072.86,0.112178,59.6,Monsoon (Jun-Sep)
2024,6,June,Narayanganj,Dhaka,63.4,832.16,0.076189,31.4,Monsoon (Jun-Sep)
2024,6,June,Narsingdi,Dhaka,136.93,1281.34,0.106868,67.8,Monsoon (Jun-Sep)
2024,6,June,Natore,Rajshahi,410.05,2101.7,0.195106,203.0,Monsoon (Jun-Sep)
2024,6,June,Nawabganj,Rajshahi,272.86,1804.38,0.15122,135.1,Monsoon (Jun-Sep)
2024,6,June,Netrakona,Dhaka,1274.94,3089.39,0.412684,631.0,Monsoon (Jun-Sep)
2024,6,June,Nilphamari,Rangpur,574.47,1836.84,0.312748,284.3,Monsoon (Jun-Sep)
2024,6,June,Noakhali,Chittagong,230.04,2642.03,0.087071,113.9,Monsoon (Jun-Sep)
2024,6,June,Pabna,Rajshahi,179.4,2634.14,0.068104,88.8,Monsoon (Jun-Sep)
2024,6,June,Panchagarh,Rangpur,862.84,1548.93,0.557056,427.1,Monsoon (Jun-Sep)
2024,6,June,Patuakhali,Barisal,293.93,2730.09,0.107665,145.5,Monsoon (Jun-Sep)
2024,6,June,Pirojpur,Barisal,186.2,1365.69,0.136339,92.2,Monsoon (Jun-Sep)
2024,6,June,Rajbari,Dhaka,129.56,1249.73,0.103668,64.1,Monsoon (Jun-Sep)
2024,6,June,Rajshahi,Rajshahi,264.24,2664.72,0.099163,130.8,Monsoon (Jun-Sep)
2024,6,June,Rangamati,Chittagong,461.48,6226.79,0.074112,228.4,Monsoon (Jun-Sep)
2024,6,June,Rangpur,Rangpur,1325.23,2572.65,0.515123,655.9,Monsoon (Jun-Sep)
2024,6,June,Satkhira,Khulna,1177.89,3543.74,0.332386,583.0,Monsoon (Jun-Sep)
2024,6,June,Shariatpur,Dhaka,169.83,1362.06,0.124687,84.1,Monsoon (Jun-Sep)
2024,6,June,Sherpur,Dhaka,289.04,1455.19,0.198629,143.1,Monsoon (Jun-Sep)
2024,6,June,Sirajganj,Rajshahi,386.17,2755.65,0.140136,191.1,Monsoon (Jun-Sep)
2024,6,June,Sunamganj,Sylhet,2781.73,4043.04,0.688029,1376.8,Monsoon (Jun-Sep)
2024,6,June,Sylhet,Sylhet,1936.52,3847.75,0.503286,958.5,Monsoon (Jun-Sep)
2024,6,June,Tangail,Dhaka,216.72,3707.07,0.058462,107.3,Monsoon (Jun-Sep)
2024,6,June,Thakurgaon,Rangpur,1258.23,2008.93,0.626318,622.8,Monsoon (Jun-Sep)
2024,7,July,Bagerhat,Khulna,1430.3,3965.6,0.360677,707.9,Monsoon (Jun-Sep)
2024,7,July,Bandarban,Chittagong,2407.85,4999.75,0.481595,1191.8,Monsoon (Jun-Sep)
2024,7,July,Barguna,Barisal,226.28,1547.16,0.146254,112.0,Monsoon (Jun-Sep)
2024,7,July,Barisal,Barisal,575.35,2767.25,0.207912,284.8,Monsoon (Jun-Sep)
2024,7,July,Bhola,Barisal,697.53,2471.33,0.282248,345.2,Monsoon (Jun-Sep)
2024,7,July,Bogra,Rajshahi,518.83,3233.63,0.160447,256.8,Monsoon (Jun-Sep)
2024,7,July,Brahamanbaria,Chittagong,721.36,2103.93,0.342864,357.0,Monsoon (Jun-Sep)
2024,7,July,Chandpur,Chittagong,357.85,1864.17,0.191963,177.1,Monsoon (Jun-Sep)
2024,7,July,Chittagong,Chittagong,1970.98,4736.18,0.416154,975.5,Monsoon (Jun-Sep)
2024,7,July,Chuadanga,Khulna,530.55,1233.0,0.430288,262.6,Monsoon (Jun-Sep)
2024,7,July,Comilla,Chittagong,618.78,3351.85,0.184609,306.3,Monsoon (Jun-Sep)
2024,7,July,Cox's Bazar,Chittagong,482.68,2206.6,0.218743,238.9,Monsoon (Jun-Sep)
2024,7,July,Dhaka,Dhaka,152.8,1610.69,0.094864,75.6,Monsoon (Jun-Sep)
2024,7,July,Dinajpur,Rangpur,1199.36,3829.09,0.313225,593.6,Monsoon (Jun-Sep)
2024,7,July,Faridpur,Dhaka,239.03,2227.54,0.107305,118.3,Monsoon (Jun-Sep)
2024,7,July,Feni,Chittagong,378.22,960.78,0.393661,187.2,Monsoon (Jun-Sep)
2024,7,July,Gaibandha,Rangpur,435.25,2409.89,0.180608,215.4,Monsoon (Jun-Sep)
2024,7,July,Gazipur,Dhaka,203.18,1940.18,0.10472,100.6,Monsoon (Jun-Sep)
2024,7,July,Gopalganj,Dhaka,603.74,1602.77,0.376684,298.8,Monsoon (Jun-Sep)
2024,7,July,Habiganj,Sylhet,1268.93,2857.81,0.444022,628.1,Monsoon (Jun-Sep)
2024,7,July,Jamalpur,Dhaka,333.98,2272.34,0.146979,165.3,Monsoon (Jun-Sep)
2024,7,July,Jessore,Khulna,379.82,2784.67,0.136397,188.0,Monsoon (Jun-Sep)
2024,7,July,Jhalokati,Barisal,115.7,807.89,0.143207,57.3,Monsoon (Jun-Sep)
2024,7,July,Jhenaidah,Khulna,427.96,2143.58,0.199648,211.8,Monsoon (Jun-Sep)
2024,7,July,Joypurhat,Rajshahi,339.27,1081.54,0.313695,167.9,Monsoon (Jun-Sep)
2024,7,July,Khagrachhari,Chittagong,1800.64,3108.35,0.57929,891.2,Monsoon (Jun-Sep)
2024,7,July,Khulna,Khulna,1495.02,3867.77,0.386533,740.0,Monsoon (Jun-Sep)
2024,7,July,Kishoreganj,Dhaka,1395.26,2821.5,0.494508,690.6,Monsoon (Jun-Sep)
2024,7,July,Kurigram,Rangpur,691.79,2481.65,0.278762,342.4,Monsoon (Jun-Sep)
2024,7,July,Kushtia,Khulna,139.65,1830.28,0.076302,69.1,Monsoon (Jun-Sep)
2024,7,July,Lakshmipur,Chittagong,311.7,1573.01,0.198156,154.3,Monsoon (Jun-Sep)
2024,7,July,Lalmonirhat,Rangpur,446.47,1381.75,0.323116,221.0,Monsoon (Jun-Sep)
2024,7,July,Madaripur,Dhaka,155.41,1257.23,0.123613,76.9,Monsoon (Jun-Sep)
2024,7,July,Magura,Khulna,176.41,1143.98,0.154211,87.3,Monsoon (Jun-Sep)
2024,7,July,Manikganj,Dhaka,334.94,1531.24,0.218741,165.8,Monsoon (Jun-Sep)
2024,7,July,Maulvibazar,Sylhet,771.41,2819.05,0.27364,381.8,Monsoon (Jun-Sep)
2024,7,July,Meherpur,Khulna,292.95,732.79,0.399774,145.0,Monsoon (Jun-Sep)
2024,7,July,Munshiganj,Dhaka,185.93,1036.66,0.179356,92.0,Monsoon (Jun-Sep)
2024,7,July,Mymensingh,Dhaka,1380.22,4784.19,0.288495,683.1,Monsoon (Jun-Sep)
2024,7,July,Naogaon,Rajshahi,1179.68,3824.58,0.308448,583.9,Monsoon (Jun-Sep)
2024,7,July,Narail,Khulna,221.54,1072.86,0.206495,109.7,Monsoon (Jun-Sep)
2024,7,July,Narayanganj,Dhaka,76.09,832.16,0.091434,37.7,Monsoon (Jun-Sep)
2024,7,July,Narsingdi,Dhaka,190.74,1280.76,0.14893,94.4,Monsoon (Jun-Sep)
2024,7,July,Natore,Rajshahi,360.64,2101.7,0.171592,178.5,Monsoon (Jun-Sep)
2024,7,July,Nawabganj,Rajshahi,240.74,1804.38,0.133418,119.2,Monsoon (Jun-Sep)
2024,7,July,Netrakona,Dhaka,1239.71,3089.39,0.40128,613.6,Monsoon (Jun-Sep)
2024,7,July,Nilphamari,Rangpur,825.76,1836.84,0.449553,408.7,Monsoon (Jun-Sep)
2024,7,July,Noakhali,Chittagong,369.77,2641.88,0.139963,183.0,Monsoon (Jun-Sep)
2024,7,July,Pabna,Rajshahi,423.03,2633.82,0.160615,209.4,Monsoon (Jun-Sep)
2024,7,July,Panchagarh,Rangpur,662.77,1548.93,0.427886,328.0,Monsoon (Jun-Sep)
2024,7,July,Patuakhali,Barisal,453.63,2729.44,0.166199,224.5,Monsoon (Jun-Sep)
2024,7,July,Pirojpur,Barisal,277.06,1365.44,0.202909,137.1,Monsoon (Jun-Sep)
2024,7,July,Rajbari,Dhaka,151.73,1249.73,0.12141,75.1,Monsoon (Jun-Sep)
2024,7,July,Rajshahi,Rajshahi,551.25,2664.72,0.206872,272.8,Monsoon (Jun-Sep)
2024,7,July,Rangamati,Chittagong,465.59,6226.42,0.074777,230.4,Monsoon (Jun-Sep)
2024,7,July,Rangpur,Rangpur,1165.3,2572.65,0.452959,576.8,Monsoon (Jun-Sep)
2024,7,July,Satkhira,Khulna,1350.14,3543.35,0.381034,668.2,Monsoon (Jun-Sep)
2024,7,July,Shariatpur,Dhaka,225.61,1362.06,0.16564,111.7,Monsoon (Jun-Sep)
2024,7,July,Sherpur,Dhaka,366.53,1455.19,0.251874,181.4,Monsoon (Jun-Sep)
2024,7,July,Sirajganj,Rajshahi,825.08,2755.65,0.299414,408.4,Monsoon (Jun-Sep)
2024,7,July,Sunamganj,Sylhet,2536.82,4042.93,0.627471,1255.6,Monsoon (Jun-Sep)
2024,7,July,Sylhet,Sylhet,1793.11,3847.75,0.466016,887.5,Monsoon (Jun-Sep)
2024,7,July,Tangail,Dhaka,582.52,3707.07,0.157137,288.3,Monsoon (Jun-Sep)
2024,7,July,Thakurgaon,Rangpur,701.04,2008.93,0.348959,347.0,Monsoon (Jun-Sep)
2024,8,August,Bagerhat,Khulna,1430.89,3965.62,0.360824,708.2,Monsoon (Jun-Sep)
2024,8,August,Bandarban,Chittagong,2442.28,5000.66,0.488392,1208.8,Monsoon (Jun-Sep)
2024,8,August,Barguna,Barisal,303.97,1547.28,0.196455,150.4,Monsoon (Jun-Sep)
2024,8,August,Barisal,Barisal,698.39,2767.25,0.252375,345.7,Monsoon (Jun-Sep)
2024,8,August,Bhola,Barisal,814.8,2471.69,0.329654,403.3,Monsoon (Jun-Sep)
2024,8,August,Bogra,Rajshahi,653.56,3233.63,0.202115,323.5,Monsoon (Jun-Sep)
2024,8,August,Brahamanbaria,Chittagong,541.36,2104.07,0.257292,267.9,Monsoon (Jun-Sep)
2024,8,August,Chandpur,Chittagong,379.35,1864.17,0.203493,187.8,Monsoon (Jun-Sep)
2024,8,August,Chittagong,Chittagong,1796.8,4736.75,0.379332,889.3,Monsoon (Jun-Sep)
2024,8,August,Chuadanga,Khulna,554.92,1233.0,0.450056,274.7,Monsoon (Jun-Sep)
2024,8,August,Comilla,Chittagong,678.71,3351.85,0.202489,335.9,Monsoon (Jun-Sep)
2024,8,August,Cox's Bazar,Chittagong,478.61,2206.6,0.2169,236.9,Monsoon (Jun-Sep)
2024,8,August,Dhaka,Dhaka,132.59,1611.18,0.082295,65.6,Monsoon (Jun-Sep)
2024,8,August,Dinajpur,Rangpur,2323.63,3829.09,0.606837,1150.1,Monsoon (Jun-Sep)
2024,8,August,Faridpur,Dhaka,302.18,2227.54,0.135657,149.6,Monsoon (Jun-Sep)
2024,8,August,Feni,Chittagong,395.82,960.78,0.411978,195.9,Monsoon (Jun-Sep)
2024,8,August,Gaibandha,Rangpur,325.33,2410.25,0.134976,161.0,Monsoon (Jun-Sep)
2024,8,August,Gazipur,Dhaka,274.69,1940.74,0.14154,136.0,Monsoon (Jun-Sep)
2024,8,August,Gopalganj,Dhaka,341.86,1602.77,0.213296,169.2,Monsoon (Jun-Sep)
2024,8,August,Habiganj,Sylhet,750.02,2857.81,0.262446,371.2,Monsoon (Jun-Sep)
2024,8,August,Jamalpur,Dhaka,200.06,2272.36,0.088041,99.0,Monsoon (Jun-Sep)
2024,8,August,Jessore,Khulna,683.77,2784.67,0.245547,338.4,Monsoon (Jun-Sep)
2024,8,August,Jhalokati,Barisal,201.98,807.93,0.249995,100.0,Monsoon (Jun-Sep)
2024,8,August,Jhenaidah,Khulna,825.98,2143.59,0.385323,408.8,Monsoon (Jun-Sep)
2024,8,August,Joypurhat,Rajshahi,761.84,1081.54,0.704397,377.1,Monsoon (Jun-Sep)
2024,8,August,Khagrachhari,Chittagong,1334.88,3108.48,0.429431,660.7,Monsoon (Jun-Sep)
2024,8,August,Khulna,Khulna,1690.8,3868.06,0.437118,836.9,Monsoon (Jun-Sep)
2024,8,August,Kishoreganj,Dhaka,1245.51,2821.62,0.441418,616.5,Monsoon (Jun-Sep)
2024,8,August,Kurigram,Rangpur,481.32,2481.86,0.193935,238.2,Monsoon (Jun-Sep)
2024,8,August,Kushtia,Khulna,184.24,1830.28,0.100662,91.2,Monsoon (Jun-Sep)
2024,8,August,Lakshmipur,Chittagong,466.94,1573.07,0.296836,231.1,Monsoon (Jun-Sep)
2024,8,August,Lalmonirhat,Rangpur,518.92,1381.75,0.375551,256.8,Monsoon (Jun-Sep)
2024,8,August,Madaripur,Dhaka,149.53,1257.23,0.11894,74.0,Monsoon (Jun-Sep)
2024,8,August,Magura,Khulna,188.39,1143.98,0.164677,93.2,Monsoon (Jun-Sep)
2024,8,August,Manikganj,Dhaka,290.1,1531.92,0.18937,143.6,Monsoon (Jun-Sep)
2024,8,August,Maulvibazar,Sylhet,590.21,2819.05,0.209365,292.1,Monsoon (Jun-Sep)
2024,8,August,Meherpur,Khulna,362.11,732.79,0.494151,179.2,Monsoon (Jun-Sep)
2024,8,August,Munshiganj,Dhaka,142.27,1036.66,0.13724,70.4,Monsoon (Jun-Sep)
2024,8,August,Mymensingh,Dhaka,2126.24,4784.19,0.444431,1052.4,Monsoon (Jun-Sep)
2024,8,August,Naogaon,Rajshahi,600.49,3824.58,0.157008,297.2,Monsoon (Jun-Sep)
2024,8,August,Narail,Khulna,188.83,1072.86,0.176003,93.5,Monsoon (Jun-Sep)
2024,8,August,Narayanganj,Dhaka,71.01,832.16,0.085337,35.1,Monsoon (Jun-Sep)
2024,8,August,Narsingdi,Dhaka,179.06,1281.34,0.139746,88.6,Monsoon (Jun-Sep)
2024,8,August,Natore,Rajshahi,371.33,2101.7,0.176679,183.8,Monsoon (Jun-Sep)
2024,8,August,Nawabganj,Rajshahi,219.57,1804.38,0.121686,108.7,Monsoon (Jun-Sep)
2024,8,August,Netrakona,Dhaka,929.06,3089.39,0.300725,459.8,Monsoon (Jun-Sep)
2024,8,August,Nilphamari,Rangpur,1067.8,1836.84,0.581326,528.5,Monsoon (Jun-Sep)
2024,8,August,Noakhali,Chittagong,592.22,2642.02,0.224155,293.1,Monsoon (Jun-Sep)
2024,8,August,Pabna,Rajshahi,434.29,2634.14,0.164868,214.9,Monsoon (Jun-Sep)
2024,8,August,Panchagarh,Rangpur,952.99,1548.93,0.615257,471.7,Monsoon (Jun-Sep)
2024,8,August,Patuakhali,Barisal,729.39,2730.09,0.267166,361.0,Monsoon (Jun-Sep)
2024,8,August,Pirojpur,Barisal,375.08,1365.69,0.274642,185.6,Monsoon (Jun-Sep)
2024,8,August,Rajbari,Dhaka,206.34,1249.73,0.165111,102.1,Monsoon (Jun-Sep)
2024,8,August,Rajshahi,Rajshahi,259.39,2664.72,0.097343,128.4,Monsoon (Jun-Sep)
2024,8,August,Rangamati,Chittagong,472.71,6226.79,0.075916,234.0,Monsoon (Jun-Sep)
2024,8,August,Rangpur,Rangpur,1483.05,2572.65,0.576468,734.0,Monsoon (Jun-Sep)
2024,8,August,Satkhira,Khulna,1573.89,3543.74,0.444133,779.0,Monsoon (Jun-Sep)
2024,8,August,Shariatpur,Dhaka,199.33,1362.06,0.146343,98.7,Monsoon (Jun-Sep)
2024,8,August,Sherpur,Dhaka,579.71,1455.19,0.39837,286.9,Monsoon (Jun-Sep)
2024,8,August,Sirajganj,Rajshahi,667.13,2755.65,0.242095,330.2,Monsoon (Jun-Sep)
2024,8,August,Sunamganj,Sylhet,2371.98,4043.04,0.586682,1174.0,Monsoon (Jun-Sep)
2024,8,August,Sylhet,Sylhet,1207.99,3847.75,0.313949,597.9,Monsoon (Jun-Sep)
2024,8,August,Tangail,Dhaka,415.57,3707.07,0.112102,205.7,Monsoon (Jun-Sep)
2024,8,August,Thakurgaon,Rangpur,1384.41,2008.93,0.689127,685.2,Monsoon (Jun-Sep)
2024,9,September,Bagerhat,Khulna,1402.54,3965.62,0.353675,694.2,Monsoon (Jun-Sep)
2024,9,September,Bandarban,Chittagong,2862.46,5000.66,0.572417,1416.8,Monsoon (Jun-Sep)
2024,9,September,Barguna,Barisal,267.62,1547.28,0.172961,132.5,Monsoon (Jun-Sep)
2024,9,September,Barisal,Barisal,651.75,2767.25,0.235524,322.6,Monsoon (Jun-Sep)
2024,9,September,Bhola,Barisal,705.37,2471.69,0.285378,349.1,Monsoon (Jun-Sep)
2024,9,September,Bogra,Rajshahi,290.73,3233.63,0.089907,143.9,Monsoon (Jun-Sep)
2024,9,September,Brahamanbaria,Chittagong,416.61,2104.07,0.198,206.2,Monsoon (Jun-Sep)
2024,9,September,Chandpur,Chittagong,372.43,1864.17,0.199786,184.3,Monsoon (Jun-Sep)
2024,9,September,Chittagong,Chittagong,1387.61,4736.75,0.292945,686.8,Monsoon (Jun-Sep)
2024,9,September,Chuadanga,Khulna,658.02,1233.0,0.533674,325.7,Monsoon (Jun-Sep)
2024,9,September,Comilla,Chittagong,1198.66,3351.85,0.35761,593.3,Monsoon (Jun-Sep)
2024,9,September,Cox's Bazar,Chittagong,202.63,2206.6,0.09183,100.3,Monsoon (Jun-Sep)
2024,9,September,Dhaka,Dhaka,108.44,1611.18,0.067308,53.7,Monsoon (Jun-Sep)
2024,9,September,Dinajpur,Rangpur,2836.14,3829.09,0.740683,1403.7,Monsoon (Jun-Sep)
2024,9,September,Faridpur,Dhaka,242.63,2227.54,0.108922,120.1,Monsoon (Jun-Sep)
2024,9,September,Feni,Chittagong,445.59,960.78,0.463784,220.5,Monsoon (Jun-Sep)
2024,9,September,Gaibandha,Rangpur,285.43,2410.25,0.118424,141.3,Monsoon (Jun-Sep)
2024,9,September,Gazipur,Dhaka,127.94,1940.74,0.065922,63.3,Monsoon (Jun-Sep)
2024,9,September,Gopalganj,Dhaka,406.91,1602.77,0.253879,201.4,Monsoon (Jun-Sep)
2024,9,September,Habiganj,Sylhet,375.26,2857.81,0.131309,185.7,Monsoon (Jun-Sep)
2024,9,September,Jamalpur,Dhaka,132.83,2272.36,0.058457,65.7,Monsoon (Jun-Sep)
2024,9,September,Jessore,Khulna,366.04,2784.67,0.13145,181.2,Monsoon (Jun-Sep)
2024,9,September,Jhalokati,Barisal,161.11,807.93,0.19941,79.7,Monsoon (Jun-Sep)
2024,9,September,Jhenaidah,Khulna,894.62,2143.59,0.417348,442.8,Monsoon (Jun-Sep)
2024,9,September,Joypurhat,Rajshahi,804.35,1081.54,0.743704,398.1,Monsoon (Jun-Sep)
2024,9,September,Khagrachhari,Chittagong,726.8,3108.48,0.233812,359.7,Monsoon (Jun-Sep)
2024,9,September,Khulna,Khulna,1625.73,3868.06,0.420296,804.6,Monsoon (Jun-Sep)
2024,9,September,Kishoreganj,Dhaka,1151.87,2821.62,0.408232,570.1,Monsoon (Jun-Sep)
2024,9,September,Kurigram,Rangpur,420.95,2481.86,0.169612,208.3,Monsoon (Jun-Sep)
2024,9,September,Kushtia,Khulna,158.49,1830.28,0.086594,78.4,Monsoon (Jun-Sep)
2024,9,September,Lakshmipur,Chittagong,375.89,1573.07,0.238951,186.0,Monsoon (Jun-Sep)
2024,9,September,Lalmonirhat,Rangpur,649.05,1381.75,0.469728,321.2,Monsoon (Jun-Sep)
2024,9,September,Madaripur,Dhaka,116.54,1257.23,0.092696,57.7,Monsoon (Jun-Sep)
2024,9,September,Magura,Khulna,83.18,1143.98,0.072712,41.2,Monsoon (Jun-Sep)
2024,9,September,Manikganj,Dhaka,248.32,1531.92,0.162096,122.9,Monsoon (Jun-Sep)
2024,9,September,Maulvibazar,Sylhet,438.97,2819.05,0.155717,217.3,Monsoon (Jun-Sep)
2024,9,September,Meherpur,Khulna,405.75,732.79,0.553705,200.8,Monsoon (Jun-Sep)
2024,9,September,Munshiganj,Dhaka,138.78,1036.66,0.133876,68.7,Monsoon (Jun-Sep)
2024,9,September,Mymensingh,Dhaka,2292.27,4784.19,0.479134,1134.5,Monsoon (Jun-Sep)
2024,9,September,Naogaon,Rajshahi,1023.52,3824.58,0.267617,506.6,Monsoon (Jun-Sep)
2024,9,September,Narail,Khulna,166.67,1072.86,0.155355,82.5,Monsoon (Jun-Sep)
2024,9,September,Narayanganj,Dhaka,65.06,832.16,0.078185,32.2,Monsoon (Jun-Sep)
2024,9,September,Narsingdi,Dhaka,130.55,1281.34,0.101884,64.6,Monsoon (Jun-Sep)
2024,9,September,Natore,Rajshahi,147.78,2101.7,0.070314,73.1,Monsoon (Jun-Sep)
2024,9,September,Nawabganj,Rajshahi,199.52,1804.38,0.110577,98.8,Monsoon (Jun-Sep)
2024,9,September,Netrakona,Dhaka,685.24,3089.39,0.221806,339.2,Monsoon (Jun-Sep)
2024,9,September,Nilphamari,Rangpur,1195.36,1836.84,0.650772,591.6,Monsoon (Jun-Sep)
2024,9,September,Noakhali,Chittagong,391.52,2642.03,0.148187,193.8,Monsoon (Jun-Sep)
2024,9,September,Pabna,Rajshahi,328.31,2634.14,0.124636,162.5,Monsoon (Jun-Sep)
2024,9,September,Panchagarh,Rangpur,1047.9,1548.93,0.67653,518.7,Monsoon (Jun-Sep)
2024,9,September,Patuakhali,Barisal,414.12,2730.09,0.151689,205.0,Monsoon (Jun-Sep)
2024,9,September,Pirojpur,Barisal,328.44,1365.69,0.240492,162.6,Monsoon (Jun-Sep)
2024,9,September,Rajbari,Dhaka,164.3,1249.73,0.131468,81.3,Monsoon (Jun-Sep)
2024,9,September,Rajshahi,Rajshahi,246.63,2664.72,0.092554,122.1,Monsoon (Jun-Sep)
2024,9,September,Rangamati,Chittagong,516.0,6226.79,0.082867,255.4,Monsoon (Jun-Sep)
2024,9,September,Rangpur,Rangpur,1853.33,2572.65,0.720397,917.3,Monsoon (Jun-Sep)
2024,9,September,Satkhira,Khulna,1385.43,3543.74,0.39095,685.7,Monsoon (Jun-Sep)
2024,9,September,Shariatpur,Dhaka,193.31,1362.06,0.141923,95.7,Monsoon (Jun-Sep)
2024,9,September,Sherpur,Dhaka,558.46,1455.19,0.383768,276.4,Monsoon (Jun-Sep)
2024,9,September,Sirajganj,Rajshahi,467.12,2755.65,0.169513,231.2,Monsoon (Jun-Sep)
2024,9,September,Sunamganj,Sylhet,2076.13,4043.04,0.513506,1027.6,Monsoon (Jun-Sep)
2024,9,September,Sylhet,Sylhet,735.85,3847.75,0.191243,364.2,Monsoon (Jun-Sep)
2024,9,September,Tangail,Dhaka,207.71,3707.07,0.056032,102.8,Monsoon (Jun-Sep)
2024,9,September,Thakurgaon,Rangpur,1566.18,2008.93,0.779608,775.2,Monsoon (Jun-Sep)
2024,10,October,Bagerhat,Khulna,1228.61,3965.62,0.309815,608.1,Post-Monsoon (Oct-Nov)
2024,10,October,Bandarban,Chittagong,2885.25,5000.66,0.576974,1428.0,Post-Monsoon (Oct-Nov)
2024,10,October,Barguna,Barisal,164.26,1547.28,0.106163,81.3,Post-Monsoon (Oct-Nov)
2024,10,October,Barisal,Barisal,538.22,2767.25,0.194496,266.4,Post-Monsoon (Oct-Nov)
2024,10,October,Bhola,Barisal,754.53,2471.69,0.305269,373.5,Post-Monsoon (Oct-Nov)
2024,10,October,Bogra,Rajshahi,265.73,3233.63,0.082178,131.5,Post-Monsoon (Oct-Nov)
2024,10,October,Brahamanbaria,Chittagong,408.19,2104.07,0.194001,202.0,Post-Monsoon (Oct-Nov)
2024,10,October,Chandpur,Chittagong,332.88,1864.17,0.178566,164.8,Post-Monsoon (Oct-Nov)
2024,10,October,Chittagong,Chittagong,1617.94,4736.75,0.341571,800.8,Post-Monsoon (Oct-Nov)
2024,10,October,Chuadanga,Khulna,438.93,1233.0,0.355981,217.2,Post-Monsoon (Oct-Nov)
2024,10,October,Comilla,Chittagong,1435.87,3351.85,0.428383,710.7,Post-Monsoon (Oct-Nov)
2024,10,October,Cox's Bazar,Chittagong,274.73,2206.6,0.124504,136.0,Post-Monsoon (Oct-Nov)
2024,10,October,Dhaka,Dhaka,105.95,1611.18,0.065758,52.4,Post-Monsoon (Oct-Nov)
2024,10,October,Dinajpur,Rangpur,2922.54,3829.09,0.763246,1446.5,Post-Monsoon (Oct-Nov)
2024,10,October,Faridpur,Dhaka,193.54,2227.54,0.086887,95.8,Post-Monsoon (Oct-Nov)
2024,10,October,Feni,Chittagong,381.42,960.78,0.396996,188.8,Post-Monsoon (Oct-Nov)
2024,10,October,Gaibandha,Rangpur,296.5,2410.25,0.123017,146.8,Post-Monsoon (Oct-Nov)
2024,10,October,Gazipur,Dhaka,159.96,1940.74,0.082421,79.2,Post-Monsoon (Oct-Nov)
2024,10,October,Gopalganj,Dhaka,269.55,1602.77,0.168177,133.4,Post-Monsoon (Oct-Nov)
2024,10,October,Habiganj,Sylhet,363.54,2857.81,0.12721,179.9,Post-Monsoon (Oct-Nov)
2024,10,October,Jamalpur,Dhaka,178.48,2272.36,0.078543,88.3,Post-Monsoon (Oct-Nov)
2024,10,October,Jessore,Khulna,500.25,2784.67,0.179644,247.6,Post-Monsoon (Oct-Nov)
2024,10,October,Jhalokati,Barisal,39.97,807.93,0.049467,19.8,Post-Monsoon (Oct-Nov)
2024,10,October,Jhenaidah,Khulna,791.9,2143.59,0.369424,391.9,Post-Monsoon (Oct-Nov)
2024,10,October,Joypurhat,Rajshahi,812.9,1081.54,0.751611,402.3,Post-Monsoon (Oct-Nov)
2024,10,October,Khagrachhari,Chittagong,1469.16,3108.48,0.472629,727.2,Post-Monsoon (Oct-Nov)
2024,10,October,Khulna,Khulna,1011.8,3868.06,0.261579,500.8,Post-Monsoon (Oct-Nov)
2024,10,October,Kishoreganj,Dhaka,1154.5,2821.62,0.409161,571.4,Post-Monsoon (Oct-Nov)
2024,10,October,Kurigram,Rangpur,416.09,2481.86,0.167654,205.9,Post-Monsoon (Oct-Nov)
2024,10,October,Kushtia,Khulna,145.26,1830.28,0.079365,71.9,Post-Monsoon (Oct-Nov)
2024,10,October,Lakshmipur,Chittagong,334.75,1573.07,0.212804,165.7,Post-Monsoon (Oct-Nov)
2024,10,October,Lalmonirhat,Rangpur,748.68,1381.75,0.54183,370.6,Post-Monsoon (Oct-Nov)
2024,10,October,Madaripur,Dhaka,113.15,1257.23,0.090003,56.0,Post-Monsoon (Oct-Nov)
2024,10,October,Magura,Khulna,81.7,1143.98,0.071414,40.4,Post-Monsoon (Oct-Nov)
2024,10,October,Manikganj,Dhaka,250.47,1531.92,0.163504,124.0,Post-Monsoon (Oct-Nov)
2024,10,October,Maulvibazar,Sylhet,336.48,2819.05,0.119359,166.5,Post-Monsoon (Oct-Nov)
2024,10,October,Meherpur,Khulna,252.55,732.79,0.344646,125.0,Post-Monsoon (Oct-Nov)
2024,10,October,Munshiganj,Dhaka,141.49,1036.66,0.136487,70.0,Post-Monsoon (Oct-Nov)
2024,10,October,Mymensingh,Dhaka,2410.58,4784.19,0.503863,1193.1,Post-Monsoon (Oct-Nov)
2024,10,October,Naogaon,Rajshahi,1130.21,3824.58,0.295513,559.4,Post-Monsoon (Oct-Nov)
2024,10,October,Narail,Khulna,149.76,1072.86,0.139585,74.1,Post-Monsoon (Oct-Nov)
2024,10,October,Narayanganj,Dhaka,61.61,832.16,0.074035,30.5,Post-Monsoon (Oct-Nov)
2024,10,October,Narsingdi,Dhaka,120.17,1281.34,0.093782,59.5,Post-Monsoon (Oct-Nov)
2024,10,October,Natore,Rajshahi,152.16,2101.7,0.072396,75.3,Post-Monsoon (Oct-Nov)
2024,10,October,Nawabganj,Rajshahi,193.42,1804.38,0.107196,95.7,Post-Monsoon (Oct-Nov)
2024,10,October,Netrakona,Dhaka,852.6,3089.39,0.275976,422.0,Post-Monsoon (Oct-Nov)
2024,10,October,Nilphamari,Rangpur,1194.27,1836.84,0.650175,591.1,Post-Monsoon (Oct-Nov)
2024,10,October,Noakhali,Chittagong,221.48,2642.03,0.083828,109.6,Post-Monsoon (Oct-Nov)
2024,10,October,Pabna,Rajshahi,336.92,2634.14,0.127905,166.8,Post-Monsoon (Oct-Nov)
2024,10,October,Panchagarh,Rangpur,1025.92,1548.93,0.662339,507.8,Post-Monsoon (Oct-Nov)
2024,10,October,Patuakhali,Barisal,249.9,2730.09,0.091534,123.7,Post-Monsoon (Oct-Nov)
2024,10,October,Pirojpur,Barisal,112.67,1365.69,0.082497,55.8,Post-Monsoon (Oct-Nov)
2024,10,October,Rajbari,Dhaka,146.86,1249.73,0.117514,72.7,Post-Monsoon (Oct-Nov)
2024,10,October,Rajshahi,Rajshahi,270.66,2664.72,0.101573,134.0,Post-Monsoon (Oct-Nov)
2024,10,October,Rangamati,Chittagong,497.71,6226.79,0.079931,246.3,Post-Monsoon (Oct-Nov)
2024,10,October,Rangpur,Rangpur,1788.26,2572.65,0.695107,885.1,Post-Monsoon (Oct-Nov)
2024,10,October,Satkhira,Khulna,1399.2,3543.74,0.394838,692.5,Post-Monsoon (Oct-Nov)
2024,10,October,Shariatpur,Dhaka,175.38,1362.06,0.128759,86.8,Post-Monsoon (Oct-Nov)
2024,10,October,Sherpur,Dhaka,796.27,1455.19,0.547192,394.1,Post-Monsoon (Oct-Nov)
2024,10,October,Sirajganj,Rajshahi,538.36,2755.65,0.195364,266.5,Post-Monsoon (Oct-Nov)
2024,10,October,Sunamganj,Sylhet,2006.88,4043.04,0.496378,993.3,Post-Monsoon (Oct-Nov)
2024,10,October,Sylhet,Sylhet,626.42,3847.75,0.162801,310.0,Post-Monsoon (Oct-Nov)
2024,10,October,Tangail,Dhaka,230.09,3707.07,0.062069,113.9,Post-Monsoon (Oct-Nov)
2024,10,October,Thakurgaon,Rangpur,1408.84,2008.93,0.701288,697.3,Post-Monsoon (Oct-Nov)
2024,11,November,Bagerhat,Khulna,1121.63,3965.62,0.282838,555.1,Post-Monsoon (Oct-Nov)
2024,11,November,Bandarban,Chittagong,3046.82,5000.66,0.609283,1508.0,Post-Monsoon (Oct-Nov)
2024,11,November,Barguna,Barisal,159.42,1547.28,0.103033,78.9,Post-Monsoon (Oct-Nov)
2024,11,November,Barisal,Barisal,515.12,2767.25,0.18615,255.0,Post-Monsoon (Oct-Nov)
2024,11,November,Bhola,Barisal,662.14,2471.69,0.267887,327.7,Post-Monsoon (Oct-Nov)
2024,11,November,Bogra,Rajshahi,229.6,3233.63,0.071003,113.6,Post-Monsoon (Oct-Nov)
2024,11,November,Brahamanbaria,Chittagong,189.54,2104.07,0.090081,93.8,Post-Monsoon (Oct-Nov)
2024,11,November,Chandpur,Chittagong,294.96,1864.17,0.158224,146.0,Post-Monsoon (Oct-Nov)
2024,11,November,Chittagong,Chittagong,1523.35,4736.75,0.321603,754.0,Post-Monsoon (Oct-Nov)
2024,11,November,Chuadanga,Khulna,633.56,1233.0,0.513832,313.6,Post-Monsoon (Oct-Nov)
2024,11,November,Comilla,Chittagong,1267.1,3351.85,0.378029,627.1,Post-Monsoon (Oct-Nov)
2024,11,November,Cox's Bazar,Chittagong,326.11,2206.6,0.147789,161.4,Post-Monsoon (Oct-Nov)
2024,11,November,Dhaka,Dhaka,132.98,1611.18,0.082535,65.8,Post-Monsoon (Oct-Nov)
2024,11,November,Dinajpur,Rangpur,2923.69,3829.09,0.763546,1447.1,Post-Monsoon (Oct-Nov)
2024,11,November,Faridpur,Dhaka,113.47,2227.54,0.050941,56.2,Post-Monsoon (Oct-Nov)
2024,11,November,Feni,Chittagong,464.88,960.78,0.48386,230.1,Post-Monsoon (Oct-Nov)
2024,11,November,Gaibandha,Rangpur,250.22,2410.25,0.103817,123.8,Post-Monsoon (Oct-Nov)
2024,11,November,Gazipur,Dhaka,739.59,1940.74,0.381087,366.1,Post-Monsoon (Oct-Nov)
2024,11,November,Gopalganj,Dhaka,240.54,1602.77,0.150076,119.1,Post-Monsoon (Oct-Nov)
2024,11,November,Habiganj,Sylhet,522.27,2857.81,0.182751,258.5,Post-Monsoon (Oct-Nov)
2024,11,November,Jamalpur,Dhaka,171.59,2272.36,0.075512,84.9,Post-Monsoon (Oct-Nov)
2024,11,November,Jessore,Khulna,295.57,2784.67,0.106142,146.3,Post-Monsoon (Oct-Nov)
2024,11,November,Jhalokati,Barisal,39.46,807.93,0.048845,19.5,Post-Monsoon (Oct-Nov)
2024,11,November,Jhenaidah,Khulna,881.23,2143.59,0.411101,436.2,Post-Monsoon (Oct-Nov)
2024,11,November,Joypurhat,Rajshahi,830.58,1081.54,0.767954,411.1,Post-Monsoon (Oct-Nov)
2024,11,November,Khagrachhari,Chittagong,1777.19,3108.48,0.571723,879.6,Post-Monsoon (Oct-Nov)
2024,11,November,Khulna,Khulna,1219.67,3868.06,0.315317,603.7,Post-Monsoon (Oct-Nov)
2024,11,November,Kishoreganj,Dhaka,458.68,2821.62,0.162561,227.0,Post-Monsoon (Oct-Nov)
2024,11,November,Kurigram,Rangpur,368.96,2481.86,0.148662,182.6,Post-Monsoon (Oct-Nov)
2024,11,November,Kushtia,Khulna,129.59,1830.28,0.070803,64.1,Post-Monsoon (Oct-Nov)
2024,11,November,Lakshmipur,Chittagong,296.2,1573.07,0.188296,146.6,Post-Monsoon (Oct-Nov)
2024,11,November,Lalmonirhat,Rangpur,753.12,1381.75,0.545044,372.8,Post-Monsoon (Oct-Nov)
2024,11,November,Madaripur,Dhaka,107.17,1257.23,0.085241,53.0,Post-Monsoon (Oct-Nov)
2024,11,November,Magura,Khulna,35.15,1143.98,0.030728,17.4,Post-Monsoon (Oct-Nov)
2024,11,November,Manikganj,Dhaka,206.08,1531.92,0.134527,102.0,Post-Monsoon (Oct-Nov)
2024,11,November,Maulvibazar,Sylhet,240.06,2819.05,0.085156,118.8,Post-Monsoon (Oct-Nov)
2024,11,November,Meherpur,Khulna,386.98,732.79,0.528098,191.5,Post-Monsoon (Oct-Nov)
2024,11,November,Munshiganj,Dhaka,121.93,1036.66,0.117615,60.3,Post-Monsoon (Oct-Nov)
2024,11,November,Mymensingh,Dhaka,2310.32,4784.19,0.482908,1143.5,Post-Monsoon (Oct-Nov)
2024,11,November,Naogaon,Rajshahi,1279.53,3824.58,0.334555,633.3,Post-Monsoon (Oct-Nov)
2024,11,November,Narail,Khulna,134.57,1072.86,0.125434,66.6,Post-Monsoon (Oct-Nov)
2024,11,November,Narayanganj,Dhaka,51.91,832.16,0.062382,25.7,Post-Monsoon (Oct-Nov)
2024,11,November,Narsingdi,Dhaka,74.31,1281.34,0.057993,36.8,Post-Monsoon (Oct-Nov)
2024,11,November,Natore,Rajshahi,103.84,2101.7,0.049407,51.4,Post-Monsoon (Oct-Nov)
2024,11,November,Nawabganj,Rajshahi,138.36,1804.38,0.07668,68.5,Post-Monsoon (Oct-Nov)
2024,11,November,Netrakona,Dhaka,411.63,3089.39,0.13324,203.7,Post-Monsoon (Oct-Nov)
2024,11,November,Nilphamari,Rangpur,1120.3,1836.84,0.609905,554.5,Post-Monsoon (Oct-Nov)
2024,11,November,Noakhali,Chittagong,199.01,2642.03,0.075326,98.5,Post-Monsoon (Oct-Nov)
2024,11,November,Pabna,Rajshahi,167.99,2634.14,0.063772,83.1,Post-Monsoon (Oct-Nov)
2024,11,November,Panchagarh,Rangpur,961.14,1548.93,0.620519,475.7,Post-Monsoon (Oct-Nov)
2024,11,November,Patuakhali,Barisal,230.84,2730.09,0.084552,114.3,Post-Monsoon (Oct-Nov)
2024,11,November,Pirojpur,Barisal,110.91,1365.69,0.081209,54.9,Post-Monsoon (Oct-Nov)
2024,11,November,Rajbari,Dhaka,120.56,1249.73,0.096468,59.7,Post-Monsoon (Oct-Nov)
2024,11,November,Rajshahi,Rajshahi,202.33,2664.72,0.075928,100.1,Post-Monsoon (Oct-Nov)
2024,11,November,Rangamati,Chittagong,472.06,6226.79,0.075811,233.6,Post-Monsoon (Oct-Nov)
2024,11,November,Rangpur,Rangpur,1815.54,2572.65,0.705709,898.6,Post-Monsoon (Oct-Nov)
2024,11,November,Satkhira,Khulna,1364.46,3543.74,0.385035,675.3,Post-Monsoon (Oct-Nov)
2024,11,November,Shariatpur,Dhaka,163.59,1362.06,0.120107,81.0,Post-Monsoon (Oct-Nov)
2024,11,November,Sherpur,Dhaka,850.6,1455.19,0.584526,421.0,Post-Monsoon (Oct-Nov)
2024,11,November,Sirajganj,Rajshahi,342.56,2755.65,0.12431,169.5,Post-Monsoon (Oct-Nov)
2024,11,November,Sunamganj,Sylhet,1382.79,4043.04,0.342017,684.4,Post-Monsoon (Oct-Nov)
2024,11,November,Sylhet,Sylhet,549.12,3847.75,0.142711,271.8,Post-Monsoon (Oct-Nov)
2024,11,November,Tangail,Dhaka,553.76,3707.07,0.14938,274.1,Post-Monsoon (Oct-Nov)
2024,11,November,Thakurgaon,Rangpur,1656.94,2008.93,0.824788,820.1,Post-Monsoon (Oct-Nov)
2024,12,December,Bagerhat,Khulna,1041.4,3965.62,0.262606,515.4,Dry Winter (Dec-Feb)
2024,12,December,Bandarban,Chittagong,2814.67,5000.66,0.56286,1393.1,Dry Winter (Dec-Feb)
2024,12,December,Barguna,Barisal,161.01,1547.28,0.104063,79.7,Dry Winter (Dec-Feb)
2024,12,December,Barisal,Barisal,492.14,2767.25,0.177843,243.6,Dry Winter (Dec-Feb)
2024,12,December,Bhola,Barisal,682.33,2471.69,0.276057,337.7,Dry Winter (Dec-Feb)
2024,12,December,Bogra,Rajshahi,256.68,3233.63,0.079377,127.0,Dry Winter (Dec-Feb)
2024,12,December,Brahamanbaria,Chittagong,592.55,2104.07,0.28162,293.3,Dry Winter (Dec-Feb)
2024,12,December,Chandpur,Chittagong,272.23,1864.17,0.146034,134.7,Dry Winter (Dec-Feb)
2024,12,December,Chittagong,Chittagong,1914.36,4736.75,0.40415,947.5,Dry Winter (Dec-Feb)
2024,12,December,Chuadanga,Khulna,702.91,1233.0,0.570083,347.9,Dry Winter (Dec-Feb)
2024,12,December,Comilla,Chittagong,1415.02,3351.85,0.42216,700.4,Dry Winter (Dec-Feb)
2024,12,December,Cox's Bazar,Chittagong,965.84,2206.6,0.437705,478.0,Dry Winter (Dec-Feb)
2024,12,December,Dhaka,Dhaka,781.27,1611.18,0.484908,386.7,Dry Winter (Dec-Feb)
2024,12,December,Dinajpur,Rangpur,2525.92,3829.09,0.659668,1250.2,Dry Winter (Dec-Feb)
2024,12,December,Faridpur,Dhaka,103.05,2227.54,0.046263,51.0,Dry Winter (Dec-Feb)
2024,12,December,Feni,Chittagong,486.97,960.78,0.506853,241.0,Dry Winter (Dec-Feb)
2024,12,December,Gaibandha,Rangpur,258.08,2410.25,0.107077,127.7,Dry Winter (Dec-Feb)
2024,12,December,Gazipur,Dhaka,1055.99,1940.74,0.544116,522.7,Dry Winter (Dec-Feb)
2024,12,December,Gopalganj,Dhaka,364.61,1602.77,0.227489,180.5,Dry Winter (Dec-Feb)
2024,12,December,Habiganj,Sylhet,836.83,2857.81,0.292823,414.2,Dry Winter (Dec-Feb)
2024,12,December,Jamalpur,Dhaka,300.71,2272.36,0.132332,148.8,Dry Winter (Dec-Feb)
2024,12,December,Jessore,Khulna,309.44,2784.67,0.111124,153.2,Dry Winter (Dec-Feb)
2024,12,December,Jhalokati,Barisal,38.92,807.93,0.048168,19.3,Dry Winter (Dec-Feb)
2024,12,December,Jhenaidah,Khulna,956.58,2143.59,0.44625,473.5,Dry Winter (Dec-Feb)
2024,12,December,Joypurhat,Rajshahi,505.11,1081.54,0.467026,250.0,Dry Winter (Dec-Feb)
2024,12,December,Khagrachhari,Chittagong,1733.68,3108.48,0.557728,858.1,Dry Winter (Dec-Feb)
2024,12,December,Khulna,Khulna,1042.77,3868.06,0.269584,516.1,Dry Winter (Dec-Feb)
2024,12,December,Kishoreganj,Dhaka,197.0,2821.62,0.069819,97.5,Dry Winter (Dec-Feb)
2024,12,December,Kurigram,Rangpur,363.16,2481.86,0.146326,179.7,Dry Winter (Dec-Feb)
2024,12,December,Kushtia,Khulna,132.34,1830.28,0.072307,65.5,Dry Winter (Dec-Feb)
2024,12,December,Lakshmipur,Chittagong,304.39,1573.07,0.193502,150.7,Dry Winter (Dec-Feb)
2024,12,December,Lalmonirhat,Rangpur,685.05,1381.75,0.495786,339.1,Dry Winter (Dec-Feb)
2024,12,December,Madaripur,Dhaka,122.04,1257.23,0.09707,60.4,Dry Winter (Dec-Feb)
2024,12,December,Magura,Khulna,314.95,1143.98,0.275309,155.9,Dry Winter (Dec-Feb)
2024,12,December,Manikganj,Dhaka,189.03,1531.92,0.123393,93.6,Dry Winter (Dec-Feb)
2024,12,December,Maulvibazar,Sylhet,280.33,2819.05,0.099441,138.7,Dry Winter (Dec-Feb)
2024,12,December,Meherpur,Khulna,365.86,732.79,0.499275,181.1,Dry Winter (Dec-Feb)
2024,12,December,Munshiganj,Dhaka,104.61,1036.66,0.100906,51.8,Dry Winter (Dec-Feb)
2024,12,December,Mymensingh,Dhaka,2538.69,4784.19,0.530643,1256.5,Dry Winter (Dec-Feb)
2024,12,December,Naogaon,Rajshahi,1787.99,3824.58,0.467501,885.0,Dry Winter (Dec-Feb)
2024,12,December,Narail,Khulna,183.71,1072.86,0.171229,90.9,Dry Winter (Dec-Feb)
2024,12,December,Narayanganj,Dhaka,309.3,832.16,0.371679,153.1,Dry Winter (Dec-Feb)
2024,12,December,Narsingdi,Dhaka,63.84,1281.34,0.049826,31.6,Dry Winter (Dec-Feb)
2024,12,December,Natore,Rajshahi,363.81,2101.7,0.173102,180.1,Dry Winter (Dec-Feb)
2024,12,December,Nawabganj,Rajshahi,216.66,1804.38,0.120076,107.2,Dry Winter (Dec-Feb)
2024,12,December,Netrakona,Dhaka,551.99,3089.39,0.178674,273.2,Dry Winter (Dec-Feb)
2024,12,December,Nilphamari,Rangpur,987.87,1836.84,0.537812,488.9,Dry Winter (Dec-Feb)
2024,12,December,Noakhali,Chittagong,213.79,2642.03,0.08092,105.8,Dry Winter (Dec-Feb)
2024,12,December,Pabna,Rajshahi,193.71,2634.14,0.073538,95.9,Dry Winter (Dec-Feb)
2024,12,December,Panchagarh,Rangpur,794.81,1548.93,0.513134,393.4,Dry Winter (Dec-Feb)
2024,12,December,Patuakhali,Barisal,237.06,2730.09,0.086834,117.3,Dry Winter (Dec-Feb)
2024,12,December,Pirojpur,Barisal,120.53,1365.69,0.088259,59.7,Dry Winter (Dec-Feb)
2024,12,December,Rajbari,Dhaka,110.66,1249.73,0.088551,54.8,Dry Winter (Dec-Feb)
2024,12,December,Rajshahi,Rajshahi,324.27,2664.72,0.121689,160.5,Dry Winter (Dec-Feb)
2024,12,December,Rangamati,Chittagong,463.67,6226.79,0.074464,229.5,Dry Winter (Dec-Feb)
2024,12,December,Rangpur,Rangpur,1585.59,2572.65,0.616328,784.8,Dry Winter (Dec-Feb)
2024,12,December,Satkhira,Khulna,1295.65,3543.74,0.365617,641.3,Dry Winter (Dec-Feb)
2024,12,December,Shariatpur,Dhaka,150.28,1362.06,0.110329,74.4,Dry Winter (Dec-Feb)
2024,12,December,Sherpur,Dhaka,1004.21,1455.19,0.690089,497.0,Dry Winter (Dec-Feb)
2024,12,December,Sirajganj,Rajshahi,319.21,2755.65,0.11584,158.0,Dry Winter (Dec-Feb)
2024,12,December,Sunamganj,Sylhet,710.08,4043.04,0.175629,351.5,Dry Winter (Dec-Feb)
2024,12,December,Sylhet,Sylhet,806.54,3847.75,0.209613,399.2,Dry Winter (Dec-Feb)
2024,12,December,Tangail,Dhaka,1765.54,3707.07,0.476263,873.8,Dry Winter (Dec-Feb)
2024,12,December,Thakurgaon,Rangpur,1190.53,2008.93,0.592616,589.2,Dry Winter (Dec-Feb)
2025,1,January,Bagerhat,Khulna,902.5,3965.62,0.227581,446.7,Dry Winter (Dec-Feb)
2025,1,January,Bandarban,Chittagong,2818.16,5000.66,0.563558,1394.8,Dry Winter (Dec-Feb)
2025,1,January,Barguna,Barisal,156.21,1547.28,0.100955,77.3,Dry Winter (Dec-Feb)
2025,1,January,Barisal,Barisal,441.26,2767.25,0.159457,218.4,Dry Winter (Dec-Feb)
2025,1,January,Bhola,Barisal,641.1,2471.69,0.259377,317.3,Dry Winter (Dec-Feb)
2025,1,January,Bogra,Rajshahi,170.69,3233.63,0.052786,84.5,Dry Winter (Dec-Feb)
2025,1,January,Brahamanbaria,Chittagong,1036.85,2104.07,0.492785,513.2,Dry Winter (Dec-Feb)
2025,1,January,Chandpur,Chittagong,261.58,1864.17,0.140321,129.5,Dry Winter (Dec-Feb)
2025,1,January,Chittagong,Chittagong,2079.72,4736.75,0.43906,1029.3,Dry Winter (Dec-Feb)
2025,1,January,Chuadanga,Khulna,712.45,1233.0,0.577818,352.6,Dry Winter (Dec-Feb)
2025,1,January,Comilla,Chittagong,1568.66,3351.85,0.467997,776.4,Dry Winter (Dec-Feb)
2025,1,January,Cox's Bazar,Chittagong,958.6,2206.6,0.434425,474.5,Dry Winter (Dec-Feb)
2025,1,January,Dhaka,Dhaka,736.73,1611.18,0.457265,364.6,Dry Winter (Dec-Feb)
2025,1,January,Dinajpur,Rangpur,1263.41,3829.09,0.329951,625.3,Dry Winter (Dec-Feb)
2025,1,January,Faridpur,Dhaka,679.03,2227.54,0.304833,336.1,Dry Winter (Dec-Feb)
2025,1,January,Feni,Chittagong,474.75,960.78,0.49413,235.0,Dry Winter (Dec-Feb)
2025,1,January,Gaibandha,Rangpur,174.83,2410.25,0.072535,86.5,Dry Winter (Dec-Feb)
2025,1,January,Gazipur,Dhaka,891.23,1940.74,0.459222,441.1,Dry Winter (Dec-Feb)
2025,1,January,Gopalganj,Dhaka,763.55,1602.77,0.476393,377.9,Dry Winter (Dec-Feb)
2025,1,January,Habiganj,Sylhet,1550.75,2857.81,0.542635,767.5,Dry Winter (Dec-Feb)
2025,1,January,Jamalpur,Dhaka,159.41,2272.36,0.070152,78.9,Dry Winter (Dec-Feb)
2025,1,January,Jessore,Khulna,811.34,2784.67,0.291358,401.6,Dry Winter (Dec-Feb)
2025,1,January,Jhalokati,Barisal,35.69,807.93,0.04418,17.7,Dry Winter (Dec-Feb)
2025,1,January,Jhenaidah,Khulna,916.64,2143.59,0.427618,453.7,Dry Winter (Dec-Feb)
2025,1,January,Joypurhat,Rajshahi,268.39,1081.54,0.248157,132.8,Dry Winter (Dec-Feb)
2025,1,January,Khagrachhari,Chittagong,1693.9,3108.48,0.54493,838.4,Dry Winter (Dec-Feb)
2025,1,January,Khulna,Khulna,982.58,3868.06,0.254024,486.3,Dry Winter (Dec-Feb)
2025,1,January,Kishoreganj,Dhaka,1109.03,2821.62,0.393049,548.9,Dry Winter (Dec-Feb)
2025,1,January,Kurigram,Rangpur,412.29,2481.86,0.16612,204.1,Dry Winter (Dec-Feb)
2025,1,January,Kushtia,Khulna,129.92,1830.28,0.070984,64.3,Dry Winter (Dec-Feb)
2025,1,January,Lakshmipur,Chittagong,289.44,1573.07,0.183999,143.3,Dry Winter (Dec-Feb)
2025,1,January,Lalmonirhat,Rangpur,59.64,1381.75,0.043162,29.5,Dry Winter (Dec-Feb)
2025,1,January,Madaripur,Dhaka,106.67,1257.23,0.084845,52.8,Dry Winter (Dec-Feb)
2025,1,January,Magura,Khulna,597.94,1143.98,0.522683,295.9,Dry Winter (Dec-Feb)
2025,1,January,Manikganj,Dhaka,191.27,1531.92,0.124856,94.7,Dry Winter (Dec-Feb)
2025,1,January,Maulvibazar,Sylhet,1030.16,2819.05,0.365427,509.9,Dry Winter (Dec-Feb)
2025,1,January,Meherpur,Khulna,408.0,732.79,0.556778,201.9,Dry Winter (Dec-Feb)
2025,1,January,Munshiganj,Dhaka,102.67,1036.66,0.099041,50.8,Dry Winter (Dec-Feb)
2025,1,January,Mymensingh,Dhaka,2486.46,4784.19,0.519724,1230.7,Dry Winter (Dec-Feb)
2025,1,January,Naogaon,Rajshahi,1968.28,3824.58,0.514641,974.2,Dry Winter (Dec-Feb)
2025,1,January,Narail,Khulna,161.43,1072.86,0.150467,79.9,Dry Winter (Dec-Feb)
2025,1,January,Narayanganj,Dhaka,300.04,832.16,0.360554,148.5,Dry Winter (Dec-Feb)
2025,1,January,Narsingdi,Dhaka,60.56,1281.34,0.047261,30.0,Dry Winter (Dec-Feb)
2025,1,January,Natore,Rajshahi,1118.28,2101.7,0.532085,553.5,Dry Winter (Dec-Feb)
2025,1,January,Nawabganj,Rajshahi,704.92,1804.38,0.39067,348.9,Dry Winter (Dec-Feb)
2025,1,January,Netrakona,Dhaka,1488.98,3089.39,0.481965,737.0,Dry Winter (Dec-Feb)
2025,1,January,Nilphamari,Rangpur,58.87,1836.84,0.032049,29.1,Dry Winter (Dec-Feb)
2025,1,January,Noakhali,Chittagong,187.88,2642.03,0.071113,93.0,Dry Winter (Dec-Feb)
2025,1,January,Pabna,Rajshahi,870.37,2634.14,0.330418,430.8,Dry Winter (Dec-Feb)
2025,1,January,Panchagarh,Rangpur,929.62,1548.93,0.600165,460.1,Dry Winter (Dec-Feb)
2025,1,January,Patuakhali,Barisal,220.33,2730.09,0.080706,109.1,Dry Winter (Dec-Feb)
2025,1,January,Pirojpur,Barisal,95.72,1365.69,0.070092,47.4,Dry Winter (Dec-Feb)
2025,1,January,Rajbari,Dhaka,107.98,1249.73,0.086402,53.4,Dry Winter (Dec-Feb)
2025,1,January,Rajshahi,Rajshahi,588.02,2664.72,0.22067,291.0,Dry Winter (Dec-Feb)
2025,1,January,Rangamati,Chittagong,463.68,6226.79,0.074465,229.5,Dry Winter (Dec-Feb)
2025,1,January,Rangpur,Rangpur,148.45,2572.65,0.057702,73.5,Dry Winter (Dec-Feb)
2025,1,January,Satkhira,Khulna,1101.68,3543.74,0.31088,545.3,Dry Winter (Dec-Feb)
2025,1,January,Shariatpur,Dhaka,136.84,1362.06,0.100468,67.7,Dry Winter (Dec-Feb)
2025,1,January,Sherpur,Dhaka,939.14,1455.19,0.64537,464.8,Dry Winter (Dec-Feb)
2025,1,January,Sirajganj,Rajshahi,363.05,2755.65,0.131749,179.7,Dry Winter (Dec-Feb)
2025,1,January,Sunamganj,Sylhet,323.57,4043.04,0.080031,160.1,Dry Winter (Dec-Feb)
2025,1,January,Sylhet,Sylhet,1896.05,3847.75,0.492768,938.4,Dry Winter (Dec-Feb)
2025,1,January,Tangail,Dhaka,1799.64,3707.07,0.485463,890.7,Dry Winter (Dec-Feb)
2025,1,January,Thakurgaon,Rangpur,1096.44,2008.93,0.545781,542.7,Dry Winter (Dec-Feb)
2025,2,February,Bagerhat,Khulna,679.47,3965.62,0.171341,336.3,Dry Winter (Dec-Feb)
2025,2,February,Bandarban,Chittagong,3283.93,5000.66,0.6567,1625.4,Dry Winter (Dec-Feb)
2025,2,February,Barguna,Barisal,158.85,1547.28,0.102662,78.6,Dry Winter (Dec-Feb)
2025,2,February,Barisal,Barisal,419.82,2767.25,0.15171,207.8,Dry Winter (Dec-Feb)
2025,2,February,Bhola,Barisal,671.22,2471.69,0.271561,332.2,Dry Winter (Dec-Feb)
2025,2,February,Bogra,Rajshahi,1214.53,3233.63,0.375592,601.1,Dry Winter (Dec-Feb)
2025,2,February,Brahamanbaria,Chittagong,1029.04,2104.07,0.489073,509.3,Dry Winter (Dec-Feb)
2025,2,February,Chandpur,Chittagong,254.86,1864.17,0.136715,126.1,Dry Winter (Dec-Feb)
2025,2,February,Chittagong,Chittagong,1878.77,4736.75,0.396636,929.9,Dry Winter (Dec-Feb)
2025,2,February,Chuadanga,Khulna,603.29,1233.0,0.489282,298.6,Dry Winter (Dec-Feb)
2025,2,February,Comilla,Chittagong,1568.48,3351.85,0.467946,776.3,Dry Winter (Dec-Feb)
2025,2,February,Cox's Bazar,Chittagong,799.16,2206.6,0.362166,395.5,Dry Winter (Dec-Feb)
2025,2,February,Dhaka,Dhaka,717.52,1611.18,0.445338,355.1,Dry Winter (Dec-Feb)
2025,2,February,Dinajpur,Rangpur,1328.3,3829.09,0.346897,657.4,Dry Winter (Dec-Feb)
2025,2,February,Faridpur,Dhaka,943.08,2227.54,0.423373,466.8,Dry Winter (Dec-Feb)
2025,2,February,Feni,Chittagong,436.79,960.78,0.45462,216.2,Dry Winter (Dec-Feb)
2025,2,February,Gaibandha,Rangpur,336.86,2410.25,0.139762,166.7,Dry Winter (Dec-Feb)
2025,2,February,Gazipur,Dhaka,916.27,1940.74,0.472124,453.5,Dry Winter (Dec-Feb)
2025,2,February,Gopalganj,Dhaka,667.24,1602.77,0.416307,330.2,Dry Winter (Dec-Feb)
2025,2,February,Habiganj,Sylhet,1255.1,2857.81,0.439182,621.2,Dry Winter (Dec-Feb)
2025,2,February,Jamalpur,Dhaka,606.78,2272.36,0.267027,300.3,Dry Winter (Dec-Feb)
2025,2,February,Jessore,Khulna,421.03,2784.67,0.151196,208.4,Dry Winter (Dec-Feb)
2025,2,February,Jhalokati,Barisal,35.6,807.93,0.044068,17.6,Dry Winter (Dec-Feb)
2025,2,February,Jhenaidah,Khulna,784.24,2143.59,0.365855,388.2,Dry Winter (Dec-Feb)
2025,2,February,Joypurhat,Rajshahi,409.94,1081.54,0.379029,202.9,Dry Winter (Dec-Feb)
2025,2,February,Khagrachhari,Chittagong,1815.09,3108.48,0.583916,898.4,Dry Winter (Dec-Feb)
2025,2,February,Khulna,Khulna,629.73,3868.06,0.162802,311.7,Dry Winter (Dec-Feb)
2025,2,February,Kishoreganj,Dhaka,1310.7,2821.62,0.464522,648.7,Dry Winter (Dec-Feb)
2025,2,February,Kurigram,Rangpur,389.58,2481.86,0.156972,192.8,Dry Winter (Dec-Feb)
2025,2,February,Kushtia,Khulna,171.7,1830.28,0.093809,85.0,Dry Winter (Dec-Feb)
2025,2,February,Lakshmipur,Chittagong,302.89,1573.07,0.192549,149.9,Dry Winter (Dec-Feb)
2025,2,February,Lalmonirhat,Rangpur,287.37,1381.75,0.207973,142.2,Dry Winter (Dec-Feb)
2025,2,February,Madaripur,Dhaka,87.82,1257.23,0.069851,43.5,Dry Winter (Dec-Feb)
2025,2,February,Magura,Khulna,660.68,1143.98,0.577527,327.0,Dry Winter (Dec-Feb)
2025,2,February,Manikganj,Dhaka,183.29,1531.92,0.119648,90.7,Dry Winter (Dec-Feb)
2025,2,February,Maulvibazar,Sylhet,1289.68,2819.05,0.457485,638.3,Dry Winter (Dec-Feb)
2025,2,February,Meherpur,Khulna,281.03,732.79,0.383509,139.1,Dry Winter (Dec-Feb)
2025,2,February,Munshiganj,Dhaka,104.19,1036.66,0.100509,51.6,Dry Winter (Dec-Feb)
2025,2,February,Mymensingh,Dhaka,2399.29,4784.19,0.501505,1187.5,Dry Winter (Dec-Feb)
2025,2,February,Naogaon,Rajshahi,2428.93,3824.58,0.635084,1202.2,Dry Winter (Dec-Feb)
2025,2,February,Narail,Khulna,51.48,1072.86,0.047981,25.5,Dry Winter (Dec-Feb)
2025,2,February,Narayanganj,Dhaka,369.37,832.16,0.443865,182.8,Dry Winter (Dec-Feb)
2025,2,February,Narsingdi,Dhaka,66.42,1281.34,0.051835,32.9,Dry Winter (Dec-Feb)
2025,2,February,Natore,Rajshahi,1230.72,2101.7,0.585585,609.1,Dry Winter (Dec-Feb)
2025,2,February,Nawabganj,Rajshahi,775.0,1804.38,0.429511,383.6,Dry Winter (Dec-Feb)
2025,2,February,Netrakona,Dhaka,1580.33,3089.39,0.511535,782.2,Dry Winter (Dec-Feb)
2025,2,February,Nilphamari,Rangpur,500.16,1836.84,0.272295,247.6,Dry Winter (Dec-Feb)
2025,2,February,Noakhali,Chittagong,193.34,2642.03,0.073178,95.7,Dry Winter (Dec-Feb)
2025,2,February,Pabna,Rajshahi,1026.1,2634.14,0.389538,507.9,Dry Winter (Dec-Feb)
2025,2,February,Panchagarh,Rangpur,805.86,1548.93,0.520269,398.9,Dry Winter (Dec-Feb)
2025,2,February,Patuakhali,Barisal,226.48,2730.09,0.082955,112.1,Dry Winter (Dec-Feb)
2025,2,February,Pirojpur,Barisal,91.56,1365.69,0.06704,45.3,Dry Winter (Dec-Feb)
2025,2,February,Rajbari,Dhaka,101.6,1249.73,0.081297,50.3,Dry Winter (Dec-Feb)
2025,2,February,Rajshahi,Rajshahi,1030.93,2664.72,0.386881,510.3,Dry Winter (Dec-Feb)
2025,2,February,Rangamati,Chittagong,353.64,6226.79,0.056793,175.0,Dry Winter (Dec-Feb)
2025,2,February,Rangpur,Rangpur,763.89,2572.65,0.296929,378.1,Dry Winter (Dec-Feb)
2025,2,February,Satkhira,Khulna,774.63,3543.74,0.218592,383.4,Dry Winter (Dec-Feb)
2025,2,February,Shariatpur,Dhaka,129.96,1362.06,0.095417,64.3,Dry Winter (Dec-Feb)
2025,2,February,Sherpur,Dhaka,779.5,1455.19,0.535667,385.8,Dry Winter (Dec-Feb)
2025,2,February,Sirajganj,Rajshahi,296.55,2755.65,0.107617,146.8,Dry Winter (Dec-Feb)
2025,2,February,Sunamganj,Sylhet,1182.77,4043.04,0.292544,585.4,Dry Winter (Dec-Feb)
2025,2,February,Sylhet,Sylhet,1777.32,3847.75,0.461911,879.7,Dry Winter (Dec-Feb)
2025,2,February,Tangail,Dhaka,1543.18,3707.07,0.416279,763.8,Dry Winter (Dec-Feb)
2025,2,February,Thakurgaon,Rangpur,650.4,2008.93,0.323755,321.9,Dry Winter (Dec-Feb)
2025,3,March,Bagerhat,Khulna,748.67,3965.62,0.188791,370.6,Pre-Monsoon (Mar-May)
2025,3,March,Bandarban,Chittagong,3452.26,5000.66,0.690362,1708.7,Pre-Monsoon (Mar-May)
2025,3,March,Barguna,Barisal,155.39,1547.28,0.100431,76.9,Pre-Monsoon (Mar-May)
2025,3,March,Barisal,Barisal,450.68,2767.25,0.162861,223.1,Pre-Monsoon (Mar-May)
2025,3,March,Bhola,Barisal,664.87,2471.69,0.268995,329.1,Pre-Monsoon (Mar-May)
2025,3,March,Bogra,Rajshahi,1371.32,3233.63,0.424081,678.7,Pre-Monsoon (Mar-May)
2025,3,March,Brahamanbaria,Chittagong,1227.68,2104.07,0.583477,607.6,Pre-Monsoon (Mar-May)
2025,3,March,Chandpur,Chittagong,271.03,1864.17,0.145392,134.1,Pre-Monsoon (Mar-May)
2025,3,March,Chittagong,Chittagong,2416.07,4736.75,0.51007,1195.8,Pre-Monsoon (Mar-May)
2025,3,March,Chuadanga,Khulna,789.12,1233.0,0.639995,390.6,Pre-Monsoon (Mar-May)
2025,3,March,Comilla,Chittagong,1981.11,3351.85,0.591049,980.5,Pre-Monsoon (Mar-May)
2025,3,March,Cox's Bazar,Chittagong,862.08,2206.6,0.390683,426.7,Pre-Monsoon (Mar-May)
2025,3,March,Dhaka,Dhaka,761.49,1611.18,0.472631,376.9,Pre-Monsoon (Mar-May)
2025,3,March,Dinajpur,Rangpur,2660.67,3829.09,0.694858,1316.9,Pre-Monsoon (Mar-May)
2025,3,March,Faridpur,Dhaka,974.74,2227.54,0.437586,482.4,Pre-Monsoon (Mar-May)
2025,3,March,Feni,Chittagong,517.35,960.78,0.538473,256.1,Pre-Monsoon (Mar-May)
2025,3,March,Gaibandha,Rangpur,302.25,2410.25,0.125404,149.6,Pre-Monsoon (Mar-May)
2025,3,March,Gazipur,Dhaka,1059.15,1940.74,0.545745,524.2,Pre-Monsoon (Mar-May)
2025,3,March,Gopalganj,Dhaka,919.47,1602.77,0.573679,455.1,Pre-Monsoon (Mar-May)
2025,3,March,Habiganj,Sylhet,1936.4,2857.81,0.677582,958.4,Pre-Monsoon (Mar-May)
2025,3,March,Jamalpur,Dhaka,211.75,2272.36,0.093184,104.8,Pre-Monsoon (Mar-May)
2025,3,March,Jessore,Khulna,503.08,2784.67,0.180661,249.0,Pre-Monsoon (Mar-May)
2025,3,March,Jhalokati,Barisal,33.75,807.93,0.041774,16.7,Pre-Monsoon (Mar-May)
2025,3,March,Jhenaidah,Khulna,1225.96,2143.59,0.571918,606.8,Pre-Monsoon (Mar-May)
2025,3,March,Joypurhat,Rajshahi,867.2,1081.54,0.801812,429.2,Pre-Monsoon (Mar-May)
2025,3,March,Khagrachhari,Chittagong,2002.33,3108.48,0.644151,991.0,Pre-Monsoon (Mar-May)
2025,3,March,Khulna,Khulna,650.15,3868.06,0.168082,321.8,Pre-Monsoon (Mar-May)
2025,3,March,Kishoreganj,Dhaka,1621.44,2821.62,0.57465,802.5,Pre-Monsoon (Mar-May)
2025,3,March,Kurigram,Rangpur,501.41,2481.86,0.202029,248.2,Pre-Monsoon (Mar-May)
2025,3,March,Kushtia,Khulna,145.38,1830.28,0.079428,72.0,Pre-Monsoon (Mar-May)
2025,3,March,Lakshmipur,Chittagong,300.19,1573.07,0.190832,148.6,Pre-Monsoon (Mar-May)
2025,3,March,Lalmonirhat,Rangpur,361.21,1381.75,0.261413,178.8,Pre-Monsoon (Mar-May)
2025,3,March,Madaripur,Dhaka,86.59,1257.23,0.068875,42.9,Pre-Monsoon (Mar-May)
2025,3,March,Magura,Khulna,662.09,1143.98,0.578765,327.7,Pre-Monsoon (Mar-May)
2025,3,March,Manikganj,Dhaka,191.53,1531.92,0.125025,94.8,Pre-Monsoon (Mar-May)
2025,3,March,Maulvibazar,Sylhet,1230.4,2819.05,0.436459,609.0,Pre-Monsoon (Mar-May)
2025,3,March,Meherpur,Khulna,404.37,732.79,0.551828,200.1,Pre-Monsoon (Mar-May)
2025,3,March,Munshiganj,Dhaka,99.41,1036.66,0.095896,49.2,Pre-Monsoon (Mar-May)
2025,3,March,Mymensingh,Dhaka,2371.01,4784.19,0.495593,1173.5,Pre-Monsoon (Mar-May)
2025,3,March,Naogaon,Rajshahi,2923.31,3824.58,0.76435,1446.9,Pre-Monsoon (Mar-May)
2025,3,March,Narail,Khulna,53.2,1072.86,0.049588,26.3,Pre-Monsoon (Mar-May)
2025,3,March,Narayanganj,Dhaka,402.7,832.16,0.483924,199.3,Pre-Monsoon (Mar-May)
2025,3,March,Narsingdi,Dhaka,164.88,1281.34,0.128681,81.6,Pre-Monsoon (Mar-May)
2025,3,March,Natore,Rajshahi,1303.15,2101.7,0.620047,645.0,Pre-Monsoon (Mar-May)
2025,3,March,Nawabganj,Rajshahi,660.55,1804.38,0.366082,326.9,Pre-Monsoon (Mar-May)
2025,3,March,Netrakona,Dhaka,1874.75,3089.39,0.606836,927.9,Pre-Monsoon (Mar-May)
2025,3,March,Nilphamari,Rangpur,1128.17,1836.84,0.614188,558.4,Pre-Monsoon (Mar-May)
2025,3,March,Noakhali,Chittagong,185.96,2642.03,0.070385,92.0,Pre-Monsoon (Mar-May)
2025,3,March,Pabna,Rajshahi,1236.54,2634.14,0.469428,612.0,Pre-Monsoon (Mar-May)
2025,3,March,Panchagarh,Rangpur,779.09,1548.93,0.502987,385.6,Pre-Monsoon (Mar-May)
2025,3,March,Patuakhali,Barisal,227.23,2730.09,0.083232,112.5,Pre-Monsoon (Mar-May)
2025,3,March,Pirojpur,Barisal,86.82,1365.69,0.063576,43.0,Pre-Monsoon (Mar-May)
2025,3,March,Rajbari,Dhaka,107.86,1249.73,0.086304,53.4,Pre-Monsoon (Mar-May)
2025,3,March,Rajshahi,Rajshahi,322.29,2664.72,0.120946,159.5,Pre-Monsoon (Mar-May)
2025,3,March,Rangamati,Chittagong,349.41,6226.79,0.056115,172.9,Pre-Monsoon (Mar-May)
2025,3,March,Rangpur,Rangpur,1948.81,2572.65,0.75751,964.6,Pre-Monsoon (Mar-May)
2025,3,March,Satkhira,Khulna,1100.4,3543.74,0.31052,544.6,Pre-Monsoon (Mar-May)
2025,3,March,Shariatpur,Dhaka,141.5,1362.06,0.103885,70.0,Pre-Monsoon (Mar-May)
2025,3,March,Sherpur,Dhaka,892.38,1455.19,0.613238,441.7,Pre-Monsoon (Mar-May)
2025,3,March,Sirajganj,Rajshahi,327.78,2755.65,0.118947,162.2,Pre-Monsoon (Mar-May)
2025,3,March,Sunamganj,Sylhet,2516.71,4043.04,0.622479,1245.6,Pre-Monsoon (Mar-May)
2025,3,March,Sylhet,Sylhet,2219.86,3847.75,0.576924,1098.7,Pre-Monsoon (Mar-May)
2025,3,March,Tangail,Dhaka,1700.19,3707.07,0.458635,841.5,Pre-Monsoon (Mar-May)
2025,3,March,Thakurgaon,Rangpur,1041.73,2008.93,0.518551,515.6,Pre-Monsoon (Mar-May)
2025,4,April,Bagerhat,Khulna,909.59,3965.62,0.229368,450.2,Pre-Monsoon (Mar-May)
2025,4,April,Bandarban,Chittagong,2908.92,5000.66,0.581708,1439.8,Pre-Monsoon (Mar-May)
2025,4,April,Barguna,Barisal,158.96,1547.28,0.102735,78.7,Pre-Monsoon (Mar-May)
2025,4,April,Barisal,Barisal,435.29,2767.25,0.157302,215.4,Pre-Monsoon (Mar-May)
2025,4,April,Bhola,Barisal,683.01,2471.69,0.276333,338.1,Pre-Monsoon (Mar-May)
2025,4,April,Bogra,Rajshahi,1743.81,3233.63,0.539272,863.1,Pre-Monsoon (Mar-May)
2025,4,April,Brahamanbaria,Chittagong,1306.81,2104.07,0.621085,646.8,Pre-Monsoon (Mar-May)
2025,4,April,Chandpur,Chittagong,274.94,1864.17,0.147485,136.1,Pre-Monsoon (Mar-May)
2025,4,April,Chittagong,Chittagong,2090.9,4736.75,0.441421,1034.9,Pre-Monsoon (Mar-May)
2025,4,April,Chuadanga,Khulna,585.99,1233.0,0.475258,290.0,Pre-Monsoon (Mar-May)
2025,4,April,Comilla,Chittagong,1904.36,3351.85,0.568153,942.6,Pre-Monsoon (Mar-May)
2025,4,April,Cox's Bazar,Chittagong,776.16,2206.6,0.351745,384.2,Pre-Monsoon (Mar-May)
2025,4,April,Dhaka,Dhaka,855.59,1611.18,0.531037,423.5,Pre-Monsoon (Mar-May)
2025,4,April,Dinajpur,Rangpur,2509.41,3829.09,0.655356,1242.0,Pre-Monsoon (Mar-May)
2025,4,April,Faridpur,Dhaka,606.63,2227.54,0.272332,300.2,Pre-Monsoon (Mar-May)
2025,4,April,Feni,Chittagong,518.43,960.78,0.539597,256.6,Pre-Monsoon (Mar-May)
2025,4,April,Gaibandha,Rangpur,250.11,2410.25,0.103771,123.8,Pre-Monsoon (Mar-May)
2025,4,April,Gazipur,Dhaka,1074.09,1940.74,0.553444,531.6,Pre-Monsoon (Mar-May)
2025,4,April,Gopalganj,Dhaka,872.95,1602.77,0.544651,432.1,Pre-Monsoon (Mar-May)
2025,4,April,Habiganj,Sylhet,1959.33,2857.81,0.685603,969.8,Pre-Monsoon (Mar-May)
2025,4,April,Jamalpur,Dhaka,1177.72,2272.36,0.51828,582.9,Pre-Monsoon (Mar-May)
2025,4,April,Jessore,Khulna,986.59,2784.67,0.354291,488.3,Pre-Monsoon (Mar-May)
2025,4,April,Jhalokati,Barisal,34.55,807.93,0.042758,17.1,Pre-Monsoon (Mar-May)
2025,4,April,Jhenaidah,Khulna,1189.1,2143.59,0.554721,588.5,Pre-Monsoon (Mar-May)
2025,4,April,Joypurhat,Rajshahi,840.35,1081.54,0.776993,415.9,Pre-Monsoon (Mar-May)
2025,4,April,Khagrachhari,Chittagong,2108.49,3108.48,0.678302,1043.6,Pre-Monsoon (Mar-May)
2025,4,April,Khulna,Khulna,599.82,3868.06,0.155071,296.9,Pre-Monsoon (Mar-May)
2025,4,April,Kishoreganj,Dhaka,1133.66,2821.62,0.401776,561.1,Pre-Monsoon (Mar-May)
2025,4,April,Kurigram,Rangpur,362.37,2481.86,0.146009,179.4,Pre-Monsoon (Mar-May)
2025,4,April,Kushtia,Khulna,148.86,1830.28,0.081332,73.7,Pre-Monsoon (Mar-May)
2025,4,April,Lakshmipur,Chittagong,307.38,1573.07,0.195401,152.1,Pre-Monsoon (Mar-May)
2025,4,April,Lalmonirhat,Rangpur,437.89,1381.75,0.316912,216.7,Pre-Monsoon (Mar-May)
2025,4,April,Madaripur,Dhaka,86.08,1257.23,0.068471,42.6,Pre-Monsoon (Mar-May)
2025,4,April,Magura,Khulna,617.52,1143.98,0.539801,305.6,Pre-Monsoon (Mar-May)
2025,4,April,Manikganj,Dhaka,179.38,1531.92,0.117097,88.8,Pre-Monsoon (Mar-May)
2025,4,April,Maulvibazar,Sylhet,888.83,2819.05,0.315294,439.9,Pre-Monsoon (Mar-May)
2025,4,April,Meherpur,Khulna,410.45,732.79,0.560125,203.2,Pre-Monsoon (Mar-May)
2025,4,April,Munshiganj,Dhaka,103.71,1036.66,0.100039,51.3,Pre-Monsoon (Mar-May)
2025,4,April,Mymensingh,Dhaka,2566.13,4784.19,0.536377,1270.1,Pre-Monsoon (Mar-May)
2025,4,April,Naogaon,Rajshahi,2954.88,3824.58,0.772604,1462.5,Pre-Monsoon (Mar-May)
2025,4,April,Narail,Khulna,38.45,1072.86,0.035843,19.0,Pre-Monsoon (Mar-May)
2025,4,April,Narayanganj,Dhaka,415.79,832.16,0.499648,205.8,Pre-Monsoon (Mar-May)
2025,4,April,Narsingdi,Dhaka,426.27,1281.34,0.332675,211.0,Pre-Monsoon (Mar-May)
2025,4,April,Natore,Rajshahi,1215.26,2101.7,0.578229,601.5,Pre-Monsoon (Mar-May)
2025,4,April,Nawabganj,Rajshahi,897.63,1804.38,0.497473,444.3,Pre-Monsoon (Mar-May)
2025,4,April,Netrakona,Dhaka,1717.29,3089.39,0.555865,850.0,Pre-Monsoon (Mar-May)
2025,4,April,Nilphamari,Rangpur,914.42,1836.84,0.497825,452.6,Pre-Monsoon (Mar-May)
2025,4,April,Noakhali,Chittagong,192.91,2642.03,0.073015,95.5,Pre-Monsoon (Mar-May)
2025,4,April,Pabna,Rajshahi,1208.27,2634.14,0.458695,598.0,Pre-Monsoon (Mar-May)
2025,4,April,Panchagarh,Rangpur,468.72,1548.93,0.302607,232.0,Pre-Monsoon (Mar-May)
2025,4,April,Patuakhali,Barisal,249.48,2730.09,0.091382,123.5,Pre-Monsoon (Mar-May)
2025,4,April,Pirojpur,Barisal,93.06,1365.69,0.06814,46.1,Pre-Monsoon (Mar-May)
2025,4,April,Rajbari,Dhaka,112.97,1249.73,0.090396,55.9,Pre-Monsoon (Mar-May)
2025,4,April,Rajshahi,Rajshahi,1098.45,2664.72,0.412222,543.7,Pre-Monsoon (Mar-May)
2025,4,April,Rangamati,Chittagong,348.11,6226.79,0.055906,172.3,Pre-Monsoon (Mar-May)
2025,4,April,Rangpur,Rangpur,1890.44,2572.65,0.734824,935.7,Pre-Monsoon (Mar-May)
2025,4,April,Satkhira,Khulna,951.34,3543.74,0.268458,470.9,Pre-Monsoon (Mar-May)
2025,4,April,Shariatpur,Dhaka,135.32,1362.06,0.099352,67.0,Pre-Monsoon (Mar-May)
2025,4,April,Sherpur,Dhaka,1033.52,1455.19,0.710227,511.5,Pre-Monsoon (Mar-May)
2025,4,April,Sirajganj,Rajshahi,287.01,2755.65,0.104154,142.1,Pre-Monsoon (Mar-May)
2025,4,April,Sunamganj,Sylhet,873.59,4043.04,0.216072,432.4,Pre-Monsoon (Mar-May)
2025,4,April,Sylhet,Sylhet,689.47,3847.75,0.179189,341.2,Pre-Monsoon (Mar-May)
2025,4,April,Tangail,Dhaka,1849.66,3707.07,0.498955,915.5,Pre-Monsoon (Mar-May)
2025,4,April,Thakurgaon,Rangpur,680.22,2008.93,0.338596,336.7,Pre-Monsoon (Mar-May)
2025,5,May,Bagerhat,Khulna,1083.62,3965.62,0.273254,536.3,Pre-Monsoon (Mar-May)
2025,5,May,Bandarban,Chittagong,2854.9,5000.66,0.570905,1413.0,Pre-Monsoon (Mar-May)
2025,5,May,Barguna,Barisal,162.0,1547.28,0.1047,80.2,Pre-Monsoon (Mar-May)
2025,5,May,Barisal,Barisal,478.11,2767.25,0.172775,236.6,Pre-Monsoon (Mar-May)
2025,5,May,Bhola,Barisal,674.48,2471.69,0.27288,333.8,Pre-Monsoon (Mar-May)
2025,5,May,Bogra,Rajshahi,188.26,3233.63,0.058218,93.2,Pre-Monsoon (Mar-May)
2025,5,May,Brahamanbaria,Chittagong,123.36,2104.07,0.058628,61.1,Pre-Monsoon (Mar-May)
2025,5,May,Chandpur,Chittagong,284.56,1864.17,0.152646,140.8,Pre-Monsoon (Mar-May)
2025,5,May,Chittagong,Chittagong,1600.21,4736.75,0.337828,792.0,Pre-Monsoon (Mar-May)
2025,5,May,Chuadanga,Khulna,865.73,1233.0,0.702129,428.5,Pre-Monsoon (Mar-May)
2025,5,May,Comilla,Chittagong,1468.18,3351.85,0.43802,726.7,Pre-Monsoon (Mar-May)
2025,5,May,Cox's Bazar,Chittagong,455.64,2206.6,0.206489,225.5,Pre-Monsoon (Mar-May)
2025,5,May,Dhaka,Dhaka,811.44,1611.18,0.503635,401.6,Pre-Monsoon (Mar-May)
2025,5,May,Dinajpur,Rangpur,2361.21,3829.09,0.616651,1168.7,Pre-Monsoon (Mar-May)
2025,5,May,Faridpur,Dhaka,117.53,2227.54,0.052761,58.2,Pre-Monsoon (Mar-May)
2025,5,May,Feni,Chittagong,442.26,960.78,0.460311,218.9,Pre-Monsoon (Mar-May)
2025,5,May,Gaibandha,Rangpur,286.86,2410.25,0.119018,142.0,Pre-Monsoon (Mar-May)
2025,5,May,Gazipur,Dhaka,883.0,1940.74,0.454984,437.0,Pre-Monsoon (Mar-May)
2025,5,May,Gopalganj,Dhaka,662.59,1602.77,0.413403,327.9,Pre-Monsoon (Mar-May)
2025,5,May,Habiganj,Sylhet,576.34,2857.81,0.201672,285.3,Pre-Monsoon (Mar-May)
2025,5,May,Jamalpur,Dhaka,132.18,2272.36,0.058171,65.4,Pre-Monsoon (Mar-May)
2025,5,May,Jessore,Khulna,743.12,2784.67,0.266862,367.8,Pre-Monsoon (Mar-May)
2025,5,May,Jhalokati,Barisal,38.53,807.93,0.047689,19.1,Pre-Monsoon (Mar-May)
2025,5,May,Jhenaidah,Khulna,1256.71,2143.59,0.586262,622.0,Pre-Monsoon (Mar-May)
2025,5,May,Joypurhat,Rajshahi,913.42,1081.54,0.844548,452.1,Pre-Monsoon (Mar-May)
2025,5,May,Khagrachhari,Chittagong,1689.19,3108.48,0.543414,836.1,Pre-Monsoon (Mar-May)
2025,5,May,Khulna,Khulna,758.16,3868.06,0.196004,375.2,Pre-Monsoon (Mar-May)
2025,5,May,Kishoreganj,Dhaka,229.56,2821.62,0.081358,113.6,Pre-Monsoon (Mar-May)
2025,5,May,Kurigram,Rangpur,407.99,2481.86,0.164389,201.9,Pre-Monsoon (Mar-May)
2025,5,May,Kushtia,Khulna,121.96,1830.28,0.066634,60.4,Pre-Monsoon (Mar-May)
2025,5,May,Lakshmipur,Chittagong,301.72,1573.07,0.191805,149.3,Pre-Monsoon (Mar-May)
2025,5,May,Lalmonirhat,Rangpur,138.74,1381.75,0.100405,68.7,Pre-Monsoon (Mar-May)
2025,5,May,Madaripur,Dhaka,92.56,1257.23,0.073621,45.8,Pre-Monsoon (Mar-May)
2025,5,May,Magura,Khulna,468.9,1143.98,0.409887,232.1,Pre-Monsoon (Mar-May)
2025,5,May,Manikganj,Dhaka,195.84,1531.92,0.127839,96.9,Pre-Monsoon (Mar-May)
2025,5,May,Maulvibazar,Sylhet,271.88,2819.05,0.096443,134.6,Pre-Monsoon (Mar-May)
2025,5,May,Meherpur,Khulna,528.0,732.79,0.720533,261.3,Pre-Monsoon (Mar-May)
2025,5,May,Munshiganj,Dhaka,105.59,1036.66,0.101856,52.3,Pre-Monsoon (Mar-May)
2025,5,May,Mymensingh,Dhaka,2071.94,4784.19,0.43308,1025.5,Pre-Monsoon (Mar-May)
2025,5,May,Naogaon,Rajshahi,2496.66,3824.58,0.652793,1235.7,Pre-Monsoon (Mar-May)
2025,5,May,Narail,Khulna,66.39,1072.86,0.061885,32.9,Pre-Monsoon (Mar-May)
2025,5,May,Narayanganj,Dhaka,69.38,832.16,0.083371,34.3,Pre-Monsoon (Mar-May)
2025,5,May,Narsingdi,Dhaka,68.5,1281.34,0.053461,33.9,Pre-Monsoon (Mar-May)
2025,5,May,Natore,Rajshahi,1305.8,2101.7,0.621309,646.3,Pre-Monsoon (Mar-May)
2025,5,May,Nawabganj,Rajshahi,339.04,1804.38,0.187897,167.8,Pre-Monsoon (Mar-May)
2025,5,May,Netrakona,Dhaka,460.9,3089.39,0.149189,228.1,Pre-Monsoon (Mar-May)
2025,5,May,Nilphamari,Rangpur,1014.72,1836.84,0.55243,502.2,Pre-Monsoon (Mar-May)
2025,5,May,Noakhali,Chittagong,193.48,2642.03,0.073233,95.8,Pre-Monsoon (Mar-May)
2025,5,May,Pabna,Rajshahi,256.3,2634.14,0.0973,126.9,Pre-Monsoon (Mar-May)
2025,5,May,Panchagarh,Rangpur,813.01,1548.93,0.524884,402.4,Pre-Monsoon (Mar-May)
2025,5,May,Patuakhali,Barisal,255.73,2730.09,0.093673,126.6,Pre-Monsoon (Mar-May)
2025,5,May,Pirojpur,Barisal,101.5,1365.69,0.074318,50.2,Pre-Monsoon (Mar-May)
2025,5,May,Rajbari,Dhaka,131.34,1249.73,0.105094,65.0,Pre-Monsoon (Mar-May)
2025,5,May,Rajshahi,Rajshahi,480.61,2664.72,0.180363,237.9,Pre-Monsoon (Mar-May)
2025,5,May,Rangamati,Chittagong,362.76,6226.79,0.058258,179.5,Pre-Monsoon (Mar-May)
2025,5,May,Rangpur,Rangpur,1610.07,2572.65,0.625841,796.9,Pre-Monsoon (Mar-May)
2025,5,May,Satkhira,Khulna,1039.65,3543.74,0.293377,514.6,Pre-Monsoon (Mar-May)
2025,5,May,Shariatpur,Dhaka,148.89,1362.06,0.109314,73.7,Pre-Monsoon (Mar-May)
2025,5,May,Sherpur,Dhaka,886.52,1455.19,0.609214,438.8,Pre-Monsoon (Mar-May)
2025,5,May,Sirajganj,Rajshahi,338.14,2755.65,0.122709,167.4,Pre-Monsoon (Mar-May)
2025,5,May,Sunamganj,Sylhet,589.58,4043.04,0.145826,291.8,Pre-Monsoon (Mar-May)
2025,5,May,Sylhet,Sylhet,643.62,3847.75,0.167271,318.6,Pre-Monsoon (Mar-May)
2025,5,May,Tangail,Dhaka,1109.61,3707.07,0.299323,549.2,Pre-Monsoon (Mar-May)
2025,5,May,Thakurgaon,Rangpur,881.57,2008.93,0.438823,436.3,Pre-Monsoon (Mar-May)
2025,6,June,Bagerhat,Khulna,1394.87,3965.62,0.35174,690.4,Monsoon (Jun-Sep)
2025,6,June,Bandarban,Chittagong,2782.63,5000.66,0.556453,1377.2,Monsoon (Jun-Sep)
2025,6,June,Barguna,Barisal,281.4,1547.28,0.181871,139.3,Monsoon (Jun-Sep)
2025,6,June,Barisal,Barisal,525.43,2767.25,0.189876,260.1,Monsoon (Jun-Sep)
2025,6,June,Bhola,Barisal,721.1,2471.69,0.291745,356.9,Monsoon (Jun-Sep)
2025,6,June,Bogra,Rajshahi,233.86,3233.63,0.072323,115.7,Monsoon (Jun-Sep)
2025,6,June,Brahamanbaria,Chittagong,465.66,2104.07,0.221315,230.5,Monsoon (Jun-Sep)
2025,6,June,Chandpur,Chittagong,343.42,1864.17,0.184223,170.0,Monsoon (Jun-Sep)
2025,6,June,Chittagong,Chittagong,1942.95,4736.75,0.410186,961.7,Monsoon (Jun-Sep)
2025,6,June,Chuadanga,Khulna,523.11,1233.0,0.424256,258.9,Monsoon (Jun-Sep)
2025,6,June,Comilla,Chittagong,996.18,3351.85,0.297203,493.1,Monsoon (Jun-Sep)
2025,6,June,Cox's Bazar,Chittagong,429.53,2206.6,0.194659,212.6,Monsoon (Jun-Sep)
2025,6,June,Dhaka,Dhaka,445.91,1611.18,0.27676,220.7,Monsoon (Jun-Sep)
2025,6,June,Dinajpur,Rangpur,2375.61,3829.09,0.620411,1175.8,Monsoon (Jun-Sep)
2025,6,June,Faridpur,Dhaka,136.77,2227.54,0.061399,67.7,Monsoon (Jun-Sep)
2025,6,June,Feni,Chittagong,397.1,960.78,0.413313,196.5,Monsoon (Jun-Sep)
2025,6,June,Gaibandha,Rangpur,378.57,2410.25,0.157068,187.4,Monsoon (Jun-Sep)
2025,6,June,Gazipur,Dhaka,316.69,1940.74,0.163182,156.7,Monsoon (Jun-Sep)
2025,6,June,Gopalganj,Dhaka,523.23,1602.77,0.326453,259.0,Monsoon (Jun-Sep)
2025,6,June,Habiganj,Sylhet,811.21,2857.81,0.283857,401.5,Monsoon (Jun-Sep)
2025,6,June,Jamalpur,Dhaka,192.56,2272.36,0.08474,95.3,Monsoon (Jun-Sep)
2025,6,June,Jessore,Khulna,289.16,2784.67,0.10384,143.1,Monsoon (Jun-Sep)
2025,6,June,Jhalokati,Barisal,83.87,807.93,0.103805,41.5,Monsoon (Jun-Sep)
2025,6,June,Jhenaidah,Khulna,745.47,2143.59,0.347768,369.0,Monsoon (Jun-Sep)
2025,6,June,Joypurhat,Rajshahi,675.96,1081.54,0.624996,334.6,Monsoon (Jun-Sep)
2025,6,June,Khagrachhari,Chittagong,1616.86,3108.48,0.520146,800.3,Monsoon (Jun-Sep)
2025,6,June,Khulna,Khulna,995.57,3868.06,0.257383,492.8,Monsoon (Jun-Sep)
2025,6,June,Kishoreganj,Dhaka,1275.93,2821.62,0.452199,631.5,Monsoon (Jun-Sep)
2025,6,June,Kurigram,Rangpur,532.96,2481.86,0.214742,263.8,Monsoon (Jun-Sep)
2025,6,June,Kushtia,Khulna,117.77,1830.28,0.064347,58.3,Monsoon (Jun-Sep)
2025,6,June,Lakshmipur,Chittagong,324.68,1573.07,0.206401,160.7,Monsoon (Jun-Sep)
2025,6,June,Lalmonirhat,Rangpur,83.88,1381.75,0.060704,41.5,Monsoon (Jun-Sep)
2025,6,June,Madaripur,Dhaka,169.84,1257.23,0.135093,84.1,Monsoon (Jun-Sep)
2025,6,June,Magura,Khulna,113.66,1143.98,0.099355,56.3,Monsoon (Jun-Sep)
2025,6,June,Manikganj,Dhaka,221.85,1531.92,0.14482,109.8,Monsoon (Jun-Sep)
2025,6,June,Maulvibazar,Sylhet,522.02,2819.05,0.185174,258.4,Monsoon (Jun-Sep)
2025,6,June,Meherpur,Khulna,331.52,732.79,0.452413,164.1,Monsoon (Jun-Sep)
2025,6,June,Munshiganj,Dhaka,149.89,1036.66,0.144591,74.2,Monsoon (Jun-Sep)
2025,6,June,Mymensingh,Dhaka,1594.69,4784.19,0.333325,789.3,Monsoon (Jun-Sep)
2025,6,June,Naogaon,Rajshahi,895.04,3824.58,0.234023,443.0,Monsoon (Jun-Sep)
2025,6,June,Narail,Khulna,174.1,1072.86,0.162279,86.2,Monsoon (Jun-Sep)
2025,6,June,Narayanganj,Dhaka,66.56,832.16,0.079986,32.9,Monsoon (Jun-Sep)
2025,6,June,Narsingdi,Dhaka,134.39,1281.34,0.104882,66.5,Monsoon (Jun-Sep)
2025,6,June,Natore,Rajshahi,240.98,2101.7,0.114662,119.3,Monsoon (Jun-Sep)
2025,6,June,Nawabganj,Rajshahi,148.87,1804.38,0.082502,73.7,Monsoon (Jun-Sep)
2025,6,June,Netrakona,Dhaka,1164.14,3089.39,0.376818,576.2,Monsoon (Jun-Sep)
2025,6,June,Nilphamari,Rangpur,476.2,1836.84,0.259252,235.7,Monsoon (Jun-Sep)
2025,6,June,Noakhali,Chittagong,364.6,2642.03,0.137999,180.5,Monsoon (Jun-Sep)
2025,6,June,Pabna,Rajshahi,192.23,2634.14,0.072978,95.1,Monsoon (Jun-Sep)
2025,6,June,Panchagarh,Rangpur,821.74,1548.93,0.53052,406.7,Monsoon (Jun-Sep)
2025,6,June,Patuakhali,Barisal,440.89,2730.09,0.161494,218.2,Monsoon (Jun-Sep)
2025,6,June,Pirojpur,Barisal,242.99,1365.69,0.177926,120.3,Monsoon (Jun-Sep)
2025,6,June,Rajbari,Dhaka,127.56,1249.73,0.10207,63.1,Monsoon (Jun-Sep)
2025,6,June,Rajshahi,Rajshahi,233.04,2664.72,0.087455,115.3,Monsoon (Jun-Sep)
2025,6,June,Rangamati,Chittagong,618.4,6226.79,0.099313,306.1,Monsoon (Jun-Sep)
2025,6,June,Rangpur,Rangpur,1310.08,2572.65,0.509232,648.4,Monsoon (Jun-Sep)
2025,6,June,Satkhira,Khulna,1144.97,3543.74,0.323098,566.7,Monsoon (Jun-Sep)
2025,6,June,Shariatpur,Dhaka,174.36,1362.06,0.128014,86.3,Monsoon (Jun-Sep)
2025,6,June,Sherpur,Dhaka,387.21,1455.19,0.266085,191.6,Monsoon (Jun-Sep)
2025,6,June,Sirajganj,Rajshahi,461.38,2755.65,0.16743,228.4,Monsoon (Jun-Sep)
2025,6,June,Sunamganj,Sylhet,2545.31,4043.04,0.629554,1259.8,Monsoon (Jun-Sep)
2025,6,June,Sylhet,Sylhet,1276.86,3847.75,0.331846,632.0,Monsoon (Jun-Sep)
2025,6,June,Tangail,Dhaka,275.87,3707.07,0.074417,136.5,Monsoon (Jun-Sep)
2025,6,June,Thakurgaon,Rangpur,1237.7,2008.93,0.616098,612.6,Monsoon (Jun-Sep)
2025,7,July,Bagerhat,Khulna,1406.42,3965.62,0.354654,696.1,Monsoon (Jun-Sep)
2025,7,July,Bandarban,Chittagong,2642.19,5000.66,0.528369,1307.7,Monsoon (Jun-Sep)
2025,7,July,Barguna,Barisal,221.57,1547.28,0.143201,109.7,Monsoon (Jun-Sep)
2025,7,July,Barisal,Barisal,744.38,2767.25,0.268996,368.4,Monsoon (Jun-Sep)
2025,7,July,Bhola,Barisal,722.4,2471.69,0.292269,357.5,Monsoon (Jun-Sep)
2025,7,July,Bogra,Rajshahi,504.37,3233.63,0.155976,249.6,Monsoon (Jun-Sep)
2025,7,July,Brahamanbaria,Chittagong,356.02,2104.07,0.169206,176.2,Monsoon (Jun-Sep)
2025,7,July,Chandpur,Chittagong,338.6,1864.17,0.181635,167.6,Monsoon (Jun-Sep)
2025,7,July,Chittagong,Chittagong,1624.5,4736.75,0.342958,804.0,Monsoon (Jun-Sep)
2025,7,July,Chuadanga,Khulna,554.11,1233.0,0.4494,274.3,Monsoon (Jun-Sep)
2025,7,July,Comilla,Chittagong,572.96,3351.85,0.170938,283.6,Monsoon (Jun-Sep)
2025,7,July,Cox's Bazar,Chittagong,425.29,2206.6,0.192737,210.5,Monsoon (Jun-Sep)
2025,7,July,Dhaka,Dhaka,110.79,1611.18,0.068763,54.8,Monsoon (Jun-Sep)
2025,7,July,Dinajpur,Rangpur,858.51,3829.09,0.224206,424.9,Monsoon (Jun-Sep)
2025,7,July,Faridpur,Dhaka,175.18,2227.54,0.078642,86.7,Monsoon (Jun-Sep)
2025,7,July,Feni,Chittagong,380.08,960.78,0.395596,188.1,Monsoon (Jun-Sep)
2025,7,July,Gaibandha,Rangpur,296.19,2410.25,0.122889,146.6,Monsoon (Jun-Sep)
2025,7,July,Gazipur,Dhaka,151.45,1940.74,0.078037,75.0,Monsoon (Jun-Sep)
2025,7,July,Gopalganj,Dhaka,544.48,1602.77,0.33971,269.5,Monsoon (Jun-Sep)
2025,7,July,Habiganj,Sylhet,589.35,2857.81,0.206225,291.7,Monsoon (Jun-Sep)
2025,7,July,Jamalpur,Dhaka,131.12,2272.36,0.0577,64.9,Monsoon (Jun-Sep)
2025,7,July,Jessore,Khulna,792.33,2784.67,0.284532,392.2,Monsoon (Jun-Sep)
2025,7,July,Jhalokati,Barisal,182.86,807.93,0.226335,90.5,Monsoon (Jun-Sep)
2025,7,July,Jhenaidah,Khulna,580.84,2143.59,0.270966,287.5,Monsoon (Jun-Sep)
2025,7,July,Joypurhat,Rajshahi,270.5,1081.54,0.250101,133.9,Monsoon (Jun-Sep)
2025,7,July,Khagrachhari,Chittagong,1708.05,3108.48,0.549482,845.4,Monsoon (Jun-Sep)
2025,7,July,Khulna,Khulna,1554.99,3868.06,0.402009,769.6,Monsoon (Jun-Sep)
2025,7,July,Kishoreganj,Dhaka,1049.8,2821.62,0.372058,519.6,Monsoon (Jun-Sep)
2025,7,July,Kurigram,Rangpur,409.39,2481.86,0.164954,202.6,Monsoon (Jun-Sep)
2025,7,July,Kushtia,Khulna,148.56,1830.28,0.081165,73.5,Monsoon (Jun-Sep)
2025,7,July,Lakshmipur,Chittagong,348.91,1573.07,0.2218,172.7,Monsoon (Jun-Sep)
2025,7,July,Lalmonirhat,Rangpur,230.72,1381.75,0.166976,114.2,Monsoon (Jun-Sep)
2025,7,July,Madaripur,Dhaka,134.2,1257.23,0.106745,66.4,Monsoon (Jun-Sep)
2025,7,July,Magura,Khulna,293.73,1143.98,0.25676,145.4,Monsoon (Jun-Sep)
2025,7,July,Manikganj,Dhaka,229.98,1531.92,0.150128,113.8,Monsoon (Jun-Sep)
2025,7,July,Maulvibazar,Sylhet,643.73,2819.05,0.22835,318.6,Monsoon (Jun-Sep)
2025,7,July,Meherpur,Khulna,357.25,732.79,0.487526,176.8,Monsoon (Jun-Sep)
2025,7,July,Munshiganj,Dhaka,138.17,1036.66,0.133282,68.4,Monsoon (Jun-Sep)
2025,7,July,Mymensingh,Dhaka,1305.62,4784.19,0.272904,646.2,Monsoon (Jun-Sep)
2025,7,July,Naogaon,Rajshahi,947.53,3824.58,0.247747,469.0,Monsoon (Jun-Sep)
2025,7,July,Narail,Khulna,254.78,1072.86,0.237476,126.1,Monsoon (Jun-Sep)
2025,7,July,Narayanganj,Dhaka,63.87,832.16,0.076751,31.6,Monsoon (Jun-Sep)
2025,7,July,Narsingdi,Dhaka,123.28,1281.34,0.096215,61.0,Monsoon (Jun-Sep)
2025,7,July,Natore,Rajshahi,198.41,2101.7,0.094406,98.2,Monsoon (Jun-Sep)
2025,7,July,Nawabganj,Rajshahi,275.37,1804.38,0.152612,136.3,Monsoon (Jun-Sep)
2025,7,July,Netrakona,Dhaka,695.49,3089.39,0.225122,344.2,Monsoon (Jun-Sep)
2025,7,July,Nilphamari,Rangpur,489.4,1836.84,0.266439,242.2,Monsoon (Jun-Sep)
2025,7,July,Noakhali,Chittagong,461.34,2642.03,0.174618,228.3,Monsoon (Jun-Sep)
2025,7,July,Pabna,Rajshahi,290.39,2634.14,0.11024,143.7,Monsoon (Jun-Sep)
2025,7,July,Panchagarh,Rangpur,466.37,1548.93,0.301089,230.8,Monsoon (Jun-Sep)
2025,7,July,Patuakhali,Barisal,555.51,2730.09,0.203477,274.9,Monsoon (Jun-Sep)
2025,7,July,Pirojpur,Barisal,316.1,1365.69,0.231458,156.5,Monsoon (Jun-Sep)
2025,7,July,Rajbari,Dhaka,145.91,1249.73,0.11675,72.2,Monsoon (Jun-Sep)
2025,7,July,Rajshahi,Rajshahi,543.53,2664.72,0.203972,269.0,Monsoon (Jun-Sep)
2025,7,July,Rangamati,Chittagong,467.95,6226.79,0.075151,231.6,Monsoon (Jun-Sep)
2025,7,July,Rangpur,Rangpur,1116.21,2572.65,0.433876,552.5,Monsoon (Jun-Sep)
2025,7,July,Satkhira,Khulna,1525.66,3543.74,0.430522,755.1,Monsoon (Jun-Sep)
2025,7,July,Shariatpur,Dhaka,203.66,1362.06,0.149522,100.8,Monsoon (Jun-Sep)
2025,7,July,Sherpur,Dhaka,209.49,1455.19,0.143963,103.7,Monsoon (Jun-Sep)
2025,7,July,Sirajganj,Rajshahi,465.05,2755.65,0.168762,230.2,Monsoon (Jun-Sep)
2025,7,July,Sunamganj,Sylhet,2033.21,4043.04,0.502891,1006.3,Monsoon (Jun-Sep)
2025,7,July,Sylhet,Sylhet,753.24,3847.75,0.195762,372.8,Monsoon (Jun-Sep)
2025,7,July,Tangail,Dhaka,211.7,3707.07,0.057107,104.8,Monsoon (Jun-Sep)
2025,7,July,Thakurgaon,Rangpur,480.96,2008.93,0.239411,238.0,Monsoon (Jun-Sep)
2025,8,August,Bagerhat,Khulna,1414.8,3965.62,0.356767,700.2,Monsoon (Jun-Sep)
2025,8,August,Bandarban,Chittagong,2522.1,5000.66,0.504354,1248.3,Monsoon (Jun-Sep)
2025,8,August,Barguna,Barisal,274.52,1547.28,0.177421,135.9,Monsoon (Jun-Sep)
2025,8,August,Barisal,Barisal,579.56,2767.25,0.209434,286.9,Monsoon (Jun-Sep)
2025,8,August,Bhola,Barisal,736.28,2471.69,0.297886,364.4,Monsoon (Jun-Sep)
2025,8,August,Bogra,Rajshahi,717.45,3233.63,0.221871,355.1,Monsoon (Jun-Sep)
2025,8,August,Brahamanbaria,Chittagong,428.51,2104.07,0.203658,212.1,Monsoon (Jun-Sep)
2025,8,August,Chandpur,Chittagong,330.89,1864.17,0.177499,163.8,Monsoon (Jun-Sep)
2025,8,August,Chittagong,Chittagong,1810.63,4736.75,0.382253,896.2,Monsoon (Jun-Sep)
2025,8,August,Chuadanga,Khulna,578.1,1233.0,0.468855,286.1,Monsoon (Jun-Sep)
2025,8,August,Comilla,Chittagong,463.89,3351.85,0.138399,229.6,Monsoon (Jun-Sep)
2025,8,August,Cox's Bazar,Chittagong,456.1,2206.6,0.206696,225.7,Monsoon (Jun-Sep)
2025,8,August,Dhaka,Dhaka,111.84,1611.18,0.069413,55.4,Monsoon (Jun-Sep)
2025,8,August,Dinajpur,Rangpur,2273.44,3829.09,0.593728,1125.2,Monsoon (Jun-Sep)
2025,8,August,Faridpur,Dhaka,306.79,2227.54,0.137726,151.8,Monsoon (Jun-Sep)
2025,8,August,Feni,Chittagong,302.64,960.78,0.314996,149.8,Monsoon (Jun-Sep)
2025,8,August,Gaibandha,Rangpur,335.72,2410.25,0.139289,166.2,Monsoon (Jun-Sep)
2025,8,August,Gazipur,Dhaka,231.52,1940.74,0.119296,114.6,Monsoon (Jun-Sep)
2025,8,August,Gopalganj,Dhaka,420.04,1602.77,0.262072,207.9,Monsoon (Jun-Sep)
2025,8,August,Habiganj,Sylhet,504.82,2857.81,0.176645,249.9,Monsoon (Jun-Sep)
2025,8,August,Jamalpur,Dhaka,157.17,2272.36,0.069167,77.8,Monsoon (Jun-Sep)
2025,8,August,Jessore,Khulna,579.86,2784.67,0.208234,287.0,Monsoon (Jun-Sep)
2025,8,August,Jhalokati,Barisal,174.59,807.93,0.2161,86.4,Monsoon (Jun-Sep)
2025,8,August,Jhenaidah,Khulna,891.84,2143.59,0.416051,441.4,Monsoon (Jun-Sep)
2025,8,August,Joypurhat,Rajshahi,763.91,1081.54,0.706316,378.1,Monsoon (Jun-Sep)
2025,8,August,Khagrachhari,Chittagong,1375.73,3108.48,0.442575,680.9,Monsoon (Jun-Sep)
2025,8,August,Khulna,Khulna,1670.1,3868.06,0.431766,826.6,Monsoon (Jun-Sep)
2025,8,August,Kishoreganj,Dhaka,1098.89,2821.62,0.389454,543.9,Monsoon (Jun-Sep)
2025,8,August,Kurigram,Rangpur,462.7,2481.86,0.186432,229.0,Monsoon (Jun-Sep)
2025,8,August,Kushtia,Khulna,197.22,1830.28,0.107754,97.6,Monsoon (Jun-Sep)
2025,8,August,Lakshmipur,Chittagong,351.04,1573.07,0.223158,173.7,Monsoon (Jun-Sep)
2025,8,August,Lalmonirhat,Rangpur,560.43,1381.75,0.405594,277.4,Monsoon (Jun-Sep)
2025,8,August,Madaripur,Dhaka,140.53,1257.23,0.11178,69.6,Monsoon (Jun-Sep)
2025,8,August,Magura,Khulna,214.87,1143.98,0.18783,106.3,Monsoon (Jun-Sep)
2025,8,August,Manikganj,Dhaka,258.13,1531.92,0.168499,127.8,Monsoon (Jun-Sep)
2025,8,August,Maulvibazar,Sylhet,434.89,2819.05,0.154266,215.2,Monsoon (Jun-Sep)
2025,8,August,Meherpur,Khulna,404.92,732.79,0.552572,200.4,Monsoon (Jun-Sep)
2025,8,August,Munshiganj,Dhaka,135.55,1036.66,0.130759,67.1,Monsoon (Jun-Sep)
2025,8,August,Mymensingh,Dhaka,1876.11,4784.19,0.392149,928.6,Monsoon (Jun-Sep)
2025,8,August,Naogaon,Rajshahi,639.49,3824.58,0.167205,316.5,Monsoon (Jun-Sep)
2025,8,August,Narail,Khulna,159.53,1072.86,0.148697,79.0,Monsoon (Jun-Sep)
2025,8,August,Narayanganj,Dhaka,65.82,832.16,0.079094,32.6,Monsoon (Jun-Sep)
2025,8,August,Narsingdi,Dhaka,150.98,1281.34,0.11783,74.7,Monsoon (Jun-Sep)
2025,8,August,Natore,Rajshahi,430.12,2101.7,0.204654,212.9,Monsoon (Jun-Sep)
2025,8,August,Nawabganj,Rajshahi,266.09,1804.38,0.147469,131.7,Monsoon (Jun-Sep)
2025,8,August,Netrakona,Dhaka,791.97,3089.39,0.256351,392.0,Monsoon (Jun-Sep)
2025,8,August,Nilphamari,Rangpur,1029.8,1836.84,0.56064,509.7,Monsoon (Jun-Sep)
2025,8,August,Noakhali,Chittagong,387.07,2642.03,0.146503,191.6,Monsoon (Jun-Sep)
2025,8,August,Pabna,Rajshahi,405.82,2634.14,0.154063,200.9,Monsoon (Jun-Sep)
2025,8,August,Panchagarh,Rangpur,880.98,1548.93,0.568764,436.0,Monsoon (Jun-Sep)
2025,8,August,Patuakhali,Barisal,544.79,2730.09,0.199551,269.6,Monsoon (Jun-Sep)
2025,8,August,Pirojpur,Barisal,338.91,1365.69,0.248162,167.7,Monsoon (Jun-Sep)
2025,8,August,Rajbari,Dhaka,230.87,1249.73,0.184739,114.3,Monsoon (Jun-Sep)
2025,8,August,Rajshahi,Rajshahi,337.32,2664.72,0.126587,167.0,Monsoon (Jun-Sep)
2025,8,August,Rangamati,Chittagong,537.56,6226.79,0.08633,266.1,Monsoon (Jun-Sep)
2025,8,August,Rangpur,Rangpur,1528.54,2572.65,0.59415,756.5,Monsoon (Jun-Sep)
2025,8,August,Satkhira,Khulna,1585.25,3543.74,0.447339,784.6,Monsoon (Jun-Sep)
2025,8,August,Shariatpur,Dhaka,186.34,1362.06,0.136809,92.2,Monsoon (Jun-Sep)
2025,8,August,Sherpur,Dhaka,516.89,1455.19,0.355206,255.8,Monsoon (Jun-Sep)
2025,8,August,Sirajganj,Rajshahi,599.51,2755.65,0.217557,296.7,Monsoon (Jun-Sep)
2025,8,August,Sunamganj,Sylhet,2114.33,4043.04,0.522954,1046.5,Monsoon (Jun-Sep)
2025,8,August,Sylhet,Sylhet,788.21,3847.75,0.204851,390.1,Monsoon (Jun-Sep)
2025,8,August,Tangail,Dhaka,262.19,3707.07,0.070727,129.8,Monsoon (Jun-Sep)
2025,8,August,Thakurgaon,Rangpur,1331.23,2008.93,0.662655,658.9,Monsoon (Jun-Sep)
2025,9,September,Bagerhat,Khulna,1467.26,3965.62,0.369994,726.2,Monsoon (Jun-Sep)
2025,9,September,Bandarban,Chittagong,2870.76,5000.66,0.574076,1420.9,Monsoon (Jun-Sep)
2025,9,September,Barguna,Barisal,280.57,1547.28,0.181334,138.9,Monsoon (Jun-Sep)
2025,9,September,Barisal,Barisal,770.78,2767.25,0.278534,381.5,Monsoon (Jun-Sep)
2025,9,September,Bhola,Barisal,758.4,2471.69,0.306833,375.4,Monsoon (Jun-Sep)
2025,9,September,Bogra,Rajshahi,307.2,3233.63,0.095,152.0,Monsoon (Jun-Sep)
2025,9,September,Brahamanbaria,Chittagong,358.35,2104.07,0.17031,177.4,Monsoon (Jun-Sep)
2025,9,September,Chandpur,Chittagong,339.49,1864.17,0.182116,168.0,Monsoon (Jun-Sep)
2025,9,September,Chittagong,Chittagong,1403.52,4736.75,0.296305,694.7,Monsoon (Jun-Sep)
2025,9,September,Chuadanga,Khulna,564.79,1233.0,0.45806,279.5,Monsoon (Jun-Sep)
2025,9,September,Comilla,Chittagong,877.72,3351.85,0.26186,434.4,Monsoon (Jun-Sep)
2025,9,September,Cox's Bazar,Chittagong,175.4,2206.6,0.079489,86.8,Monsoon (Jun-Sep)
2025,9,September,Dhaka,Dhaka,106.29,1611.18,0.065968,52.6,Monsoon (Jun-Sep)
2025,9,September,Dinajpur,Rangpur,2763.93,3829.09,0.721825,1368.0,Monsoon (Jun-Sep)
2025,9,September,Faridpur,Dhaka,221.43,2227.54,0.099405,109.6,Monsoon (Jun-Sep)
2025,9,September,Feni,Chittagong,414.62,960.78,0.431552,205.2,Monsoon (Jun-Sep)
2025,9,September,Gaibandha,Rangpur,323.83,2410.25,0.134357,160.3,Monsoon (Jun-Sep)
2025,9,September,Gazipur,Dhaka,127.08,1940.74,0.065478,62.9,Monsoon (Jun-Sep)
2025,9,September,Gopalganj,Dhaka,459.82,1602.77,0.286892,227.6,Monsoon (Jun-Sep)
2025,9,September,Habiganj,Sylhet,274.89,2857.81,0.096189,136.1,Monsoon (Jun-Sep)
2025,9,September,Jamalpur,Dhaka,153.6,2272.36,0.067594,76.0,Monsoon (Jun-Sep)
2025,9,September,Jessore,Khulna,304.54,2784.67,0.109362,150.7,Monsoon (Jun-Sep)
2025,9,September,Jhalokati,Barisal,213.97,807.93,0.264836,105.9,Monsoon (Jun-Sep)
2025,9,September,Jhenaidah,Khulna,1046.71,2143.59,0.488298,518.1,Monsoon (Jun-Sep)
2025,9,September,Joypurhat,Rajshahi,792.72,1081.54,0.732948,392.4,Monsoon (Jun-Sep)
2025,9,September,Khagrachhari,Chittagong,714.22,3108.48,0.229764,353.5,Monsoon (Jun-Sep)
2025,9,September,Khulna,Khulna,1625.99,3868.06,0.420363,804.8,Monsoon (Jun-Sep)
2025,9,September,Kishoreganj,Dhaka,1098.66,2821.62,0.389372,543.8,Monsoon (Jun-Sep)
2025,9,September,Kurigram,Rangpur,458.27,2481.86,0.184646,226.8,Monsoon (Jun-Sep)
2025,9,September,Kushtia,Khulna,183.75,1830.28,0.100394,90.9,Monsoon (Jun-Sep)
2025,9,September,Lakshmipur,Chittagong,335.26,1573.07,0.213127,165.9,Monsoon (Jun-Sep)
2025,9,September,Lalmonirhat,Rangpur,524.59,1381.75,0.379657,259.6,Monsoon (Jun-Sep)
2025,9,September,Madaripur,Dhaka,125.84,1257.23,0.100091,62.3,Monsoon (Jun-Sep)
2025,9,September,Magura,Khulna,86.93,1143.98,0.075987,43.0,Monsoon (Jun-Sep)
2025,9,September,Manikganj,Dhaka,244.93,1531.92,0.159886,121.2,Monsoon (Jun-Sep)
2025,9,September,Maulvibazar,Sylhet,345.59,2819.05,0.12259,171.0,Monsoon (Jun-Sep)
2025,9,September,Meherpur,Khulna,370.3,732.79,0.505326,183.3,Monsoon (Jun-Sep)
2025,9,September,Munshiganj,Dhaka,135.3,1036.66,0.130512,67.0,Monsoon (Jun-Sep)
2025,9,September,Mymensingh,Dhaka,2322.39,4784.19,0.485429,1149.5,Monsoon (Jun-Sep)
2025,9,September,Naogaon,Rajshahi,1018.19,3824.58,0.266223,503.9,Monsoon (Jun-Sep)
2025,9,September,Narail,Khulna,147.57,1072.86,0.137553,73.0,Monsoon (Jun-Sep)
2025,9,September,Narayanganj,Dhaka,63.42,832.16,0.076214,31.4,Monsoon (Jun-Sep)
2025,9,September,Narsingdi,Dhaka,117.44,1281.34,0.091656,58.1,Monsoon (Jun-Sep)
2025,9,September,Natore,Rajshahi,206.93,2101.7,0.098461,102.4,Monsoon (Jun-Sep)
2025,9,September,Nawabganj,Rajshahi,249.08,1804.38,0.138039,123.3,Monsoon (Jun-Sep)
2025,9,September,Netrakona,Dhaka,701.0,3089.39,0.226905,347.0,Monsoon (Jun-Sep)
2025,9,September,Nilphamari,Rangpur,1112.09,1836.84,0.605436,550.4,Monsoon (Jun-Sep)
2025,9,September,Noakhali,Chittagong,232.24,2642.03,0.087902,114.9,Monsoon (Jun-Sep)
2025,9,September,Pabna,Rajshahi,369.88,2634.14,0.140419,183.1,Monsoon (Jun-Sep)
2025,9,September,Panchagarh,Rangpur,923.45,1548.93,0.596182,457.1,Monsoon (Jun-Sep)
2025,9,September,Patuakhali,Barisal,393.4,2730.09,0.144097,194.7,Monsoon (Jun-Sep)
2025,9,September,Pirojpur,Barisal,378.0,1365.69,0.276783,187.1,Monsoon (Jun-Sep)
2025,9,September,Rajbari,Dhaka,184.62,1249.73,0.147727,91.4,Monsoon (Jun-Sep)
2025,9,September,Rajshahi,Rajshahi,290.12,2664.72,0.108876,143.6,Monsoon (Jun-Sep)
2025,9,September,Rangamati,Chittagong,519.53,6226.79,0.083435,257.1,Monsoon (Jun-Sep)
2025,9,September,Rangpur,Rangpur,1786.08,2572.65,0.694257,884.0,Monsoon (Jun-Sep)
2025,9,September,Satkhira,Khulna,1389.42,3543.74,0.392077,687.7,Monsoon (Jun-Sep)
2025,9,September,Shariatpur,Dhaka,215.25,1362.06,0.158032,106.5,Monsoon (Jun-Sep)
2025,9,September,Sherpur,Dhaka,556.11,1455.19,0.382157,275.2,Monsoon (Jun-Sep)
2025,9,September,Sirajganj,Rajshahi,548.69,2755.65,0.199114,271.6,Monsoon (Jun-Sep)
2025,9,September,Sunamganj,Sylhet,1985.66,4043.04,0.491131,982.8,Monsoon (Jun-Sep)
2025,9,September,Sylhet,Sylhet,601.68,3847.75,0.156371,297.8,Monsoon (Jun-Sep)
2025,9,September,Tangail,Dhaka,202.68,3707.07,0.054673,100.3,Monsoon (Jun-Sep)
2025,9,September,Thakurgaon,Rangpur,1505.53,2008.93,0.749418,745.2,Monsoon (Jun-Sep)
2025,10,October,Bagerhat,Khulna,1201.76,3965.62,0.303045,594.8,Post-Monsoon (Oct-Nov)
2025,10,October,Bandarban,Chittagong,2663.33,5000.66,0.532596,1318.2,Post-Monsoon (Oct-Nov)
2025,10,October,Barguna,Barisal,161.4,1547.28,0.104314,79.9,Post-Monsoon (Oct-Nov)
2025,10,October,Barisal,Barisal,521.52,2767.25,0.18846,258.1,Post-Monsoon (Oct-Nov)
2025,10,October,Bhola,Barisal,695.91,2471.69,0.281552,344.4,Post-Monsoon (Oct-Nov)
2025,10,October,Bogra,Rajshahi,242.59,3233.63,0.075021,120.1,Post-Monsoon (Oct-Nov)
2025,10,October,Brahamanbaria,Chittagong,314.89,2104.07,0.149659,155.9,Post-Monsoon (Oct-Nov)
2025,10,October,Chandpur,Chittagong,304.28,1864.17,0.163227,150.6,Post-Monsoon (Oct-Nov)
2025,10,October,Chittagong,Chittagong,1768.56,4736.75,0.373371,875.3,Post-Monsoon (Oct-Nov)
2025,10,October,Chuadanga,Khulna,498.35,1233.0,0.404179,246.7,Post-Monsoon (Oct-Nov)
2025,10,October,Comilla,Chittagong,1268.47,3351.85,0.37844,627.8,Post-Monsoon (Oct-Nov)
2025,10,October,Cox's Bazar,Chittagong,311.43,2206.6,0.141135,154.1,Post-Monsoon (Oct-Nov)
2025,10,October,Dhaka,Dhaka,96.33,1611.18,0.059786,47.7,Post-Monsoon (Oct-Nov)
2025,10,October,Dinajpur,Rangpur,2780.98,3829.09,0.726278,1376.4,Post-Monsoon (Oct-Nov)
2025,10,October,Faridpur,Dhaka,154.27,2227.54,0.069257,76.4,Post-Monsoon (Oct-Nov)
2025,10,October,Feni,Chittagong,448.45,960.78,0.466762,222.0,Post-Monsoon (Oct-Nov)
2025,10,October,Gaibandha,Rangpur,266.95,2410.25,0.110754,132.1,Post-Monsoon (Oct-Nov)
2025,10,October,Gazipur,Dhaka,138.02,1940.74,0.071117,68.3,Post-Monsoon (Oct-Nov)
2025,10,October,Gopalganj,Dhaka,246.66,1602.77,0.153897,122.1,Post-Monsoon (Oct-Nov)
2025,10,October,Habiganj,Sylhet,244.42,2857.81,0.085528,121.0,Post-Monsoon (Oct-Nov)
2025,10,October,Jamalpur,Dhaka,140.16,2272.36,0.061682,69.4,Post-Monsoon (Oct-Nov)
2025,10,October,Jessore,Khulna,611.27,2784.67,0.219513,302.5,Post-Monsoon (Oct-Nov)
2025,10,October,Jhalokati,Barisal,36.85,807.93,0.045605,18.2,Post-Monsoon (Oct-Nov)
2025,10,October,Jhenaidah,Khulna,985.11,2143.59,0.459559,487.6,Post-Monsoon (Oct-Nov)
2025,10,October,Joypurhat,Rajshahi,801.1,1081.54,0.740704,396.5,Post-Monsoon (Oct-Nov)
2025,10,October,Khagrachhari,Chittagong,1374.63,3108.48,0.44222,680.4,Post-Monsoon (Oct-Nov)
2025,10,October,Khulna,Khulna,1040.4,3868.06,0.268973,514.9,Post-Monsoon (Oct-Nov)
2025,10,October,Kishoreganj,Dhaka,972.93,2821.62,0.344812,481.5,Post-Monsoon (Oct-Nov)
2025,10,October,Kurigram,Rangpur,371.28,2481.86,0.149597,183.8,Post-Monsoon (Oct-Nov)
2025,10,October,Kushtia,Khulna,138.62,1830.28,0.075736,68.6,Post-Monsoon (Oct-Nov)
2025,10,October,Lakshmipur,Chittagong,306.96,1573.07,0.195137,151.9,Post-Monsoon (Oct-Nov)
2025,10,October,Lalmonirhat,Rangpur,759.47,1381.75,0.549642,375.9,Post-Monsoon (Oct-Nov)
2025,10,October,Madaripur,Dhaka,111.32,1257.23,0.088541,55.1,Post-Monsoon (Oct-Nov)
2025,10,October,Magura,Khulna,73.97,1143.98,0.064656,36.6,Post-Monsoon (Oct-Nov)
2025,10,October,Manikganj,Dhaka,226.4,1531.92,0.147791,112.1,Post-Monsoon (Oct-Nov)
2025,10,October,Maulvibazar,Sylhet,267.59,2819.05,0.094921,132.4,Post-Monsoon (Oct-Nov)
2025,10,October,Meherpur,Khulna,279.58,732.79,0.381528,138.4,Post-Monsoon (Oct-Nov)
2025,10,October,Munshiganj,Dhaka,127.88,1036.66,0.123356,63.3,Post-Monsoon (Oct-Nov)
2025,10,October,Mymensingh,Dhaka,2377.03,4784.19,0.496852,1176.5,Post-Monsoon (Oct-Nov)
2025,10,October,Naogaon,Rajshahi,1209.52,3824.58,0.316249,598.6,Post-Monsoon (Oct-Nov)
2025,10,October,Narail,Khulna,114.76,1072.86,0.106967,56.8,Post-Monsoon (Oct-Nov)
2025,10,October,Narayanganj,Dhaka,56.38,832.16,0.06775,27.9,Post-Monsoon (Oct-Nov)
2025,10,October,Narsingdi,Dhaka,93.22,1281.34,0.072755,46.1,Post-Monsoon (Oct-Nov)
2025,10,October,Natore,Rajshahi,130.08,2101.7,0.061894,64.4,Post-Monsoon (Oct-Nov)
2025,10,October,Nawabganj,Rajshahi,201.71,1804.38,0.111791,99.8,Post-Monsoon (Oct-Nov)
2025,10,October,Netrakona,Dhaka,577.04,3089.39,0.186781,285.6,Post-Monsoon (Oct-Nov)
2025,10,October,Nilphamari,Rangpur,1112.38,1836.84,0.605594,550.6,Post-Monsoon (Oct-Nov)
2025,10,October,Noakhali,Chittagong,212.82,2642.03,0.080553,105.3,Post-Monsoon (Oct-Nov)
2025,10,October,Pabna,Rajshahi,275.01,2634.14,0.104401,136.1,Post-Monsoon (Oct-Nov)
2025,10,October,Panchagarh,Rangpur,958.44,1548.93,0.618776,474.4,Post-Monsoon (Oct-Nov)
2025,10,October,Patuakhali,Barisal,241.93,2730.09,0.088615,119.7,Post-Monsoon (Oct-Nov)
2025,10,October,Pirojpur,Barisal,99.79,1365.69,0.073072,49.4,Post-Monsoon (Oct-Nov)
2025,10,October,Rajbari,Dhaka,137.45,1249.73,0.10998,68.0,Post-Monsoon (Oct-Nov)
2025,10,October,Rajshahi,Rajshahi,313.74,2664.72,0.11774,155.3,Post-Monsoon (Oct-Nov)
2025,10,October,Rangamati,Chittagong,513.0,6226.79,0.082386,253.9,Post-Monsoon (Oct-Nov)
2025,10,October,Rangpur,Rangpur,1790.7,2572.65,0.696053,886.3,Post-Monsoon (Oct-Nov)
2025,10,October,Satkhira,Khulna,1417.98,3543.74,0.400137,701.8,Post-Monsoon (Oct-Nov)
2025,10,October,Shariatpur,Dhaka,173.41,1362.06,0.127318,85.8,Post-Monsoon (Oct-Nov)
2025,10,October,Sherpur,Dhaka,753.3,1455.19,0.51766,372.8,Post-Monsoon (Oct-Nov)
2025,10,October,Sirajganj,Rajshahi,431.01,2755.65,0.156409,213.3,Post-Monsoon (Oct-Nov)
2025,10,October,Sunamganj,Sylhet,1770.6,4043.04,0.437938,876.3,Post-Monsoon (Oct-Nov)
2025,10,October,Sylhet,Sylhet,484.02,3847.75,0.125793,239.6,Post-Monsoon (Oct-Nov)
2025,10,October,Tangail,Dhaka,154.02,3707.07,0.041548,76.2,Post-Monsoon (Oct-Nov)
2025,10,October,Thakurgaon,Rangpur,1389.9,2008.93,0.691858,687.9,Post-Monsoon (Oct-Nov)
2025,11,November,Bagerhat,Khulna,1159.92,3965.62,0.292495,574.1,Post-Monsoon (Oct-Nov)
2025,11,November,Bandarban,Chittagong,2942.32,5000.66,0.588386,1456.3,Post-Monsoon (Oct-Nov)
2025,11,November,Barguna,Barisal,159.49,1547.28,0.103076,78.9,Post-Monsoon (Oct-Nov)
2025,11,November,Barisal,Barisal,537.81,2767.25,0.194347,266.2,Post-Monsoon (Oct-Nov)
2025,11,November,Bhola,Barisal,691.96,2471.69,0.279955,342.5,Post-Monsoon (Oct-Nov)
2025,11,November,Bogra,Rajshahi,232.22,3233.63,0.071813,114.9,Post-Monsoon (Oct-Nov)
2025,11,November,Brahamanbaria,Chittagong,171.54,2104.07,0.081529,84.9,Post-Monsoon (Oct-Nov)
2025,11,November,Chandpur,Chittagong,293.68,1864.17,0.157538,145.4,Post-Monsoon (Oct-Nov)
2025,11,November,Chittagong,Chittagong,1316.06,4736.75,0.27784,651.4,Post-Monsoon (Oct-Nov)
2025,11,November,Chuadanga,Khulna,541.02,1233.0,0.438782,267.8,Post-Monsoon (Oct-Nov)
2025,11,November,Comilla,Chittagong,1490.85,3351.85,0.444786,737.9,Post-Monsoon (Oct-Nov)
2025,11,November,Cox's Bazar,Chittagong,267.64,2206.6,0.121293,132.5,Post-Monsoon (Oct-Nov)
2025,11,November,Dhaka,Dhaka,134.98,1611.18,0.083775,66.8,Post-Monsoon (Oct-Nov)
2025,11,November,Dinajpur,Rangpur,2691.71,3829.09,0.702965,1332.2,Post-Monsoon (Oct-Nov)
2025,11,November,Faridpur,Dhaka,111.45,2227.54,0.050031,55.2,Post-Monsoon (Oct-Nov)
2025,11,November,Feni,Chittagong,465.76,960.78,0.484771,230.5,Post-Monsoon (Oct-Nov)
2025,11,November,Gaibandha,Rangpur,257.38,2410.25,0.106786,127.4,Post-Monsoon (Oct-Nov)
2025,11,November,Gazipur,Dhaka,713.62,1940.74,0.367705,353.2,Post-Monsoon (Oct-Nov)
2025,11,November,Gopalganj,Dhaka,285.81,1602.77,0.178321,141.5,Post-Monsoon (Oct-Nov)
2025,11,November,Habiganj,Sylhet,431.89,2857.81,0.151126,213.8,Post-Monsoon (Oct-Nov)
2025,11,November,Jamalpur,Dhaka,152.91,2272.36,0.067293,75.7,Post-Monsoon (Oct-Nov)
2025,11,November,Jessore,Khulna,239.6,2784.67,0.086043,118.6,Post-Monsoon (Oct-Nov)
2025,11,November,Jhalokati,Barisal,41.05,807.93,0.050805,20.3,Post-Monsoon (Oct-Nov)
2025,11,November,Jhenaidah,Khulna,1107.86,2143.59,0.516823,548.3,Post-Monsoon (Oct-Nov)
2025,11,November,Joypurhat,Rajshahi,797.93,1081.54,0.73777,394.9,Post-Monsoon (Oct-Nov)
2025,11,November,Khagrachhari,Chittagong,1594.32,3108.48,0.512895,789.1,Post-Monsoon (Oct-Nov)
2025,11,November,Khulna,Khulna,1304.38,3868.06,0.337218,645.6,Post-Monsoon (Oct-Nov)
2025,11,November,Kishoreganj,Dhaka,410.74,2821.62,0.145568,203.3,Post-Monsoon (Oct-Nov)
2025,11,November,Kurigram,Rangpur,350.11,2481.86,0.141068,173.3,Post-Monsoon (Oct-Nov)
2025,11,November,Kushtia,Khulna,135.07,1830.28,0.073795,66.9,Post-Monsoon (Oct-Nov)
2025,11,November,Lakshmipur,Chittagong,303.16,1573.07,0.19272,150.0,Post-Monsoon (Oct-Nov)
2025,11,November,Lalmonirhat,Rangpur,681.28,1381.75,0.493057,337.2,Post-Monsoon (Oct-Nov)
2025,11,November,Madaripur,Dhaka,111.91,1257.23,0.089011,55.4,Post-Monsoon (Oct-Nov)
2025,11,November,Magura,Khulna,36.84,1143.98,0.032199,18.2,Post-Monsoon (Oct-Nov)
2025,11,November,Manikganj,Dhaka,206.45,1531.92,0.134766,102.2,Post-Monsoon (Oct-Nov)
2025,11,November,Maulvibazar,Sylhet,212.27,2819.05,0.075298,105.1,Post-Monsoon (Oct-Nov)
2025,11,November,Meherpur,Khulna,340.29,732.79,0.464379,168.4,Post-Monsoon (Oct-Nov)
2025,11,November,Munshiganj,Dhaka,121.99,1036.66,0.117675,60.4,Post-Monsoon (Oct-Nov)
2025,11,November,Mymensingh,Dhaka,2362.29,4784.19,0.49377,1169.2,Post-Monsoon (Oct-Nov)
2025,11,November,Naogaon,Rajshahi,1103.1,3824.58,0.288423,546.0,Post-Monsoon (Oct-Nov)
2025,11,November,Narail,Khulna,127.53,1072.86,0.118869,63.1,Post-Monsoon (Oct-Nov)
2025,11,November,Narayanganj,Dhaka,50.99,832.16,0.061278,25.2,Post-Monsoon (Oct-Nov)
2025,11,November,Narsingdi,Dhaka,71.37,1281.34,0.055703,35.3,Post-Monsoon (Oct-Nov)
2025,11,November,Natore,Rajshahi,143.16,2101.7,0.068118,70.9,Post-Monsoon (Oct-Nov)
2025,11,November,Nawabganj,Rajshahi,179.57,1804.38,0.099519,88.9,Post-Monsoon (Oct-Nov)
2025,11,November,Netrakona,Dhaka,378.96,3089.39,0.122665,187.6,Post-Monsoon (Oct-Nov)
2025,11,November,Nilphamari,Rangpur,950.98,1836.84,0.517726,470.7,Post-Monsoon (Oct-Nov)
2025,11,November,Noakhali,Chittagong,205.76,2642.03,0.077879,101.8,Post-Monsoon (Oct-Nov)
2025,11,November,Pabna,Rajshahi,168.58,2634.14,0.063999,83.4,Post-Monsoon (Oct-Nov)
2025,11,November,Panchagarh,Rangpur,807.07,1548.93,0.52105,399.5,Post-Monsoon (Oct-Nov)
2025,11,November,Patuakhali,Barisal,236.84,2730.09,0.086753,117.2,Post-Monsoon (Oct-Nov)
2025,11,November,Pirojpur,Barisal,114.15,1365.69,0.083582,56.5,Post-Monsoon (Oct-Nov)
2025,11,November,Rajbari,Dhaka,123.23,1249.73,0.098609,61.0,Post-Monsoon (Oct-Nov)
2025,11,November,Rajshahi,Rajshahi,233.03,2664.72,0.087451,115.3,Post-Monsoon (Oct-Nov)
2025,11,November,Rangamati,Chittagong,496.63,6226.79,0.079757,245.8,Post-Monsoon (Oct-Nov)
2025,11,November,Rangpur,Rangpur,1706.1,2572.65,0.663168,844.4,Post-Monsoon (Oct-Nov)
2025,11,November,Satkhira,Khulna,1459.4,3543.74,0.411825,722.3,Post-Monsoon (Oct-Nov)
2025,11,November,Shariatpur,Dhaka,165.63,1362.06,0.121603,82.0,Post-Monsoon (Oct-Nov)
2025,11,November,Sherpur,Dhaka,777.41,1455.19,0.534228,384.8,Post-Monsoon (Oct-Nov)
2025,11,November,Sirajganj,Rajshahi,365.14,2755.65,0.132507,180.7,Post-Monsoon (Oct-Nov)
2025,11,November,Sunamganj,Sylhet,1245.51,4043.04,0.308063,616.5,Post-Monsoon (Oct-Nov)
2025,11,November,Sylhet,Sylhet,447.18,3847.75,0.116218,221.3,Post-Monsoon (Oct-Nov)
2025,11,November,Tangail,Dhaka,465.09,3707.07,0.12546,230.2,Post-Monsoon (Oct-Nov)
2025,11,November,Thakurgaon,Rangpur,1517.21,2008.93,0.75523,750.9,Post-Monsoon (Oct-Nov)
2025,12,December,Bagerhat,Khulna,1044.43,3965.62,0.263371,516.9,Dry Winter (Dec-Feb)
2025,12,December,Bandarban,Chittagong,2665.99,5000.66,0.533129,1319.5,Dry Winter (Dec-Feb)
2025,12,December,Barguna,Barisal,160.31,1547.28,0.103605,79.3,Dry Winter (Dec-Feb)
2025,12,December,Barisal,Barisal,477.97,2767.25,0.172724,236.6,Dry Winter (Dec-Feb)
2025,12,December,Bhola,Barisal,662.46,2471.69,0.268018,327.9,Dry Winter (Dec-Feb)
2025,12,December,Bogra,Rajshahi,267.01,3233.63,0.082574,132.2,Dry Winter (Dec-Feb)
2025,12,December,Brahamanbaria,Chittagong,741.65,2104.07,0.352485,367.1,Dry Winter (Dec-Feb)
2025,12,December,Chandpur,Chittagong,267.56,1864.17,0.143529,132.4,Dry Winter (Dec-Feb)
2025,12,December,Chittagong,Chittagong,1889.62,4736.75,0.398928,935.3,Dry Winter (Dec-Feb)
2025,12,December,Chuadanga,Khulna,844.95,1233.0,0.685278,418.2,Dry Winter (Dec-Feb)
2025,12,December,Comilla,Chittagong,1528.41,3351.85,0.455991,756.5,Dry Winter (Dec-Feb)
2025,12,December,Cox's Bazar,Chittagong,901.58,2206.6,0.408582,446.2,Dry Winter (Dec-Feb)
2025,12,December,Dhaka,Dhaka,753.64,1611.18,0.467757,373.0,Dry Winter (Dec-Feb)
2025,12,December,Dinajpur,Rangpur,2744.67,3829.09,0.716795,1358.5,Dry Winter (Dec-Feb)
2025,12,December,Faridpur,Dhaka,96.65,2227.54,0.043389,47.8,Dry Winter (Dec-Feb)
2025,12,December,Feni,Chittagong,502.87,960.78,0.523394,248.9,Dry Winter (Dec-Feb)
2025,12,December,Gaibandha,Rangpur,253.34,2410.25,0.105108,125.4,Dry Winter (Dec-Feb)
2025,12,December,Gazipur,Dhaka,846.87,1940.74,0.436363,419.2,Dry Winter (Dec-Feb)
2025,12,December,Gopalganj,Dhaka,334.46,1602.77,0.208679,165.5,Dry Winter (Dec-Feb)
2025,12,December,Habiganj,Sylhet,1029.37,2857.81,0.360195,509.5,Dry Winter (Dec-Feb)
2025,12,December,Jamalpur,Dhaka,264.58,2272.36,0.116433,131.0,Dry Winter (Dec-Feb)
2025,12,December,Jessore,Khulna,264.5,2784.67,0.094986,130.9,Dry Winter (Dec-Feb)
2025,12,December,Jhalokati,Barisal,37.17,807.93,0.046007,18.4,Dry Winter (Dec-Feb)
2025,12,December,Jhenaidah,Khulna,1167.81,2143.59,0.544793,578.0,Dry Winter (Dec-Feb)
2025,12,December,Joypurhat,Rajshahi,665.09,1081.54,0.614941,329.2,Dry Winter (Dec-Feb)
2025,12,December,Khagrachhari,Chittagong,1732.83,3108.48,0.557454,857.7,Dry Winter (Dec-Feb)
2025,12,December,Khulna,Khulna,1079.27,3868.06,0.279021,534.2,Dry Winter (Dec-Feb)
2025,12,December,Kishoreganj,Dhaka,175.18,2821.62,0.062086,86.7,Dry Winter (Dec-Feb)
2025,12,December,Kurigram,Rangpur,343.88,2481.86,0.138557,170.2,Dry Winter (Dec-Feb)
2025,12,December,Kushtia,Khulna,140.07,1830.28,0.07653,69.3,Dry Winter (Dec-Feb)
2025,12,December,Lakshmipur,Chittagong,293.91,1573.07,0.186839,145.5,Dry Winter (Dec-Feb)
2025,12,December,Lalmonirhat,Rangpur,756.69,1381.75,0.54763,374.5,Dry Winter (Dec-Feb)
2025,12,December,Madaripur,Dhaka,109.34,1257.23,0.08697,54.1,Dry Winter (Dec-Feb)
2025,12,December,Magura,Khulna,434.03,1143.98,0.379405,214.8,Dry Winter (Dec-Feb)
2025,12,December,Manikganj,Dhaka,179.84,1531.92,0.117395,89.0,Dry Winter (Dec-Feb)
2025,12,December,Maulvibazar,Sylhet,314.83,2819.05,0.111681,155.8,Dry Winter (Dec-Feb)
2025,12,December,Meherpur,Khulna,445.78,732.79,0.608338,220.6,Dry Winter (Dec-Feb)
2025,12,December,Munshiganj,Dhaka,102.4,1036.66,0.098779,50.7,Dry Winter (Dec-Feb)
2025,12,December,Mymensingh,Dhaka,2322.07,4784.19,0.485363,1149.3,Dry Winter (Dec-Feb)
2025,12,December,Naogaon,Rajshahi,2004.43,3824.58,0.524093,992.1,Dry Winter (Dec-Feb)
2025,12,December,Narail,Khulna,179.09,1072.86,0.166932,88.6,Dry Winter (Dec-Feb)
2025,12,December,Narayanganj,Dhaka,299.18,832.16,0.359523,148.1,Dry Winter (Dec-Feb)
2025,12,December,Narsingdi,Dhaka,60.81,1281.34,0.04746,30.1,Dry Winter (Dec-Feb)
2025,12,December,Natore,Rajshahi,470.17,2101.7,0.223709,232.7,Dry Winter (Dec-Feb)
2025,12,December,Nawabganj,Rajshahi,257.75,1804.38,0.142845,127.6,Dry Winter (Dec-Feb)
2025,12,December,Netrakona,Dhaka,465.18,3089.39,0.150574,230.2,Dry Winter (Dec-Feb)
2025,12,December,Nilphamari,Rangpur,1041.62,1836.84,0.567072,515.5,Dry Winter (Dec-Feb)
2025,12,December,Noakhali,Chittagong,213.13,2642.03,0.080669,105.5,Dry Winter (Dec-Feb)
2025,12,December,Pabna,Rajshahi,182.3,2634.14,0.069207,90.2,Dry Winter (Dec-Feb)
2025,12,December,Panchagarh,Rangpur,731.77,1548.93,0.472433,362.2,Dry Winter (Dec-Feb)
2025,12,December,Patuakhali,Barisal,233.6,2730.09,0.085565,115.6,Dry Winter (Dec-Feb)
2025,12,December,Pirojpur,Barisal,108.22,1365.69,0.079245,53.6,Dry Winter (Dec-Feb)
2025,12,December,Rajbari,Dhaka,110.58,1249.73,0.088479,54.7,Dry Winter (Dec-Feb)
2025,12,December,Rajshahi,Rajshahi,377.05,2664.72,0.141497,186.6,Dry Winter (Dec-Feb)
2025,12,December,Rangamati,Chittagong,487.48,6226.79,0.078287,241.3,Dry Winter (Dec-Feb)
2025,12,December,Rangpur,Rangpur,1781.96,2572.65,0.692657,882.0,Dry Winter (Dec-Feb)
2025,12,December,Satkhira,Khulna,1346.61,3543.74,0.379997,666.5,Dry Winter (Dec-Feb)
2025,12,December,Shariatpur,Dhaka,151.45,1362.06,0.111193,75.0,Dry Winter (Dec-Feb)
2025,12,December,Sherpur,Dhaka,976.15,1455.19,0.670805,483.1,Dry Winter (Dec-Feb)
2025,12,December,Sirajganj,Rajshahi,299.01,2755.65,0.108509,148.0,Dry Winter (Dec-Feb)
2025,12,December,Sunamganj,Sylhet,719.05,4043.04,0.17785,355.9,Dry Winter (Dec-Feb)
2025,12,December,Sylhet,Sylhet,737.91,3847.75,0.191778,365.2,Dry Winter (Dec-Feb)
2025,12,December,Tangail,Dhaka,1592.28,3707.07,0.429525,788.1,Dry Winter (Dec-Feb)
2025,12,December,Thakurgaon,Rangpur,1303.34,2008.93,0.648771,645.1,Dry Winter (Dec-Feb)
