year,month,district,division,water_area_km2,water_area_calibrated_km2
2015.0,1.0,Barisal,Barisal,423.67,209.9
2015.0,1.0,Bhola,Barisal,643.95,319.0
2015.0,1.0,Jhalokati,Barisal,33.45,16.6
2015.0,1.0,Patuakhali,Barisal,204.18,101.2
2015.0,1.0,Pirojpur,Barisal,93.46,46.3
2015.0,1.0,Bandarban,Chittagong,1988.59,985.2
2015.0,1.0,Brahamanbaria,Chittagong,998.53,494.7
2015.0,1.0,Chandpur,Chittagong,240.49,119.1
2015.0,1.0,Chittagong,Chittagong,2358.09,1168.3
2015.0,1.0,Comilla,Chittagong,1743.53,863.8
2015.0,1.0,Cox's Bazar,Chittagong,919.28,455.4
2015.0,1.0,Feni,Chittagong,531.66,263.4
2015.0,1.0,Khagrachhari,Chittagong,1934.0,958.2
2015.0,1.0,Lakshmipur,Chittagong,283.75,140.6
2015.0,1.0,Noakhali,Chittagong,101.75,50.4
2015.0,1.0,Rangamati,Chittagong,418.77,207.5
2015.0,1.0,Dhaka,Dhaka,900.68,446.2
2015.0,1.0,Faridpur,Dhaka,829.25,410.8
2015.0,1.0,Gazipur,Dhaka,1141.37,565.5
2015.0,1.0,Gopalganj,Dhaka,750.37,371.8
2015.0,1.0,Jamalpur,Dhaka,200.43,99.3
2015.0,1.0,Kishoreganj,Dhaka,1214.39,601.6
2015.0,1.0,Madaripur,Dhaka,69.27,34.3
2015.0,1.0,Manikganj,Dhaka,171.1,84.8
2015.0,1.0,Munshiganj,Dhaka,83.18,41.2
2015.0,1.0,Mymensingh,Dhaka,3068.42,1520.2
2015.0,1.0,Narayanganj,Dhaka,368.94,182.8
2015.0,1.0,Narsingdi,Dhaka,62.02,30.7
2015.0,1.0,Netrakona,Dhaka,1639.4,812.2
2015.0,1.0,Rajbari,Dhaka,107.02,53.0
2015.0,1.0,Shariatpur,Dhaka,168.49,83.5
2015.0,1.0,Sherpur,Dhaka,1056.98,523.7
2015.0,1.0,Tangail,Dhaka,2035.62,1008.5
2015.0,1.0,Bagerhat,Khulna,674.55,334.2
2015.0,1.0,Chuadanga,Khulna,518.95,257.1
2015.0,1.0,Jessore,Khulna,601.07,297.8
2015.0,1.0,Jhenaidah,Khulna,805.98,399.3
2015.0,1.0,Khulna,Khulna,736.16,364.7
2015.0,1.0,Kushtia,Khulna,116.09,57.5
2015.0,1.0,Magura,Khulna,460.15,228.0
2015.0,1.0,Meherpur,Khulna,384.27,190.4
2015.0,1.0,Narail,Khulna,66.79,33.1
2015.0,1.0,Satkhira,Khulna,983.86,487.4
2015.0,1.0,Habiganj,Sylhet,1740.9,862.5
2015.0,1.0,Maulvibazar,Sylhet,1159.79,574.6
2015.0,1.0,Sunamganj,Sylhet,595.8,295.2
2015.0,1.0,Sylhet,Sylhet,2121.93,1051.3
2015.0,1.0,Bogra,Rajshahi,146.12,72.4
2015.0,1.0,Joypurhat,Rajshahi,314.22,155.7
2015.0,1.0,Naogaon,Rajshahi,2077.3,1029.2
2015.0,1.0,Natore,Rajshahi,902.17,447.0
2015.0,1.0,Nawabganj,Rajshahi,787.4,390.1
2015.0,1.0,Pabna,Rajshahi,745.24,369.2
2015.0,1.0,Rajshahi,Rajshahi,533.37,264.2
2015.0,1.0,Sirajganj,Rajshahi,337.79,167.4
2015.0,1.0,Dinajpur,Rangpur,1017.72,504.2
2015.0,1.0,Gaibandha,Rangpur,77.54,38.4
2015.0,1.0,Kurigram,Rangpur,352.73,174.8
2015.0,1.0,Lalmonirhat,Rangpur,57.87,28.7
2015.0,1.0,Nilphamari,Rangpur,36.58,18.1
2015.0,1.0,Panchagarh,Rangpur,810.14,401.4
2015.0,1.0,Rangpur,Rangpur,120.36,59.6
2015.0,1.0,Thakurgaon,Rangpur,1267.62,628.0
2015.0,1.0,Barguna,Barisal,153.88,76.2
2015.0,2.0,Barisal,Barisal,392.75,194.6
2015.0,2.0,Bhola,Barisal,607.48,301.0
2015.0,2.0,Jhalokati,Barisal,34.34,17.0
2015.0,2.0,Patuakhali,Barisal,209.46,103.8
2015.0,2.0,Pirojpur,Barisal,90.77,45.0
2015.0,2.0,Bandarban,Chittagong,3036.62,1504.4
2015.0,2.0,Brahamanbaria,Chittagong,941.6,466.5
2015.0,2.0,Chandpur,Chittagong,230.85,114.4
2015.0,2.0,Chittagong,Chittagong,2112.13,1046.4
2015.0,2.0,Comilla,Chittagong,1560.41,773.1
2015.0,2.0,Cox's Bazar,Chittagong,943.39,467.4
2015.0,2.0,Feni,Chittagong,443.48,219.7
2015.0,2.0,Khagrachhari,Chittagong,1852.94,918.0
2015.0,2.0,Lakshmipur,Chittagong,264.9,131.2
2015.0,2.0,Noakhali,Chittagong,106.63,52.8
2015.0,2.0,Rangamati,Chittagong,385.11,190.8
2015.0,2.0,Dhaka,Dhaka,844.87,418.6
2015.0,2.0,Faridpur,Dhaka,802.47,397.6
2015.0,2.0,Gazipur,Dhaka,1308.49,648.3
2015.0,2.0,Gopalganj,Dhaka,748.43,370.8
2015.0,2.0,Jamalpur,Dhaka,777.81,385.4
2015.0,2.0,Kishoreganj,Dhaka,1048.83,519.6
2015.0,2.0,Madaripur,Dhaka,51.29,25.4
2015.0,2.0,Manikganj,Dhaka,161.66,80.1
2015.0,2.0,Munshiganj,Dhaka,83.51,41.4
2015.0,2.0,Mymensingh,Dhaka,2607.62,1291.9
2015.0,2.0,Narayanganj,Dhaka,461.64,228.7
2015.0,2.0,Narsingdi,Dhaka,77.0,38.1
2015.0,2.0,Netrakona,Dhaka,1162.69,576.0
2015.0,2.0,Rajbari,Dhaka,96.6,47.9
2015.0,2.0,Shariatpur,Dhaka,149.37,74.0
2015.0,2.0,Sherpur,Dhaka,816.25,404.4
2015.0,2.0,Tangail,Dhaka,1750.27,867.1
2015.0,2.0,Bagerhat,Khulna,595.49,295.0
2015.0,2.0,Chuadanga,Khulna,461.96,228.9
2015.0,2.0,Jessore,Khulna,515.73,255.5
2015.0,2.0,Jhenaidah,Khulna,741.74,367.5
2015.0,2.0,Khulna,Khulna,565.64,280.2
2015.0,2.0,Kushtia,Khulna,177.65,88.0
2015.0,2.0,Magura,Khulna,554.44,274.7
2015.0,2.0,Meherpur,Khulna,379.94,188.2
2015.0,2.0,Narail,Khulna,32.94,16.3
2015.0,2.0,Satkhira,Khulna,778.23,385.6
2015.0,2.0,Habiganj,Sylhet,1242.53,615.6
2015.0,2.0,Maulvibazar,Sylhet,1537.33,761.6
2015.0,2.0,Sunamganj,Sylhet,1021.37,506.0
2015.0,2.0,Sylhet,Sylhet,2082.19,1031.6
2015.0,2.0,Bogra,Rajshahi,1215.46,602.2
2015.0,2.0,Joypurhat,Rajshahi,524.28,259.7
2015.0,2.0,Naogaon,Rajshahi,2560.07,1268.3
2015.0,2.0,Natore,Rajshahi,1077.74,533.9
2015.0,2.0,Nawabganj,Rajshahi,1039.52,515.0
2015.0,2.0,Pabna,Rajshahi,1071.13,530.7
2015.0,2.0,Rajshahi,Rajshahi,1286.28,637.3
2015.0,2.0,Sirajganj,Rajshahi,226.47,112.2
2015.0,2.0,Dinajpur,Rangpur,1643.76,814.4
2015.0,2.0,Gaibandha,Rangpur,321.92,159.5
2015.0,2.0,Kurigram,Rangpur,460.37,228.1
2015.0,2.0,Lalmonirhat,Rangpur,453.66,224.8
2015.0,2.0,Nilphamari,Rangpur,729.2,361.3
2015.0,2.0,Panchagarh,Rangpur,1133.72,561.7
2015.0,2.0,Rangpur,Rangpur,977.88,484.5
2015.0,2.0,Thakurgaon,Rangpur,1515.65,750.9
2015.0,2.0,Barguna,Barisal,156.15,77.4
2015.0,3.0,Barisal,Barisal,402.25,199.3
2015.0,3.0,Bhola,Barisal,635.3,314.7
2015.0,3.0,Jhalokati,Barisal,31.47,15.6
2015.0,3.0,Patuakhali,Barisal,209.79,103.9
2015.0,3.0,Pirojpur,Barisal,87.06,43.1
2015.0,3.0,Bandarban,Chittagong,2824.43,1399.3
2015.0,3.0,Brahamanbaria,Chittagong,1051.4,520.9
2015.0,3.0,Chandpur,Chittagong,233.95,115.9
2015.0,3.0,Chittagong,Chittagong,2130.9,1055.7
2015.0,3.0,Comilla,Chittagong,1764.74,874.3
2015.0,3.0,Cox's Bazar,Chittagong,650.46,322.3
2015.0,3.0,Feni,Chittagong,433.33,214.7
2015.0,3.0,Khagrachhari,Chittagong,1851.61,917.4
2015.0,3.0,Lakshmipur,Chittagong,285.63,141.5
2015.0,3.0,Noakhali,Chittagong,94.55,46.8
2015.0,3.0,Rangamati,Chittagong,315.76,156.4
2015.0,3.0,Dhaka,Dhaka,893.77,442.8
2015.0,3.0,Faridpur,Dhaka,1144.84,567.2
2015.0,3.0,Gazipur,Dhaka,1139.38,564.5
2015.0,3.0,Gopalganj,Dhaka,1007.91,499.4
2015.0,3.0,Jamalpur,Dhaka,260.07,128.8
2015.0,3.0,Kishoreganj,Dhaka,1493.19,739.8
2015.0,3.0,Madaripur,Dhaka,51.2,25.4
2015.0,3.0,Manikganj,Dhaka,177.56,88.0
2015.0,3.0,Munshiganj,Dhaka,72.82,36.1
2015.0,3.0,Mymensingh,Dhaka,2762.29,1368.5
2015.0,3.0,Narayanganj,Dhaka,428.3,212.2
2015.0,3.0,Narsingdi,Dhaka,158.85,78.7
2015.0,3.0,Netrakona,Dhaka,1638.92,812.0
2015.0,3.0,Rajbari,Dhaka,112.25,55.6
2015.0,3.0,Shariatpur,Dhaka,157.6,78.1
2015.0,3.0,Sherpur,Dhaka,990.4,490.7
2015.0,3.0,Tangail,Dhaka,1750.39,867.2
2015.0,3.0,Bagerhat,Khulna,570.8,282.8
2015.0,3.0,Chuadanga,Khulna,246.86,122.3
2015.0,3.0,Jessore,Khulna,143.18,70.9
2015.0,3.0,Jhenaidah,Khulna,764.48,378.7
2015.0,3.0,Khulna,Khulna,556.68,275.8
2015.0,3.0,Kushtia,Khulna,114.85,56.9
2015.0,3.0,Magura,Khulna,490.21,242.9
2015.0,3.0,Meherpur,Khulna,341.85,169.4
2015.0,3.0,Narail,Khulna,29.63,14.7
2015.0,3.0,Satkhira,Khulna,900.43,446.1
2015.0,3.0,Habiganj,Sylhet,1902.66,942.6
2015.0,3.0,Maulvibazar,Sylhet,1267.83,628.1
2015.0,3.0,Sunamganj,Sylhet,1911.11,946.8
2015.0,3.0,Sylhet,Sylhet,2377.08,1177.7
2015.0,3.0,Bogra,Rajshahi,575.69,285.2
2015.0,3.0,Joypurhat,Rajshahi,708.11,350.8
2015.0,3.0,Naogaon,Rajshahi,2033.66,1007.5
2015.0,3.0,Natore,Rajshahi,775.31,384.1
2015.0,3.0,Nawabganj,Rajshahi,484.02,239.8
2015.0,3.0,Pabna,Rajshahi,1094.4,542.2
2015.0,3.0,Rajshahi,Rajshahi,163.46,81.0
2015.0,3.0,Sirajganj,Rajshahi,319.47,158.3
2015.0,3.0,Dinajpur,Rangpur,1846.43,914.8
2015.0,3.0,Gaibandha,Rangpur,270.42,134.0
2015.0,3.0,Kurigram,Rangpur,597.79,296.2
2015.0,3.0,Lalmonirhat,Rangpur,186.91,92.6
2015.0,3.0,Nilphamari,Rangpur,856.56,424.4
2015.0,3.0,Panchagarh,Rangpur,863.05,427.6
2015.0,3.0,Rangpur,Rangpur,1647.1,816.0
2015.0,3.0,Thakurgaon,Rangpur,1369.12,678.3
2015.0,3.0,Barguna,Barisal,153.83,76.2
2015.0,4.0,Barisal,Barisal,377.13,186.8
2015.0,4.0,Bhola,Barisal,624.64,309.5
2015.0,4.0,Jhalokati,Barisal,31.48,15.6
2015.0,4.0,Patuakhali,Barisal,211.45,104.8
2015.0,4.0,Pirojpur,Barisal,90.47,44.8
2015.0,4.0,Bandarban,Chittagong,784.36,388.6
2015.0,4.0,Brahamanbaria,Chittagong,344.49,170.7
2015.0,4.0,Chandpur,Chittagong,232.74,115.3
2015.0,4.0,Chittagong,Chittagong,757.6,375.3
2015.0,4.0,Comilla,Chittagong,886.31,439.1
2015.0,4.0,Cox's Bazar,Chittagong,494.3,244.9
2015.0,4.0,Feni,Chittagong,243.32,120.5
2015.0,4.0,Khagrachhari,Chittagong,587.34,291.0
2015.0,4.0,Lakshmipur,Chittagong,280.37,138.9
2015.0,4.0,Noakhali,Chittagong,100.74,49.9
2015.0,4.0,Rangamati,Chittagong,278.27,137.9
2015.0,4.0,Dhaka,Dhaka,667.55,330.7
2015.0,4.0,Faridpur,Dhaka,189.92,94.1
2015.0,4.0,Gazipur,Dhaka,524.16,259.7
2015.0,4.0,Gopalganj,Dhaka,511.86,253.6
2015.0,4.0,Jamalpur,Dhaka,798.39,395.5
2015.0,4.0,Kishoreganj,Dhaka,352.06,174.4
2015.0,4.0,Madaripur,Dhaka,43.95,21.8
2015.0,4.0,Manikganj,Dhaka,132.59,65.7
2015.0,4.0,Munshiganj,Dhaka,72.86,36.1
2015.0,4.0,Mymensingh,Dhaka,1612.86,799.1
2015.0,4.0,Narayanganj,Dhaka,293.31,145.3
2015.0,4.0,Narsingdi,Dhaka,184.07,91.2
2015.0,4.0,Netrakona,Dhaka,975.07,483.1
2015.0,4.0,Rajbari,Dhaka,105.46,52.2
2015.0,4.0,Shariatpur,Dhaka,137.77,68.3
2015.0,4.0,Sherpur,Dhaka,869.75,430.9
2015.0,4.0,Tangail,Dhaka,1322.37,655.1
2015.0,4.0,Bagerhat,Khulna,586.55,290.6
2015.0,4.0,Chuadanga,Khulna,320.87,159.0
2015.0,4.0,Jessore,Khulna,144.59,71.6
2015.0,4.0,Jhenaidah,Khulna,514.4,254.9
2015.0,4.0,Khulna,Khulna,470.66,233.2
2015.0,4.0,Kushtia,Khulna,126.19,62.5
2015.0,4.0,Magura,Khulna,231.81,114.8
2015.0,4.0,Meherpur,Khulna,325.35,161.2
2015.0,4.0,Narail,Khulna,24.08,11.9
2015.0,4.0,Satkhira,Khulna,744.33,368.8
2015.0,4.0,Habiganj,Sylhet,674.4,334.1
2015.0,4.0,Maulvibazar,Sylhet,374.21,185.4
2015.0,4.0,Sunamganj,Sylhet,332.7,164.8
2015.0,4.0,Sylhet,Sylhet,479.07,237.3
2015.0,4.0,Bogra,Rajshahi,506.31,250.8
2015.0,4.0,Joypurhat,Rajshahi,591.54,293.1
2015.0,4.0,Naogaon,Rajshahi,1470.39,728.5
2015.0,4.0,Natore,Rajshahi,489.96,242.7
2015.0,4.0,Nawabganj,Rajshahi,407.83,202.1
2015.0,4.0,Pabna,Rajshahi,752.01,372.6
2015.0,4.0,Rajshahi,Rajshahi,334.16,165.6
2015.0,4.0,Sirajganj,Rajshahi,198.12,98.2
2015.0,4.0,Dinajpur,Rangpur,1967.83,974.9
2015.0,4.0,Gaibandha,Rangpur,179.64,89.0
2015.0,4.0,Kurigram,Rangpur,326.89,162.0
2015.0,4.0,Lalmonirhat,Rangpur,291.95,144.6
2015.0,4.0,Nilphamari,Rangpur,771.98,382.5
2015.0,4.0,Panchagarh,Rangpur,373.04,184.8
2015.0,4.0,Rangpur,Rangpur,1775.38,879.6
2015.0,4.0,Thakurgaon,Rangpur,769.35,381.2
2015.0,4.0,Barguna,Barisal,155.84,77.2
2015.0,5.0,Barisal,Barisal,459.88,227.8
2015.0,5.0,Bhola,Barisal,653.86,323.9
2015.0,5.0,Jhalokati,Barisal,45.46,22.5
2015.0,5.0,Patuakhali,Barisal,234.56,116.2
2015.0,5.0,Pirojpur,Barisal,102.53,50.8
2015.0,5.0,Bandarban,Chittagong,1657.0,820.9
2015.0,5.0,Brahamanbaria,Chittagong,120.6,59.7
2015.0,5.0,Chandpur,Chittagong,257.45,127.5
2015.0,5.0,Chittagong,Chittagong,842.9,417.6
2015.0,5.0,Comilla,Chittagong,681.01,337.4
2015.0,5.0,Cox's Bazar,Chittagong,437.66,216.8
2015.0,5.0,Feni,Chittagong,229.63,113.8
2015.0,5.0,Khagrachhari,Chittagong,724.83,359.1
2015.0,5.0,Lakshmipur,Chittagong,288.75,143.1
2015.0,5.0,Noakhali,Chittagong,96.61,47.9
2015.0,5.0,Rangamati,Chittagong,288.28,142.8
2015.0,5.0,Dhaka,Dhaka,713.09,353.3
2015.0,5.0,Faridpur,Dhaka,117.61,58.3
2015.0,5.0,Gazipur,Dhaka,575.88,285.3
2015.0,5.0,Gopalganj,Dhaka,405.54,200.9
2015.0,5.0,Jamalpur,Dhaka,134.4,66.6
2015.0,5.0,Kishoreganj,Dhaka,400.94,198.6
2015.0,5.0,Madaripur,Dhaka,55.26,27.4
2015.0,5.0,Manikganj,Dhaka,152.4,75.5
2015.0,5.0,Munshiganj,Dhaka,82.12,40.7
2015.0,5.0,Mymensingh,Dhaka,1336.43,662.1
2015.0,5.0,Narayanganj,Dhaka,68.54,34.0
2015.0,5.0,Narsingdi,Dhaka,72.51,35.9
2015.0,5.0,Netrakona,Dhaka,546.33,270.7
2015.0,5.0,Rajbari,Dhaka,126.66,62.8
2015.0,5.0,Shariatpur,Dhaka,179.89,89.1
2015.0,5.0,Sherpur,Dhaka,549.03,272.0
2015.0,5.0,Tangail,Dhaka,484.53,240.1
2015.0,5.0,Bagerhat,Khulna,855.23,423.7
2015.0,5.0,Chuadanga,Khulna,38.32,19.0
2015.0,5.0,Jessore,Khulna,237.79,117.8
2015.0,5.0,Jhenaidah,Khulna,219.57,108.8
2015.0,5.0,Khulna,Khulna,555.96,275.4
2015.0,5.0,Kushtia,Khulna,104.06,51.6
2015.0,5.0,Magura,Khulna,100.49,49.8
2015.0,5.0,Meherpur,Khulna,37.4,18.5
2015.0,5.0,Narail,Khulna,28.94,14.3
2015.0,5.0,Satkhira,Khulna,916.73,454.2
2015.0,5.0,Habiganj,Sylhet,538.75,266.9
2015.0,5.0,Maulvibazar,Sylhet,344.36,170.6
2015.0,5.0,Sunamganj,Sylhet,1317.73,652.8
2015.0,5.0,Sylhet,Sylhet,522.46,258.8
2015.0,5.0,Bogra,Rajshahi,166.43,82.5
2015.0,5.0,Joypurhat,Rajshahi,430.38,213.2
2015.0,5.0,Naogaon,Rajshahi,1233.17,611.0
2015.0,5.0,Natore,Rajshahi,205.97,102.0
2015.0,5.0,Nawabganj,Rajshahi,133.76,66.3
2015.0,5.0,Pabna,Rajshahi,148.9,73.8
2015.0,5.0,Rajshahi,Rajshahi,139.18,69.0
2015.0,5.0,Sirajganj,Rajshahi,278.57,138.0
2015.0,5.0,Dinajpur,Rangpur,596.09,295.3
2015.0,5.0,Gaibandha,Rangpur,228.84,113.4
2015.0,5.0,Kurigram,Rangpur,399.07,197.7
2015.0,5.0,Lalmonirhat,Rangpur,84.64,41.9
2015.0,5.0,Nilphamari,Rangpur,413.07,204.6
2015.0,5.0,Panchagarh,Rangpur,317.01,157.1
2015.0,5.0,Rangpur,Rangpur,513.98,254.6
2015.0,5.0,Thakurgaon,Rangpur,391.94,194.2
2015.0,5.0,Barguna,Barisal,165.48,82.0
2015.0,6.0,Barisal,Barisal,696.57,345.1
2015.0,6.0,Bhola,Barisal,830.3,411.4
2015.0,6.0,Jhalokati,Barisal,246.46,122.1
2015.0,6.0,Patuakhali,Barisal,702.05,347.8
2015.0,6.0,Pirojpur,Barisal,441.53,218.7
2015.0,6.0,Bandarban,Chittagong,2206.91,1093.4
2015.0,6.0,Brahamanbaria,Chittagong,731.46,362.4
2015.0,6.0,Chandpur,Chittagong,348.38,172.6
2015.0,6.0,Chittagong,Chittagong,1545.88,765.9
2015.0,6.0,Comilla,Chittagong,814.33,403.4
2015.0,6.0,Cox's Bazar,Chittagong,337.02,167.0
2015.0,6.0,Feni,Chittagong,318.99,158.0
2015.0,6.0,Khagrachhari,Chittagong,1158.9,574.2
2015.0,6.0,Lakshmipur,Chittagong,329.02,163.0
2015.0,6.0,Noakhali,Chittagong,331.52,164.2
2015.0,6.0,Rangamati,Chittagong,323.44,160.2
2015.0,6.0,Dhaka,Dhaka,547.08,271.0
2015.0,6.0,Faridpur,Dhaka,148.11,73.4
2015.0,6.0,Gazipur,Dhaka,350.41,173.6
2015.0,6.0,Gopalganj,Dhaka,522.48,258.9
2015.0,6.0,Jamalpur,Dhaka,221.41,109.7
2015.0,6.0,Kishoreganj,Dhaka,1495.53,740.9
2015.0,6.0,Madaripur,Dhaka,129.95,64.4
2015.0,6.0,Manikganj,Dhaka,130.99,64.9
2015.0,6.0,Munshiganj,Dhaka,177.95,88.2
2015.0,6.0,Mymensingh,Dhaka,1313.55,650.8
2015.0,6.0,Narayanganj,Dhaka,103.72,51.4
2015.0,6.0,Narsingdi,Dhaka,217.69,107.9
2015.0,6.0,Netrakona,Dhaka,1186.23,587.7
2015.0,6.0,Rajbari,Dhaka,131.05,64.9
2015.0,6.0,Shariatpur,Dhaka,231.7,114.8
2015.0,6.0,Sherpur,Dhaka,432.57,214.3
2015.0,6.0,Tangail,Dhaka,390.89,193.7
2015.0,6.0,Bagerhat,Khulna,1253.05,620.8
2015.0,6.0,Chuadanga,Khulna,437.88,216.9
2015.0,6.0,Jessore,Khulna,278.81,138.1
2015.0,6.0,Jhenaidah,Khulna,558.76,276.8
2015.0,6.0,Khulna,Khulna,745.49,369.3
2015.0,6.0,Kushtia,Khulna,114.94,56.9
2015.0,6.0,Magura,Khulna,35.99,17.8
2015.0,6.0,Meherpur,Khulna,205.99,102.1
2015.0,6.0,Narail,Khulna,77.4,38.3
2015.0,6.0,Satkhira,Khulna,1114.32,552.1
2015.0,6.0,Habiganj,Sylhet,889.85,440.9
2015.0,6.0,Maulvibazar,Sylhet,389.12,192.8
2015.0,6.0,Sunamganj,Sylhet,2282.7,1130.9
2015.0,6.0,Sylhet,Sylhet,1206.97,598.0
2015.0,6.0,Bogra,Rajshahi,188.9,93.6
2015.0,6.0,Joypurhat,Rajshahi,292.41,144.9
2015.0,6.0,Naogaon,Rajshahi,945.42,468.4
2015.0,6.0,Natore,Rajshahi,136.07,67.4
2015.0,6.0,Nawabganj,Rajshahi,111.18,55.1
2015.0,6.0,Pabna,Rajshahi,272.83,135.2
2015.0,6.0,Rajshahi,Rajshahi,156.92,77.7
2015.0,6.0,Sirajganj,Rajshahi,467.51,231.6
2015.0,6.0,Dinajpur,Rangpur,986.73,488.9
2015.0,6.0,Gaibandha,Rangpur,330.75,163.9
2015.0,6.0,Kurigram,Rangpur,525.51,260.4
2015.0,6.0,Lalmonirhat,Rangpur,78.39,38.8
2015.0,6.0,Nilphamari,Rangpur,343.83,170.3
2015.0,6.0,Panchagarh,Rangpur,489.85,242.7
2015.0,6.0,Rangpur,Rangpur,789.59,391.2
2015.0,6.0,Thakurgaon,Rangpur,766.05,379.5
2015.0,6.0,Barguna,Barisal,568.25,281.5
2015.0,7.0,Barisal,Barisal,578.81,286.8
2015.0,7.0,Bhola,Barisal,726.95,360.2
2015.0,7.0,Jhalokati,Barisal,150.95,74.8
2015.0,7.0,Patuakhali,Barisal,524.76,260.0
2015.0,7.0,Pirojpur,Barisal,262.93,130.3
2015.0,7.0,Bandarban,Chittagong,1632.33,808.7
2015.0,7.0,Brahamanbaria,Chittagong,631.12,312.7
2015.0,7.0,Chandpur,Chittagong,340.6,168.7
2015.0,7.0,Chittagong,Chittagong,1203.94,596.5
2015.0,7.0,Comilla,Chittagong,594.35,294.5
2015.0,7.0,Cox's Bazar,Chittagong,398.42,197.4
2015.0,7.0,Feni,Chittagong,242.95,120.4
2015.0,7.0,Khagrachhari,Chittagong,1373.33,680.4
2015.0,7.0,Lakshmipur,Chittagong,318.07,157.6
2015.0,7.0,Noakhali,Chittagong,377.2,186.9
2015.0,7.0,Rangamati,Chittagong,320.06,158.6
2015.0,7.0,Dhaka,Dhaka,153.69,76.1
2015.0,7.0,Faridpur,Dhaka,186.2,92.2
2015.0,7.0,Gazipur,Dhaka,223.02,110.5
2015.0,7.0,Gopalganj,Dhaka,353.47,175.1
2015.0,7.0,Jamalpur,Dhaka,174.38,86.4
2015.0,7.0,Kishoreganj,Dhaka,1359.45,673.5
2015.0,7.0,Madaripur,Dhaka,91.37,45.3
2015.0,7.0,Manikganj,Dhaka,222.42,110.2
2015.0,7.0,Munshiganj,Dhaka,145.57,72.1
2015.0,7.0,Mymensingh,Dhaka,1505.03,745.6
2015.0,7.0,Narayanganj,Dhaka,77.45,38.4
2015.0,7.0,Narsingdi,Dhaka,190.29,94.3
2015.0,7.0,Netrakona,Dhaka,1074.72,532.5
2015.0,7.0,Rajbari,Dhaka,157.94,78.2
2015.0,7.0,Shariatpur,Dhaka,223.63,110.8
2015.0,7.0,Sherpur,Dhaka,321.37,159.2
2015.0,7.0,Tangail,Dhaka,368.94,182.8
2015.0,7.0,Bagerhat,Khulna,1337.97,662.9
2015.0,7.0,Chuadanga,Khulna,213.04,105.5
2015.0,7.0,Jessore,Khulna,343.16,170.0
2015.0,7.0,Jhenaidah,Khulna,263.23,130.4
2015.0,7.0,Khulna,Khulna,1263.96,626.2
2015.0,7.0,Kushtia,Khulna,138.94,68.8
2015.0,7.0,Magura,Khulna,138.91,68.8
2015.0,7.0,Meherpur,Khulna,111.5,55.2
2015.0,7.0,Narail,Khulna,184.33,91.3
2015.0,7.0,Satkhira,Khulna,1259.51,624.0
2015.0,7.0,Habiganj,Sylhet,793.58,393.2
2015.0,7.0,Maulvibazar,Sylhet,500.29,247.9
2015.0,7.0,Sunamganj,Sylhet,2031.68,1006.6
2015.0,7.0,Sylhet,Sylhet,563.76,279.3
2015.0,7.0,Bogra,Rajshahi,535.41,265.3
2015.0,7.0,Joypurhat,Rajshahi,431.57,213.8
2015.0,7.0,Naogaon,Rajshahi,1435.73,711.3
2015.0,7.0,Natore,Rajshahi,337.16,167.0
2015.0,7.0,Nawabganj,Rajshahi,228.93,113.4
2015.0,7.0,Pabna,Rajshahi,364.88,180.8
2015.0,7.0,Rajshahi,Rajshahi,505.34,250.4
2015.0,7.0,Sirajganj,Rajshahi,545.68,270.3
2015.0,7.0,Dinajpur,Rangpur,1221.59,605.2
2015.0,7.0,Gaibandha,Rangpur,296.73,147.0
2015.0,7.0,Kurigram,Rangpur,517.2,256.2
2015.0,7.0,Lalmonirhat,Rangpur,258.09,127.9
2015.0,7.0,Nilphamari,Rangpur,648.63,321.4
2015.0,7.0,Panchagarh,Rangpur,411.35,203.8
2015.0,7.0,Rangpur,Rangpur,925.12,458.3
2015.0,7.0,Thakurgaon,Rangpur,414.34,205.3
2015.0,7.0,Barguna,Barisal,290.46,143.9
2015.0,8.0,Barisal,Barisal,461.69,228.7
2015.0,8.0,Bhola,Barisal,655.71,324.9
2015.0,8.0,Jhalokati,Barisal,88.5,43.8
2015.0,8.0,Patuakhali,Barisal,477.33,236.5
2015.0,8.0,Pirojpur,Barisal,201.14,99.7
2015.0,8.0,Bandarban,Chittagong,1355.2,671.4
2015.0,8.0,Brahamanbaria,Chittagong,549.34,272.2
2015.0,8.0,Chandpur,Chittagong,310.67,153.9
2015.0,8.0,Chittagong,Chittagong,1491.6,739.0
2015.0,8.0,Comilla,Chittagong,616.83,305.6
2015.0,8.0,Cox's Bazar,Chittagong,461.45,228.6
2015.0,8.0,Feni,Chittagong,257.3,127.5
2015.0,8.0,Khagrachhari,Chittagong,775.94,384.4
2015.0,8.0,Lakshmipur,Chittagong,336.77,166.8
2015.0,8.0,Noakhali,Chittagong,368.9,182.8
2015.0,8.0,Rangamati,Chittagong,490.13,242.8
2015.0,8.0,Dhaka,Dhaka,151.29,75.0
2015.0,8.0,Faridpur,Dhaka,360.32,178.5
2015.0,8.0,Gazipur,Dhaka,272.39,135.0
2015.0,8.0,Gopalganj,Dhaka,227.95,112.9
2015.0,8.0,Jamalpur,Dhaka,250.59,124.2
2015.0,8.0,Kishoreganj,Dhaka,1225.62,607.2
2015.0,8.0,Madaripur,Dhaka,93.51,46.3
2015.0,8.0,Manikganj,Dhaka,260.14,128.9
2015.0,8.0,Munshiganj,Dhaka,123.74,61.3
2015.0,8.0,Mymensingh,Dhaka,1541.04,763.5
2015.0,8.0,Narayanganj,Dhaka,82.05,40.7
2015.0,8.0,Narsingdi,Dhaka,183.29,90.8
2015.0,8.0,Netrakona,Dhaka,612.88,303.6
2015.0,8.0,Rajbari,Dhaka,246.99,122.4
2015.0,8.0,Shariatpur,Dhaka,219.14,108.6
2015.0,8.0,Sherpur,Dhaka,428.72,212.4
2015.0,8.0,Tangail,Dhaka,382.0,189.3
2015.0,8.0,Bagerhat,Khulna,1295.81,642.0
2015.0,8.0,Chuadanga,Khulna,341.65,169.3
2015.0,8.0,Jessore,Khulna,463.9,229.8
2015.0,8.0,Jhenaidah,Khulna,372.49,184.5
2015.0,8.0,Khulna,Khulna,1449.41,718.1
2015.0,8.0,Kushtia,Khulna,171.19,84.8
2015.0,8.0,Magura,Khulna,169.35,83.9
2015.0,8.0,Meherpur,Khulna,255.46,126.6
2015.0,8.0,Narail,Khulna,127.6,63.2
2015.0,8.0,Satkhira,Khulna,1438.45,712.7
2015.0,8.0,Habiganj,Sylhet,606.26,300.4
2015.0,8.0,Maulvibazar,Sylhet,429.35,212.7
2015.0,8.0,Sunamganj,Sylhet,1537.54,761.7
2015.0,8.0,Sylhet,Sylhet,1085.71,537.9
2015.0,8.0,Bogra,Rajshahi,438.48,217.2
2015.0,8.0,Joypurhat,Rajshahi,582.31,288.5
2015.0,8.0,Naogaon,Rajshahi,454.02,224.9
2015.0,8.0,Natore,Rajshahi,294.62,146.0
2015.0,8.0,Nawabganj,Rajshahi,170.86,84.6
2015.0,8.0,Pabna,Rajshahi,478.63,237.1
2015.0,8.0,Rajshahi,Rajshahi,257.26,127.5
2015.0,8.0,Sirajganj,Rajshahi,601.35,297.9
2015.0,8.0,Dinajpur,Rangpur,1301.18,644.6
2015.0,8.0,Gaibandha,Rangpur,304.37,150.8
2015.0,8.0,Kurigram,Rangpur,571.5,283.1
2015.0,8.0,Lalmonirhat,Rangpur,313.22,155.2
2015.0,8.0,Nilphamari,Rangpur,709.36,351.4
2015.0,8.0,Panchagarh,Rangpur,518.05,256.7
2015.0,8.0,Rangpur,Rangpur,1222.06,605.4
2015.0,8.0,Thakurgaon,Rangpur,952.63,472.0
2015.0,8.0,Barguna,Barisal,219.69,108.8
2015.0,9.0,Barisal,Barisal,618.4,306.4
2015.0,9.0,Bhola,Barisal,775.83,384.4
2015.0,9.0,Jhalokati,Barisal,176.06,87.2
2015.0,9.0,Patuakhali,Barisal,382.71,189.6
2015.0,9.0,Pirojpur,Barisal,318.12,157.6
2015.0,9.0,Bandarban,Chittagong,2094.64,1037.8
2015.0,9.0,Brahamanbaria,Chittagong,706.02,349.8
2015.0,9.0,Chandpur,Chittagong,314.83,156.0
2015.0,9.0,Chittagong,Chittagong,1012.44,501.6
2015.0,9.0,Comilla,Chittagong,806.07,399.4
2015.0,9.0,Cox's Bazar,Chittagong,146.24,72.5
2015.0,9.0,Feni,Chittagong,236.05,116.9
2015.0,9.0,Khagrachhari,Chittagong,701.79,347.7
2015.0,9.0,Lakshmipur,Chittagong,320.95,159.0
2015.0,9.0,Noakhali,Chittagong,173.26,85.8
2015.0,9.0,Rangamati,Chittagong,515.94,255.6
2015.0,9.0,Dhaka,Dhaka,147.18,72.9
2015.0,9.0,Faridpur,Dhaka,302.56,149.9
2015.0,9.0,Gazipur,Dhaka,199.16,98.7
2015.0,9.0,Gopalganj,Dhaka,278.33,137.9
2015.0,9.0,Jamalpur,Dhaka,298.1,147.7
2015.0,9.0,Kishoreganj,Dhaka,1464.23,725.4
2015.0,9.0,Madaripur,Dhaka,99.04,49.1
2015.0,9.0,Manikganj,Dhaka,284.88,141.1
2015.0,9.0,Munshiganj,Dhaka,134.4,66.6
2015.0,9.0,Mymensingh,Dhaka,1490.27,738.3
2015.0,9.0,Narayanganj,Dhaka,91.33,45.2
2015.0,9.0,Narsingdi,Dhaka,208.07,103.1
2015.0,9.0,Netrakona,Dhaka,980.16,485.6
2015.0,9.0,Rajbari,Dhaka,210.37,104.2
2015.0,9.0,Shariatpur,Dhaka,233.53,115.7
2015.0,9.0,Sherpur,Dhaka,334.65,165.8
2015.0,9.0,Tangail,Dhaka,399.87,198.1
2015.0,9.0,Bagerhat,Khulna,1240.75,614.7
2015.0,9.0,Chuadanga,Khulna,386.3,191.4
2015.0,9.0,Jessore,Khulna,260.94,129.3
2015.0,9.0,Jhenaidah,Khulna,471.47,233.6
2015.0,9.0,Khulna,Khulna,1352.7,670.2
2015.0,9.0,Kushtia,Khulna,117.49,58.2
2015.0,9.0,Magura,Khulna,102.59,50.8
2015.0,9.0,Meherpur,Khulna,186.35,92.3
2015.0,9.0,Narail,Khulna,102.08,50.6
2015.0,9.0,Satkhira,Khulna,1160.62,575.0
2015.0,9.0,Habiganj,Sylhet,691.22,342.5
2015.0,9.0,Maulvibazar,Sylhet,407.4,201.8
2015.0,9.0,Sunamganj,Sylhet,2238.13,1108.8
2015.0,9.0,Sylhet,Sylhet,1154.44,571.9
2015.0,9.0,Bogra,Rajshahi,357.18,177.0
2015.0,9.0,Joypurhat,Rajshahi,605.7,300.1
2015.0,9.0,Naogaon,Rajshahi,295.02,146.2
2015.0,9.0,Natore,Rajshahi,227.84,112.9
2015.0,9.0,Nawabganj,Rajshahi,0.0,0.0
2015.0,9.0,Pabna,Rajshahi,478.93,237.3
2015.0,9.0,Rajshahi,Rajshahi,44.29,21.9
2015.0,9.0,Sirajganj,Rajshahi,702.16,347.9
2015.0,9.0,Dinajpur,Rangpur,663.93,328.9
2015.0,9.0,Gaibandha,Rangpur,471.27,233.5
2015.0,9.0,Kurigram,Rangpur,582.87,288.8
2015.0,9.0,Lalmonirhat,Rangpur,168.41,83.4
2015.0,9.0,Nilphamari,Rangpur,294.44,145.9
2015.0,9.0,Panchagarh,Rangpur,76.36,37.8
2015.0,9.0,Rangpur,Rangpur,1507.46,746.8
2015.0,9.0,Thakurgaon,Rangpur,1.36,0.7
2015.0,9.0,Barguna,Barisal,286.62,142.0
2015.0,10.0,Barisal,Barisal,456.76,226.3
2015.0,10.0,Bhola,Barisal,674.05,333.9
2015.0,10.0,Jhalokati,Barisal,34.89,17.3
2015.0,10.0,Patuakhali,Barisal,224.64,111.3
2015.0,10.0,Pirojpur,Barisal,93.23,46.2
2015.0,10.0,Bandarban,Chittagong,2370.06,1174.2
2015.0,10.0,Brahamanbaria,Chittagong,352.08,174.4
2015.0,10.0,Chandpur,Chittagong,276.83,137.2
2015.0,10.0,Chittagong,Chittagong,1320.84,654.4
2015.0,10.0,Comilla,Chittagong,798.73,395.7
2015.0,10.0,Cox's Bazar,Chittagong,261.02,129.3
2015.0,10.0,Feni,Chittagong,278.15,137.8
2015.0,10.0,Khagrachhari,Chittagong,1047.09,518.8
2015.0,10.0,Lakshmipur,Chittagong,293.01,145.2
2015.0,10.0,Noakhali,Chittagong,120.4,59.7
2015.0,10.0,Rangamati,Chittagong,478.15,236.9
2015.0,10.0,Dhaka,Dhaka,117.69,58.3
2015.0,10.0,Faridpur,Dhaka,177.06,87.7
2015.0,10.0,Gazipur,Dhaka,157.44,78.0
2015.0,10.0,Gopalganj,Dhaka,101.85,50.5
2015.0,10.0,Jamalpur,Dhaka,172.77,85.6
2015.0,10.0,Kishoreganj,Dhaka,1025.1,507.9
2015.0,10.0,Madaripur,Dhaka,75.36,37.3
2015.0,10.0,Manikganj,Dhaka,209.08,103.6
2015.0,10.0,Munshiganj,Dhaka,111.14,55.1
2015.0,10.0,Mymensingh,Dhaka,2070.96,1026.0
2015.0,10.0,Narayanganj,Dhaka,64.74,32.1
2015.0,10.0,Narsingdi,Dhaka,110.95,55.0
2015.0,10.0,Netrakona,Dhaka,562.02,278.4
2015.0,10.0,Rajbari,Dhaka,141.01,69.9
2015.0,10.0,Shariatpur,Dhaka,193.46,95.8
2015.0,10.0,Sherpur,Dhaka,681.16,337.5
2015.0,10.0,Tangail,Dhaka,200.84,99.5
2015.0,10.0,Bagerhat,Khulna,934.69,463.1
2015.0,10.0,Chuadanga,Khulna,299.97,148.6
2015.0,10.0,Jessore,Khulna,408.38,202.3
2015.0,10.0,Jhenaidah,Khulna,621.32,307.8
2015.0,10.0,Khulna,Khulna,763.5,378.3
2015.0,10.0,Kushtia,Khulna,102.37,50.7
2015.0,10.0,Magura,Khulna,48.42,24.0
2015.0,10.0,Meherpur,Khulna,162.06,80.3
2015.0,10.0,Narail,Khulna,66.67,33.0
2015.0,10.0,Satkhira,Khulna,1165.97,577.7
2015.0,10.0,Habiganj,Sylhet,335.93,166.4
2015.0,10.0,Maulvibazar,Sylhet,234.16,116.0
2015.0,10.0,Sunamganj,Sylhet,1575.51,780.6
2015.0,10.0,Sylhet,Sylhet,372.71,184.7
2015.0,10.0,Bogra,Rajshahi,257.23,127.4
2015.0,10.0,Joypurhat,Rajshahi,741.54,367.4
2015.0,10.0,Naogaon,Rajshahi,1020.72,505.7
2015.0,10.0,Natore,Rajshahi,181.83,90.1
2015.0,10.0,Nawabganj,Rajshahi,93.67,46.4
2015.0,10.0,Pabna,Rajshahi,338.84,167.9
2015.0,10.0,Rajshahi,Rajshahi,222.89,110.4
2015.0,10.0,Sirajganj,Rajshahi,427.36,211.7
2015.0,10.0,Dinajpur,Rangpur,2629.52,1302.8
2015.0,10.0,Gaibandha,Rangpur,230.94,114.4
2015.0,10.0,Kurigram,Rangpur,370.87,183.7
2015.0,10.0,Lalmonirhat,Rangpur,602.51,298.5
2015.0,10.0,Nilphamari,Rangpur,999.08,495.0
2015.0,10.0,Panchagarh,Rangpur,899.56,445.7
2015.0,10.0,Rangpur,Rangpur,1630.85,808.0
2015.0,10.0,Thakurgaon,Rangpur,1288.44,638.3
2015.0,10.0,Barguna,Barisal,159.09,78.8
2015.0,11.0,Barisal,Barisal,487.9,241.7
2015.0,11.0,Bhola,Barisal,668.22,331.1
2015.0,11.0,Jhalokati,Barisal,38.61,19.1
2015.0,11.0,Patuakhali,Barisal,213.94,106.0
2015.0,11.0,Pirojpur,Barisal,102.74,50.9
2015.0,11.0,Bandarban,Chittagong,1943.44,962.8
2015.0,11.0,Brahamanbaria,Chittagong,134.84,66.8
2015.0,11.0,Chandpur,Chittagong,263.52,130.6
2015.0,11.0,Chittagong,Chittagong,1029.35,510.0
2015.0,11.0,Comilla,Chittagong,1214.54,601.7
2015.0,11.0,Cox's Bazar,Chittagong,163.85,81.2
2015.0,11.0,Feni,Chittagong,370.61,183.6
2015.0,11.0,Khagrachhari,Chittagong,1008.79,499.8
2015.0,11.0,Lakshmipur,Chittagong,292.33,144.8
2015.0,11.0,Noakhali,Chittagong,111.36,55.2
2015.0,11.0,Rangamati,Chittagong,451.7,223.8
2015.0,11.0,Dhaka,Dhaka,159.68,79.1
2015.0,11.0,Faridpur,Dhaka,127.21,63.0
2015.0,11.0,Gazipur,Dhaka,918.81,455.2
2015.0,11.0,Gopalganj,Dhaka,159.66,79.1
2015.0,11.0,Jamalpur,Dhaka,233.1,115.5
2015.0,11.0,Kishoreganj,Dhaka,287.08,142.2
2015.0,11.0,Madaripur,Dhaka,73.01,36.2
2015.0,11.0,Manikganj,Dhaka,185.99,92.1
2015.0,11.0,Munshiganj,Dhaka,98.14,48.6
2015.0,11.0,Mymensingh,Dhaka,2537.43,1257.1
2015.0,11.0,Narayanganj,Dhaka,53.33,26.4
2015.0,11.0,Narsingdi,Dhaka,72.65,36.0
2015.0,11.0,Netrakona,Dhaka,286.98,142.2
2015.0,11.0,Rajbari,Dhaka,125.57,62.2
2015.0,11.0,Shariatpur,Dhaka,190.33,94.3
2015.0,11.0,Sherpur,Dhaka,916.43,454.0
2015.0,11.0,Tangail,Dhaka,653.43,323.7
2015.0,11.0,Bagerhat,Khulna,947.16,469.3
2015.0,11.0,Chuadanga,Khulna,709.0,351.3
2015.0,11.0,Jessore,Khulna,234.18,116.0
2015.0,11.0,Jhenaidah,Khulna,1091.2,540.6
2015.0,11.0,Khulna,Khulna,994.72,492.8
2015.0,11.0,Kushtia,Khulna,129.13,64.0
2015.0,11.0,Magura,Khulna,25.86,12.8
2015.0,11.0,Meherpur,Khulna,345.74,171.3
2015.0,11.0,Narail,Khulna,66.96,33.2
2015.0,11.0,Satkhira,Khulna,1340.5,664.1
2015.0,11.0,Habiganj,Sylhet,389.37,192.9
2015.0,11.0,Maulvibazar,Sylhet,171.5,85.0
2015.0,11.0,Sunamganj,Sylhet,1023.42,507.0
2015.0,11.0,Sylhet,Sylhet,369.56,183.1
2015.0,11.0,Bogra,Rajshahi,316.54,156.8
2015.0,11.0,Joypurhat,Rajshahi,787.63,390.2
2015.0,11.0,Naogaon,Rajshahi,363.49,180.1
2015.0,11.0,Natore,Rajshahi,145.05,71.9
2015.0,11.0,Nawabganj,Rajshahi,0.0,0.0
2015.0,11.0,Pabna,Rajshahi,183.21,90.8
2015.0,11.0,Rajshahi,Rajshahi,30.02,14.9
2015.0,11.0,Sirajganj,Rajshahi,351.58,174.2
2015.0,11.0,Dinajpur,Rangpur,1500.76,743.5
2015.0,11.0,Gaibandha,Rangpur,251.41,124.6
2015.0,11.0,Kurigram,Rangpur,425.25,210.7
2015.0,11.0,Lalmonirhat,Rangpur,761.25,377.1
2015.0,11.0,Nilphamari,Rangpur,722.13,357.8
2015.0,11.0,Panchagarh,Rangpur,157.11,77.8
2015.0,11.0,Rangpur,Rangpur,1877.34,930.1
2015.0,11.0,Thakurgaon,Rangpur,9.75,4.8
2015.0,11.0,Barguna,Barisal,156.57,77.6
2015.0,12.0,Barisal,Barisal,445.51,220.7
2015.0,12.0,Bhola,Barisal,666.83,330.4
2015.0,12.0,Jhalokati,Barisal,35.81,17.7
2015.0,12.0,Patuakhali,Barisal,224.07,111.0
2015.0,12.0,Pirojpur,Barisal,104.71,51.9
2015.0,12.0,Bandarban,Chittagong,2815.83,1395.1
2015.0,12.0,Brahamanbaria,Chittagong,972.27,481.7
2015.0,12.0,Chandpur,Chittagong,246.63,122.2
2015.0,12.0,Chittagong,Chittagong,2152.63,1066.5
2015.0,12.0,Comilla,Chittagong,1902.4,942.5
2015.0,12.0,Cox's Bazar,Chittagong,879.03,435.5
2015.0,12.0,Feni,Chittagong,547.5,271.2
2015.0,12.0,Khagrachhari,Chittagong,1958.2,970.2
2015.0,12.0,Lakshmipur,Chittagong,291.65,144.5
2015.0,12.0,Noakhali,Chittagong,156.02,77.3
2015.0,12.0,Rangamati,Chittagong,508.89,252.1
2015.0,12.0,Dhaka,Dhaka,968.49,479.8
2015.0,12.0,Faridpur,Dhaka,117.69,58.3
2015.0,12.0,Gazipur,Dhaka,1408.04,697.6
2015.0,12.0,Gopalganj,Dhaka,310.61,153.9
2015.0,12.0,Jamalpur,Dhaka,398.33,197.3
2015.0,12.0,Kishoreganj,Dhaka,192.56,95.4
2015.0,12.0,Madaripur,Dhaka,84.59,41.9
2015.0,12.0,Manikganj,Dhaka,175.16,86.8
2015.0,12.0,Munshiganj,Dhaka,84.9,42.1
2015.0,12.0,Mymensingh,Dhaka,3337.71,1653.6
2015.0,12.0,Narayanganj,Dhaka,439.04,217.5
2015.0,12.0,Narsingdi,Dhaka,64.93,32.2
2015.0,12.0,Netrakona,Dhaka,748.0,370.6
2015.0,12.0,Rajbari,Dhaka,125.15,62.0
2015.0,12.0,Shariatpur,Dhaka,173.63,86.0
2015.0,12.0,Sherpur,Dhaka,1117.51,553.7
2015.0,12.0,Tangail,Dhaka,2055.95,1018.6
2015.0,12.0,Bagerhat,Khulna,929.14,460.3
2015.0,12.0,Chuadanga,Khulna,244.21,121.0
2015.0,12.0,Jessore,Khulna,144.59,71.6
2015.0,12.0,Jhenaidah,Khulna,482.43,239.0
2015.0,12.0,Khulna,Khulna,508.31,251.8
2015.0,12.0,Kushtia,Khulna,109.68,54.3
2015.0,12.0,Magura,Khulna,258.17,127.9
2015.0,12.0,Meherpur,Khulna,260.3,129.0
2015.0,12.0,Narail,Khulna,108.17,53.6
2015.0,12.0,Satkhira,Khulna,0.49,0.2
2015.0,12.0,Habiganj,Sylhet,1078.19,534.2
2015.0,12.0,Maulvibazar,Sylhet,296.26,146.8
2015.0,12.0,Sunamganj,Sylhet,762.11,377.6
2015.0,12.0,Sylhet,Sylhet,982.47,486.7
2015.0,12.0,Bogra,Rajshahi,396.78,196.6
2015.0,12.0,Joypurhat,Rajshahi,595.05,294.8
2015.0,12.0,Naogaon,Rajshahi,2273.8,1126.5
2015.0,12.0,Natore,Rajshahi,328.37,162.7
2015.0,12.0,Nawabganj,Rajshahi,298.97,148.1
2015.0,12.0,Pabna,Rajshahi,192.66,95.5
2015.0,12.0,Rajshahi,Rajshahi,292.65,145.0
2015.0,12.0,Sirajganj,Rajshahi,328.86,162.9
2015.0,12.0,Dinajpur,Rangpur,2760.82,1367.8
2015.0,12.0,Gaibandha,Rangpur,280.78,139.1
2015.0,12.0,Kurigram,Rangpur,435.48,215.8
2015.0,12.0,Lalmonirhat,Rangpur,767.4,380.2
2015.0,12.0,Nilphamari,Rangpur,1068.74,529.5
2015.0,12.0,Panchagarh,Rangpur,885.7,438.8
2015.0,12.0,Rangpur,Rangpur,1823.84,903.6
2015.0,12.0,Thakurgaon,Rangpur,1455.79,721.2
2015.0,12.0,Barguna,Barisal,159.63,79.1
2016.0,1.0,Barisal,Barisal,154.03,76.3
2016.0,1.0,Bhola,Barisal,674.32,334.1
2016.0,1.0,Jhalokati,Barisal,0.0,0.0
2016.0,1.0,Patuakhali,Barisal,114.29,56.6
2016.0,1.0,Pirojpur,Barisal,0.0,0.0
2016.0,1.0,Bandarban,Chittagong,2378.99,1178.6
2016.0,1.0,Brahamanbaria,Chittagong,1214.32,601.6
2016.0,1.0,Chandpur,Chittagong,98.91,49.0
2016.0,1.0,Chittagong,Chittagong,1727.2,855.7
2016.0,1.0,Comilla,Chittagong,1889.71,936.2
2016.0,1.0,Cox's Bazar,Chittagong,709.98,351.7
2016.0,1.0,Feni,Chittagong,473.92,234.8
2016.0,1.0,Khagrachhari,Chittagong,1668.47,826.6
2016.0,1.0,Lakshmipur,Chittagong,293.1,145.2
2016.0,1.0,Noakhali,Chittagong,116.24,57.6
2016.0,1.0,Rangamati,Chittagong,474.99,235.3
2016.0,1.0,Dhaka,Dhaka,0.0,0.0
2016.0,1.0,Faridpur,Dhaka,0.0,0.0
2016.0,1.0,Gazipur,Dhaka,0.0,0.0
2016.0,1.0,Gopalganj,Dhaka,0.0,0.0
2016.0,1.0,Jamalpur,Dhaka,0.0,0.0
2016.0,1.0,Kishoreganj,Dhaka,1245.09,616.9
2016.0,1.0,Madaripur,Dhaka,0.0,0.0
2016.0,1.0,Manikganj,Dhaka,0.0,0.0
2016.0,1.0,Munshiganj,Dhaka,1.52,0.8
2016.0,1.0,Mymensingh,Dhaka,0.0,0.0
2016.0,1.0,Narayanganj,Dhaka,6.58,3.3
2016.0,1.0,Narsingdi,Dhaka,50.05,24.8
2016.0,1.0,Netrakona,Dhaka,652.38,323.2
2016.0,1.0,Rajbari,Dhaka,0.0,0.0
2016.0,1.0,Shariatpur,Dhaka,0.0,0.0
2016.0,1.0,Sherpur,Dhaka,0.0,0.0
2016.0,1.0,Tangail,Dhaka,0.0,0.0
2016.0,1.0,Bagerhat,Khulna,0.0,0.0
2016.0,1.0,Chuadanga,Khulna,0.0,0.0
2016.0,1.0,Jessore,Khulna,0.0,0.0
2016.0,1.0,Jhenaidah,Khulna,0.0,0.0
2016.0,1.0,Khulna,Khulna,0.0,0.0
2016.0,1.0,Kushtia,Khulna,0.0,0.0
2016.0,1.0,Magura,Khulna,0.0,0.0
2016.0,1.0,Meherpur,Khulna,0.0,0.0
2016.0,1.0,Narail,Khulna,0.0,0.0
2016.0,1.0,Satkhira,Khulna,0.0,0.0
2016.0,1.0,Habiganj,Sylhet,1706.17,845.3
2016.0,1.0,Maulvibazar,Sylhet,1036.22,513.4
2016.0,1.0,Sunamganj,Sylhet,687.89,340.8
2016.0,1.0,Sylhet,Sylhet,2086.3,1033.6
2016.0,1.0,Bogra,Rajshahi,157.12,77.8
2016.0,1.0,Joypurhat,Rajshahi,680.93,337.4
2016.0,1.0,Naogaon,Rajshahi,2398.4,1188.2
2016.0,1.0,Natore,Rajshahi,0.0,0.0
2016.0,1.0,Nawabganj,Rajshahi,890.42,441.1
2016.0,1.0,Pabna,Rajshahi,0.0,0.0
2016.0,1.0,Rajshahi,Rajshahi,183.34,90.8
2016.0,1.0,Sirajganj,Rajshahi,0.0,0.0
2016.0,1.0,Dinajpur,Rangpur,2056.42,1018.8
2016.0,1.0,Gaibandha,Rangpur,65.72,32.6
2016.0,1.0,Kurigram,Rangpur,0.0,0.0
2016.0,1.0,Lalmonirhat,Rangpur,205.24,101.7
2016.0,1.0,Nilphamari,Rangpur,325.68,161.4
2016.0,1.0,Panchagarh,Rangpur,1307.02,647.5
2016.0,1.0,Rangpur,Rangpur,520.97,258.1
2016.0,1.0,Thakurgaon,Rangpur,1679.19,831.9
2016.0,1.0,Barguna,Barisal,0.0,0.0
2016.0,2.0,Barisal,Barisal,414.64,205.4
2016.0,2.0,Bhola,Barisal,613.84,304.1
2016.0,2.0,Jhalokati,Barisal,32.74,16.2
2016.0,2.0,Patuakhali,Barisal,207.96,103.0
2016.0,2.0,Pirojpur,Barisal,87.8,43.5
2016.0,2.0,Bandarban,Chittagong,2779.04,1376.8
2016.0,2.0,Brahamanbaria,Chittagong,1175.41,582.3
2016.0,2.0,Chandpur,Chittagong,232.39,115.1
2016.0,2.0,Chittagong,Chittagong,1821.18,902.3
2016.0,2.0,Comilla,Chittagong,1846.29,914.7
2016.0,2.0,Cox's Bazar,Chittagong,720.37,356.9
2016.0,2.0,Feni,Chittagong,495.68,245.6
2016.0,2.0,Khagrachhari,Chittagong,1679.59,832.1
2016.0,2.0,Lakshmipur,Chittagong,270.42,134.0
2016.0,2.0,Noakhali,Chittagong,105.85,52.4
2016.0,2.0,Rangamati,Chittagong,411.67,204.0
2016.0,2.0,Dhaka,Dhaka,779.15,386.0
2016.0,2.0,Faridpur,Dhaka,1035.23,512.9
2016.0,2.0,Gazipur,Dhaka,1028.6,509.6
2016.0,2.0,Gopalganj,Dhaka,675.27,334.6
2016.0,2.0,Jamalpur,Dhaka,907.43,449.6
2016.0,2.0,Kishoreganj,Dhaka,1415.21,701.1
2016.0,2.0,Madaripur,Dhaka,54.62,27.1
2016.0,2.0,Manikganj,Dhaka,168.26,83.4
2016.0,2.0,Munshiganj,Dhaka,79.75,39.5
2016.0,2.0,Mymensingh,Dhaka,2789.58,1382.1
2016.0,2.0,Narayanganj,Dhaka,429.59,212.8
2016.0,2.0,Narsingdi,Dhaka,79.08,39.2
2016.0,2.0,Netrakona,Dhaka,1825.14,904.2
2016.0,2.0,Rajbari,Dhaka,109.44,54.2
2016.0,2.0,Shariatpur,Dhaka,152.84,75.7
2016.0,2.0,Sherpur,Dhaka,906.2,449.0
2016.0,2.0,Tangail,Dhaka,1738.3,861.2
2016.0,2.0,Bagerhat,Khulna,550.26,272.6
2016.0,2.0,Chuadanga,Khulna,323.44,160.2
2016.0,2.0,Jessore,Khulna,709.91,351.7
2016.0,2.0,Jhenaidah,Khulna,948.88,470.1
2016.0,2.0,Khulna,Khulna,532.66,263.9
2016.0,2.0,Kushtia,Khulna,132.79,65.8
2016.0,2.0,Magura,Khulna,662.73,328.3
2016.0,2.0,Meherpur,Khulna,318.3,157.7
2016.0,2.0,Narail,Khulna,35.13,17.4
2016.0,2.0,Satkhira,Khulna,764.57,378.8
2016.0,2.0,Habiganj,Sylhet,1390.05,688.7
2016.0,2.0,Maulvibazar,Sylhet,1350.39,669.0
2016.0,2.0,Sunamganj,Sylhet,1605.47,795.4
2016.0,2.0,Sylhet,Sylhet,1817.66,900.5
2016.0,2.0,Bogra,Rajshahi,1282.62,635.5
2016.0,2.0,Joypurhat,Rajshahi,428.1,212.1
2016.0,2.0,Naogaon,Rajshahi,2370.46,1174.4
2016.0,2.0,Natore,Rajshahi,1036.25,513.4
2016.0,2.0,Nawabganj,Rajshahi,781.31,387.1
2016.0,2.0,Pabna,Rajshahi,1169.7,579.5
2016.0,2.0,Rajshahi,Rajshahi,801.27,397.0
2016.0,2.0,Sirajganj,Rajshahi,286.09,141.7
2016.0,2.0,Dinajpur,Rangpur,1043.69,517.1
2016.0,2.0,Gaibandha,Rangpur,309.51,153.3
2016.0,2.0,Kurigram,Rangpur,456.53,226.2
2016.0,2.0,Lalmonirhat,Rangpur,375.09,185.8
2016.0,2.0,Nilphamari,Rangpur,504.93,250.2
2016.0,2.0,Panchagarh,Rangpur,952.53,471.9
2016.0,2.0,Rangpur,Rangpur,774.57,383.7
2016.0,2.0,Thakurgaon,Rangpur,1248.03,618.3
2016.0,2.0,Barguna,Barisal,153.91,76.3
2016.0,3.0,Barisal,Barisal,412.13,204.2
2016.0,3.0,Bhola,Barisal,661.23,327.6
2016.0,3.0,Jhalokati,Barisal,32.84,16.3
2016.0,3.0,Patuakhali,Barisal,216.51,107.3
2016.0,3.0,Pirojpur,Barisal,86.42,42.8
2016.0,3.0,Bandarban,Chittagong,2710.02,1342.6
2016.0,3.0,Brahamanbaria,Chittagong,918.25,454.9
2016.0,3.0,Chandpur,Chittagong,237.49,117.7
2016.0,3.0,Chittagong,Chittagong,1727.57,855.9
2016.0,3.0,Comilla,Chittagong,1816.83,900.1
2016.0,3.0,Cox's Bazar,Chittagong,660.12,327.0
2016.0,3.0,Feni,Chittagong,368.86,182.7
2016.0,3.0,Khagrachhari,Chittagong,1176.84,583.0
2016.0,3.0,Lakshmipur,Chittagong,292.35,144.8
2016.0,3.0,Noakhali,Chittagong,107.47,53.2
2016.0,3.0,Rangamati,Chittagong,314.06,155.6
2016.0,3.0,Dhaka,Dhaka,803.03,397.8
2016.0,3.0,Faridpur,Dhaka,1002.29,496.6
2016.0,3.0,Gazipur,Dhaka,1042.55,516.5
2016.0,3.0,Gopalganj,Dhaka,858.37,425.3
2016.0,3.0,Jamalpur,Dhaka,308.54,152.9
2016.0,3.0,Kishoreganj,Dhaka,1242.99,615.8
2016.0,3.0,Madaripur,Dhaka,54.2,26.9
2016.0,3.0,Manikganj,Dhaka,176.51,87.4
2016.0,3.0,Munshiganj,Dhaka,69.63,34.5
2016.0,3.0,Mymensingh,Dhaka,2360.8,1169.6
2016.0,3.0,Narayanganj,Dhaka,417.3,206.7
2016.0,3.0,Narsingdi,Dhaka,171.43,84.9
2016.0,3.0,Netrakona,Dhaka,1420.84,703.9
2016.0,3.0,Rajbari,Dhaka,114.98,57.0
2016.0,3.0,Shariatpur,Dhaka,152.37,75.5
2016.0,3.0,Sherpur,Dhaka,958.17,474.7
2016.0,3.0,Tangail,Dhaka,1499.36,742.8
2016.0,3.0,Bagerhat,Khulna,570.74,282.8
2016.0,3.0,Chuadanga,Khulna,381.05,188.8
2016.0,3.0,Jessore,Khulna,209.15,103.6
2016.0,3.0,Jhenaidah,Khulna,877.67,434.8
2016.0,3.0,Khulna,Khulna,568.76,281.8
2016.0,3.0,Kushtia,Khulna,160.08,79.3
2016.0,3.0,Magura,Khulna,557.93,276.4
2016.0,3.0,Meherpur,Khulna,310.19,153.7
2016.0,3.0,Narail,Khulna,28.77,14.3
2016.0,3.0,Satkhira,Khulna,828.22,410.3
2016.0,3.0,Habiganj,Sylhet,1563.9,774.8
2016.0,3.0,Maulvibazar,Sylhet,568.76,281.8
2016.0,3.0,Sunamganj,Sylhet,1671.1,827.9
2016.0,3.0,Sylhet,Sylhet,1630.69,807.9
2016.0,3.0,Bogra,Rajshahi,872.7,432.4
2016.0,3.0,Joypurhat,Rajshahi,884.61,438.3
2016.0,3.0,Naogaon,Rajshahi,2826.46,1400.3
2016.0,3.0,Natore,Rajshahi,1132.26,561.0
2016.0,3.0,Nawabganj,Rajshahi,647.7,320.9
2016.0,3.0,Pabna,Rajshahi,1005.68,498.2
2016.0,3.0,Rajshahi,Rajshahi,96.8,48.0
2016.0,3.0,Sirajganj,Rajshahi,330.42,163.7
2016.0,3.0,Dinajpur,Rangpur,2821.36,1397.8
2016.0,3.0,Gaibandha,Rangpur,313.84,155.5
2016.0,3.0,Kurigram,Rangpur,650.39,322.2
2016.0,3.0,Lalmonirhat,Rangpur,416.14,206.2
2016.0,3.0,Nilphamari,Rangpur,1231.82,610.3
2016.0,3.0,Panchagarh,Rangpur,1135.8,562.7
2016.0,3.0,Rangpur,Rangpur,2118.87,1049.8
2016.0,3.0,Thakurgaon,Rangpur,1534.78,760.4
2016.0,3.0,Barguna,Barisal,157.81,78.2
2016.0,4.0,Barisal,Barisal,418.69,207.4
2016.0,4.0,Bhola,Barisal,654.05,324.0
2016.0,4.0,Jhalokati,Barisal,32.91,16.3
2016.0,4.0,Patuakhali,Barisal,227.07,112.5
2016.0,4.0,Pirojpur,Barisal,91.63,45.4
2016.0,4.0,Bandarban,Chittagong,3010.33,1491.4
2016.0,4.0,Brahamanbaria,Chittagong,1110.0,549.9
2016.0,4.0,Chandpur,Chittagong,252.41,125.1
2016.0,4.0,Chittagong,Chittagong,2246.68,1113.1
2016.0,4.0,Comilla,Chittagong,1869.14,926.0
2016.0,4.0,Cox's Bazar,Chittagong,798.61,395.7
2016.0,4.0,Feni,Chittagong,589.03,291.8
2016.0,4.0,Khagrachhari,Chittagong,1755.89,869.9
2016.0,4.0,Lakshmipur,Chittagong,292.14,144.7
2016.0,4.0,Noakhali,Chittagong,109.75,54.4
2016.0,4.0,Rangamati,Chittagong,332.59,164.8
2016.0,4.0,Dhaka,Dhaka,952.03,471.7
2016.0,4.0,Faridpur,Dhaka,540.54,267.8
2016.0,4.0,Gazipur,Dhaka,1116.73,553.3
2016.0,4.0,Gopalganj,Dhaka,872.01,432.0
2016.0,4.0,Jamalpur,Dhaka,1285.2,636.7
2016.0,4.0,Kishoreganj,Dhaka,829.87,411.1
2016.0,4.0,Madaripur,Dhaka,58.91,29.2
2016.0,4.0,Manikganj,Dhaka,164.28,81.4
2016.0,4.0,Munshiganj,Dhaka,90.05,44.6
2016.0,4.0,Mymensingh,Dhaka,2572.75,1274.6
2016.0,4.0,Narayanganj,Dhaka,494.72,245.1
2016.0,4.0,Narsingdi,Dhaka,428.64,212.4
2016.0,4.0,Netrakona,Dhaka,1424.67,705.8
2016.0,4.0,Rajbari,Dhaka,126.15,62.5
2016.0,4.0,Shariatpur,Dhaka,165.05,81.8
2016.0,4.0,Sherpur,Dhaka,1116.68,553.2
2016.0,4.0,Tangail,Dhaka,1819.94,901.7
2016.0,4.0,Bagerhat,Khulna,861.85,427.0
2016.0,4.0,Chuadanga,Khulna,655.71,324.9
2016.0,4.0,Jessore,Khulna,881.62,436.8
2016.0,4.0,Jhenaidah,Khulna,1143.84,566.7
2016.0,4.0,Khulna,Khulna,563.81,279.3
2016.0,4.0,Kushtia,Khulna,154.95,76.8
2016.0,4.0,Magura,Khulna,634.77,314.5
2016.0,4.0,Meherpur,Khulna,470.07,232.9
2016.0,4.0,Narail,Khulna,29.21,14.5
2016.0,4.0,Satkhira,Khulna,1042.77,516.6
2016.0,4.0,Habiganj,Sylhet,1235.52,612.1
2016.0,4.0,Maulvibazar,Sylhet,698.14,345.9
2016.0,4.0,Sunamganj,Sylhet,1445.42,716.1
2016.0,4.0,Sylhet,Sylhet,1809.37,896.4
2016.0,4.0,Bogra,Rajshahi,1267.08,627.8
2016.0,4.0,Joypurhat,Rajshahi,819.39,406.0
2016.0,4.0,Naogaon,Rajshahi,2983.43,1478.1
2016.0,4.0,Natore,Rajshahi,1087.36,538.7
2016.0,4.0,Nawabganj,Rajshahi,990.53,490.7
2016.0,4.0,Pabna,Rajshahi,1155.79,572.6
2016.0,4.0,Rajshahi,Rajshahi,913.15,452.4
2016.0,4.0,Sirajganj,Rajshahi,287.88,142.6
2016.0,4.0,Dinajpur,Rangpur,2839.49,1406.8
2016.0,4.0,Gaibandha,Rangpur,261.69,129.7
2016.0,4.0,Kurigram,Rangpur,432.38,214.2
2016.0,4.0,Lalmonirhat,Rangpur,627.9,311.1
2016.0,4.0,Nilphamari,Rangpur,1200.68,594.9
2016.0,4.0,Panchagarh,Rangpur,952.83,472.1
2016.0,4.0,Rangpur,Rangpur,1968.64,975.3
2016.0,4.0,Thakurgaon,Rangpur,1500.9,743.6
2016.0,4.0,Barguna,Barisal,154.92,76.8
2016.0,5.0,Barisal,Barisal,589.16,291.9
2016.0,5.0,Bhola,Barisal,765.83,379.4
2016.0,5.0,Jhalokati,Barisal,104.17,51.6
2016.0,5.0,Patuakhali,Barisal,550.56,272.8
2016.0,5.0,Pirojpur,Barisal,237.98,117.9
2016.0,5.0,Bandarban,Chittagong,3310.53,1640.1
2016.0,5.0,Brahamanbaria,Chittagong,283.32,140.4
2016.0,5.0,Chandpur,Chittagong,279.47,138.5
2016.0,5.0,Chittagong,Chittagong,1657.85,821.4
2016.0,5.0,Comilla,Chittagong,1849.96,916.5
2016.0,5.0,Cox's Bazar,Chittagong,494.78,245.1
2016.0,5.0,Feni,Chittagong,471.35,233.5
2016.0,5.0,Khagrachhari,Chittagong,1577.75,781.7
2016.0,5.0,Lakshmipur,Chittagong,316.62,156.9
2016.0,5.0,Noakhali,Chittagong,174.38,86.4
2016.0,5.0,Rangamati,Chittagong,313.1,155.1
2016.0,5.0,Dhaka,Dhaka,750.63,371.9
2016.0,5.0,Faridpur,Dhaka,122.07,60.5
2016.0,5.0,Gazipur,Dhaka,995.47,493.2
2016.0,5.0,Gopalganj,Dhaka,701.76,347.7
2016.0,5.0,Jamalpur,Dhaka,163.11,80.8
2016.0,5.0,Kishoreganj,Dhaka,1024.97,507.8
2016.0,5.0,Madaripur,Dhaka,90.57,44.9
2016.0,5.0,Manikganj,Dhaka,173.22,85.8
2016.0,5.0,Munshiganj,Dhaka,103.49,51.3
2016.0,5.0,Mymensingh,Dhaka,2142.25,1061.3
2016.0,5.0,Narayanganj,Dhaka,96.33,47.7
2016.0,5.0,Narsingdi,Dhaka,104.78,51.9
2016.0,5.0,Netrakona,Dhaka,825.94,409.2
2016.0,5.0,Rajbari,Dhaka,128.82,63.8
2016.0,5.0,Shariatpur,Dhaka,181.67,90.0
2016.0,5.0,Sherpur,Dhaka,922.99,457.3
2016.0,5.0,Tangail,Dhaka,461.63,228.7
2016.0,5.0,Bagerhat,Khulna,1274.67,631.5
2016.0,5.0,Chuadanga,Khulna,382.11,189.3
2016.0,5.0,Jessore,Khulna,272.62,135.1
2016.0,5.0,Jhenaidah,Khulna,457.03,226.4
2016.0,5.0,Khulna,Khulna,698.75,346.2
2016.0,5.0,Kushtia,Khulna,119.47,59.2
2016.0,5.0,Magura,Khulna,131.93,65.4
2016.0,5.0,Meherpur,Khulna,297.39,147.3
2016.0,5.0,Narail,Khulna,113.61,56.3
2016.0,5.0,Satkhira,Khulna,965.53,478.4
2016.0,5.0,Habiganj,Sylhet,893.66,442.7
2016.0,5.0,Maulvibazar,Sylhet,684.54,339.1
2016.0,5.0,Sunamganj,Sylhet,2182.13,1081.1
2016.0,5.0,Sylhet,Sylhet,1478.34,732.4
2016.0,5.0,Bogra,Rajshahi,196.6,97.4
2016.0,5.0,Joypurhat,Rajshahi,614.07,304.2
2016.0,5.0,Naogaon,Rajshahi,2157.68,1069.0
2016.0,5.0,Natore,Rajshahi,585.16,289.9
2016.0,5.0,Nawabganj,Rajshahi,292.13,144.7
2016.0,5.0,Pabna,Rajshahi,220.56,109.3
2016.0,5.0,Rajshahi,Rajshahi,172.54,85.5
2016.0,5.0,Sirajganj,Rajshahi,344.52,170.7
2016.0,5.0,Dinajpur,Rangpur,1137.81,563.7
2016.0,5.0,Gaibandha,Rangpur,287.54,142.5
2016.0,5.0,Kurigram,Rangpur,481.58,238.6
2016.0,5.0,Lalmonirhat,Rangpur,116.95,57.9
2016.0,5.0,Nilphamari,Rangpur,879.45,435.7
2016.0,5.0,Panchagarh,Rangpur,788.47,390.6
2016.0,5.0,Rangpur,Rangpur,1117.53,553.7
2016.0,5.0,Thakurgaon,Rangpur,712.33,352.9
2016.0,5.0,Barguna,Barisal,482.54,239.1
2016.0,6.0,Barisal,Barisal,715.84,354.7
2016.0,6.0,Bhola,Barisal,682.85,338.3
2016.0,6.0,Jhalokati,Barisal,155.23,76.9
2016.0,6.0,Patuakhali,Barisal,475.58,235.6
2016.0,6.0,Pirojpur,Barisal,312.21,154.7
2016.0,6.0,Bandarban,Chittagong,2712.54,1343.9
2016.0,6.0,Brahamanbaria,Chittagong,471.57,233.6
2016.0,6.0,Chandpur,Chittagong,320.54,158.8
2016.0,6.0,Chittagong,Chittagong,2033.4,1007.4
2016.0,6.0,Comilla,Chittagong,938.38,464.9
2016.0,6.0,Cox's Bazar,Chittagong,493.36,244.4
2016.0,6.0,Feni,Chittagong,482.69,239.1
2016.0,6.0,Khagrachhari,Chittagong,1694.91,839.7
2016.0,6.0,Lakshmipur,Chittagong,298.59,147.9
2016.0,6.0,Noakhali,Chittagong,212.67,105.4
2016.0,6.0,Rangamati,Chittagong,355.61,176.2
2016.0,6.0,Dhaka,Dhaka,675.22,334.5
2016.0,6.0,Faridpur,Dhaka,135.61,67.2
2016.0,6.0,Gazipur,Dhaka,327.93,162.5
2016.0,6.0,Gopalganj,Dhaka,590.23,292.4
2016.0,6.0,Jamalpur,Dhaka,186.69,92.5
2016.0,6.0,Kishoreganj,Dhaka,1295.94,642.1
2016.0,6.0,Madaripur,Dhaka,145.32,72.0
2016.0,6.0,Manikganj,Dhaka,202.7,100.4
2016.0,6.0,Munshiganj,Dhaka,132.29,65.5
2016.0,6.0,Mymensingh,Dhaka,1338.64,663.2
2016.0,6.0,Narayanganj,Dhaka,78.59,38.9
2016.0,6.0,Narsingdi,Dhaka,152.15,75.4
2016.0,6.0,Netrakona,Dhaka,744.17,368.7
2016.0,6.0,Rajbari,Dhaka,137.0,67.9
2016.0,6.0,Shariatpur,Dhaka,207.22,102.7
2016.0,6.0,Sherpur,Dhaka,470.05,232.9
2016.0,6.0,Tangail,Dhaka,251.72,124.7
2016.0,6.0,Bagerhat,Khulna,1491.81,739.1
2016.0,6.0,Chuadanga,Khulna,640.99,317.6
2016.0,6.0,Jessore,Khulna,219.26,108.6
2016.0,6.0,Jhenaidah,Khulna,728.2,360.8
2016.0,6.0,Khulna,Khulna,1083.15,536.6
2016.0,6.0,Kushtia,Khulna,131.31,65.1
2016.0,6.0,Magura,Khulna,134.84,66.8
2016.0,6.0,Meherpur,Khulna,351.57,174.2
2016.0,6.0,Narail,Khulna,122.39,60.6
2016.0,6.0,Satkhira,Khulna,1177.86,583.6
2016.0,6.0,Habiganj,Sylhet,820.08,406.3
2016.0,6.0,Maulvibazar,Sylhet,555.94,275.4
2016.0,6.0,Sunamganj,Sylhet,2187.64,1083.8
2016.0,6.0,Sylhet,Sylhet,930.33,460.9
2016.0,6.0,Bogra,Rajshahi,221.6,109.8
2016.0,6.0,Joypurhat,Rajshahi,938.67,465.0
2016.0,6.0,Naogaon,Rajshahi,2436.1,1206.9
2016.0,6.0,Natore,Rajshahi,447.13,221.5
2016.0,6.0,Nawabganj,Rajshahi,260.42,129.0
2016.0,6.0,Pabna,Rajshahi,305.37,151.3
2016.0,6.0,Rajshahi,Rajshahi,51.3,25.4
2016.0,6.0,Sirajganj,Rajshahi,577.92,286.3
2016.0,6.0,Dinajpur,Rangpur,1870.84,926.9
2016.0,6.0,Gaibandha,Rangpur,323.3,160.2
2016.0,6.0,Kurigram,Rangpur,565.68,280.3
2016.0,6.0,Lalmonirhat,Rangpur,80.79,40.0
2016.0,6.0,Nilphamari,Rangpur,695.99,344.8
2016.0,6.0,Panchagarh,Rangpur,683.3,338.5
2016.0,6.0,Rangpur,Rangpur,1871.51,927.2
2016.0,6.0,Thakurgaon,Rangpur,1050.72,520.6
2016.0,6.0,Barguna,Barisal,335.84,166.4
2016.0,7.0,Barisal,Barisal,746.69,369.9
2016.0,7.0,Bhola,Barisal,765.8,379.4
2016.0,7.0,Jhalokati,Barisal,251.7,124.7
2016.0,7.0,Patuakhali,Barisal,635.5,314.8
2016.0,7.0,Pirojpur,Barisal,381.15,188.8
2016.0,7.0,Bandarban,Chittagong,2524.9,1250.9
2016.0,7.0,Brahamanbaria,Chittagong,729.98,361.7
2016.0,7.0,Chandpur,Chittagong,376.61,186.6
2016.0,7.0,Chittagong,Chittagong,2216.88,1098.3
2016.0,7.0,Comilla,Chittagong,937.88,464.7
2016.0,7.0,Cox's Bazar,Chittagong,423.59,209.9
2016.0,7.0,Feni,Chittagong,394.36,195.4
2016.0,7.0,Khagrachhari,Chittagong,1942.79,962.5
2016.0,7.0,Lakshmipur,Chittagong,350.06,173.4
2016.0,7.0,Noakhali,Chittagong,432.67,214.4
2016.0,7.0,Rangamati,Chittagong,415.19,205.7
2016.0,7.0,Dhaka,Dhaka,211.61,104.8
2016.0,7.0,Faridpur,Dhaka,330.23,163.6
2016.0,7.0,Gazipur,Dhaka,267.43,132.5
2016.0,7.0,Gopalganj,Dhaka,577.32,286.0
2016.0,7.0,Jamalpur,Dhaka,449.25,222.6
2016.0,7.0,Kishoreganj,Dhaka,1421.02,704.0
2016.0,7.0,Madaripur,Dhaka,177.93,88.2
2016.0,7.0,Manikganj,Dhaka,390.21,193.3
2016.0,7.0,Munshiganj,Dhaka,202.55,100.4
2016.0,7.0,Mymensingh,Dhaka,1790.12,886.9
2016.0,7.0,Narayanganj,Dhaka,117.22,58.1
2016.0,7.0,Narsingdi,Dhaka,241.81,119.8
2016.0,7.0,Netrakona,Dhaka,1393.84,690.6
2016.0,7.0,Rajbari,Dhaka,209.01,103.6
2016.0,7.0,Shariatpur,Dhaka,279.66,138.6
2016.0,7.0,Sherpur,Dhaka,572.12,283.4
2016.0,7.0,Tangail,Dhaka,656.86,325.4
2016.0,7.0,Bagerhat,Khulna,1549.34,767.6
2016.0,7.0,Chuadanga,Khulna,538.81,266.9
2016.0,7.0,Jessore,Khulna,588.53,291.6
2016.0,7.0,Jhenaidah,Khulna,431.28,213.7
2016.0,7.0,Khulna,Khulna,1504.46,745.4
2016.0,7.0,Kushtia,Khulna,188.6,93.4
2016.0,7.0,Magura,Khulna,209.61,103.8
2016.0,7.0,Meherpur,Khulna,364.99,180.8
2016.0,7.0,Narail,Khulna,179.4,88.9
2016.0,7.0,Satkhira,Khulna,1461.19,723.9
2016.0,7.0,Habiganj,Sylhet,973.81,482.5
2016.0,7.0,Maulvibazar,Sylhet,717.71,355.6
2016.0,7.0,Sunamganj,Sylhet,2269.9,1124.6
2016.0,7.0,Sylhet,Sylhet,1240.52,614.6
2016.0,7.0,Bogra,Rajshahi,1002.17,496.5
2016.0,7.0,Joypurhat,Rajshahi,576.65,285.7
2016.0,7.0,Naogaon,Rajshahi,1555.87,770.8
2016.0,7.0,Natore,Rajshahi,428.73,212.4
2016.0,7.0,Nawabganj,Rajshahi,309.85,153.5
2016.0,7.0,Pabna,Rajshahi,564.28,279.6
2016.0,7.0,Rajshahi,Rajshahi,637.0,315.6
2016.0,7.0,Sirajganj,Rajshahi,963.97,477.6
2016.0,7.0,Dinajpur,Rangpur,1466.03,726.3
2016.0,7.0,Gaibandha,Rangpur,528.07,261.6
2016.0,7.0,Kurigram,Rangpur,873.95,433.0
2016.0,7.0,Lalmonirhat,Rangpur,607.14,300.8
2016.0,7.0,Nilphamari,Rangpur,1020.06,505.4
2016.0,7.0,Panchagarh,Rangpur,801.37,397.0
2016.0,7.0,Rangpur,Rangpur,1646.55,815.8
2016.0,7.0,Thakurgaon,Rangpur,647.74,320.9
2016.0,7.0,Barguna,Barisal,243.44,120.6
2016.0,8.0,Barisal,Barisal,814.65,403.6
2016.0,8.0,Bhola,Barisal,679.44,336.6
2016.0,8.0,Jhalokati,Barisal,251.87,124.8
2016.0,8.0,Patuakhali,Barisal,733.85,363.6
2016.0,8.0,Pirojpur,Barisal,439.56,217.8
2016.0,8.0,Bandarban,Chittagong,2848.89,1411.4
2016.0,8.0,Brahamanbaria,Chittagong,634.56,314.4
2016.0,8.0,Chandpur,Chittagong,381.41,189.0
2016.0,8.0,Chittagong,Chittagong,2446.92,1212.3
2016.0,8.0,Comilla,Chittagong,780.62,386.7
2016.0,8.0,Cox's Bazar,Chittagong,564.06,279.5
2016.0,8.0,Feni,Chittagong,411.86,204.0
2016.0,8.0,Khagrachhari,Chittagong,1896.74,939.7
2016.0,8.0,Lakshmipur,Chittagong,360.23,178.5
2016.0,8.0,Noakhali,Chittagong,355.35,176.1
2016.0,8.0,Rangamati,Chittagong,463.28,229.5
2016.0,8.0,Dhaka,Dhaka,191.06,94.7
2016.0,8.0,Faridpur,Dhaka,474.56,235.1
2016.0,8.0,Gazipur,Dhaka,399.5,197.9
2016.0,8.0,Gopalganj,Dhaka,588.37,291.5
2016.0,8.0,Jamalpur,Dhaka,249.73,123.7
2016.0,8.0,Kishoreganj,Dhaka,1317.63,652.8
2016.0,8.0,Madaripur,Dhaka,187.37,92.8
2016.0,8.0,Manikganj,Dhaka,464.95,230.4
2016.0,8.0,Munshiganj,Dhaka,149.3,74.0
2016.0,8.0,Mymensingh,Dhaka,2250.42,1114.9
2016.0,8.0,Narayanganj,Dhaka,100.25,49.7
2016.0,8.0,Narsingdi,Dhaka,210.59,104.3
2016.0,8.0,Netrakona,Dhaka,653.89,324.0
2016.0,8.0,Rajbari,Dhaka,297.36,147.3
2016.0,8.0,Shariatpur,Dhaka,301.4,149.3
2016.0,8.0,Sherpur,Dhaka,535.09,265.1
2016.0,8.0,Tangail,Dhaka,646.11,320.1
2016.0,8.0,Bagerhat,Khulna,1545.92,765.9
2016.0,8.0,Chuadanga,Khulna,407.15,201.7
2016.0,8.0,Jessore,Khulna,743.69,368.4
2016.0,8.0,Jhenaidah,Khulna,769.98,381.5
2016.0,8.0,Khulna,Khulna,1789.54,886.6
2016.0,8.0,Kushtia,Khulna,135.89,67.3
2016.0,8.0,Magura,Khulna,200.77,99.5
2016.0,8.0,Meherpur,Khulna,221.47,109.7
2016.0,8.0,Narail,Khulna,199.35,98.8
2016.0,8.0,Satkhira,Khulna,1625.94,805.5
2016.0,8.0,Habiganj,Sylhet,610.76,302.6
2016.0,8.0,Maulvibazar,Sylhet,373.7,185.1
2016.0,8.0,Sunamganj,Sylhet,1909.02,945.8
2016.0,8.0,Sylhet,Sylhet,533.58,264.4
2016.0,8.0,Bogra,Rajshahi,467.99,231.9
2016.0,8.0,Joypurhat,Rajshahi,760.17,376.6
2016.0,8.0,Naogaon,Rajshahi,573.33,284.0
2016.0,8.0,Natore,Rajshahi,312.54,154.8
2016.0,8.0,Nawabganj,Rajshahi,160.96,79.7
2016.0,8.0,Pabna,Rajshahi,551.82,273.4
2016.0,8.0,Rajshahi,Rajshahi,153.45,76.0
2016.0,8.0,Sirajganj,Rajshahi,696.58,345.1
2016.0,8.0,Dinajpur,Rangpur,2037.88,1009.6
2016.0,8.0,Gaibandha,Rangpur,329.99,163.5
2016.0,8.0,Kurigram,Rangpur,532.73,263.9
2016.0,8.0,Lalmonirhat,Rangpur,489.2,242.4
2016.0,8.0,Nilphamari,Rangpur,1016.46,503.6
2016.0,8.0,Panchagarh,Rangpur,877.84,434.9
2016.0,8.0,Rangpur,Rangpur,1575.51,780.6
2016.0,8.0,Thakurgaon,Rangpur,1434.76,710.8
2016.0,8.0,Barguna,Barisal,360.04,178.4
2016.0,9.0,Barisal,Barisal,586.36,290.5
2016.0,9.0,Bhola,Barisal,812.77,402.7
2016.0,9.0,Jhalokati,Barisal,185.08,91.7
2016.0,9.0,Patuakhali,Barisal,389.06,192.8
2016.0,9.0,Pirojpur,Barisal,377.7,187.1
2016.0,9.0,Bandarban,Chittagong,2864.79,1419.3
2016.0,9.0,Brahamanbaria,Chittagong,529.3,262.2
2016.0,9.0,Chandpur,Chittagong,322.65,159.9
2016.0,9.0,Chittagong,Chittagong,1589.31,787.4
2016.0,9.0,Comilla,Chittagong,990.22,490.6
2016.0,9.0,Cox's Bazar,Chittagong,154.33,76.5
2016.0,9.0,Feni,Chittagong,413.03,204.6
2016.0,9.0,Khagrachhari,Chittagong,1101.99,546.0
2016.0,9.0,Lakshmipur,Chittagong,343.82,170.3
2016.0,9.0,Noakhali,Chittagong,179.2,88.8
2016.0,9.0,Rangamati,Chittagong,489.08,242.3
2016.0,9.0,Dhaka,Dhaka,140.69,69.7
2016.0,9.0,Faridpur,Dhaka,372.21,184.4
2016.0,9.0,Gazipur,Dhaka,173.66,86.0
2016.0,9.0,Gopalganj,Dhaka,509.61,252.5
2016.0,9.0,Jamalpur,Dhaka,206.46,102.3
2016.0,9.0,Kishoreganj,Dhaka,1299.8,644.0
2016.0,9.0,Madaripur,Dhaka,118.76,58.8
2016.0,9.0,Manikganj,Dhaka,309.98,153.6
2016.0,9.0,Munshiganj,Dhaka,133.7,66.2
2016.0,9.0,Mymensingh,Dhaka,2274.28,1126.8
2016.0,9.0,Narayanganj,Dhaka,83.91,41.6
2016.0,9.0,Narsingdi,Dhaka,168.6,83.5
2016.0,9.0,Netrakona,Dhaka,689.74,341.7
2016.0,9.0,Rajbari,Dhaka,236.94,117.4
2016.0,9.0,Shariatpur,Dhaka,234.78,116.3
2016.0,9.0,Sherpur,Dhaka,538.85,267.0
2016.0,9.0,Tangail,Dhaka,317.17,157.1
2016.0,9.0,Bagerhat,Khulna,1529.28,757.7
2016.0,9.0,Chuadanga,Khulna,443.53,219.7
2016.0,9.0,Jessore,Khulna,475.59,235.6
2016.0,9.0,Jhenaidah,Khulna,753.93,373.5
2016.0,9.0,Khulna,Khulna,1685.9,835.3
2016.0,9.0,Kushtia,Khulna,174.27,86.3
2016.0,9.0,Magura,Khulna,103.95,51.5
2016.0,9.0,Meherpur,Khulna,312.97,155.1
2016.0,9.0,Narail,Khulna,160.69,79.6
2016.0,9.0,Satkhira,Khulna,1419.35,703.2
2016.0,9.0,Habiganj,Sylhet,391.49,194.0
2016.0,9.0,Maulvibazar,Sylhet,395.93,196.2
2016.0,9.0,Sunamganj,Sylhet,1937.03,959.7
2016.0,9.0,Sylhet,Sylhet,681.02,337.4
2016.0,9.0,Bogra,Rajshahi,332.68,164.8
2016.0,9.0,Joypurhat,Rajshahi,808.23,400.4
2016.0,9.0,Naogaon,Rajshahi,669.21,331.5
2016.0,9.0,Natore,Rajshahi,186.3,92.3
2016.0,9.0,Nawabganj,Rajshahi,216.91,107.5
2016.0,9.0,Pabna,Rajshahi,498.54,247.0
2016.0,9.0,Rajshahi,Rajshahi,261.15,129.4
2016.0,9.0,Sirajganj,Rajshahi,666.22,330.1
2016.0,9.0,Dinajpur,Rangpur,2658.89,1317.3
2016.0,9.0,Gaibandha,Rangpur,332.19,164.6
2016.0,9.0,Kurigram,Rangpur,537.13,266.1
2016.0,9.0,Lalmonirhat,Rangpur,368.55,182.6
2016.0,9.0,Nilphamari,Rangpur,1122.69,556.2
2016.0,9.0,Panchagarh,Rangpur,841.41,416.9
2016.0,9.0,Rangpur,Rangpur,1857.1,920.1
2016.0,9.0,Thakurgaon,Rangpur,1492.85,739.6
2016.0,9.0,Barguna,Barisal,271.88,134.7
2016.0,10.0,Barisal,Barisal,511.34,253.3
2016.0,10.0,Bhola,Barisal,693.75,343.7
2016.0,10.0,Jhalokati,Barisal,41.67,20.6
2016.0,10.0,Patuakhali,Barisal,227.53,112.7
2016.0,10.0,Pirojpur,Barisal,104.23,51.6
2016.0,10.0,Bandarban,Chittagong,3083.54,1527.7
2016.0,10.0,Brahamanbaria,Chittagong,448.89,222.4
2016.0,10.0,Chandpur,Chittagong,303.18,150.2
2016.0,10.0,Chittagong,Chittagong,2042.89,1012.1
2016.0,10.0,Comilla,Chittagong,1288.0,638.1
2016.0,10.0,Cox's Bazar,Chittagong,301.87,149.6
2016.0,10.0,Feni,Chittagong,434.97,215.5
2016.0,10.0,Khagrachhari,Chittagong,1754.81,869.4
2016.0,10.0,Lakshmipur,Chittagong,301.49,149.4
2016.0,10.0,Noakhali,Chittagong,138.51,68.6
2016.0,10.0,Rangamati,Chittagong,510.54,252.9
2016.0,10.0,Dhaka,Dhaka,130.37,64.6
2016.0,10.0,Faridpur,Dhaka,241.89,119.8
2016.0,10.0,Gazipur,Dhaka,186.08,92.2
2016.0,10.0,Gopalganj,Dhaka,233.85,115.9
2016.0,10.0,Jamalpur,Dhaka,215.98,107.0
2016.0,10.0,Kishoreganj,Dhaka,1132.52,561.1
2016.0,10.0,Madaripur,Dhaka,95.99,47.6
2016.0,10.0,Manikganj,Dhaka,268.0,132.8
2016.0,10.0,Munshiganj,Dhaka,118.96,58.9
2016.0,10.0,Mymensingh,Dhaka,2454.96,1216.3
2016.0,10.0,Narayanganj,Dhaka,68.98,34.2
2016.0,10.0,Narsingdi,Dhaka,128.81,63.8
2016.0,10.0,Netrakona,Dhaka,582.68,288.7
2016.0,10.0,Rajbari,Dhaka,175.5,86.9
2016.0,10.0,Shariatpur,Dhaka,222.53,110.2
2016.0,10.0,Sherpur,Dhaka,778.38,385.6
2016.0,10.0,Tangail,Dhaka,247.28,122.5
2016.0,10.0,Bagerhat,Khulna,1305.92,647.0
2016.0,10.0,Chuadanga,Khulna,533.43,264.3
2016.0,10.0,Jessore,Khulna,504.93,250.2
2016.0,10.0,Jhenaidah,Khulna,893.51,442.7
2016.0,10.0,Khulna,Khulna,973.08,482.1
2016.0,10.0,Kushtia,Khulna,149.62,74.1
2016.0,10.0,Magura,Khulna,67.47,33.4
2016.0,10.0,Meherpur,Khulna,331.52,164.2
2016.0,10.0,Narail,Khulna,118.61,58.8
2016.0,10.0,Satkhira,Khulna,1386.32,686.8
2016.0,10.0,Habiganj,Sylhet,374.61,185.6
2016.0,10.0,Maulvibazar,Sylhet,322.1,159.6
2016.0,10.0,Sunamganj,Sylhet,1694.79,839.7
2016.0,10.0,Sylhet,Sylhet,470.37,233.0
2016.0,10.0,Bogra,Rajshahi,262.49,130.0
2016.0,10.0,Joypurhat,Rajshahi,795.77,394.3
2016.0,10.0,Naogaon,Rajshahi,1352.0,669.8
2016.0,10.0,Natore,Rajshahi,192.79,95.5
2016.0,10.0,Nawabganj,Rajshahi,187.73,93.0
2016.0,10.0,Pabna,Rajshahi,431.02,213.5
2016.0,10.0,Rajshahi,Rajshahi,289.77,143.6
2016.0,10.0,Sirajganj,Rajshahi,602.58,298.5
2016.0,10.0,Dinajpur,Rangpur,2097.43,1039.1
2016.0,10.0,Gaibandha,Rangpur,324.02,160.5
2016.0,10.0,Kurigram,Rangpur,490.21,242.9
2016.0,10.0,Lalmonirhat,Rangpur,630.14,312.2
2016.0,10.0,Nilphamari,Rangpur,940.5,466.0
2016.0,10.0,Panchagarh,Rangpur,871.97,432.0
2016.0,10.0,Rangpur,Rangpur,1665.37,825.1
2016.0,10.0,Thakurgaon,Rangpur,1269.94,629.2
2016.0,10.0,Barguna,Barisal,159.85,79.2
2016.0,11.0,Barisal,Barisal,465.25,230.5
2016.0,11.0,Bhola,Barisal,684.8,339.3
2016.0,11.0,Jhalokati,Barisal,39.46,19.5
2016.0,11.0,Patuakhali,Barisal,234.99,116.4
2016.0,11.0,Pirojpur,Barisal,106.66,52.8
2016.0,11.0,Bandarban,Chittagong,3193.27,1582.1
2016.0,11.0,Brahamanbaria,Chittagong,265.48,131.5
2016.0,11.0,Chandpur,Chittagong,278.75,138.1
2016.0,11.0,Chittagong,Chittagong,1342.02,664.9
2016.0,11.0,Comilla,Chittagong,1060.19,525.3
2016.0,11.0,Cox's Bazar,Chittagong,247.98,122.9
2016.0,11.0,Feni,Chittagong,338.27,167.6
2016.0,11.0,Khagrachhari,Chittagong,2051.04,1016.2
2016.0,11.0,Lakshmipur,Chittagong,293.93,145.6
2016.0,11.0,Noakhali,Chittagong,133.07,65.9
2016.0,11.0,Rangamati,Chittagong,522.43,258.8
2016.0,11.0,Dhaka,Dhaka,171.03,84.7
2016.0,11.0,Faridpur,Dhaka,143.87,71.3
2016.0,11.0,Gazipur,Dhaka,961.92,476.6
2016.0,11.0,Gopalganj,Dhaka,193.8,96.0
2016.0,11.0,Jamalpur,Dhaka,278.05,137.8
2016.0,11.0,Kishoreganj,Dhaka,709.75,351.6
2016.0,11.0,Madaripur,Dhaka,85.59,42.4
2016.0,11.0,Manikganj,Dhaka,198.54,98.4
2016.0,11.0,Munshiganj,Dhaka,106.94,53.0
2016.0,11.0,Mymensingh,Dhaka,2750.81,1362.8
2016.0,11.0,Narayanganj,Dhaka,56.35,27.9
2016.0,11.0,Narsingdi,Dhaka,86.07,42.6
2016.0,11.0,Netrakona,Dhaka,444.56,220.3
2016.0,11.0,Rajbari,Dhaka,138.22,68.5
2016.0,11.0,Shariatpur,Dhaka,195.57,96.9
2016.0,11.0,Sherpur,Dhaka,988.97,490.0
2016.0,11.0,Tangail,Dhaka,734.23,363.8
2016.0,11.0,Bagerhat,Khulna,1054.64,522.5
2016.0,11.0,Chuadanga,Khulna,473.58,234.6
2016.0,11.0,Jessore,Khulna,270.22,133.9
2016.0,11.0,Jhenaidah,Khulna,928.93,460.2
2016.0,11.0,Khulna,Khulna,1093.78,541.9
2016.0,11.0,Kushtia,Khulna,128.61,63.7
2016.0,11.0,Magura,Khulna,36.44,18.1
2016.0,11.0,Meherpur,Khulna,360.02,178.4
2016.0,11.0,Narail,Khulna,105.62,52.3
2016.0,11.0,Satkhira,Khulna,1341.09,664.4
2016.0,11.0,Habiganj,Sylhet,505.92,250.6
2016.0,11.0,Maulvibazar,Sylhet,269.15,133.3
2016.0,11.0,Sunamganj,Sylhet,1394.89,691.1
2016.0,11.0,Sylhet,Sylhet,512.34,253.8
2016.0,11.0,Bogra,Rajshahi,322.45,159.8
2016.0,11.0,Joypurhat,Rajshahi,828.41,410.4
2016.0,11.0,Naogaon,Rajshahi,1819.08,901.2
2016.0,11.0,Natore,Rajshahi,179.03,88.7
2016.0,11.0,Nawabganj,Rajshahi,138.68,68.7
2016.0,11.0,Pabna,Rajshahi,256.56,127.1
2016.0,11.0,Rajshahi,Rajshahi,195.07,96.6
2016.0,11.0,Sirajganj,Rajshahi,378.86,187.7
2016.0,11.0,Dinajpur,Rangpur,2906.79,1440.1
2016.0,11.0,Gaibandha,Rangpur,257.43,127.5
2016.0,11.0,Kurigram,Rangpur,416.92,206.6
2016.0,11.0,Lalmonirhat,Rangpur,781.2,387.0
2016.0,11.0,Nilphamari,Rangpur,1195.61,592.3
2016.0,11.0,Panchagarh,Rangpur,1043.04,516.8
2016.0,11.0,Rangpur,Rangpur,1771.17,877.5
2016.0,11.0,Thakurgaon,Rangpur,1638.55,811.8
2016.0,11.0,Barguna,Barisal,162.81,80.7
2016.0,12.0,Barisal,Barisal,493.87,244.7
2016.0,12.0,Bhola,Barisal,664.26,329.1
2016.0,12.0,Jhalokati,Barisal,35.99,17.8
2016.0,12.0,Patuakhali,Barisal,217.95,108.0
2016.0,12.0,Pirojpur,Barisal,119.87,59.4
2016.0,12.0,Bandarban,Chittagong,2734.97,1355.0
2016.0,12.0,Brahamanbaria,Chittagong,640.66,317.4
2016.0,12.0,Chandpur,Chittagong,259.96,128.8
2016.0,12.0,Chittagong,Chittagong,1989.61,985.7
2016.0,12.0,Comilla,Chittagong,1447.53,717.2
2016.0,12.0,Cox's Bazar,Chittagong,885.98,438.9
2016.0,12.0,Feni,Chittagong,443.31,219.6
2016.0,12.0,Khagrachhari,Chittagong,1892.25,937.5
2016.0,12.0,Lakshmipur,Chittagong,294.63,146.0
2016.0,12.0,Noakhali,Chittagong,145.72,72.2
2016.0,12.0,Rangamati,Chittagong,487.22,241.4
2016.0,12.0,Dhaka,Dhaka,932.7,462.1
2016.0,12.0,Faridpur,Dhaka,117.61,58.3
2016.0,12.0,Gazipur,Dhaka,1228.49,608.6
2016.0,12.0,Gopalganj,Dhaka,322.24,159.6
2016.0,12.0,Jamalpur,Dhaka,422.19,209.2
2016.0,12.0,Kishoreganj,Dhaka,258.92,128.3
2016.0,12.0,Madaripur,Dhaka,95.83,47.5
2016.0,12.0,Manikganj,Dhaka,184.01,91.2
2016.0,12.0,Munshiganj,Dhaka,88.36,43.8
2016.0,12.0,Mymensingh,Dhaka,3080.77,1526.3
2016.0,12.0,Narayanganj,Dhaka,398.89,197.6
2016.0,12.0,Narsingdi,Dhaka,66.98,33.2
2016.0,12.0,Netrakona,Dhaka,652.99,323.5
2016.0,12.0,Rajbari,Dhaka,130.56,64.7
2016.0,12.0,Shariatpur,Dhaka,187.63,93.0
2016.0,12.0,Sherpur,Dhaka,1129.34,559.5
2016.0,12.0,Tangail,Dhaka,2048.73,1015.0
2016.0,12.0,Bagerhat,Khulna,978.54,484.8
2016.0,12.0,Chuadanga,Khulna,619.93,307.1
2016.0,12.0,Jessore,Khulna,277.89,137.7
2016.0,12.0,Jhenaidah,Khulna,1045.76,518.1
2016.0,12.0,Khulna,Khulna,893.54,442.7
2016.0,12.0,Kushtia,Khulna,130.84,64.8
2016.0,12.0,Magura,Khulna,287.96,142.7
2016.0,12.0,Meherpur,Khulna,423.55,209.8
2016.0,12.0,Narail,Khulna,132.03,65.4
2016.0,12.0,Satkhira,Khulna,1270.34,629.4
2016.0,12.0,Habiganj,Sylhet,770.0,381.5
2016.0,12.0,Maulvibazar,Sylhet,311.6,154.4
2016.0,12.0,Sunamganj,Sylhet,963.29,477.2
2016.0,12.0,Sylhet,Sylhet,708.4,351.0
2016.0,12.0,Bogra,Rajshahi,346.91,171.9
2016.0,12.0,Joypurhat,Rajshahi,606.08,300.3
2016.0,12.0,Naogaon,Rajshahi,2233.64,1106.6
2016.0,12.0,Natore,Rajshahi,358.24,177.5
2016.0,12.0,Nawabganj,Rajshahi,275.34,136.4
2016.0,12.0,Pabna,Rajshahi,211.77,104.9
2016.0,12.0,Rajshahi,Rajshahi,324.79,160.9
2016.0,12.0,Sirajganj,Rajshahi,336.83,166.9
2016.0,12.0,Dinajpur,Rangpur,2654.38,1315.1
2016.0,12.0,Gaibandha,Rangpur,267.49,132.5
2016.0,12.0,Kurigram,Rangpur,419.94,208.1
2016.0,12.0,Lalmonirhat,Rangpur,724.43,358.9
2016.0,12.0,Nilphamari,Rangpur,1030.82,510.7
2016.0,12.0,Panchagarh,Rangpur,848.05,420.2
2016.0,12.0,Rangpur,Rangpur,1676.3,830.5
2016.0,12.0,Thakurgaon,Rangpur,1209.73,599.3
2016.0,12.0,Barguna,Barisal,158.01,78.3
2017.0,1.0,Barisal,Barisal,417.23,206.7
2017.0,1.0,Bhola,Barisal,670.32,332.1
2017.0,1.0,Jhalokati,Barisal,34.75,17.2
2017.0,1.0,Patuakhali,Barisal,214.86,106.4
2017.0,1.0,Pirojpur,Barisal,92.26,45.7
2017.0,1.0,Bandarban,Chittagong,2815.93,1395.1
2017.0,1.0,Brahamanbaria,Chittagong,1234.84,611.8
2017.0,1.0,Chandpur,Chittagong,237.75,117.8
2017.0,1.0,Chittagong,Chittagong,2344.43,1161.5
2017.0,1.0,Comilla,Chittagong,1809.21,896.3
2017.0,1.0,Cox's Bazar,Chittagong,886.48,439.2
2017.0,1.0,Feni,Chittagong,506.15,250.8
2017.0,1.0,Khagrachhari,Chittagong,1900.59,941.6
2017.0,1.0,Lakshmipur,Chittagong,291.74,144.5
2017.0,1.0,Noakhali,Chittagong,129.36,64.1
2017.0,1.0,Rangamati,Chittagong,519.59,257.4
2017.0,1.0,Dhaka,Dhaka,873.77,432.9
2017.0,1.0,Faridpur,Dhaka,955.85,473.6
2017.0,1.0,Gazipur,Dhaka,1107.02,548.5
2017.0,1.0,Gopalganj,Dhaka,878.1,435.0
2017.0,1.0,Jamalpur,Dhaka,221.29,109.6
2017.0,1.0,Kishoreganj,Dhaka,1436.02,711.5
2017.0,1.0,Madaripur,Dhaka,87.38,43.3
2017.0,1.0,Manikganj,Dhaka,184.69,91.5
2017.0,1.0,Munshiganj,Dhaka,76.05,37.7
2017.0,1.0,Mymensingh,Dhaka,3033.85,1503.1
2017.0,1.0,Narayanganj,Dhaka,394.94,195.7
2017.0,1.0,Narsingdi,Dhaka,62.97,31.2
2017.0,1.0,Netrakona,Dhaka,1864.16,923.6
2017.0,1.0,Rajbari,Dhaka,122.54,60.7
2017.0,1.0,Shariatpur,Dhaka,155.2,76.9
2017.0,1.0,Sherpur,Dhaka,1088.63,539.3
2017.0,1.0,Tangail,Dhaka,2039.74,1010.6
2017.0,1.0,Bagerhat,Khulna,828.37,410.4
2017.0,1.0,Chuadanga,Khulna,465.13,230.4
2017.0,1.0,Jessore,Khulna,702.73,348.2
2017.0,1.0,Jhenaidah,Khulna,976.98,484.0
2017.0,1.0,Khulna,Khulna,866.71,429.4
2017.0,1.0,Kushtia,Khulna,119.64,59.3
2017.0,1.0,Magura,Khulna,613.27,303.8
2017.0,1.0,Meherpur,Khulna,404.0,200.2
2017.0,1.0,Narail,Khulna,116.68,57.8
2017.0,1.0,Satkhira,Khulna,974.48,482.8
2017.0,1.0,Habiganj,Sylhet,1721.07,852.7
2017.0,1.0,Maulvibazar,Sylhet,1085.35,537.7
2017.0,1.0,Sunamganj,Sylhet,726.06,359.7
2017.0,1.0,Sylhet,Sylhet,1986.95,984.4
2017.0,1.0,Bogra,Rajshahi,202.45,100.3
2017.0,1.0,Joypurhat,Rajshahi,416.07,206.1
2017.0,1.0,Naogaon,Rajshahi,2331.92,1155.3
2017.0,1.0,Natore,Rajshahi,1002.4,496.6
2017.0,1.0,Nawabganj,Rajshahi,855.18,423.7
2017.0,1.0,Pabna,Rajshahi,1000.97,495.9
2017.0,1.0,Rajshahi,Rajshahi,572.66,283.7
2017.0,1.0,Sirajganj,Rajshahi,390.3,193.4
2017.0,1.0,Dinajpur,Rangpur,1368.48,678.0
2017.0,1.0,Gaibandha,Rangpur,178.58,88.5
2017.0,1.0,Kurigram,Rangpur,485.88,240.7
2017.0,1.0,Lalmonirhat,Rangpur,81.26,40.3
2017.0,1.0,Nilphamari,Rangpur,73.54,36.4
2017.0,1.0,Panchagarh,Rangpur,1008.09,499.4
2017.0,1.0,Rangpur,Rangpur,182.56,90.4
2017.0,1.0,Thakurgaon,Rangpur,1352.62,670.1
2017.0,1.0,Barguna,Barisal,158.55,78.6
2017.0,2.0,Barisal,Barisal,423.88,210.0
2017.0,2.0,Bhola,Barisal,650.89,322.5
2017.0,2.0,Jhalokati,Barisal,33.78,16.7
2017.0,2.0,Patuakhali,Barisal,204.72,101.4
2017.0,2.0,Pirojpur,Barisal,89.4,44.3
2017.0,2.0,Bandarban,Chittagong,3156.43,1563.8
2017.0,2.0,Brahamanbaria,Chittagong,1140.83,565.2
2017.0,2.0,Chandpur,Chittagong,238.46,118.1
2017.0,2.0,Chittagong,Chittagong,2301.08,1140.0
2017.0,2.0,Comilla,Chittagong,1736.83,860.5
2017.0,2.0,Cox's Bazar,Chittagong,947.36,469.4
2017.0,2.0,Feni,Chittagong,483.49,239.5
2017.0,2.0,Khagrachhari,Chittagong,2071.62,1026.4
2017.0,2.0,Lakshmipur,Chittagong,286.97,142.2
2017.0,2.0,Noakhali,Chittagong,117.23,58.1
2017.0,2.0,Rangamati,Chittagong,396.84,196.6
2017.0,2.0,Dhaka,Dhaka,862.4,427.3
2017.0,2.0,Faridpur,Dhaka,1160.58,575.0
2017.0,2.0,Gazipur,Dhaka,1116.27,553.0
2017.0,2.0,Gopalganj,Dhaka,965.37,478.3
2017.0,2.0,Jamalpur,Dhaka,696.08,344.9
2017.0,2.0,Kishoreganj,Dhaka,1643.91,814.4
2017.0,2.0,Madaripur,Dhaka,60.88,30.2
2017.0,2.0,Manikganj,Dhaka,178.77,88.6
2017.0,2.0,Munshiganj,Dhaka,78.28,38.8
2017.0,2.0,Mymensingh,Dhaka,2839.09,1406.6
2017.0,2.0,Narayanganj,Dhaka,465.65,230.7
2017.0,2.0,Narsingdi,Dhaka,71.39,35.4
2017.0,2.0,Netrakona,Dhaka,1722.23,853.3
2017.0,2.0,Rajbari,Dhaka,112.97,56.0
2017.0,2.0,Shariatpur,Dhaka,151.2,74.9
2017.0,2.0,Sherpur,Dhaka,912.97,452.3
2017.0,2.0,Tangail,Dhaka,1792.94,888.3
2017.0,2.0,Bagerhat,Khulna,576.58,285.7
2017.0,2.0,Chuadanga,Khulna,553.69,274.3
2017.0,2.0,Jessore,Khulna,651.62,322.8
2017.0,2.0,Jhenaidah,Khulna,1043.67,517.1
2017.0,2.0,Khulna,Khulna,586.38,290.5
2017.0,2.0,Kushtia,Khulna,214.92,106.5
2017.0,2.0,Magura,Khulna,726.92,360.1
2017.0,2.0,Meherpur,Khulna,414.62,205.4
2017.0,2.0,Narail,Khulna,35.22,17.4
2017.0,2.0,Satkhira,Khulna,861.45,426.8
2017.0,2.0,Habiganj,Sylhet,1533.13,759.6
2017.0,2.0,Maulvibazar,Sylhet,1341.82,664.8
2017.0,2.0,Sunamganj,Sylhet,1325.67,656.8
2017.0,2.0,Sylhet,Sylhet,1595.89,790.7
2017.0,2.0,Bogra,Rajshahi,1434.76,710.8
2017.0,2.0,Joypurhat,Rajshahi,621.53,307.9
2017.0,2.0,Naogaon,Rajshahi,2897.84,1435.7
2017.0,2.0,Natore,Rajshahi,1402.62,694.9
2017.0,2.0,Nawabganj,Rajshahi,987.15,489.1
2017.0,2.0,Pabna,Rajshahi,1396.05,691.7
2017.0,2.0,Rajshahi,Rajshahi,1228.67,608.7
2017.0,2.0,Sirajganj,Rajshahi,303.68,150.5
2017.0,2.0,Dinajpur,Rangpur,1645.61,815.3
2017.0,2.0,Gaibandha,Rangpur,356.98,176.9
2017.0,2.0,Kurigram,Rangpur,479.7,237.7
2017.0,2.0,Lalmonirhat,Rangpur,480.36,238.0
2017.0,2.0,Nilphamari,Rangpur,798.52,395.6
2017.0,2.0,Panchagarh,Rangpur,1174.22,581.7
2017.0,2.0,Rangpur,Rangpur,1005.69,498.3
2017.0,2.0,Thakurgaon,Rangpur,1445.76,716.3
2017.0,2.0,Barguna,Barisal,152.7,75.7
2017.0,3.0,Barisal,Barisal,410.97,203.6
2017.0,3.0,Bhola,Barisal,665.72,329.8
2017.0,3.0,Jhalokati,Barisal,32.09,15.9
2017.0,3.0,Patuakhali,Barisal,220.32,109.2
2017.0,3.0,Pirojpur,Barisal,89.12,44.2
2017.0,3.0,Bandarban,Chittagong,2534.5,1255.7
2017.0,3.0,Brahamanbaria,Chittagong,1045.46,518.0
2017.0,3.0,Chandpur,Chittagong,242.25,120.0
2017.0,3.0,Chittagong,Chittagong,2269.01,1124.1
2017.0,3.0,Comilla,Chittagong,1853.05,918.1
2017.0,3.0,Cox's Bazar,Chittagong,750.77,372.0
2017.0,3.0,Feni,Chittagong,431.55,213.8
2017.0,3.0,Khagrachhari,Chittagong,1576.49,781.0
2017.0,3.0,Lakshmipur,Chittagong,293.13,145.2
2017.0,3.0,Noakhali,Chittagong,121.3,60.1
2017.0,3.0,Rangamati,Chittagong,354.81,175.8
2017.0,3.0,Dhaka,Dhaka,822.41,407.4
2017.0,3.0,Faridpur,Dhaka,997.42,494.2
2017.0,3.0,Gazipur,Dhaka,1047.2,518.8
2017.0,3.0,Gopalganj,Dhaka,1026.99,508.8
2017.0,3.0,Jamalpur,Dhaka,271.14,134.3
2017.0,3.0,Kishoreganj,Dhaka,1534.96,760.5
2017.0,3.0,Madaripur,Dhaka,60.96,30.2
2017.0,3.0,Manikganj,Dhaka,165.82,82.2
2017.0,3.0,Munshiganj,Dhaka,69.12,34.2
2017.0,3.0,Mymensingh,Dhaka,2821.82,1398.0
2017.0,3.0,Narayanganj,Dhaka,448.76,222.3
2017.0,3.0,Narsingdi,Dhaka,162.7,80.6
2017.0,3.0,Netrakona,Dhaka,1787.89,885.8
2017.0,3.0,Rajbari,Dhaka,112.76,55.9
2017.0,3.0,Shariatpur,Dhaka,147.4,73.0
2017.0,3.0,Sherpur,Dhaka,1073.5,531.8
2017.0,3.0,Tangail,Dhaka,1819.46,901.4
2017.0,3.0,Bagerhat,Khulna,701.14,347.4
2017.0,3.0,Chuadanga,Khulna,728.76,361.1
2017.0,3.0,Jessore,Khulna,382.09,189.3
2017.0,3.0,Jhenaidah,Khulna,1253.68,621.1
2017.0,3.0,Khulna,Khulna,607.79,301.1
2017.0,3.0,Kushtia,Khulna,138.12,68.4
2017.0,3.0,Magura,Khulna,646.74,320.4
2017.0,3.0,Meherpur,Khulna,514.76,255.0
2017.0,3.0,Narail,Khulna,37.47,18.6
2017.0,3.0,Satkhira,Khulna,963.46,477.3
2017.0,3.0,Habiganj,Sylhet,1885.49,934.1
2017.0,3.0,Maulvibazar,Sylhet,1066.26,528.3
2017.0,3.0,Sunamganj,Sylhet,2005.22,993.5
2017.0,3.0,Sylhet,Sylhet,1790.7,887.2
2017.0,3.0,Bogra,Rajshahi,1219.16,604.0
2017.0,3.0,Joypurhat,Rajshahi,866.57,429.3
2017.0,3.0,Naogaon,Rajshahi,3021.29,1496.8
2017.0,3.0,Natore,Rajshahi,1311.62,649.8
2017.0,3.0,Nawabganj,Rajshahi,686.3,340.0
2017.0,3.0,Pabna,Rajshahi,1191.41,590.3
2017.0,3.0,Rajshahi,Rajshahi,222.56,110.3
2017.0,3.0,Sirajganj,Rajshahi,307.07,152.1
2017.0,3.0,Dinajpur,Rangpur,2543.34,1260.1
2017.0,3.0,Gaibandha,Rangpur,296.77,147.0
2017.0,3.0,Kurigram,Rangpur,509.26,252.3
2017.0,3.0,Lalmonirhat,Rangpur,339.18,168.0
2017.0,3.0,Nilphamari,Rangpur,1112.71,551.3
2017.0,3.0,Panchagarh,Rangpur,851.84,422.0
2017.0,3.0,Rangpur,Rangpur,2012.56,997.1
2017.0,3.0,Thakurgaon,Rangpur,1384.92,686.1
2017.0,3.0,Barguna,Barisal,157.45,78.0
2017.0,4.0,Barisal,Barisal,458.7,227.3
2017.0,4.0,Bhola,Barisal,689.8,341.8
2017.0,4.0,Jhalokati,Barisal,63.69,31.6
2017.0,4.0,Patuakhali,Barisal,236.35,117.1
2017.0,4.0,Pirojpur,Barisal,115.05,57.0
2017.0,4.0,Bandarban,Chittagong,1935.3,958.8
2017.0,4.0,Brahamanbaria,Chittagong,1087.3,538.7
2017.0,4.0,Chandpur,Chittagong,256.62,127.1
2017.0,4.0,Chittagong,Chittagong,1953.18,967.7
2017.0,4.0,Comilla,Chittagong,1551.01,768.4
2017.0,4.0,Cox's Bazar,Chittagong,755.88,374.5
2017.0,4.0,Feni,Chittagong,445.87,220.9
2017.0,4.0,Khagrachhari,Chittagong,1491.9,739.1
2017.0,4.0,Lakshmipur,Chittagong,302.19,149.7
2017.0,4.0,Noakhali,Chittagong,121.45,60.2
2017.0,4.0,Rangamati,Chittagong,332.66,164.8
2017.0,4.0,Dhaka,Dhaka,983.65,487.3
2017.0,4.0,Faridpur,Dhaka,777.4,385.2
2017.0,4.0,Gazipur,Dhaka,1156.75,573.1
2017.0,4.0,Gopalganj,Dhaka,970.2,480.7
2017.0,4.0,Jamalpur,Dhaka,1286.97,637.6
2017.0,4.0,Kishoreganj,Dhaka,1308.0,648.0
2017.0,4.0,Madaripur,Dhaka,62.66,31.0
2017.0,4.0,Manikganj,Dhaka,174.01,86.2
2017.0,4.0,Munshiganj,Dhaka,79.63,39.5
2017.0,4.0,Mymensingh,Dhaka,2376.34,1177.3
2017.0,4.0,Narayanganj,Dhaka,460.39,228.1
2017.0,4.0,Narsingdi,Dhaka,421.67,208.9
2017.0,4.0,Netrakona,Dhaka,1633.01,809.0
2017.0,4.0,Rajbari,Dhaka,140.22,69.5
2017.0,4.0,Shariatpur,Dhaka,162.14,80.3
2017.0,4.0,Sherpur,Dhaka,1081.42,535.8
2017.0,4.0,Tangail,Dhaka,1919.25,950.9
2017.0,4.0,Bagerhat,Khulna,1224.64,606.7
2017.0,4.0,Chuadanga,Khulna,802.84,397.8
2017.0,4.0,Jessore,Khulna,1153.72,571.6
2017.0,4.0,Jhenaidah,Khulna,1443.0,714.9
2017.0,4.0,Khulna,Khulna,681.5,337.6
2017.0,4.0,Kushtia,Khulna,176.23,87.3
2017.0,4.0,Magura,Khulna,752.3,372.7
2017.0,4.0,Meherpur,Khulna,558.27,276.6
2017.0,4.0,Narail,Khulna,40.72,20.2
2017.0,4.0,Satkhira,Khulna,1167.96,578.6
2017.0,4.0,Habiganj,Sylhet,1588.96,787.2
2017.0,4.0,Maulvibazar,Sylhet,981.95,486.5
2017.0,4.0,Sunamganj,Sylhet,2421.54,1199.7
2017.0,4.0,Sylhet,Sylhet,2034.74,1008.1
2017.0,4.0,Bogra,Rajshahi,1736.75,860.4
2017.0,4.0,Joypurhat,Rajshahi,890.75,441.3
2017.0,4.0,Naogaon,Rajshahi,3213.29,1592.0
2017.0,4.0,Natore,Rajshahi,1368.32,677.9
2017.0,4.0,Nawabganj,Rajshahi,1083.68,536.9
2017.0,4.0,Pabna,Rajshahi,1588.47,787.0
2017.0,4.0,Rajshahi,Rajshahi,1186.39,587.8
2017.0,4.0,Sirajganj,Rajshahi,296.04,146.7
2017.0,4.0,Dinajpur,Rangpur,2948.51,1460.8
2017.0,4.0,Gaibandha,Rangpur,255.41,126.5
2017.0,4.0,Kurigram,Rangpur,403.01,199.7
2017.0,4.0,Lalmonirhat,Rangpur,707.49,350.5
2017.0,4.0,Nilphamari,Rangpur,1326.29,657.1
2017.0,4.0,Panchagarh,Rangpur,1001.76,496.3
2017.0,4.0,Rangpur,Rangpur,2109.78,1045.3
2017.0,4.0,Thakurgaon,Rangpur,1504.5,745.4
2017.0,4.0,Barguna,Barisal,160.04,79.3
2017.0,5.0,Barisal,Barisal,438.06,217.0
2017.0,5.0,Bhola,Barisal,688.57,341.1
2017.0,5.0,Jhalokati,Barisal,40.05,19.8
2017.0,5.0,Patuakhali,Barisal,257.67,127.7
2017.0,5.0,Pirojpur,Barisal,99.89,49.5
2017.0,5.0,Bandarban,Chittagong,2898.8,1436.2
2017.0,5.0,Brahamanbaria,Chittagong,255.78,126.7
2017.0,5.0,Chandpur,Chittagong,264.94,131.3
2017.0,5.0,Chittagong,Chittagong,2003.14,992.4
2017.0,5.0,Comilla,Chittagong,1442.02,714.4
2017.0,5.0,Cox's Bazar,Chittagong,627.79,311.0
2017.0,5.0,Feni,Chittagong,428.17,212.1
2017.0,5.0,Khagrachhari,Chittagong,2000.89,991.3
2017.0,5.0,Lakshmipur,Chittagong,301.9,149.6
2017.0,5.0,Noakhali,Chittagong,130.58,64.7
2017.0,5.0,Rangamati,Chittagong,404.37,200.3
2017.0,5.0,Dhaka,Dhaka,925.58,458.6
2017.0,5.0,Faridpur,Dhaka,119.91,59.4
2017.0,5.0,Gazipur,Dhaka,1058.29,524.3
2017.0,5.0,Gopalganj,Dhaka,533.63,264.4
2017.0,5.0,Jamalpur,Dhaka,169.2,83.8
2017.0,5.0,Kishoreganj,Dhaka,1066.36,528.3
2017.0,5.0,Madaripur,Dhaka,68.6,34.0
2017.0,5.0,Manikganj,Dhaka,181.89,90.1
2017.0,5.0,Munshiganj,Dhaka,86.25,42.7
2017.0,5.0,Mymensingh,Dhaka,2512.73,1244.9
2017.0,5.0,Narayanganj,Dhaka,86.57,42.9
2017.0,5.0,Narsingdi,Dhaka,90.42,44.8
2017.0,5.0,Netrakona,Dhaka,900.6,446.2
2017.0,5.0,Rajbari,Dhaka,142.05,70.4
2017.0,5.0,Shariatpur,Dhaka,163.69,81.1
2017.0,5.0,Sherpur,Dhaka,878.56,435.3
2017.0,5.0,Tangail,Dhaka,969.61,480.4
2017.0,5.0,Bagerhat,Khulna,1183.14,586.2
2017.0,5.0,Chuadanga,Khulna,722.66,358.0
2017.0,5.0,Jessore,Khulna,865.51,428.8
2017.0,5.0,Jhenaidah,Khulna,988.97,490.0
2017.0,5.0,Khulna,Khulna,836.67,414.5
2017.0,5.0,Kushtia,Khulna,128.22,63.5
2017.0,5.0,Magura,Khulna,227.92,112.9
2017.0,5.0,Meherpur,Khulna,476.39,236.0
2017.0,5.0,Narail,Khulna,42.32,21.0
2017.0,5.0,Satkhira,Khulna,1384.72,686.0
2017.0,5.0,Habiganj,Sylhet,984.84,487.9
2017.0,5.0,Maulvibazar,Sylhet,446.75,221.3
2017.0,5.0,Sunamganj,Sylhet,2196.02,1088.0
2017.0,5.0,Sylhet,Sylhet,799.62,396.2
2017.0,5.0,Bogra,Rajshahi,201.05,99.6
2017.0,5.0,Joypurhat,Rajshahi,815.56,404.1
2017.0,5.0,Naogaon,Rajshahi,2331.13,1154.9
2017.0,5.0,Natore,Rajshahi,934.46,463.0
2017.0,5.0,Nawabganj,Rajshahi,304.27,150.7
2017.0,5.0,Pabna,Rajshahi,232.49,115.2
2017.0,5.0,Rajshahi,Rajshahi,247.49,122.6
2017.0,5.0,Sirajganj,Rajshahi,350.18,173.5
2017.0,5.0,Dinajpur,Rangpur,1609.87,797.6
2017.0,5.0,Gaibandha,Rangpur,300.86,149.1
2017.0,5.0,Kurigram,Rangpur,479.46,237.5
2017.0,5.0,Lalmonirhat,Rangpur,121.7,60.3
2017.0,5.0,Nilphamari,Rangpur,1020.09,505.4
2017.0,5.0,Panchagarh,Rangpur,892.79,442.3
2017.0,5.0,Rangpur,Rangpur,1348.49,668.1
2017.0,5.0,Thakurgaon,Rangpur,1276.45,632.4
2017.0,5.0,Barguna,Barisal,166.79,82.6
2017.0,6.0,Barisal,Barisal,561.91,278.4
2017.0,6.0,Bhola,Barisal,680.32,337.1
2017.0,6.0,Jhalokati,Barisal,131.41,65.1
2017.0,6.0,Patuakhali,Barisal,369.15,182.9
2017.0,6.0,Pirojpur,Barisal,225.53,111.7
2017.0,6.0,Bandarban,Chittagong,3192.33,1581.6
2017.0,6.0,Brahamanbaria,Chittagong,457.8,226.8
2017.0,6.0,Chandpur,Chittagong,293.15,145.2
2017.0,6.0,Chittagong,Chittagong,1954.39,968.3
2017.0,6.0,Comilla,Chittagong,1013.49,502.1
2017.0,6.0,Cox's Bazar,Chittagong,408.22,202.2
2017.0,6.0,Feni,Chittagong,447.62,221.8
2017.0,6.0,Khagrachhari,Chittagong,1764.4,874.1
2017.0,6.0,Lakshmipur,Chittagong,303.47,150.3
2017.0,6.0,Noakhali,Chittagong,193.42,95.8
2017.0,6.0,Rangamati,Chittagong,519.13,257.2
2017.0,6.0,Dhaka,Dhaka,478.82,237.2
2017.0,6.0,Faridpur,Dhaka,129.86,64.3
2017.0,6.0,Gazipur,Dhaka,303.93,150.6
2017.0,6.0,Gopalganj,Dhaka,368.49,182.6
2017.0,6.0,Jamalpur,Dhaka,179.86,89.1
2017.0,6.0,Kishoreganj,Dhaka,1270.45,629.4
2017.0,6.0,Madaripur,Dhaka,109.08,54.0
2017.0,6.0,Manikganj,Dhaka,195.23,96.7
2017.0,6.0,Munshiganj,Dhaka,104.05,51.5
2017.0,6.0,Mymensingh,Dhaka,1492.67,739.5
2017.0,6.0,Narayanganj,Dhaka,67.63,33.5
2017.0,6.0,Narsingdi,Dhaka,142.62,70.7
2017.0,6.0,Netrakona,Dhaka,803.55,398.1
2017.0,6.0,Rajbari,Dhaka,141.65,70.2
2017.0,6.0,Shariatpur,Dhaka,187.47,92.9
2017.0,6.0,Sherpur,Dhaka,301.99,149.6
2017.0,6.0,Tangail,Dhaka,191.14,94.7
2017.0,6.0,Bagerhat,Khulna,1510.54,748.4
2017.0,6.0,Chuadanga,Khulna,527.14,261.2
2017.0,6.0,Jessore,Khulna,366.98,181.8
2017.0,6.0,Jhenaidah,Khulna,711.88,352.7
2017.0,6.0,Khulna,Khulna,1010.13,500.5
2017.0,6.0,Kushtia,Khulna,122.88,60.9
2017.0,6.0,Magura,Khulna,97.94,48.5
2017.0,6.0,Meherpur,Khulna,469.54,232.6
2017.0,6.0,Narail,Khulna,107.96,53.5
2017.0,6.0,Satkhira,Khulna,1166.09,577.7
2017.0,6.0,Habiganj,Sylhet,973.09,482.1
2017.0,6.0,Maulvibazar,Sylhet,701.94,347.8
2017.0,6.0,Sunamganj,Sylhet,2276.55,1127.9
2017.0,6.0,Sylhet,Sylhet,1232.34,610.5
2017.0,6.0,Bogra,Rajshahi,225.07,111.5
2017.0,6.0,Joypurhat,Rajshahi,653.14,323.6
2017.0,6.0,Naogaon,Rajshahi,1926.13,954.3
2017.0,6.0,Natore,Rajshahi,115.97,57.5
2017.0,6.0,Nawabganj,Rajshahi,201.02,99.6
2017.0,6.0,Pabna,Rajshahi,181.23,89.8
2017.0,6.0,Rajshahi,Rajshahi,154.8,76.7
2017.0,6.0,Sirajganj,Rajshahi,434.18,215.1
2017.0,6.0,Dinajpur,Rangpur,2407.64,1192.8
2017.0,6.0,Gaibandha,Rangpur,318.99,158.0
2017.0,6.0,Kurigram,Rangpur,499.75,247.6
2017.0,6.0,Lalmonirhat,Rangpur,89.12,44.2
2017.0,6.0,Nilphamari,Rangpur,667.22,330.6
2017.0,6.0,Panchagarh,Rangpur,1012.97,501.9
2017.0,6.0,Rangpur,Rangpur,1316.69,652.3
2017.0,6.0,Thakurgaon,Rangpur,1424.12,705.6
2017.0,6.0,Barguna,Barisal,274.99,136.2
2017.0,7.0,Barisal,Barisal,491.83,243.7
2017.0,7.0,Bhola,Barisal,715.26,354.4
2017.0,7.0,Jhalokati,Barisal,114.15,56.6
2017.0,7.0,Patuakhali,Barisal,562.46,278.7
2017.0,7.0,Pirojpur,Barisal,269.4,133.5
2017.0,7.0,Bandarban,Chittagong,2613.78,1295.0
2017.0,7.0,Brahamanbaria,Chittagong,646.97,320.5
2017.0,7.0,Chandpur,Chittagong,342.21,169.5
2017.0,7.0,Chittagong,Chittagong,1922.37,952.4
2017.0,7.0,Comilla,Chittagong,653.72,323.9
2017.0,7.0,Cox's Bazar,Chittagong,516.66,256.0
2017.0,7.0,Feni,Chittagong,428.7,212.4
2017.0,7.0,Khagrachhari,Chittagong,1571.21,778.4
2017.0,7.0,Lakshmipur,Chittagong,335.99,166.5
2017.0,7.0,Noakhali,Chittagong,480.24,237.9
2017.0,7.0,Rangamati,Chittagong,490.26,242.9
2017.0,7.0,Dhaka,Dhaka,160.29,79.4
2017.0,7.0,Faridpur,Dhaka,232.77,115.3
2017.0,7.0,Gazipur,Dhaka,239.58,118.7
2017.0,7.0,Gopalganj,Dhaka,566.13,280.5
2017.0,7.0,Jamalpur,Dhaka,279.11,138.3
2017.0,7.0,Kishoreganj,Dhaka,1352.71,670.2
2017.0,7.0,Madaripur,Dhaka,116.46,57.7
2017.0,7.0,Manikganj,Dhaka,299.02,148.1
2017.0,7.0,Munshiganj,Dhaka,131.57,65.2
2017.0,7.0,Mymensingh,Dhaka,1804.04,893.8
2017.0,7.0,Narayanganj,Dhaka,82.35,40.8
2017.0,7.0,Narsingdi,Dhaka,192.44,95.3
2017.0,7.0,Netrakona,Dhaka,909.83,450.8
2017.0,7.0,Rajbari,Dhaka,175.84,87.1
2017.0,7.0,Shariatpur,Dhaka,205.79,102.0
2017.0,7.0,Sherpur,Dhaka,539.2,267.1
2017.0,7.0,Tangail,Dhaka,575.23,285.0
2017.0,7.0,Bagerhat,Khulna,1494.16,740.3
2017.0,7.0,Chuadanga,Khulna,624.98,309.6
2017.0,7.0,Jessore,Khulna,620.46,307.4
2017.0,7.0,Jhenaidah,Khulna,495.12,245.3
2017.0,7.0,Khulna,Khulna,1558.28,772.0
2017.0,7.0,Kushtia,Khulna,149.23,73.9
2017.0,7.0,Magura,Khulna,221.07,109.5
2017.0,7.0,Meherpur,Khulna,399.71,198.0
2017.0,7.0,Narail,Khulna,178.17,88.3
2017.0,7.0,Satkhira,Khulna,1487.74,737.1
2017.0,7.0,Habiganj,Sylhet,899.35,445.6
2017.0,7.0,Maulvibazar,Sylhet,816.58,404.6
2017.0,7.0,Sunamganj,Sylhet,2198.19,1089.1
2017.0,7.0,Sylhet,Sylhet,1258.42,623.5
2017.0,7.0,Bogra,Rajshahi,764.74,378.9
2017.0,7.0,Joypurhat,Rajshahi,471.14,233.4
2017.0,7.0,Naogaon,Rajshahi,835.2,413.8
2017.0,7.0,Natore,Rajshahi,333.71,165.3
2017.0,7.0,Nawabganj,Rajshahi,169.16,83.8
2017.0,7.0,Pabna,Rajshahi,451.81,223.8
2017.0,7.0,Rajshahi,Rajshahi,325.48,161.3
2017.0,7.0,Sirajganj,Rajshahi,735.85,364.6
2017.0,7.0,Dinajpur,Rangpur,1227.97,608.4
2017.0,7.0,Gaibandha,Rangpur,391.06,193.7
2017.0,7.0,Kurigram,Rangpur,561.07,278.0
2017.0,7.0,Lalmonirhat,Rangpur,354.91,175.8
2017.0,7.0,Nilphamari,Rangpur,756.07,374.6
2017.0,7.0,Panchagarh,Rangpur,406.25,201.3
2017.0,7.0,Rangpur,Rangpur,1427.34,707.2
2017.0,7.0,Thakurgaon,Rangpur,523.85,259.5
2017.0,7.0,Barguna,Barisal,276.13,136.8
2017.0,8.0,Barisal,Barisal,775.03,384.0
2017.0,8.0,Bhola,Barisal,864.82,428.5
2017.0,8.0,Jhalokati,Barisal,242.29,120.0
2017.0,8.0,Patuakhali,Barisal,811.66,402.1
2017.0,8.0,Pirojpur,Barisal,424.63,210.4
2017.0,8.0,Bandarban,Chittagong,2540.03,1258.4
2017.0,8.0,Brahamanbaria,Chittagong,665.65,329.8
2017.0,8.0,Chandpur,Chittagong,371.84,184.2
2017.0,8.0,Chittagong,Chittagong,2043.05,1012.2
2017.0,8.0,Comilla,Chittagong,786.27,389.5
2017.0,8.0,Cox's Bazar,Chittagong,439.57,217.8
2017.0,8.0,Feni,Chittagong,339.53,168.2
2017.0,8.0,Khagrachhari,Chittagong,1664.79,824.8
2017.0,8.0,Lakshmipur,Chittagong,441.56,218.8
2017.0,8.0,Noakhali,Chittagong,448.69,222.3
2017.0,8.0,Rangamati,Chittagong,556.88,275.9
2017.0,8.0,Dhaka,Dhaka,175.88,87.1
2017.0,8.0,Faridpur,Dhaka,477.78,236.7
2017.0,8.0,Gazipur,Dhaka,349.8,173.3
2017.0,8.0,Gopalganj,Dhaka,486.02,240.8
2017.0,8.0,Jamalpur,Dhaka,550.01,272.5
2017.0,8.0,Kishoreganj,Dhaka,1327.7,657.8
2017.0,8.0,Madaripur,Dhaka,150.18,74.4
2017.0,8.0,Manikganj,Dhaka,431.99,214.0
2017.0,8.0,Munshiganj,Dhaka,126.5,62.7
2017.0,8.0,Mymensingh,Dhaka,2127.51,1054.0
2017.0,8.0,Narayanganj,Dhaka,79.02,39.1
2017.0,8.0,Narsingdi,Dhaka,222.18,110.1
2017.0,8.0,Netrakona,Dhaka,968.37,479.8
2017.0,8.0,Rajbari,Dhaka,286.88,142.1
2017.0,8.0,Shariatpur,Dhaka,253.63,125.7
2017.0,8.0,Sherpur,Dhaka,527.09,261.1
2017.0,8.0,Tangail,Dhaka,748.92,371.0
2017.0,8.0,Bagerhat,Khulna,1594.97,790.2
2017.0,8.0,Chuadanga,Khulna,618.66,306.5
2017.0,8.0,Jessore,Khulna,541.6,268.3
2017.0,8.0,Jhenaidah,Khulna,873.86,432.9
2017.0,8.0,Khulna,Khulna,1808.22,895.9
2017.0,8.0,Kushtia,Khulna,214.99,106.5
2017.0,8.0,Magura,Khulna,182.01,90.2
2017.0,8.0,Meherpur,Khulna,430.02,213.0
2017.0,8.0,Narail,Khulna,153.8,76.2
2017.0,8.0,Satkhira,Khulna,1617.04,801.1
2017.0,8.0,Habiganj,Sylhet,789.95,391.4
2017.0,8.0,Maulvibazar,Sylhet,595.58,295.1
2017.0,8.0,Sunamganj,Sylhet,2223.67,1101.7
2017.0,8.0,Sylhet,Sylhet,1053.06,521.7
2017.0,8.0,Bogra,Rajshahi,815.48,404.0
2017.0,8.0,Joypurhat,Rajshahi,779.25,386.1
2017.0,8.0,Naogaon,Rajshahi,914.52,453.1
2017.0,8.0,Natore,Rajshahi,402.04,199.2
2017.0,8.0,Nawabganj,Rajshahi,245.57,121.7
2017.0,8.0,Pabna,Rajshahi,584.93,289.8
2017.0,8.0,Rajshahi,Rajshahi,313.46,155.3
2017.0,8.0,Sirajganj,Rajshahi,895.85,443.8
2017.0,8.0,Dinajpur,Rangpur,2179.97,1080.0
2017.0,8.0,Gaibandha,Rangpur,541.41,268.2
2017.0,8.0,Kurigram,Rangpur,700.77,347.2
2017.0,8.0,Lalmonirhat,Rangpur,421.38,208.8
2017.0,8.0,Nilphamari,Rangpur,972.81,482.0
2017.0,8.0,Panchagarh,Rangpur,829.32,410.9
2017.0,8.0,Rangpur,Rangpur,1594.34,789.9
2017.0,8.0,Thakurgaon,Rangpur,1347.82,667.8
2017.0,8.0,Barguna,Barisal,351.47,174.1
2017.0,9.0,Barisal,Barisal,496.07,245.8
2017.0,9.0,Bhola,Barisal,696.24,344.9
2017.0,9.0,Jhalokati,Barisal,71.13,35.2
2017.0,9.0,Patuakhali,Barisal,277.11,137.3
2017.0,9.0,Pirojpur,Barisal,236.22,117.0
2017.0,9.0,Bandarban,Chittagong,2640.49,1308.2
2017.0,9.0,Brahamanbaria,Chittagong,604.36,299.4
2017.0,9.0,Chandpur,Chittagong,327.09,162.1
2017.0,9.0,Chittagong,Chittagong,2027.14,1004.3
2017.0,9.0,Comilla,Chittagong,1257.14,622.8
2017.0,9.0,Cox's Bazar,Chittagong,518.67,257.0
2017.0,9.0,Feni,Chittagong,517.9,256.6
2017.0,9.0,Khagrachhari,Chittagong,1398.53,692.9
2017.0,9.0,Lakshmipur,Chittagong,308.35,152.8
2017.0,9.0,Noakhali,Chittagong,189.65,94.0
2017.0,9.0,Rangamati,Chittagong,558.76,276.8
2017.0,9.0,Dhaka,Dhaka,145.0,71.8
2017.0,9.0,Faridpur,Dhaka,320.34,158.7
2017.0,9.0,Gazipur,Dhaka,191.54,94.9
2017.0,9.0,Gopalganj,Dhaka,418.02,207.1
2017.0,9.0,Jamalpur,Dhaka,267.04,132.3
2017.0,9.0,Kishoreganj,Dhaka,1343.81,665.8
2017.0,9.0,Madaripur,Dhaka,106.06,52.5
2017.0,9.0,Manikganj,Dhaka,300.92,149.1
2017.0,9.0,Munshiganj,Dhaka,119.16,59.0
2017.0,9.0,Mymensingh,Dhaka,2496.03,1236.6
2017.0,9.0,Narayanganj,Dhaka,76.93,38.1
2017.0,9.0,Narsingdi,Dhaka,169.94,84.2
2017.0,9.0,Netrakona,Dhaka,841.44,416.9
2017.0,9.0,Rajbari,Dhaka,217.13,107.6
2017.0,9.0,Shariatpur,Dhaka,211.43,104.7
2017.0,9.0,Sherpur,Dhaka,398.55,197.5
2017.0,9.0,Tangail,Dhaka,422.78,209.5
2017.0,9.0,Bagerhat,Khulna,1471.89,729.2
2017.0,9.0,Chuadanga,Khulna,666.79,330.4
2017.0,9.0,Jessore,Khulna,260.74,129.2
2017.0,9.0,Jhenaidah,Khulna,1003.64,497.2
2017.0,9.0,Khulna,Khulna,1639.95,812.5
2017.0,9.0,Kushtia,Khulna,160.1,79.3
2017.0,9.0,Magura,Khulna,75.58,37.4
2017.0,9.0,Meherpur,Khulna,445.83,220.9
2017.0,9.0,Narail,Khulna,108.09,53.6
2017.0,9.0,Satkhira,Khulna,1369.04,678.3
2017.0,9.0,Habiganj,Sylhet,717.05,355.3
2017.0,9.0,Maulvibazar,Sylhet,520.98,258.1
2017.0,9.0,Sunamganj,Sylhet,2149.35,1064.9
2017.0,9.0,Sylhet,Sylhet,945.07,468.2
2017.0,9.0,Bogra,Rajshahi,466.05,230.9
2017.0,9.0,Joypurhat,Rajshahi,796.52,394.6
2017.0,9.0,Naogaon,Rajshahi,1091.82,540.9
2017.0,9.0,Natore,Rajshahi,255.52,126.6
2017.0,9.0,Nawabganj,Rajshahi,192.87,95.6
2017.0,9.0,Pabna,Rajshahi,483.12,239.4
2017.0,9.0,Rajshahi,Rajshahi,316.14,156.6
2017.0,9.0,Sirajganj,Rajshahi,678.94,336.4
2017.0,9.0,Dinajpur,Rangpur,2657.3,1316.5
2017.0,9.0,Gaibandha,Rangpur,376.26,186.4
2017.0,9.0,Kurigram,Rangpur,564.53,279.7
2017.0,9.0,Lalmonirhat,Rangpur,382.9,189.7
2017.0,9.0,Nilphamari,Rangpur,1120.57,555.2
2017.0,9.0,Panchagarh,Rangpur,842.33,417.3
2017.0,9.0,Rangpur,Rangpur,1912.9,947.7
2017.0,9.0,Thakurgaon,Rangpur,1504.32,745.3
2017.0,9.0,Barguna,Barisal,198.75,98.5
2017.0,10.0,Barisal,Barisal,528.42,261.8
2017.0,10.0,Bhola,Barisal,743.31,368.3
2017.0,10.0,Jhalokati,Barisal,54.95,27.2
2017.0,10.0,Patuakhali,Barisal,256.46,127.1
2017.0,10.0,Pirojpur,Barisal,134.88,66.8
2017.0,10.0,Bandarban,Chittagong,2884.74,1429.2
2017.0,10.0,Brahamanbaria,Chittagong,546.0,270.5
2017.0,10.0,Chandpur,Chittagong,318.03,157.6
2017.0,10.0,Chittagong,Chittagong,1737.38,860.8
2017.0,10.0,Comilla,Chittagong,1406.64,696.9
2017.0,10.0,Cox's Bazar,Chittagong,276.78,137.1
2017.0,10.0,Feni,Chittagong,367.42,182.0
2017.0,10.0,Khagrachhari,Chittagong,1845.99,914.6
2017.0,10.0,Lakshmipur,Chittagong,314.89,156.0
2017.0,10.0,Noakhali,Chittagong,150.58,74.6
2017.0,10.0,Rangamati,Chittagong,563.68,279.3
2017.0,10.0,Dhaka,Dhaka,132.74,65.8
2017.0,10.0,Faridpur,Dhaka,242.33,120.1
2017.0,10.0,Gazipur,Dhaka,210.71,104.4
2017.0,10.0,Gopalganj,Dhaka,248.82,123.3
2017.0,10.0,Jamalpur,Dhaka,239.56,118.7
2017.0,10.0,Kishoreganj,Dhaka,1278.64,633.5
2017.0,10.0,Madaripur,Dhaka,102.05,50.6
2017.0,10.0,Manikganj,Dhaka,251.24,124.5
2017.0,10.0,Munshiganj,Dhaka,118.13,58.5
2017.0,10.0,Mymensingh,Dhaka,2364.74,1171.6
2017.0,10.0,Narayanganj,Dhaka,75.79,37.5
2017.0,10.0,Narsingdi,Dhaka,155.4,77.0
2017.0,10.0,Netrakona,Dhaka,662.9,328.4
2017.0,10.0,Rajbari,Dhaka,173.0,85.7
2017.0,10.0,Shariatpur,Dhaka,206.32,102.2
2017.0,10.0,Sherpur,Dhaka,654.25,324.1
2017.0,10.0,Tangail,Dhaka,296.17,146.7
2017.0,10.0,Bagerhat,Khulna,1316.54,652.3
2017.0,10.0,Chuadanga,Khulna,400.21,198.3
2017.0,10.0,Jessore,Khulna,420.13,208.1
2017.0,10.0,Jhenaidah,Khulna,855.77,424.0
2017.0,10.0,Khulna,Khulna,924.52,458.0
2017.0,10.0,Kushtia,Khulna,138.54,68.6
2017.0,10.0,Magura,Khulna,71.88,35.6
2017.0,10.0,Meherpur,Khulna,321.99,159.5
2017.0,10.0,Narail,Khulna,101.88,50.5
2017.0,10.0,Satkhira,Khulna,1335.09,661.4
2017.0,10.0,Habiganj,Sylhet,471.94,233.8
2017.0,10.0,Maulvibazar,Sylhet,441.7,218.8
2017.0,10.0,Sunamganj,Sylhet,1959.62,970.9
2017.0,10.0,Sylhet,Sylhet,643.97,319.0
2017.0,10.0,Bogra,Rajshahi,291.82,144.6
2017.0,10.0,Joypurhat,Rajshahi,769.88,381.4
2017.0,10.0,Naogaon,Rajshahi,1100.31,545.1
2017.0,10.0,Natore,Rajshahi,200.85,99.5
2017.0,10.0,Nawabganj,Rajshahi,150.61,74.6
2017.0,10.0,Pabna,Rajshahi,423.45,209.8
2017.0,10.0,Rajshahi,Rajshahi,294.45,145.9
2017.0,10.0,Sirajganj,Rajshahi,591.79,293.2
2017.0,10.0,Dinajpur,Rangpur,2703.52,1339.4
2017.0,10.0,Gaibandha,Rangpur,325.43,161.2
2017.0,10.0,Kurigram,Rangpur,463.04,229.4
2017.0,10.0,Lalmonirhat,Rangpur,623.25,308.8
2017.0,10.0,Nilphamari,Rangpur,1062.43,526.4
2017.0,10.0,Panchagarh,Rangpur,895.03,443.4
2017.0,10.0,Rangpur,Rangpur,1828.48,905.9
2017.0,10.0,Thakurgaon,Rangpur,1365.89,676.7
2017.0,10.0,Barguna,Barisal,192.44,95.3
2017.0,11.0,Barisal,Barisal,480.8,238.2
2017.0,11.0,Bhola,Barisal,670.54,332.2
2017.0,11.0,Jhalokati,Barisal,38.83,19.2
2017.0,11.0,Patuakhali,Barisal,224.44,111.2
2017.0,11.0,Pirojpur,Barisal,104.33,51.7
2017.0,11.0,Bandarban,Chittagong,3008.19,1490.4
2017.0,11.0,Brahamanbaria,Chittagong,265.65,131.6
2017.0,11.0,Chandpur,Chittagong,285.94,141.7
2017.0,11.0,Chittagong,Chittagong,1426.48,706.7
2017.0,11.0,Comilla,Chittagong,1270.12,629.3
2017.0,11.0,Cox's Bazar,Chittagong,288.88,143.1
2017.0,11.0,Feni,Chittagong,410.57,203.4
2017.0,11.0,Khagrachhari,Chittagong,1809.23,896.4
2017.0,11.0,Lakshmipur,Chittagong,292.73,145.0
2017.0,11.0,Noakhali,Chittagong,137.88,68.3
2017.0,11.0,Rangamati,Chittagong,530.9,263.0
2017.0,11.0,Dhaka,Dhaka,171.92,85.2
2017.0,11.0,Faridpur,Dhaka,140.15,69.4
2017.0,11.0,Gazipur,Dhaka,857.21,424.7
2017.0,11.0,Gopalganj,Dhaka,158.65,78.6
2017.0,11.0,Jamalpur,Dhaka,221.89,109.9
2017.0,11.0,Kishoreganj,Dhaka,795.52,394.1
2017.0,11.0,Madaripur,Dhaka,89.48,44.3
2017.0,11.0,Manikganj,Dhaka,195.3,96.8
2017.0,11.0,Munshiganj,Dhaka,102.07,50.6
2017.0,11.0,Mymensingh,Dhaka,2108.75,1044.7
2017.0,11.0,Narayanganj,Dhaka,60.61,30.0
2017.0,11.0,Narsingdi,Dhaka,87.7,43.4
2017.0,11.0,Netrakona,Dhaka,534.02,264.6
2017.0,11.0,Rajbari,Dhaka,137.4,68.1
2017.0,11.0,Shariatpur,Dhaka,185.1,91.7
2017.0,11.0,Sherpur,Dhaka,691.32,342.5
2017.0,11.0,Tangail,Dhaka,431.5,213.8
2017.0,11.0,Bagerhat,Khulna,1000.32,495.6
2017.0,11.0,Chuadanga,Khulna,573.93,284.3
2017.0,11.0,Jessore,Khulna,242.93,120.4
2017.0,11.0,Jhenaidah,Khulna,872.59,432.3
2017.0,11.0,Khulna,Khulna,1062.76,526.5
2017.0,11.0,Kushtia,Khulna,131.74,65.3
2017.0,11.0,Magura,Khulna,45.04,22.3
2017.0,11.0,Meherpur,Khulna,425.55,210.8
2017.0,11.0,Narail,Khulna,77.3,38.3
2017.0,11.0,Satkhira,Khulna,1311.69,649.9
2017.0,11.0,Habiganj,Sylhet,620.61,307.5
2017.0,11.0,Maulvibazar,Sylhet,363.02,179.9
2017.0,11.0,Sunamganj,Sylhet,1656.98,820.9
2017.0,11.0,Sylhet,Sylhet,547.69,271.3
2017.0,11.0,Bogra,Rajshahi,259.47,128.6
2017.0,11.0,Joypurhat,Rajshahi,844.31,418.3
2017.0,11.0,Naogaon,Rajshahi,1719.0,851.7
2017.0,11.0,Natore,Rajshahi,188.3,93.3
2017.0,11.0,Nawabganj,Rajshahi,144.96,71.8
2017.0,11.0,Pabna,Rajshahi,241.01,119.4
2017.0,11.0,Rajshahi,Rajshahi,229.05,113.5
2017.0,11.0,Sirajganj,Rajshahi,379.34,187.9
2017.0,11.0,Dinajpur,Rangpur,2902.86,1438.2
2017.0,11.0,Gaibandha,Rangpur,275.71,136.6
2017.0,11.0,Kurigram,Rangpur,446.81,221.4
2017.0,11.0,Lalmonirhat,Rangpur,749.93,371.5
2017.0,11.0,Nilphamari,Rangpur,1016.57,503.6
2017.0,11.0,Panchagarh,Rangpur,985.56,488.3
2017.0,11.0,Rangpur,Rangpur,1903.7,943.2
2017.0,11.0,Thakurgaon,Rangpur,1703.97,844.2
2017.0,11.0,Barguna,Barisal,160.31,79.4
2017.0,12.0,Barisal,Barisal,477.57,236.6
2017.0,12.0,Bhola,Barisal,696.61,345.1
2017.0,12.0,Jhalokati,Barisal,37.17,18.4
2017.0,12.0,Patuakhali,Barisal,227.99,113.0
2017.0,12.0,Pirojpur,Barisal,114.24,56.6
2017.0,12.0,Bandarban,Chittagong,2682.26,1328.9
2017.0,12.0,Brahamanbaria,Chittagong,429.73,212.9
2017.0,12.0,Chandpur,Chittagong,255.03,126.4
2017.0,12.0,Chittagong,Chittagong,1513.82,750.0
2017.0,12.0,Comilla,Chittagong,1129.74,559.7
2017.0,12.0,Cox's Bazar,Chittagong,915.13,453.4
2017.0,12.0,Feni,Chittagong,280.39,138.9
2017.0,12.0,Khagrachhari,Chittagong,1729.97,857.1
2017.0,12.0,Lakshmipur,Chittagong,301.4,149.3
2017.0,12.0,Noakhali,Chittagong,151.64,75.1
2017.0,12.0,Rangamati,Chittagong,524.87,260.0
2017.0,12.0,Dhaka,Dhaka,683.15,338.5
2017.0,12.0,Faridpur,Dhaka,117.26,58.1
2017.0,12.0,Gazipur,Dhaka,722.56,358.0
2017.0,12.0,Gopalganj,Dhaka,280.86,139.1
2017.0,12.0,Jamalpur,Dhaka,267.17,132.4
2017.0,12.0,Kishoreganj,Dhaka,353.48,175.1
2017.0,12.0,Madaripur,Dhaka,94.35,46.7
2017.0,12.0,Manikganj,Dhaka,176.29,87.3
2017.0,12.0,Munshiganj,Dhaka,84.04,41.6
2017.0,12.0,Mymensingh,Dhaka,1652.43,818.7
2017.0,12.0,Narayanganj,Dhaka,244.88,121.3
2017.0,12.0,Narsingdi,Dhaka,69.4,34.4
2017.0,12.0,Netrakona,Dhaka,541.91,268.5
2017.0,12.0,Rajbari,Dhaka,125.76,62.3
2017.0,12.0,Shariatpur,Dhaka,160.05,79.3
2017.0,12.0,Sherpur,Dhaka,870.84,431.4
2017.0,12.0,Tangail,Dhaka,1083.05,536.6
2017.0,12.0,Bagerhat,Khulna,944.52,467.9
2017.0,12.0,Chuadanga,Khulna,544.93,270.0
2017.0,12.0,Jessore,Khulna,237.9,117.9
2017.0,12.0,Jhenaidah,Khulna,731.2,362.3
2017.0,12.0,Khulna,Khulna,896.56,444.2
2017.0,12.0,Kushtia,Khulna,130.35,64.6
2017.0,12.0,Magura,Khulna,186.05,92.2
2017.0,12.0,Meherpur,Khulna,388.01,192.2
2017.0,12.0,Narail,Khulna,126.77,62.8
2017.0,12.0,Satkhira,Khulna,1165.41,577.4
2017.0,12.0,Habiganj,Sylhet,682.89,338.3
2017.0,12.0,Maulvibazar,Sylhet,382.95,189.7
2017.0,12.0,Sunamganj,Sylhet,1129.97,559.8
2017.0,12.0,Sylhet,Sylhet,667.54,330.7
2017.0,12.0,Bogra,Rajshahi,261.64,129.6
2017.0,12.0,Joypurhat,Rajshahi,695.73,344.7
2017.0,12.0,Naogaon,Rajshahi,2030.47,1006.0
2017.0,12.0,Natore,Rajshahi,268.87,133.2
2017.0,12.0,Nawabganj,Rajshahi,247.76,122.7
2017.0,12.0,Pabna,Rajshahi,191.29,94.8
2017.0,12.0,Rajshahi,Rajshahi,297.55,147.4
2017.0,12.0,Sirajganj,Rajshahi,305.19,151.2
2017.0,12.0,Dinajpur,Rangpur,2838.64,1406.4
2017.0,12.0,Gaibandha,Rangpur,292.55,144.9
2017.0,12.0,Kurigram,Rangpur,466.31,231.0
2017.0,12.0,Lalmonirhat,Rangpur,685.38,339.6
2017.0,12.0,Nilphamari,Rangpur,1104.17,547.0
2017.0,12.0,Panchagarh,Rangpur,818.87,405.7
2017.0,12.0,Rangpur,Rangpur,1867.12,925.0
2017.0,12.0,Thakurgaon,Rangpur,1302.24,645.2
2017.0,12.0,Barguna,Barisal,160.13,79.3
2018.0,1.0,Barisal,Barisal,425.1,210.6
2018.0,1.0,Bhola,Barisal,650.52,322.3
2018.0,1.0,Jhalokati,Barisal,34.24,17.0
2018.0,1.0,Patuakhali,Barisal,208.94,103.5
2018.0,1.0,Pirojpur,Barisal,94.02,46.6
2018.0,1.0,Bandarban,Chittagong,2431.02,1204.4
2018.0,1.0,Brahamanbaria,Chittagong,970.1,480.6
2018.0,1.0,Chandpur,Chittagong,243.96,120.9
2018.0,1.0,Chittagong,Chittagong,2081.91,1031.4
2018.0,1.0,Comilla,Chittagong,1458.48,722.6
2018.0,1.0,Cox's Bazar,Chittagong,983.21,487.1
2018.0,1.0,Feni,Chittagong,376.14,186.4
2018.0,1.0,Khagrachhari,Chittagong,1561.99,773.9
2018.0,1.0,Lakshmipur,Chittagong,285.84,141.6
2018.0,1.0,Noakhali,Chittagong,133.83,66.3
2018.0,1.0,Rangamati,Chittagong,493.3,244.4
2018.0,1.0,Dhaka,Dhaka,816.96,404.7
2018.0,1.0,Faridpur,Dhaka,737.12,365.2
2018.0,1.0,Gazipur,Dhaka,846.08,419.2
2018.0,1.0,Gopalganj,Dhaka,733.74,363.5
2018.0,1.0,Jamalpur,Dhaka,194.35,96.3
2018.0,1.0,Kishoreganj,Dhaka,1342.89,665.3
2018.0,1.0,Madaripur,Dhaka,88.1,43.6
2018.0,1.0,Manikganj,Dhaka,179.05,88.7
2018.0,1.0,Munshiganj,Dhaka,77.2,38.2
2018.0,1.0,Mymensingh,Dhaka,2383.5,1180.9
2018.0,1.0,Narayanganj,Dhaka,342.5,169.7
2018.0,1.0,Narsingdi,Dhaka,62.38,30.9
2018.0,1.0,Netrakona,Dhaka,1534.66,760.3
2018.0,1.0,Rajbari,Dhaka,120.18,59.5
2018.0,1.0,Shariatpur,Dhaka,146.08,72.4
2018.0,1.0,Sherpur,Dhaka,959.71,475.5
2018.0,1.0,Tangail,Dhaka,1573.58,779.6
2018.0,1.0,Bagerhat,Khulna,805.6,399.1
2018.0,1.0,Chuadanga,Khulna,685.48,339.6
2018.0,1.0,Jessore,Khulna,679.07,336.4
2018.0,1.0,Jhenaidah,Khulna,975.39,483.2
2018.0,1.0,Khulna,Khulna,874.37,433.2
2018.0,1.0,Kushtia,Khulna,136.85,67.8
2018.0,1.0,Magura,Khulna,599.48,297.0
2018.0,1.0,Meherpur,Khulna,494.13,244.8
2018.0,1.0,Narail,Khulna,143.66,71.2
2018.0,1.0,Satkhira,Khulna,1022.61,506.6
2018.0,1.0,Habiganj,Sylhet,1444.2,715.5
2018.0,1.0,Maulvibazar,Sylhet,661.69,327.8
2018.0,1.0,Sunamganj,Sylhet,948.16,469.8
2018.0,1.0,Sylhet,Sylhet,1330.09,659.0
2018.0,1.0,Bogra,Rajshahi,191.79,95.0
2018.0,1.0,Joypurhat,Rajshahi,434.69,215.4
2018.0,1.0,Naogaon,Rajshahi,2345.24,1161.9
2018.0,1.0,Natore,Rajshahi,1002.65,496.7
2018.0,1.0,Nawabganj,Rajshahi,920.26,455.9
2018.0,1.0,Pabna,Rajshahi,850.51,421.4
2018.0,1.0,Rajshahi,Rajshahi,690.86,342.3
2018.0,1.0,Sirajganj,Rajshahi,371.0,183.8
2018.0,1.0,Dinajpur,Rangpur,1432.61,709.8
2018.0,1.0,Gaibandha,Rangpur,171.51,85.0
2018.0,1.0,Kurigram,Rangpur,502.41,248.9
2018.0,1.0,Lalmonirhat,Rangpur,102.83,50.9
2018.0,1.0,Nilphamari,Rangpur,67.36,33.4
2018.0,1.0,Panchagarh,Rangpur,996.64,493.8
2018.0,1.0,Rangpur,Rangpur,200.14,99.2
2018.0,1.0,Thakurgaon,Rangpur,1405.55,696.4
2018.0,1.0,Barguna,Barisal,156.77,77.7
2018.0,2.0,Barisal,Barisal,418.01,207.1
2018.0,2.0,Bhola,Barisal,685.27,339.5
2018.0,2.0,Jhalokati,Barisal,34.96,17.3
2018.0,2.0,Patuakhali,Barisal,217.55,107.8
2018.0,2.0,Pirojpur,Barisal,91.93,45.5
2018.0,2.0,Bandarban,Chittagong,2963.36,1468.1
2018.0,2.0,Brahamanbaria,Chittagong,1177.39,583.3
2018.0,2.0,Chandpur,Chittagong,237.01,117.4
2018.0,2.0,Chittagong,Chittagong,1887.32,935.0
2018.0,2.0,Comilla,Chittagong,1724.31,854.3
2018.0,2.0,Cox's Bazar,Chittagong,889.01,440.4
2018.0,2.0,Feni,Chittagong,383.98,190.2
2018.0,2.0,Khagrachhari,Chittagong,1703.98,844.2
2018.0,2.0,Lakshmipur,Chittagong,297.41,147.3
2018.0,2.0,Noakhali,Chittagong,131.92,65.4
2018.0,2.0,Rangamati,Chittagong,440.27,218.1
2018.0,2.0,Dhaka,Dhaka,810.62,401.6
2018.0,2.0,Faridpur,Dhaka,1130.47,560.1
2018.0,2.0,Gazipur,Dhaka,1015.62,503.2
2018.0,2.0,Gopalganj,Dhaka,807.01,399.8
2018.0,2.0,Jamalpur,Dhaka,945.31,468.3
2018.0,2.0,Kishoreganj,Dhaka,1386.71,687.0
2018.0,2.0,Madaripur,Dhaka,72.06,35.7
2018.0,2.0,Manikganj,Dhaka,174.99,86.7
2018.0,2.0,Munshiganj,Dhaka,76.61,38.0
2018.0,2.0,Mymensingh,Dhaka,2818.1,1396.2
2018.0,2.0,Narayanganj,Dhaka,427.08,211.6
2018.0,2.0,Narsingdi,Dhaka,73.68,36.5
2018.0,2.0,Netrakona,Dhaka,1782.45,883.1
2018.0,2.0,Rajbari,Dhaka,117.51,58.2
2018.0,2.0,Shariatpur,Dhaka,136.13,67.4
2018.0,2.0,Sherpur,Dhaka,893.4,442.6
2018.0,2.0,Tangail,Dhaka,1778.12,880.9
2018.0,2.0,Bagerhat,Khulna,634.59,314.4
2018.0,2.0,Chuadanga,Khulna,629.03,311.6
2018.0,2.0,Jessore,Khulna,686.4,340.1
2018.0,2.0,Jhenaidah,Khulna,1072.91,531.6
2018.0,2.0,Khulna,Khulna,604.1,299.3
2018.0,2.0,Kushtia,Khulna,198.34,98.3
2018.0,2.0,Magura,Khulna,713.07,353.3
2018.0,2.0,Meherpur,Khulna,418.13,207.2
2018.0,2.0,Narail,Khulna,48.83,24.2
2018.0,2.0,Satkhira,Khulna,900.38,446.1
2018.0,2.0,Habiganj,Sylhet,1215.75,602.3
2018.0,2.0,Maulvibazar,Sylhet,940.56,466.0
2018.0,2.0,Sunamganj,Sylhet,1253.18,620.9
2018.0,2.0,Sylhet,Sylhet,1229.93,609.3
2018.0,2.0,Bogra,Rajshahi,1577.4,781.5
2018.0,2.0,Joypurhat,Rajshahi,564.17,279.5
2018.0,2.0,Naogaon,Rajshahi,2856.45,1415.2
2018.0,2.0,Natore,Rajshahi,1402.01,694.6
2018.0,2.0,Nawabganj,Rajshahi,921.38,456.5
2018.0,2.0,Pabna,Rajshahi,1340.34,664.0
2018.0,2.0,Rajshahi,Rajshahi,1191.34,590.2
2018.0,2.0,Sirajganj,Rajshahi,315.31,156.2
2018.0,2.0,Dinajpur,Rangpur,1623.23,804.2
2018.0,2.0,Gaibandha,Rangpur,397.44,196.9
2018.0,2.0,Kurigram,Rangpur,500.35,247.9
2018.0,2.0,Lalmonirhat,Rangpur,527.99,261.6
2018.0,2.0,Nilphamari,Rangpur,791.29,392.0
2018.0,2.0,Panchagarh,Rangpur,1078.03,534.1
2018.0,2.0,Rangpur,Rangpur,1088.68,539.4
2018.0,2.0,Thakurgaon,Rangpur,1324.0,656.0
2018.0,2.0,Barguna,Barisal,158.32,78.4
2018.0,3.0,Barisal,Barisal,427.71,211.9
2018.0,3.0,Bhola,Barisal,661.13,327.5
2018.0,3.0,Jhalokati,Barisal,32.91,16.3
2018.0,3.0,Patuakhali,Barisal,214.01,106.0
2018.0,3.0,Pirojpur,Barisal,91.77,45.5
2018.0,3.0,Bandarban,Chittagong,3090.05,1530.9
2018.0,3.0,Brahamanbaria,Chittagong,1157.03,573.2
2018.0,3.0,Chandpur,Chittagong,250.62,124.2
2018.0,3.0,Chittagong,Chittagong,2448.8,1213.2
2018.0,3.0,Comilla,Chittagong,2006.63,994.2
2018.0,3.0,Cox's Bazar,Chittagong,813.06,402.8
2018.0,3.0,Feni,Chittagong,528.25,261.7
2018.0,3.0,Khagrachhari,Chittagong,1773.71,878.8
2018.0,3.0,Lakshmipur,Chittagong,292.17,144.8
2018.0,3.0,Noakhali,Chittagong,125.47,62.2
2018.0,3.0,Rangamati,Chittagong,388.08,192.3
2018.0,3.0,Dhaka,Dhaka,857.39,424.8
2018.0,3.0,Faridpur,Dhaka,1021.44,506.1
2018.0,3.0,Gazipur,Dhaka,921.97,456.8
2018.0,3.0,Gopalganj,Dhaka,1065.96,528.1
2018.0,3.0,Jamalpur,Dhaka,253.21,125.4
2018.0,3.0,Kishoreganj,Dhaka,1503.14,744.7
2018.0,3.0,Madaripur,Dhaka,70.64,35.0
2018.0,3.0,Manikganj,Dhaka,182.74,90.5
2018.0,3.0,Munshiganj,Dhaka,72.32,35.8
2018.0,3.0,Mymensingh,Dhaka,2605.99,1291.1
2018.0,3.0,Narayanganj,Dhaka,465.22,230.5
2018.0,3.0,Narsingdi,Dhaka,160.48,79.5
2018.0,3.0,Netrakona,Dhaka,1770.25,877.0
2018.0,3.0,Rajbari,Dhaka,119.01,59.0
2018.0,3.0,Shariatpur,Dhaka,151.67,75.1
2018.0,3.0,Sherpur,Dhaka,993.22,492.1
2018.0,3.0,Tangail,Dhaka,1700.85,842.7
2018.0,3.0,Bagerhat,Khulna,762.47,377.8
2018.0,3.0,Chuadanga,Khulna,700.78,347.2
2018.0,3.0,Jessore,Khulna,289.7,143.5
2018.0,3.0,Jhenaidah,Khulna,1258.32,623.4
2018.0,3.0,Khulna,Khulna,650.73,322.4
2018.0,3.0,Kushtia,Khulna,158.13,78.3
2018.0,3.0,Magura,Khulna,621.16,307.7
2018.0,3.0,Meherpur,Khulna,507.09,251.2
2018.0,3.0,Narail,Khulna,35.83,17.8
2018.0,3.0,Satkhira,Khulna,1040.39,515.4
2018.0,3.0,Habiganj,Sylhet,1972.14,977.1
2018.0,3.0,Maulvibazar,Sylhet,1150.38,569.9
2018.0,3.0,Sunamganj,Sylhet,2310.29,1144.6
2018.0,3.0,Sylhet,Sylhet,2080.27,1030.6
2018.0,3.0,Bogra,Rajshahi,1156.73,573.1
2018.0,3.0,Joypurhat,Rajshahi,881.23,436.6
2018.0,3.0,Naogaon,Rajshahi,3001.06,1486.8
2018.0,3.0,Natore,Rajshahi,1317.65,652.8
2018.0,3.0,Nawabganj,Rajshahi,562.06,278.5
2018.0,3.0,Pabna,Rajshahi,1280.7,634.5
2018.0,3.0,Rajshahi,Rajshahi,250.82,124.3
2018.0,3.0,Sirajganj,Rajshahi,318.25,157.7
2018.0,3.0,Dinajpur,Rangpur,2735.49,1355.3
2018.0,3.0,Gaibandha,Rangpur,333.39,165.2
2018.0,3.0,Kurigram,Rangpur,632.86,313.5
2018.0,3.0,Lalmonirhat,Rangpur,313.15,155.1
2018.0,3.0,Nilphamari,Rangpur,1189.39,589.3
2018.0,3.0,Panchagarh,Rangpur,1005.11,498.0
2018.0,3.0,Rangpur,Rangpur,2061.18,1021.2
2018.0,3.0,Thakurgaon,Rangpur,1416.02,701.5
2018.0,3.0,Barguna,Barisal,154.55,76.6
2018.0,4.0,Barisal,Barisal,424.42,210.3
2018.0,4.0,Bhola,Barisal,682.29,338.0
2018.0,4.0,Jhalokati,Barisal,35.83,17.8
2018.0,4.0,Patuakhali,Barisal,236.98,117.4
2018.0,4.0,Pirojpur,Barisal,95.56,47.3
2018.0,4.0,Bandarban,Chittagong,2897.86,1435.7
2018.0,4.0,Brahamanbaria,Chittagong,1010.22,500.5
2018.0,4.0,Chandpur,Chittagong,250.42,124.1
2018.0,4.0,Chittagong,Chittagong,2112.6,1046.7
2018.0,4.0,Comilla,Chittagong,1744.14,864.1
2018.0,4.0,Cox's Bazar,Chittagong,842.63,417.5
2018.0,4.0,Feni,Chittagong,517.73,256.5
2018.0,4.0,Khagrachhari,Chittagong,1748.17,866.1
2018.0,4.0,Lakshmipur,Chittagong,298.98,148.1
2018.0,4.0,Noakhali,Chittagong,129.89,64.4
2018.0,4.0,Rangamati,Chittagong,387.45,192.0
2018.0,4.0,Dhaka,Dhaka,876.79,434.4
2018.0,4.0,Faridpur,Dhaka,415.52,205.9
2018.0,4.0,Gazipur,Dhaka,1117.47,553.6
2018.0,4.0,Gopalganj,Dhaka,903.06,447.4
2018.0,4.0,Jamalpur,Dhaka,1286.18,637.2
2018.0,4.0,Kishoreganj,Dhaka,1021.18,505.9
2018.0,4.0,Madaripur,Dhaka,68.31,33.8
2018.0,4.0,Manikganj,Dhaka,157.9,78.2
2018.0,4.0,Munshiganj,Dhaka,74.49,36.9
2018.0,4.0,Mymensingh,Dhaka,2509.66,1243.4
2018.0,4.0,Narayanganj,Dhaka,446.74,221.3
2018.0,4.0,Narsingdi,Dhaka,448.17,222.0
2018.0,4.0,Netrakona,Dhaka,1578.88,782.2
2018.0,4.0,Rajbari,Dhaka,119.95,59.4
2018.0,4.0,Shariatpur,Dhaka,143.98,71.3
2018.0,4.0,Sherpur,Dhaka,1048.15,519.3
2018.0,4.0,Tangail,Dhaka,1813.17,898.3
2018.0,4.0,Bagerhat,Khulna,1094.05,542.0
2018.0,4.0,Chuadanga,Khulna,564.76,279.8
2018.0,4.0,Jessore,Khulna,487.68,241.6
2018.0,4.0,Jhenaidah,Khulna,1172.24,580.8
2018.0,4.0,Khulna,Khulna,584.1,289.4
2018.0,4.0,Kushtia,Khulna,130.44,64.6
2018.0,4.0,Magura,Khulna,642.4,318.3
2018.0,4.0,Meherpur,Khulna,463.77,229.8
2018.0,4.0,Narail,Khulna,32.2,16.0
2018.0,4.0,Satkhira,Khulna,905.93,448.8
2018.0,4.0,Habiganj,Sylhet,1482.45,734.5
2018.0,4.0,Maulvibazar,Sylhet,600.48,297.5
2018.0,4.0,Sunamganj,Sylhet,712.72,353.1
2018.0,4.0,Sylhet,Sylhet,787.83,390.3
2018.0,4.0,Bogra,Rajshahi,1667.1,825.9
2018.0,4.0,Joypurhat,Rajshahi,883.25,437.6
2018.0,4.0,Naogaon,Rajshahi,3189.81,1580.3
2018.0,4.0,Natore,Rajshahi,1177.11,583.2
2018.0,4.0,Nawabganj,Rajshahi,1034.8,512.7
2018.0,4.0,Pabna,Rajshahi,1088.34,539.2
2018.0,4.0,Rajshahi,Rajshahi,1269.19,628.8
2018.0,4.0,Sirajganj,Rajshahi,256.02,126.8
2018.0,4.0,Dinajpur,Rangpur,2876.6,1425.2
2018.0,4.0,Gaibandha,Rangpur,257.05,127.4
2018.0,4.0,Kurigram,Rangpur,388.39,192.4
2018.0,4.0,Lalmonirhat,Rangpur,613.51,304.0
2018.0,4.0,Nilphamari,Rangpur,1149.16,569.3
2018.0,4.0,Panchagarh,Rangpur,800.68,396.7
2018.0,4.0,Rangpur,Rangpur,2063.46,1022.3
2018.0,4.0,Thakurgaon,Rangpur,1237.22,613.0
2018.0,4.0,Barguna,Barisal,160.1,79.3
2018.0,5.0,Barisal,Barisal,459.38,227.6
2018.0,5.0,Bhola,Barisal,678.69,336.2
2018.0,5.0,Jhalokati,Barisal,48.64,24.1
2018.0,5.0,Patuakhali,Barisal,251.2,124.5
2018.0,5.0,Pirojpur,Barisal,103.32,51.2
2018.0,5.0,Bandarban,Chittagong,2803.45,1388.9
2018.0,5.0,Brahamanbaria,Chittagong,259.0,128.3
2018.0,5.0,Chandpur,Chittagong,270.45,134.0
2018.0,5.0,Chittagong,Chittagong,1306.59,647.3
2018.0,5.0,Comilla,Chittagong,1600.43,792.9
2018.0,5.0,Cox's Bazar,Chittagong,521.62,258.4
2018.0,5.0,Feni,Chittagong,403.46,199.9
2018.0,5.0,Khagrachhari,Chittagong,1184.79,587.0
2018.0,5.0,Lakshmipur,Chittagong,298.92,148.1
2018.0,5.0,Noakhali,Chittagong,133.62,66.2
2018.0,5.0,Rangamati,Chittagong,374.98,185.8
2018.0,5.0,Dhaka,Dhaka,844.7,418.5
2018.0,5.0,Faridpur,Dhaka,118.39,58.7
2018.0,5.0,Gazipur,Dhaka,954.54,472.9
2018.0,5.0,Gopalganj,Dhaka,430.1,213.1
2018.0,5.0,Jamalpur,Dhaka,162.89,80.7
2018.0,5.0,Kishoreganj,Dhaka,600.67,297.6
2018.0,5.0,Madaripur,Dhaka,73.3,36.3
2018.0,5.0,Manikganj,Dhaka,172.07,85.2
2018.0,5.0,Munshiganj,Dhaka,79.31,39.3
2018.0,5.0,Mymensingh,Dhaka,2184.34,1082.2
2018.0,5.0,Narayanganj,Dhaka,72.25,35.8
2018.0,5.0,Narsingdi,Dhaka,80.79,40.0
2018.0,5.0,Netrakona,Dhaka,670.62,332.2
2018.0,5.0,Rajbari,Dhaka,128.66,63.7
2018.0,5.0,Shariatpur,Dhaka,163.4,81.0
2018.0,5.0,Sherpur,Dhaka,784.06,388.4
2018.0,5.0,Tangail,Dhaka,1050.97,520.7
2018.0,5.0,Bagerhat,Khulna,1098.17,544.1
2018.0,5.0,Chuadanga,Khulna,763.1,378.1
2018.0,5.0,Jessore,Khulna,589.98,292.3
2018.0,5.0,Jhenaidah,Khulna,912.88,452.3
2018.0,5.0,Khulna,Khulna,685.79,339.8
2018.0,5.0,Kushtia,Khulna,116.61,57.8
2018.0,5.0,Magura,Khulna,171.67,85.1
2018.0,5.0,Meherpur,Khulna,534.73,264.9
2018.0,5.0,Narail,Khulna,39.45,19.5
2018.0,5.0,Satkhira,Khulna,1045.28,517.9
2018.0,5.0,Habiganj,Sylhet,1023.95,507.3
2018.0,5.0,Maulvibazar,Sylhet,585.43,290.0
2018.0,5.0,Sunamganj,Sylhet,809.56,401.1
2018.0,5.0,Sylhet,Sylhet,658.75,326.4
2018.0,5.0,Bogra,Rajshahi,191.38,94.8
2018.0,5.0,Joypurhat,Rajshahi,788.26,390.5
2018.0,5.0,Naogaon,Rajshahi,1771.07,877.4
2018.0,5.0,Natore,Rajshahi,975.61,483.4
2018.0,5.0,Nawabganj,Rajshahi,236.71,117.3
2018.0,5.0,Pabna,Rajshahi,191.78,95.0
2018.0,5.0,Rajshahi,Rajshahi,279.49,138.5
2018.0,5.0,Sirajganj,Rajshahi,308.79,153.0
2018.0,5.0,Dinajpur,Rangpur,2028.75,1005.1
2018.0,5.0,Gaibandha,Rangpur,285.52,141.5
2018.0,5.0,Kurigram,Rangpur,439.07,217.5
2018.0,5.0,Lalmonirhat,Rangpur,137.53,68.1
2018.0,5.0,Nilphamari,Rangpur,1131.87,560.8
2018.0,5.0,Panchagarh,Rangpur,998.11,494.5
2018.0,5.0,Rangpur,Rangpur,1520.18,753.1
2018.0,5.0,Thakurgaon,Rangpur,1239.33,614.0
2018.0,5.0,Barguna,Barisal,166.27,82.4
2018.0,6.0,Barisal,Barisal,497.32,246.4
2018.0,6.0,Bhola,Barisal,765.68,379.3
2018.0,6.0,Jhalokati,Barisal,90.32,44.7
2018.0,6.0,Patuakhali,Barisal,369.9,183.3
2018.0,6.0,Pirojpur,Barisal,185.58,91.9
2018.0,6.0,Bandarban,Chittagong,2972.52,1472.7
2018.0,6.0,Brahamanbaria,Chittagong,439.09,217.5
2018.0,6.0,Chandpur,Chittagong,303.92,150.6
2018.0,6.0,Chittagong,Chittagong,2031.63,1006.5
2018.0,6.0,Comilla,Chittagong,1239.5,614.1
2018.0,6.0,Cox's Bazar,Chittagong,454.76,225.3
2018.0,6.0,Feni,Chittagong,521.07,258.2
2018.0,6.0,Khagrachhari,Chittagong,1669.82,827.3
2018.0,6.0,Lakshmipur,Chittagong,323.18,160.1
2018.0,6.0,Noakhali,Chittagong,250.98,124.3
2018.0,6.0,Rangamati,Chittagong,525.54,260.4
2018.0,6.0,Dhaka,Dhaka,565.13,280.0
2018.0,6.0,Faridpur,Dhaka,131.37,65.1
2018.0,6.0,Gazipur,Dhaka,291.44,144.4
2018.0,6.0,Gopalganj,Dhaka,370.88,183.7
2018.0,6.0,Jamalpur,Dhaka,171.05,84.7
2018.0,6.0,Kishoreganj,Dhaka,1110.01,549.9
2018.0,6.0,Madaripur,Dhaka,118.0,58.5
2018.0,6.0,Manikganj,Dhaka,199.94,99.1
2018.0,6.0,Munshiganj,Dhaka,98.35,48.7
2018.0,6.0,Mymensingh,Dhaka,1435.96,711.4
2018.0,6.0,Narayanganj,Dhaka,66.05,32.7
2018.0,6.0,Narsingdi,Dhaka,130.83,64.8
2018.0,6.0,Netrakona,Dhaka,751.89,372.5
2018.0,6.0,Rajbari,Dhaka,135.18,67.0
2018.0,6.0,Shariatpur,Dhaka,174.69,86.5
2018.0,6.0,Sherpur,Dhaka,281.23,139.3
2018.0,6.0,Tangail,Dhaka,196.26,97.2
2018.0,6.0,Bagerhat,Khulna,1395.76,691.5
2018.0,6.0,Chuadanga,Khulna,654.88,324.4
2018.0,6.0,Jessore,Khulna,211.74,104.9
2018.0,6.0,Jhenaidah,Khulna,880.7,436.3
2018.0,6.0,Khulna,Khulna,986.98,489.0
2018.0,6.0,Kushtia,Khulna,117.34,58.1
2018.0,6.0,Magura,Khulna,132.7,65.7
2018.0,6.0,Meherpur,Khulna,502.3,248.9
2018.0,6.0,Narail,Khulna,72.59,36.0
2018.0,6.0,Satkhira,Khulna,1159.21,574.3
2018.0,6.0,Habiganj,Sylhet,761.13,377.1
2018.0,6.0,Maulvibazar,Sylhet,515.11,255.2
2018.0,6.0,Sunamganj,Sylhet,2203.05,1091.5
2018.0,6.0,Sylhet,Sylhet,1192.5,590.8
2018.0,6.0,Bogra,Rajshahi,223.8,110.9
2018.0,6.0,Joypurhat,Rajshahi,527.36,261.3
2018.0,6.0,Naogaon,Rajshahi,1450.82,718.8
2018.0,6.0,Natore,Rajshahi,225.11,111.5
2018.0,6.0,Nawabganj,Rajshahi,186.06,92.2
2018.0,6.0,Pabna,Rajshahi,152.33,75.5
2018.0,6.0,Rajshahi,Rajshahi,239.44,118.6
2018.0,6.0,Sirajganj,Rajshahi,391.98,194.2
2018.0,6.0,Dinajpur,Rangpur,1982.53,982.2
2018.0,6.0,Gaibandha,Rangpur,308.5,152.8
2018.0,6.0,Kurigram,Rangpur,474.82,235.2
2018.0,6.0,Lalmonirhat,Rangpur,104.38,51.7
2018.0,6.0,Nilphamari,Rangpur,780.37,386.6
2018.0,6.0,Panchagarh,Rangpur,845.72,419.0
2018.0,6.0,Rangpur,Rangpur,1401.07,694.1
2018.0,6.0,Thakurgaon,Rangpur,1211.81,600.4
2018.0,6.0,Barguna,Barisal,217.87,107.9
2018.0,7.0,Barisal,Barisal,692.34,343.0
2018.0,7.0,Bhola,Barisal,682.69,338.2
2018.0,7.0,Jhalokati,Barisal,184.92,91.6
2018.0,7.0,Patuakhali,Barisal,496.62,246.0
2018.0,7.0,Pirojpur,Barisal,295.04,146.2
2018.0,7.0,Bandarban,Chittagong,2925.11,1449.2
2018.0,7.0,Brahamanbaria,Chittagong,597.04,295.8
2018.0,7.0,Chandpur,Chittagong,346.29,171.6
2018.0,7.0,Chittagong,Chittagong,1807.19,895.3
2018.0,7.0,Comilla,Chittagong,621.59,308.0
2018.0,7.0,Cox's Bazar,Chittagong,435.71,215.9
2018.0,7.0,Feni,Chittagong,394.05,195.2
2018.0,7.0,Khagrachhari,Chittagong,2049.34,1015.3
2018.0,7.0,Lakshmipur,Chittagong,309.29,153.2
2018.0,7.0,Noakhali,Chittagong,373.01,184.8
2018.0,7.0,Rangamati,Chittagong,510.2,252.8
2018.0,7.0,Dhaka,Dhaka,131.71,65.3
2018.0,7.0,Faridpur,Dhaka,178.49,88.4
2018.0,7.0,Gazipur,Dhaka,174.99,86.7
2018.0,7.0,Gopalganj,Dhaka,521.16,258.2
2018.0,7.0,Jamalpur,Dhaka,203.95,101.0
2018.0,7.0,Kishoreganj,Dhaka,1225.27,607.0
2018.0,7.0,Madaripur,Dhaka,111.57,55.3
2018.0,7.0,Manikganj,Dhaka,251.27,124.5
2018.0,7.0,Munshiganj,Dhaka,128.7,63.8
2018.0,7.0,Mymensingh,Dhaka,1293.9,641.0
2018.0,7.0,Narayanganj,Dhaka,74.9,37.1
2018.0,7.0,Narsingdi,Dhaka,177.26,87.8
2018.0,7.0,Netrakona,Dhaka,822.05,407.3
2018.0,7.0,Rajbari,Dhaka,153.21,75.9
2018.0,7.0,Shariatpur,Dhaka,225.25,111.6
2018.0,7.0,Sherpur,Dhaka,255.43,126.5
2018.0,7.0,Tangail,Dhaka,326.48,161.7
2018.0,7.0,Bagerhat,Khulna,1419.96,703.5
2018.0,7.0,Chuadanga,Khulna,740.8,367.0
2018.0,7.0,Jessore,Khulna,341.67,169.3
2018.0,7.0,Jhenaidah,Khulna,422.05,209.1
2018.0,7.0,Khulna,Khulna,1402.37,694.8
2018.0,7.0,Kushtia,Khulna,129.43,64.1
2018.0,7.0,Magura,Khulna,222.94,110.5
2018.0,7.0,Meherpur,Khulna,461.23,228.5
2018.0,7.0,Narail,Khulna,130.12,64.5
2018.0,7.0,Satkhira,Khulna,1402.12,694.7
2018.0,7.0,Habiganj,Sylhet,732.16,362.7
2018.0,7.0,Maulvibazar,Sylhet,573.37,284.1
2018.0,7.0,Sunamganj,Sylhet,2087.49,1034.2
2018.0,7.0,Sylhet,Sylhet,1047.91,519.2
2018.0,7.0,Bogra,Rajshahi,384.79,190.6
2018.0,7.0,Joypurhat,Rajshahi,166.5,82.5
2018.0,7.0,Naogaon,Rajshahi,598.1,296.3
2018.0,7.0,Natore,Rajshahi,208.36,103.2
2018.0,7.0,Nawabganj,Rajshahi,162.1,80.3
2018.0,7.0,Pabna,Rajshahi,344.32,170.6
2018.0,7.0,Rajshahi,Rajshahi,321.22,159.1
2018.0,7.0,Sirajganj,Rajshahi,620.27,307.3
2018.0,7.0,Dinajpur,Rangpur,608.13,301.3
2018.0,7.0,Gaibandha,Rangpur,333.55,165.3
2018.0,7.0,Kurigram,Rangpur,494.48,245.0
2018.0,7.0,Lalmonirhat,Rangpur,337.79,167.4
2018.0,7.0,Nilphamari,Rangpur,771.96,382.5
2018.0,7.0,Panchagarh,Rangpur,662.81,328.4
2018.0,7.0,Rangpur,Rangpur,1300.66,644.4
2018.0,7.0,Thakurgaon,Rangpur,464.13,229.9
2018.0,7.0,Barguna,Barisal,236.88,117.4
2018.0,8.0,Barisal,Barisal,559.14,277.0
2018.0,8.0,Bhola,Barisal,758.16,375.6
2018.0,8.0,Jhalokati,Barisal,194.96,96.6
2018.0,8.0,Patuakhali,Barisal,652.54,323.3
2018.0,8.0,Pirojpur,Barisal,356.3,176.5
2018.0,8.0,Bandarban,Chittagong,2771.21,1373.0
2018.0,8.0,Brahamanbaria,Chittagong,537.4,266.2
2018.0,8.0,Chandpur,Chittagong,327.05,162.0
2018.0,8.0,Chittagong,Chittagong,2145.39,1062.9
2018.0,8.0,Comilla,Chittagong,571.85,283.3
2018.0,8.0,Cox's Bazar,Chittagong,477.36,236.5
2018.0,8.0,Feni,Chittagong,342.85,169.9
2018.0,8.0,Khagrachhari,Chittagong,1650.01,817.5
2018.0,8.0,Lakshmipur,Chittagong,353.56,175.2
2018.0,8.0,Noakhali,Chittagong,328.36,162.7
2018.0,8.0,Rangamati,Chittagong,546.9,271.0
2018.0,8.0,Dhaka,Dhaka,130.66,64.7
2018.0,8.0,Faridpur,Dhaka,219.29,108.6
2018.0,8.0,Gazipur,Dhaka,239.51,118.7
2018.0,8.0,Gopalganj,Dhaka,377.54,187.0
2018.0,8.0,Jamalpur,Dhaka,214.74,106.4
2018.0,8.0,Kishoreganj,Dhaka,1201.01,595.0
2018.0,8.0,Madaripur,Dhaka,103.65,51.4
2018.0,8.0,Manikganj,Dhaka,262.66,130.1
2018.0,8.0,Munshiganj,Dhaka,111.65,55.3
2018.0,8.0,Mymensingh,Dhaka,1665.34,825.1
2018.0,8.0,Narayanganj,Dhaka,71.71,35.5
2018.0,8.0,Narsingdi,Dhaka,163.68,81.1
2018.0,8.0,Netrakona,Dhaka,666.19,330.1
2018.0,8.0,Rajbari,Dhaka,190.14,94.2
2018.0,8.0,Shariatpur,Dhaka,200.92,99.5
2018.0,8.0,Sherpur,Dhaka,343.8,170.3
2018.0,8.0,Tangail,Dhaka,314.83,156.0
2018.0,8.0,Bagerhat,Khulna,1451.94,719.3
2018.0,8.0,Chuadanga,Khulna,730.09,361.7
2018.0,8.0,Jessore,Khulna,402.97,199.6
2018.0,8.0,Jhenaidah,Khulna,840.06,416.2
2018.0,8.0,Khulna,Khulna,1654.46,819.7
2018.0,8.0,Kushtia,Khulna,168.79,83.6
2018.0,8.0,Magura,Khulna,98.64,48.9
2018.0,8.0,Meherpur,Khulna,472.11,233.9
2018.0,8.0,Narail,Khulna,92.85,46.0
2018.0,8.0,Satkhira,Khulna,1551.37,768.6
2018.0,8.0,Habiganj,Sylhet,524.2,259.7
2018.0,8.0,Maulvibazar,Sylhet,383.69,190.1
2018.0,8.0,Sunamganj,Sylhet,1935.71,959.0
2018.0,8.0,Sylhet,Sylhet,728.68,361.0
2018.0,8.0,Bogra,Rajshahi,641.92,318.0
2018.0,8.0,Joypurhat,Rajshahi,784.97,388.9
2018.0,8.0,Naogaon,Rajshahi,476.07,235.9
2018.0,8.0,Natore,Rajshahi,299.49,148.4
2018.0,8.0,Nawabganj,Rajshahi,175.46,86.9
2018.0,8.0,Pabna,Rajshahi,432.86,214.5
2018.0,8.0,Rajshahi,Rajshahi,222.73,110.3
2018.0,8.0,Sirajganj,Rajshahi,650.41,322.2
2018.0,8.0,Dinajpur,Rangpur,2230.5,1105.1
2018.0,8.0,Gaibandha,Rangpur,351.11,174.0
2018.0,8.0,Kurigram,Rangpur,520.27,257.8
2018.0,8.0,Lalmonirhat,Rangpur,485.76,240.7
2018.0,8.0,Nilphamari,Rangpur,1011.45,501.1
2018.0,8.0,Panchagarh,Rangpur,922.89,457.2
2018.0,8.0,Rangpur,Rangpur,1544.78,765.3
2018.0,8.0,Thakurgaon,Rangpur,1379.82,683.6
2018.0,8.0,Barguna,Barisal,299.93,148.6
2018.0,9.0,Barisal,Barisal,610.45,302.4
2018.0,9.0,Bhola,Barisal,722.12,357.8
2018.0,9.0,Jhalokati,Barisal,192.11,95.2
2018.0,9.0,Patuakhali,Barisal,356.28,176.5
2018.0,9.0,Pirojpur,Barisal,364.3,180.5
2018.0,9.0,Bandarban,Chittagong,3178.36,1574.7
2018.0,9.0,Brahamanbaria,Chittagong,499.4,247.4
2018.0,9.0,Chandpur,Chittagong,317.41,157.3
2018.0,9.0,Chittagong,Chittagong,1653.03,819.0
2018.0,9.0,Comilla,Chittagong,1217.33,603.1
2018.0,9.0,Cox's Bazar,Chittagong,172.8,85.6
2018.0,9.0,Feni,Chittagong,447.01,221.5
2018.0,9.0,Khagrachhari,Chittagong,1071.35,530.8
2018.0,9.0,Lakshmipur,Chittagong,315.1,156.1
2018.0,9.0,Noakhali,Chittagong,172.21,85.3
2018.0,9.0,Rangamati,Chittagong,529.29,262.2
2018.0,9.0,Dhaka,Dhaka,121.07,60.0
2018.0,9.0,Faridpur,Dhaka,216.27,107.1
2018.0,9.0,Gazipur,Dhaka,136.38,67.6
2018.0,9.0,Gopalganj,Dhaka,399.12,197.7
2018.0,9.0,Jamalpur,Dhaka,235.78,116.8
2018.0,9.0,Kishoreganj,Dhaka,1223.89,606.4
2018.0,9.0,Madaripur,Dhaka,101.7,50.4
2018.0,9.0,Manikganj,Dhaka,256.33,127.0
2018.0,9.0,Munshiganj,Dhaka,113.56,56.3
2018.0,9.0,Mymensingh,Dhaka,2702.37,1338.8
2018.0,9.0,Narayanganj,Dhaka,70.35,34.9
2018.0,9.0,Narsingdi,Dhaka,143.33,71.0
2018.0,9.0,Netrakona,Dhaka,676.36,335.1
2018.0,9.0,Rajbari,Dhaka,193.58,95.9
2018.0,9.0,Shariatpur,Dhaka,217.1,107.6
2018.0,9.0,Sherpur,Dhaka,469.55,232.6
2018.0,9.0,Tangail,Dhaka,279.93,138.7
2018.0,9.0,Bagerhat,Khulna,1510.65,748.4
2018.0,9.0,Chuadanga,Khulna,747.57,370.4
2018.0,9.0,Jessore,Khulna,201.35,99.8
2018.0,9.0,Jhenaidah,Khulna,1130.66,560.2
2018.0,9.0,Khulna,Khulna,1584.77,785.1
2018.0,9.0,Kushtia,Khulna,172.03,85.2
2018.0,9.0,Magura,Khulna,50.14,24.8
2018.0,9.0,Meherpur,Khulna,486.34,240.9
2018.0,9.0,Narail,Khulna,85.42,42.3
2018.0,9.0,Satkhira,Khulna,1361.17,674.4
2018.0,9.0,Habiganj,Sylhet,369.29,183.0
2018.0,9.0,Maulvibazar,Sylhet,315.01,156.1
2018.0,9.0,Sunamganj,Sylhet,1899.91,941.3
2018.0,9.0,Sylhet,Sylhet,625.51,309.9
2018.0,9.0,Bogra,Rajshahi,374.12,185.4
2018.0,9.0,Joypurhat,Rajshahi,821.85,407.2
2018.0,9.0,Naogaon,Rajshahi,959.86,475.5
2018.0,9.0,Natore,Rajshahi,160.62,79.6
2018.0,9.0,Nawabganj,Rajshahi,200.29,99.2
2018.0,9.0,Pabna,Rajshahi,447.6,221.8
2018.0,9.0,Rajshahi,Rajshahi,228.96,113.4
2018.0,9.0,Sirajganj,Rajshahi,643.72,318.9
2018.0,9.0,Dinajpur,Rangpur,2887.19,1430.4
2018.0,9.0,Gaibandha,Rangpur,348.55,172.7
2018.0,9.0,Kurigram,Rangpur,515.35,255.3
2018.0,9.0,Lalmonirhat,Rangpur,436.22,216.1
2018.0,9.0,Nilphamari,Rangpur,1208.35,598.7
2018.0,9.0,Panchagarh,Rangpur,1006.1,498.5
2018.0,9.0,Rangpur,Rangpur,1895.73,939.2
2018.0,9.0,Thakurgaon,Rangpur,1554.61,770.2
2018.0,9.0,Barguna,Barisal,284.71,141.1
2018.0,10.0,Barisal,Barisal,466.09,230.9
2018.0,10.0,Bhola,Barisal,697.81,345.7
2018.0,10.0,Jhalokati,Barisal,36.75,18.2
2018.0,10.0,Patuakhali,Barisal,227.76,112.8
2018.0,10.0,Pirojpur,Barisal,95.57,47.3
2018.0,10.0,Bandarban,Chittagong,2850.34,1412.2
2018.0,10.0,Brahamanbaria,Chittagong,321.71,159.4
2018.0,10.0,Chandpur,Chittagong,277.34,137.4
2018.0,10.0,Chittagong,Chittagong,1999.11,990.4
2018.0,10.0,Comilla,Chittagong,1782.61,883.2
2018.0,10.0,Cox's Bazar,Chittagong,336.38,166.7
2018.0,10.0,Feni,Chittagong,517.26,256.3
2018.0,10.0,Khagrachhari,Chittagong,1845.82,914.5
2018.0,10.0,Lakshmipur,Chittagong,300.2,148.7
2018.0,10.0,Noakhali,Chittagong,151.69,75.2
2018.0,10.0,Rangamati,Chittagong,509.73,252.5
2018.0,10.0,Dhaka,Dhaka,102.83,50.9
2018.0,10.0,Faridpur,Dhaka,143.3,71.0
2018.0,10.0,Gazipur,Dhaka,140.21,69.5
2018.0,10.0,Gopalganj,Dhaka,153.05,75.8
2018.0,10.0,Jamalpur,Dhaka,190.72,94.5
2018.0,10.0,Kishoreganj,Dhaka,785.79,389.3
2018.0,10.0,Madaripur,Dhaka,87.22,43.2
2018.0,10.0,Manikganj,Dhaka,206.69,102.4
2018.0,10.0,Munshiganj,Dhaka,93.55,46.3
2018.0,10.0,Mymensingh,Dhaka,2910.37,1441.9
2018.0,10.0,Narayanganj,Dhaka,56.13,27.8
2018.0,10.0,Narsingdi,Dhaka,96.85,48.0
2018.0,10.0,Netrakona,Dhaka,491.51,243.5
2018.0,10.0,Rajbari,Dhaka,141.11,69.9
2018.0,10.0,Shariatpur,Dhaka,178.17,88.3
2018.0,10.0,Sherpur,Dhaka,899.37,445.6
2018.0,10.0,Tangail,Dhaka,166.98,82.7
2018.0,10.0,Bagerhat,Khulna,1244.51,616.6
2018.0,10.0,Chuadanga,Khulna,741.48,367.4
2018.0,10.0,Jessore,Khulna,602.03,298.3
2018.0,10.0,Jhenaidah,Khulna,1146.83,568.2
2018.0,10.0,Khulna,Khulna,949.74,470.5
2018.0,10.0,Kushtia,Khulna,123.58,61.2
2018.0,10.0,Magura,Khulna,77.39,38.3
2018.0,10.0,Meherpur,Khulna,412.68,204.5
2018.0,10.0,Narail,Khulna,76.26,37.8
2018.0,10.0,Satkhira,Khulna,1466.1,726.4
2018.0,10.0,Habiganj,Sylhet,322.76,159.9
2018.0,10.0,Maulvibazar,Sylhet,224.48,111.2
2018.0,10.0,Sunamganj,Sylhet,1456.32,721.5
2018.0,10.0,Sylhet,Sylhet,420.41,208.3
2018.0,10.0,Bogra,Rajshahi,313.56,155.3
2018.0,10.0,Joypurhat,Rajshahi,853.68,422.9
2018.0,10.0,Naogaon,Rajshahi,1501.28,743.8
2018.0,10.0,Natore,Rajshahi,106.25,52.6
2018.0,10.0,Nawabganj,Rajshahi,109.33,54.2
2018.0,10.0,Pabna,Rajshahi,234.32,116.1
2018.0,10.0,Rajshahi,Rajshahi,219.22,108.6
2018.0,10.0,Sirajganj,Rajshahi,389.11,192.8
2018.0,10.0,Dinajpur,Rangpur,3089.47,1530.6
2018.0,10.0,Gaibandha,Rangpur,268.14,132.8
2018.0,10.0,Kurigram,Rangpur,387.3,191.9
2018.0,10.0,Lalmonirhat,Rangpur,885.3,438.6
2018.0,10.0,Nilphamari,Rangpur,1273.86,631.1
2018.0,10.0,Panchagarh,Rangpur,1138.62,564.1
2018.0,10.0,Rangpur,Rangpur,2003.97,992.8
2018.0,10.0,Thakurgaon,Rangpur,1548.21,767.0
2018.0,10.0,Barguna,Barisal,160.62,79.6
2018.0,11.0,Barisal,Barisal,498.5,247.0
2018.0,11.0,Bhola,Barisal,679.61,336.7
2018.0,11.0,Jhalokati,Barisal,42.61,21.1
2018.0,11.0,Patuakhali,Barisal,219.76,108.9
2018.0,11.0,Pirojpur,Barisal,106.64,52.8
2018.0,11.0,Bandarban,Chittagong,3199.46,1585.1
2018.0,11.0,Brahamanbaria,Chittagong,152.7,75.7
2018.0,11.0,Chandpur,Chittagong,265.19,131.4
2018.0,11.0,Chittagong,Chittagong,1534.5,760.2
2018.0,11.0,Comilla,Chittagong,1789.67,886.7
2018.0,11.0,Cox's Bazar,Chittagong,247.17,122.5
2018.0,11.0,Feni,Chittagong,520.49,257.9
2018.0,11.0,Khagrachhari,Chittagong,2117.92,1049.3
2018.0,11.0,Lakshmipur,Chittagong,297.2,147.2
2018.0,11.0,Noakhali,Chittagong,144.1,71.4
2018.0,11.0,Rangamati,Chittagong,509.45,252.4
2018.0,11.0,Dhaka,Dhaka,152.49,75.5
2018.0,11.0,Faridpur,Dhaka,126.17,62.5
2018.0,11.0,Gazipur,Dhaka,908.3,450.0
2018.0,11.0,Gopalganj,Dhaka,200.12,99.1
2018.0,11.0,Jamalpur,Dhaka,283.92,140.7
2018.0,11.0,Kishoreganj,Dhaka,285.25,141.3
2018.0,11.0,Madaripur,Dhaka,92.76,46.0
2018.0,11.0,Manikganj,Dhaka,191.74,95.0
2018.0,11.0,Munshiganj,Dhaka,93.7,46.4
2018.0,11.0,Mymensingh,Dhaka,2792.31,1383.4
2018.0,11.0,Narayanganj,Dhaka,50.84,25.2
2018.0,11.0,Narsingdi,Dhaka,69.42,34.4
2018.0,11.0,Netrakona,Dhaka,272.28,134.9
2018.0,11.0,Rajbari,Dhaka,132.61,65.7
2018.0,11.0,Shariatpur,Dhaka,176.2,87.3
2018.0,11.0,Sherpur,Dhaka,979.34,485.2
2018.0,11.0,Tangail,Dhaka,835.76,414.1
2018.0,11.0,Bagerhat,Khulna,1076.2,533.2
2018.0,11.0,Chuadanga,Khulna,630.01,312.1
2018.0,11.0,Jessore,Khulna,211.33,104.7
2018.0,11.0,Jhenaidah,Khulna,1202.43,595.7
2018.0,11.0,Khulna,Khulna,1168.3,578.8
2018.0,11.0,Kushtia,Khulna,125.19,62.0
2018.0,11.0,Magura,Khulna,24.7,12.2
2018.0,11.0,Meherpur,Khulna,433.84,214.9
2018.0,11.0,Narail,Khulna,69.87,34.6
2018.0,11.0,Satkhira,Khulna,1469.99,728.3
2018.0,11.0,Habiganj,Sylhet,419.37,207.8
2018.0,11.0,Maulvibazar,Sylhet,190.44,94.4
2018.0,11.0,Sunamganj,Sylhet,1001.16,496.0
2018.0,11.0,Sylhet,Sylhet,433.45,214.7
2018.0,11.0,Bogra,Rajshahi,379.41,188.0
2018.0,11.0,Joypurhat,Rajshahi,877.46,434.7
2018.0,11.0,Naogaon,Rajshahi,2124.62,1052.6
2018.0,11.0,Natore,Rajshahi,61.66,30.5
2018.0,11.0,Nawabganj,Rajshahi,131.85,65.3
2018.0,11.0,Pabna,Rajshahi,151.93,75.3
2018.0,11.0,Rajshahi,Rajshahi,160.41,79.5
2018.0,11.0,Sirajganj,Rajshahi,344.66,170.8
2018.0,11.0,Dinajpur,Rangpur,3130.09,1550.8
2018.0,11.0,Gaibandha,Rangpur,267.66,132.6
2018.0,11.0,Kurigram,Rangpur,402.93,199.6
2018.0,11.0,Lalmonirhat,Rangpur,856.42,424.3
2018.0,11.0,Nilphamari,Rangpur,1292.0,640.1
2018.0,11.0,Panchagarh,Rangpur,1136.7,563.2
2018.0,11.0,Rangpur,Rangpur,1922.27,952.4
2018.0,11.0,Thakurgaon,Rangpur,1728.45,856.3
2018.0,11.0,Barguna,Barisal,158.92,78.7
2018.0,12.0,Barisal,Barisal,438.37,217.2
2018.0,12.0,Bhola,Barisal,661.39,327.7
2018.0,12.0,Jhalokati,Barisal,36.8,18.2
2018.0,12.0,Patuakhali,Barisal,224.45,111.2
2018.0,12.0,Pirojpur,Barisal,106.56,52.8
2018.0,12.0,Bandarban,Chittagong,2620.9,1298.5
2018.0,12.0,Brahamanbaria,Chittagong,607.22,300.8
2018.0,12.0,Chandpur,Chittagong,243.15,120.5
2018.0,12.0,Chittagong,Chittagong,1878.54,930.7
2018.0,12.0,Comilla,Chittagong,1751.25,867.6
2018.0,12.0,Cox's Bazar,Chittagong,880.44,436.2
2018.0,12.0,Feni,Chittagong,546.82,270.9
2018.0,12.0,Khagrachhari,Chittagong,2035.12,1008.3
2018.0,12.0,Lakshmipur,Chittagong,287.94,142.7
2018.0,12.0,Noakhali,Chittagong,155.08,76.8
2018.0,12.0,Rangamati,Chittagong,489.19,242.4
2018.0,12.0,Dhaka,Dhaka,876.76,434.4
2018.0,12.0,Faridpur,Dhaka,115.65,57.3
2018.0,12.0,Gazipur,Dhaka,1136.68,563.1
2018.0,12.0,Gopalganj,Dhaka,281.73,139.6
2018.0,12.0,Jamalpur,Dhaka,411.77,204.0
2018.0,12.0,Kishoreganj,Dhaka,146.88,72.8
2018.0,12.0,Madaripur,Dhaka,99.96,49.5
2018.0,12.0,Manikganj,Dhaka,177.27,87.8
2018.0,12.0,Munshiganj,Dhaka,76.67,38.0
2018.0,12.0,Mymensingh,Dhaka,2751.4,1363.1
2018.0,12.0,Narayanganj,Dhaka,346.07,171.5
2018.0,12.0,Narsingdi,Dhaka,60.1,29.8
2018.0,12.0,Netrakona,Dhaka,502.81,249.1
2018.0,12.0,Rajbari,Dhaka,124.28,61.6
2018.0,12.0,Shariatpur,Dhaka,150.56,74.6
2018.0,12.0,Sherpur,Dhaka,1086.96,538.5
2018.0,12.0,Tangail,Dhaka,1877.3,930.1
2018.0,12.0,Bagerhat,Khulna,961.38,476.3
2018.0,12.0,Chuadanga,Khulna,631.84,313.0
2018.0,12.0,Jessore,Khulna,223.07,110.5
2018.0,12.0,Jhenaidah,Khulna,1006.61,498.7
2018.0,12.0,Khulna,Khulna,968.11,479.6
2018.0,12.0,Kushtia,Khulna,126.36,62.6
2018.0,12.0,Magura,Khulna,307.53,152.4
2018.0,12.0,Meherpur,Khulna,367.99,182.3
2018.0,12.0,Narail,Khulna,113.17,56.1
2018.0,12.0,Satkhira,Khulna,1244.21,616.4
2018.0,12.0,Habiganj,Sylhet,718.73,356.1
2018.0,12.0,Maulvibazar,Sylhet,264.49,131.0
2018.0,12.0,Sunamganj,Sylhet,585.85,290.2
2018.0,12.0,Sylhet,Sylhet,593.17,293.9
2018.0,12.0,Bogra,Rajshahi,374.54,185.6
2018.0,12.0,Joypurhat,Rajshahi,618.89,306.6
2018.0,12.0,Naogaon,Rajshahi,2169.46,1074.8
2018.0,12.0,Natore,Rajshahi,444.12,220.0
2018.0,12.0,Nawabganj,Rajshahi,192.86,95.5
2018.0,12.0,Pabna,Rajshahi,178.22,88.3
2018.0,12.0,Rajshahi,Rajshahi,280.82,139.1
2018.0,12.0,Sirajganj,Rajshahi,324.39,160.7
2018.0,12.0,Dinajpur,Rangpur,2820.34,1397.3
2018.0,12.0,Gaibandha,Rangpur,270.88,134.2
2018.0,12.0,Kurigram,Rangpur,390.41,193.4
2018.0,12.0,Lalmonirhat,Rangpur,794.8,393.8
2018.0,12.0,Nilphamari,Rangpur,1104.51,547.2
2018.0,12.0,Panchagarh,Rangpur,955.05,473.2
2018.0,12.0,Rangpur,Rangpur,1799.86,891.7
2018.0,12.0,Thakurgaon,Rangpur,1409.37,698.2
2018.0,12.0,Barguna,Barisal,161.2,79.9
2019.0,1.0,Barisal,Barisal,442.63,219.3
2019.0,1.0,Bhola,Barisal,664.93,329.4
2019.0,1.0,Jhalokati,Barisal,36.17,17.9
2019.0,1.0,Patuakhali,Barisal,213.67,105.9
2019.0,1.0,Pirojpur,Barisal,95.03,47.1
2019.0,1.0,Bandarban,Chittagong,3022.85,1497.6
2019.0,1.0,Brahamanbaria,Chittagong,1206.91,597.9
2019.0,1.0,Chandpur,Chittagong,243.57,120.7
2019.0,1.0,Chittagong,Chittagong,2241.73,1110.6
2019.0,1.0,Comilla,Chittagong,1926.49,954.4
2019.0,1.0,Cox's Bazar,Chittagong,920.11,455.9
2019.0,1.0,Feni,Chittagong,531.59,263.4
2019.0,1.0,Khagrachhari,Chittagong,2174.05,1077.1
2019.0,1.0,Lakshmipur,Chittagong,290.9,144.1
2019.0,1.0,Noakhali,Chittagong,131.64,65.2
2019.0,1.0,Rangamati,Chittagong,516.66,256.0
2019.0,1.0,Dhaka,Dhaka,870.02,431.0
2019.0,1.0,Faridpur,Dhaka,1044.58,517.5
2019.0,1.0,Gazipur,Dhaka,1061.4,525.9
2019.0,1.0,Gopalganj,Dhaka,850.75,421.5
2019.0,1.0,Jamalpur,Dhaka,210.0,104.0
2019.0,1.0,Kishoreganj,Dhaka,1286.82,637.5
2019.0,1.0,Madaripur,Dhaka,88.73,44.0
2019.0,1.0,Manikganj,Dhaka,184.95,91.6
2019.0,1.0,Munshiganj,Dhaka,75.08,37.2
2019.0,1.0,Mymensingh,Dhaka,2834.73,1404.4
2019.0,1.0,Narayanganj,Dhaka,371.26,183.9
2019.0,1.0,Narsingdi,Dhaka,60.81,30.1
2019.0,1.0,Netrakona,Dhaka,1658.06,821.5
2019.0,1.0,Rajbari,Dhaka,124.39,61.6
2019.0,1.0,Shariatpur,Dhaka,144.36,71.5
2019.0,1.0,Sherpur,Dhaka,1039.35,514.9
2019.0,1.0,Tangail,Dhaka,2003.78,992.7
2019.0,1.0,Bagerhat,Khulna,900.31,446.0
2019.0,1.0,Chuadanga,Khulna,715.4,354.4
2019.0,1.0,Jessore,Khulna,853.03,422.6
2019.0,1.0,Jhenaidah,Khulna,1099.73,544.8
2019.0,1.0,Khulna,Khulna,943.28,467.3
2019.0,1.0,Kushtia,Khulna,138.68,68.7
2019.0,1.0,Magura,Khulna,674.41,334.1
2019.0,1.0,Meherpur,Khulna,502.64,249.0
2019.0,1.0,Narail,Khulna,131.77,65.3
2019.0,1.0,Satkhira,Khulna,1104.83,547.4
2019.0,1.0,Habiganj,Sylhet,1495.38,740.9
2019.0,1.0,Maulvibazar,Sylhet,792.97,392.9
2019.0,1.0,Sunamganj,Sylhet,342.08,169.5
2019.0,1.0,Sylhet,Sylhet,1697.87,841.2
2019.0,1.0,Bogra,Rajshahi,211.67,104.9
2019.0,1.0,Joypurhat,Rajshahi,506.31,250.8
2019.0,1.0,Naogaon,Rajshahi,2540.5,1258.6
2019.0,1.0,Natore,Rajshahi,1295.27,641.7
2019.0,1.0,Nawabganj,Rajshahi,934.05,462.8
2019.0,1.0,Pabna,Rajshahi,1137.2,563.4
2019.0,1.0,Rajshahi,Rajshahi,740.54,366.9
2019.0,1.0,Sirajganj,Rajshahi,394.31,195.4
2019.0,1.0,Dinajpur,Rangpur,1834.18,908.7
2019.0,1.0,Gaibandha,Rangpur,172.76,85.6
2019.0,1.0,Kurigram,Rangpur,467.35,231.5
2019.0,1.0,Lalmonirhat,Rangpur,94.74,46.9
2019.0,1.0,Nilphamari,Rangpur,89.55,44.4
2019.0,1.0,Panchagarh,Rangpur,1162.49,575.9
2019.0,1.0,Rangpur,Rangpur,303.35,150.3
2019.0,1.0,Thakurgaon,Rangpur,1488.95,737.7
2019.0,1.0,Barguna,Barisal,156.43,77.5
2019.0,2.0,Barisal,Barisal,398.12,197.2
2019.0,2.0,Bhola,Barisal,627.84,311.1
2019.0,2.0,Jhalokati,Barisal,33.78,16.7
2019.0,2.0,Patuakhali,Barisal,205.94,102.0
2019.0,2.0,Pirojpur,Barisal,89.97,44.6
2019.0,2.0,Bandarban,Chittagong,3112.68,1542.1
2019.0,2.0,Brahamanbaria,Chittagong,1067.53,528.9
2019.0,2.0,Chandpur,Chittagong,233.57,115.7
2019.0,2.0,Chittagong,Chittagong,2201.3,1090.6
2019.0,2.0,Comilla,Chittagong,1750.49,867.3
2019.0,2.0,Cox's Bazar,Chittagong,980.27,485.7
2019.0,2.0,Feni,Chittagong,513.15,254.2
2019.0,2.0,Khagrachhari,Chittagong,1989.55,985.7
2019.0,2.0,Lakshmipur,Chittagong,277.4,137.4
2019.0,2.0,Noakhali,Chittagong,133.84,66.3
2019.0,2.0,Rangamati,Chittagong,423.1,209.6
2019.0,2.0,Dhaka,Dhaka,799.16,395.9
2019.0,2.0,Faridpur,Dhaka,1089.28,539.7
2019.0,2.0,Gazipur,Dhaka,1089.74,539.9
2019.0,2.0,Gopalganj,Dhaka,759.58,376.3
2019.0,2.0,Jamalpur,Dhaka,742.76,368.0
2019.0,2.0,Kishoreganj,Dhaka,1425.72,706.3
2019.0,2.0,Madaripur,Dhaka,72.19,35.8
2019.0,2.0,Manikganj,Dhaka,171.83,85.1
2019.0,2.0,Munshiganj,Dhaka,75.94,37.6
2019.0,2.0,Mymensingh,Dhaka,2791.97,1383.2
2019.0,2.0,Narayanganj,Dhaka,431.07,213.6
2019.0,2.0,Narsingdi,Dhaka,66.86,33.1
2019.0,2.0,Netrakona,Dhaka,1707.76,846.1
2019.0,2.0,Rajbari,Dhaka,108.76,53.9
2019.0,2.0,Shariatpur,Dhaka,131.85,65.3
2019.0,2.0,Sherpur,Dhaka,857.04,424.6
2019.0,2.0,Tangail,Dhaka,1731.61,857.9
2019.0,2.0,Bagerhat,Khulna,617.0,305.7
2019.0,2.0,Chuadanga,Khulna,711.98,352.7
2019.0,2.0,Jessore,Khulna,872.73,432.4
2019.0,2.0,Jhenaidah,Khulna,1097.78,543.9
2019.0,2.0,Khulna,Khulna,549.25,272.1
2019.0,2.0,Kushtia,Khulna,232.07,115.0
2019.0,2.0,Magura,Khulna,726.87,360.1
2019.0,2.0,Meherpur,Khulna,452.94,224.4
2019.0,2.0,Narail,Khulna,38.5,19.1
2019.0,2.0,Satkhira,Khulna,944.47,467.9
2019.0,2.0,Habiganj,Sylhet,1377.84,682.6
2019.0,2.0,Maulvibazar,Sylhet,1116.24,553.0
2019.0,2.0,Sunamganj,Sylhet,959.83,475.5
2019.0,2.0,Sylhet,Sylhet,1541.97,763.9
2019.0,2.0,Bogra,Rajshahi,1487.58,737.0
2019.0,2.0,Joypurhat,Rajshahi,612.81,303.6
2019.0,2.0,Naogaon,Rajshahi,2844.49,1409.3
2019.0,2.0,Natore,Rajshahi,1436.06,711.5
2019.0,2.0,Nawabganj,Rajshahi,964.14,477.7
2019.0,2.0,Pabna,Rajshahi,1371.62,679.5
2019.0,2.0,Rajshahi,Rajshahi,1256.13,622.3
2019.0,2.0,Sirajganj,Rajshahi,294.73,146.0
2019.0,2.0,Dinajpur,Rangpur,1623.26,804.2
2019.0,2.0,Gaibandha,Rangpur,348.38,172.6
2019.0,2.0,Kurigram,Rangpur,422.44,209.3
2019.0,2.0,Lalmonirhat,Rangpur,487.23,241.4
2019.0,2.0,Nilphamari,Rangpur,708.39,351.0
2019.0,2.0,Panchagarh,Rangpur,1057.57,524.0
2019.0,2.0,Rangpur,Rangpur,1025.38,508.0
2019.0,2.0,Thakurgaon,Rangpur,1181.89,585.5
2019.0,2.0,Barguna,Barisal,155.65,77.1
2019.0,3.0,Barisal,Barisal,435.64,215.8
2019.0,3.0,Bhola,Barisal,692.19,342.9
2019.0,3.0,Jhalokati,Barisal,33.46,16.6
2019.0,3.0,Patuakhali,Barisal,218.03,108.0
2019.0,3.0,Pirojpur,Barisal,90.82,45.0
2019.0,3.0,Bandarban,Chittagong,2695.8,1335.6
2019.0,3.0,Brahamanbaria,Chittagong,989.92,490.4
2019.0,3.0,Chandpur,Chittagong,245.29,121.5
2019.0,3.0,Chittagong,Chittagong,2137.53,1059.0
2019.0,3.0,Comilla,Chittagong,1771.85,877.8
2019.0,3.0,Cox's Bazar,Chittagong,676.63,335.2
2019.0,3.0,Feni,Chittagong,430.82,213.4
2019.0,3.0,Khagrachhari,Chittagong,1696.17,840.3
2019.0,3.0,Lakshmipur,Chittagong,301.37,149.3
2019.0,3.0,Noakhali,Chittagong,132.08,65.4
2019.0,3.0,Rangamati,Chittagong,390.12,193.3
2019.0,3.0,Dhaka,Dhaka,782.21,387.5
2019.0,3.0,Faridpur,Dhaka,871.44,431.7
2019.0,3.0,Gazipur,Dhaka,962.38,476.8
2019.0,3.0,Gopalganj,Dhaka,887.09,439.5
2019.0,3.0,Jamalpur,Dhaka,273.95,135.7
2019.0,3.0,Kishoreganj,Dhaka,1293.72,641.0
2019.0,3.0,Madaripur,Dhaka,71.66,35.5
2019.0,3.0,Manikganj,Dhaka,171.51,85.0
2019.0,3.0,Munshiganj,Dhaka,70.98,35.2
2019.0,3.0,Mymensingh,Dhaka,2651.78,1313.8
2019.0,3.0,Narayanganj,Dhaka,427.67,211.9
2019.0,3.0,Narsingdi,Dhaka,152.44,75.5
2019.0,3.0,Netrakona,Dhaka,1676.66,830.7
2019.0,3.0,Rajbari,Dhaka,114.77,56.9
2019.0,3.0,Shariatpur,Dhaka,141.89,70.3
2019.0,3.0,Sherpur,Dhaka,1030.62,510.6
2019.0,3.0,Tangail,Dhaka,1743.81,863.9
2019.0,3.0,Bagerhat,Khulna,639.26,316.7
2019.0,3.0,Chuadanga,Khulna,634.12,314.2
2019.0,3.0,Jessore,Khulna,166.61,82.5
2019.0,3.0,Jhenaidah,Khulna,1185.81,587.5
2019.0,3.0,Khulna,Khulna,609.37,301.9
2019.0,3.0,Kushtia,Khulna,155.74,77.2
2019.0,3.0,Magura,Khulna,568.76,281.8
2019.0,3.0,Meherpur,Khulna,489.09,242.3
2019.0,3.0,Narail,Khulna,31.18,15.4
2019.0,3.0,Satkhira,Khulna,916.98,454.3
2019.0,3.0,Habiganj,Sylhet,1599.72,792.6
2019.0,3.0,Maulvibazar,Sylhet,793.51,393.1
2019.0,3.0,Sunamganj,Sylhet,2087.52,1034.2
2019.0,3.0,Sylhet,Sylhet,2264.23,1121.8
2019.0,3.0,Bogra,Rajshahi,1345.9,666.8
2019.0,3.0,Joypurhat,Rajshahi,885.47,438.7
2019.0,3.0,Naogaon,Rajshahi,3109.3,1540.5
2019.0,3.0,Natore,Rajshahi,1429.71,708.3
2019.0,3.0,Nawabganj,Rajshahi,665.52,329.7
2019.0,3.0,Pabna,Rajshahi,1356.04,671.8
2019.0,3.0,Rajshahi,Rajshahi,257.95,127.8
2019.0,3.0,Sirajganj,Rajshahi,298.47,147.9
2019.0,3.0,Dinajpur,Rangpur,2860.38,1417.1
2019.0,3.0,Gaibandha,Rangpur,305.57,151.4
2019.0,3.0,Kurigram,Rangpur,588.29,291.5
2019.0,3.0,Lalmonirhat,Rangpur,397.59,197.0
2019.0,3.0,Nilphamari,Rangpur,1250.95,619.8
2019.0,3.0,Panchagarh,Rangpur,992.02,491.5
2019.0,3.0,Rangpur,Rangpur,2061.62,1021.4
2019.0,3.0,Thakurgaon,Rangpur,1369.25,678.4
2019.0,3.0,Barguna,Barisal,156.04,77.3
2019.0,4.0,Barisal,Barisal,412.74,204.5
2019.0,4.0,Bhola,Barisal,650.18,322.1
2019.0,4.0,Jhalokati,Barisal,33.23,16.5
2019.0,4.0,Patuakhali,Barisal,221.96,110.0
2019.0,4.0,Pirojpur,Barisal,92.89,46.0
2019.0,4.0,Bandarban,Chittagong,2467.11,1222.3
2019.0,4.0,Brahamanbaria,Chittagong,974.01,482.6
2019.0,4.0,Chandpur,Chittagong,245.4,121.6
2019.0,4.0,Chittagong,Chittagong,2106.45,1043.6
2019.0,4.0,Comilla,Chittagong,1667.53,826.2
2019.0,4.0,Cox's Bazar,Chittagong,911.06,451.4
2019.0,4.0,Feni,Chittagong,545.1,270.1
2019.0,4.0,Khagrachhari,Chittagong,1578.88,782.2
2019.0,4.0,Lakshmipur,Chittagong,291.15,144.2
2019.0,4.0,Noakhali,Chittagong,132.65,65.7
2019.0,4.0,Rangamati,Chittagong,428.9,212.5
2019.0,4.0,Dhaka,Dhaka,871.36,431.7
2019.0,4.0,Faridpur,Dhaka,455.44,225.6
2019.0,4.0,Gazipur,Dhaka,1022.9,506.8
2019.0,4.0,Gopalganj,Dhaka,774.66,383.8
2019.0,4.0,Jamalpur,Dhaka,1265.94,627.2
2019.0,4.0,Kishoreganj,Dhaka,813.2,402.9
2019.0,4.0,Madaripur,Dhaka,70.97,35.2
2019.0,4.0,Manikganj,Dhaka,152.62,75.6
2019.0,4.0,Munshiganj,Dhaka,73.66,36.5
2019.0,4.0,Mymensingh,Dhaka,2543.15,1260.0
2019.0,4.0,Narayanganj,Dhaka,407.57,201.9
2019.0,4.0,Narsingdi,Dhaka,426.35,211.2
2019.0,4.0,Netrakona,Dhaka,1593.63,789.5
2019.0,4.0,Rajbari,Dhaka,116.31,57.6
2019.0,4.0,Shariatpur,Dhaka,138.87,68.8
2019.0,4.0,Sherpur,Dhaka,1059.26,524.8
2019.0,4.0,Tangail,Dhaka,1716.86,850.6
2019.0,4.0,Bagerhat,Khulna,808.99,400.8
2019.0,4.0,Chuadanga,Khulna,574.14,284.4
2019.0,4.0,Jessore,Khulna,732.29,362.8
2019.0,4.0,Jhenaidah,Khulna,1240.13,614.4
2019.0,4.0,Khulna,Khulna,581.79,288.2
2019.0,4.0,Kushtia,Khulna,136.73,67.7
2019.0,4.0,Magura,Khulna,598.12,296.3
2019.0,4.0,Meherpur,Khulna,473.2,234.4
2019.0,4.0,Narail,Khulna,28.43,14.1
2019.0,4.0,Satkhira,Khulna,937.16,464.3
2019.0,4.0,Habiganj,Sylhet,1422.98,705.0
2019.0,4.0,Maulvibazar,Sylhet,655.71,324.9
2019.0,4.0,Sunamganj,Sylhet,484.03,239.8
2019.0,4.0,Sylhet,Sylhet,897.74,444.8
2019.0,4.0,Bogra,Rajshahi,1696.19,840.3
2019.0,4.0,Joypurhat,Rajshahi,853.62,422.9
2019.0,4.0,Naogaon,Rajshahi,3081.94,1526.9
2019.0,4.0,Natore,Rajshahi,1239.55,614.1
2019.0,4.0,Nawabganj,Rajshahi,896.27,444.0
2019.0,4.0,Pabna,Rajshahi,1142.72,566.1
2019.0,4.0,Rajshahi,Rajshahi,939.42,465.4
2019.0,4.0,Sirajganj,Rajshahi,240.79,119.3
2019.0,4.0,Dinajpur,Rangpur,2791.36,1382.9
2019.0,4.0,Gaibandha,Rangpur,199.74,99.0
2019.0,4.0,Kurigram,Rangpur,317.06,157.1
2019.0,4.0,Lalmonirhat,Rangpur,628.84,311.5
2019.0,4.0,Nilphamari,Rangpur,1121.96,555.9
2019.0,4.0,Panchagarh,Rangpur,703.63,348.6
2019.0,4.0,Rangpur,Rangpur,2031.75,1006.6
2019.0,4.0,Thakurgaon,Rangpur,1166.42,577.9
2019.0,4.0,Barguna,Barisal,157.86,78.2
2019.0,5.0,Barisal,Barisal,506.77,251.1
2019.0,5.0,Bhola,Barisal,730.72,362.0
2019.0,5.0,Jhalokati,Barisal,69.93,34.6
2019.0,5.0,Patuakhali,Barisal,264.56,131.1
2019.0,5.0,Pirojpur,Barisal,129.42,64.1
2019.0,5.0,Bandarban,Chittagong,2857.54,1415.7
2019.0,5.0,Brahamanbaria,Chittagong,182.12,90.2
2019.0,5.0,Chandpur,Chittagong,268.67,133.1
2019.0,5.0,Chittagong,Chittagong,1746.5,865.3
2019.0,5.0,Comilla,Chittagong,1399.35,693.3
2019.0,5.0,Cox's Bazar,Chittagong,580.11,287.4
2019.0,5.0,Feni,Chittagong,494.42,245.0
2019.0,5.0,Khagrachhari,Chittagong,1932.11,957.2
2019.0,5.0,Lakshmipur,Chittagong,312.0,154.6
2019.0,5.0,Noakhali,Chittagong,143.82,71.3
2019.0,5.0,Rangamati,Chittagong,427.14,211.6
2019.0,5.0,Dhaka,Dhaka,914.26,453.0
2019.0,5.0,Faridpur,Dhaka,119.95,59.4
2019.0,5.0,Gazipur,Dhaka,1030.78,510.7
2019.0,5.0,Gopalganj,Dhaka,634.21,314.2
2019.0,5.0,Jamalpur,Dhaka,167.17,82.8
2019.0,5.0,Kishoreganj,Dhaka,357.57,177.2
2019.0,5.0,Madaripur,Dhaka,80.73,40.0
2019.0,5.0,Manikganj,Dhaka,174.3,86.4
2019.0,5.0,Munshiganj,Dhaka,83.22,41.2
2019.0,5.0,Mymensingh,Dhaka,2534.57,1255.7
2019.0,5.0,Narayanganj,Dhaka,82.63,40.9
2019.0,5.0,Narsingdi,Dhaka,83.83,41.5
2019.0,5.0,Netrakona,Dhaka,597.77,296.2
2019.0,5.0,Rajbari,Dhaka,131.47,65.1
2019.0,5.0,Shariatpur,Dhaka,162.7,80.6
2019.0,5.0,Sherpur,Dhaka,888.71,440.3
2019.0,5.0,Tangail,Dhaka,1268.26,628.3
2019.0,5.0,Bagerhat,Khulna,1138.47,564.0
2019.0,5.0,Chuadanga,Khulna,849.72,421.0
2019.0,5.0,Jessore,Khulna,1006.21,498.5
2019.0,5.0,Jhenaidah,Khulna,1377.1,682.3
2019.0,5.0,Khulna,Khulna,756.89,375.0
2019.0,5.0,Kushtia,Khulna,135.35,67.1
2019.0,5.0,Magura,Khulna,448.04,222.0
2019.0,5.0,Meherpur,Khulna,554.02,274.5
2019.0,5.0,Narail,Khulna,37.24,18.4
2019.0,5.0,Satkhira,Khulna,1208.77,598.9
2019.0,5.0,Habiganj,Sylhet,467.02,231.4
2019.0,5.0,Maulvibazar,Sylhet,210.99,104.5
2019.0,5.0,Sunamganj,Sylhet,1034.38,512.5
2019.0,5.0,Sylhet,Sylhet,456.02,225.9
2019.0,5.0,Bogra,Rajshahi,179.08,88.7
2019.0,5.0,Joypurhat,Rajshahi,914.53,453.1
2019.0,5.0,Naogaon,Rajshahi,2847.14,1410.6
2019.0,5.0,Natore,Rajshahi,1372.81,680.1
2019.0,5.0,Nawabganj,Rajshahi,582.59,288.6
2019.0,5.0,Pabna,Rajshahi,327.83,162.4
2019.0,5.0,Rajshahi,Rajshahi,484.68,240.1
2019.0,5.0,Sirajganj,Rajshahi,309.41,153.3
2019.0,5.0,Dinajpur,Rangpur,2906.88,1440.2
2019.0,5.0,Gaibandha,Rangpur,250.87,124.3
2019.0,5.0,Kurigram,Rangpur,403.03,199.7
2019.0,5.0,Lalmonirhat,Rangpur,140.88,69.8
2019.0,5.0,Nilphamari,Rangpur,1188.52,588.8
2019.0,5.0,Panchagarh,Rangpur,896.41,444.1
2019.0,5.0,Rangpur,Rangpur,1662.85,823.8
2019.0,5.0,Thakurgaon,Rangpur,1389.23,688.3
2019.0,5.0,Barguna,Barisal,170.82,84.6
2019.0,6.0,Barisal,Barisal,448.49,222.2
2019.0,6.0,Bhola,Barisal,661.98,328.0
2019.0,6.0,Jhalokati,Barisal,45.13,22.4
2019.0,6.0,Patuakhali,Barisal,255.72,126.7
2019.0,6.0,Pirojpur,Barisal,118.92,58.9
2019.0,6.0,Bandarban,Chittagong,2829.06,1401.6
2019.0,6.0,Brahamanbaria,Chittagong,262.84,130.2
2019.0,6.0,Chandpur,Chittagong,271.65,134.6
2019.0,6.0,Chittagong,Chittagong,2205.12,1092.5
2019.0,6.0,Comilla,Chittagong,756.17,374.6
2019.0,6.0,Cox's Bazar,Chittagong,406.36,201.3
2019.0,6.0,Feni,Chittagong,516.28,255.8
2019.0,6.0,Khagrachhari,Chittagong,1699.1,841.8
2019.0,6.0,Lakshmipur,Chittagong,294.27,145.8
2019.0,6.0,Noakhali,Chittagong,151.87,75.2
2019.0,6.0,Rangamati,Chittagong,624.29,309.3
2019.0,6.0,Dhaka,Dhaka,551.17,273.1
2019.0,6.0,Faridpur,Dhaka,121.21,60.1
2019.0,6.0,Gazipur,Dhaka,227.7,112.8
2019.0,6.0,Gopalganj,Dhaka,270.22,133.9
2019.0,6.0,Jamalpur,Dhaka,143.51,71.1
2019.0,6.0,Kishoreganj,Dhaka,767.65,380.3
2019.0,6.0,Madaripur,Dhaka,94.87,47.0
2019.0,6.0,Manikganj,Dhaka,184.94,91.6
2019.0,6.0,Munshiganj,Dhaka,91.05,45.1
2019.0,6.0,Mymensingh,Dhaka,1032.2,511.4
2019.0,6.0,Narayanganj,Dhaka,57.13,28.3
2019.0,6.0,Narsingdi,Dhaka,91.6,45.4
2019.0,6.0,Netrakona,Dhaka,707.55,350.5
2019.0,6.0,Rajbari,Dhaka,127.96,63.4
2019.0,6.0,Shariatpur,Dhaka,165.47,82.0
2019.0,6.0,Sherpur,Dhaka,232.05,115.0
2019.0,6.0,Tangail,Dhaka,132.15,65.5
2019.0,6.0,Bagerhat,Khulna,1271.94,630.2
2019.0,6.0,Chuadanga,Khulna,807.97,400.3
2019.0,6.0,Jessore,Khulna,351.65,174.2
2019.0,6.0,Jhenaidah,Khulna,1391.65,689.5
2019.0,6.0,Khulna,Khulna,949.71,470.5
2019.0,6.0,Kushtia,Khulna,122.51,60.7
2019.0,6.0,Magura,Khulna,340.47,168.7
2019.0,6.0,Meherpur,Khulna,556.24,275.6
2019.0,6.0,Narail,Khulna,57.67,28.6
2019.0,6.0,Satkhira,Khulna,1218.19,603.5
2019.0,6.0,Habiganj,Sylhet,635.09,314.6
2019.0,6.0,Maulvibazar,Sylhet,305.03,151.1
2019.0,6.0,Sunamganj,Sylhet,1935.77,959.0
2019.0,6.0,Sylhet,Sylhet,452.17,224.0
2019.0,6.0,Bogra,Rajshahi,182.73,90.5
2019.0,6.0,Joypurhat,Rajshahi,662.91,328.4
2019.0,6.0,Naogaon,Rajshahi,1839.34,911.3
2019.0,6.0,Natore,Rajshahi,119.08,59.0
2019.0,6.0,Nawabganj,Rajshahi,250.49,124.1
2019.0,6.0,Pabna,Rajshahi,137.72,68.2
2019.0,6.0,Rajshahi,Rajshahi,209.39,103.7
2019.0,6.0,Sirajganj,Rajshahi,331.56,164.3
2019.0,6.0,Dinajpur,Rangpur,2216.23,1098.0
2019.0,6.0,Gaibandha,Rangpur,243.74,120.8
2019.0,6.0,Kurigram,Rangpur,402.82,199.6
2019.0,6.0,Lalmonirhat,Rangpur,78.1,38.7
2019.0,6.0,Nilphamari,Rangpur,609.28,301.9
2019.0,6.0,Panchagarh,Rangpur,889.19,440.5
2019.0,6.0,Rangpur,Rangpur,1563.56,774.6
2019.0,6.0,Thakurgaon,Rangpur,1303.81,646.0
2019.0,6.0,Barguna,Barisal,167.83,83.1
2019.0,7.0,Barisal,Barisal,620.25,307.3
2019.0,7.0,Bhola,Barisal,848.62,420.4
2019.0,7.0,Jhalokati,Barisal,227.74,112.8
2019.0,7.0,Patuakhali,Barisal,677.19,335.5
2019.0,7.0,Pirojpur,Barisal,340.52,168.7
2019.0,7.0,Bandarban,Chittagong,2540.55,1258.7
2019.0,7.0,Brahamanbaria,Chittagong,747.04,370.1
2019.0,7.0,Chandpur,Chittagong,332.83,164.9
2019.0,7.0,Chittagong,Chittagong,1984.92,983.4
2019.0,7.0,Comilla,Chittagong,628.53,311.4
2019.0,7.0,Cox's Bazar,Chittagong,497.21,246.3
2019.0,7.0,Feni,Chittagong,403.19,199.8
2019.0,7.0,Khagrachhari,Chittagong,1782.78,883.2
2019.0,7.0,Lakshmipur,Chittagong,373.72,185.2
2019.0,7.0,Noakhali,Chittagong,505.38,250.4
2019.0,7.0,Rangamati,Chittagong,536.5,265.8
2019.0,7.0,Dhaka,Dhaka,165.79,82.1
2019.0,7.0,Faridpur,Dhaka,233.92,115.9
2019.0,7.0,Gazipur,Dhaka,230.74,114.3
2019.0,7.0,Gopalganj,Dhaka,425.4,210.8
2019.0,7.0,Jamalpur,Dhaka,525.44,260.3
2019.0,7.0,Kishoreganj,Dhaka,1392.81,690.0
2019.0,7.0,Madaripur,Dhaka,131.28,65.0
2019.0,7.0,Manikganj,Dhaka,404.58,200.4
2019.0,7.0,Munshiganj,Dhaka,153.17,75.9
2019.0,7.0,Mymensingh,Dhaka,1748.5,866.3
2019.0,7.0,Narayanganj,Dhaka,75.93,37.6
2019.0,7.0,Narsingdi,Dhaka,210.47,104.3
2019.0,7.0,Netrakona,Dhaka,1222.1,605.5
2019.0,7.0,Rajbari,Dhaka,168.42,83.4
2019.0,7.0,Shariatpur,Dhaka,215.55,106.8
2019.0,7.0,Sherpur,Dhaka,555.26,275.1
2019.0,7.0,Tangail,Dhaka,815.98,404.3
2019.0,7.0,Bagerhat,Khulna,1331.96,659.9
2019.0,7.0,Chuadanga,Khulna,755.22,374.2
2019.0,7.0,Jessore,Khulna,222.71,110.3
2019.0,7.0,Jhenaidah,Khulna,264.86,131.2
2019.0,7.0,Khulna,Khulna,1422.33,704.7
2019.0,7.0,Kushtia,Khulna,145.17,71.9
2019.0,7.0,Magura,Khulna,111.98,55.5
2019.0,7.0,Meherpur,Khulna,432.93,214.5
2019.0,7.0,Narail,Khulna,99.86,49.5
2019.0,7.0,Satkhira,Khulna,1388.93,688.1
2019.0,7.0,Habiganj,Sylhet,1150.4,569.9
2019.0,7.0,Maulvibazar,Sylhet,774.76,383.8
2019.0,7.0,Sunamganj,Sylhet,2396.63,1187.4
2019.0,7.0,Sylhet,Sylhet,1538.79,762.4
2019.0,7.0,Bogra,Rajshahi,851.47,421.8
2019.0,7.0,Joypurhat,Rajshahi,484.8,240.2
2019.0,7.0,Naogaon,Rajshahi,1669.26,827.0
2019.0,7.0,Natore,Rajshahi,443.33,219.6
2019.0,7.0,Nawabganj,Rajshahi,409.27,202.8
2019.0,7.0,Pabna,Rajshahi,434.77,215.4
2019.0,7.0,Rajshahi,Rajshahi,644.44,319.3
2019.0,7.0,Sirajganj,Rajshahi,901.08,446.4
2019.0,7.0,Dinajpur,Rangpur,1674.45,829.6
2019.0,7.0,Gaibandha,Rangpur,552.71,273.8
2019.0,7.0,Kurigram,Rangpur,662.21,328.1
2019.0,7.0,Lalmonirhat,Rangpur,502.71,249.1
2019.0,7.0,Nilphamari,Rangpur,899.65,445.7
2019.0,7.0,Panchagarh,Rangpur,657.25,325.6
2019.0,7.0,Rangpur,Rangpur,1475.14,730.8
2019.0,7.0,Thakurgaon,Rangpur,716.29,354.9
2019.0,7.0,Barguna,Barisal,273.27,135.4
2019.0,8.0,Barisal,Barisal,536.88,266.0
2019.0,8.0,Bhola,Barisal,670.62,332.2
2019.0,8.0,Jhalokati,Barisal,164.89,81.7
2019.0,8.0,Patuakhali,Barisal,634.06,314.1
2019.0,8.0,Pirojpur,Barisal,310.51,153.8
2019.0,8.0,Bandarban,Chittagong,2712.28,1343.8
2019.0,8.0,Brahamanbaria,Chittagong,576.74,285.7
2019.0,8.0,Chandpur,Chittagong,336.05,166.5
2019.0,8.0,Chittagong,Chittagong,2037.35,1009.4
2019.0,8.0,Comilla,Chittagong,573.38,284.1
2019.0,8.0,Cox's Bazar,Chittagong,468.44,232.1
2019.0,8.0,Feni,Chittagong,331.84,164.4
2019.0,8.0,Khagrachhari,Chittagong,1676.7,830.7
2019.0,8.0,Lakshmipur,Chittagong,381.9,189.2
2019.0,8.0,Noakhali,Chittagong,444.31,220.1
2019.0,8.0,Rangamati,Chittagong,558.93,276.9
2019.0,8.0,Dhaka,Dhaka,150.53,74.6
2019.0,8.0,Faridpur,Dhaka,295.43,146.4
2019.0,8.0,Gazipur,Dhaka,313.09,155.1
2019.0,8.0,Gopalganj,Dhaka,291.23,144.3
2019.0,8.0,Jamalpur,Dhaka,237.59,117.7
2019.0,8.0,Kishoreganj,Dhaka,1216.11,602.5
2019.0,8.0,Madaripur,Dhaka,128.66,63.7
2019.0,8.0,Manikganj,Dhaka,320.37,158.7
2019.0,8.0,Munshiganj,Dhaka,123.65,61.3
2019.0,8.0,Mymensingh,Dhaka,1680.4,832.5
2019.0,8.0,Narayanganj,Dhaka,74.84,37.1
2019.0,8.0,Narsingdi,Dhaka,177.97,88.2
2019.0,8.0,Netrakona,Dhaka,670.68,332.3
2019.0,8.0,Rajbari,Dhaka,186.0,92.2
2019.0,8.0,Shariatpur,Dhaka,214.08,106.1
2019.0,8.0,Sherpur,Dhaka,441.03,218.5
2019.0,8.0,Tangail,Dhaka,632.54,313.4
2019.0,8.0,Bagerhat,Khulna,1423.59,705.3
2019.0,8.0,Chuadanga,Khulna,671.82,332.8
2019.0,8.0,Jessore,Khulna,402.56,199.4
2019.0,8.0,Jhenaidah,Khulna,810.17,401.4
2019.0,8.0,Khulna,Khulna,1674.38,829.5
2019.0,8.0,Kushtia,Khulna,147.34,73.0
2019.0,8.0,Magura,Khulna,89.28,44.2
2019.0,8.0,Meherpur,Khulna,462.04,228.9
2019.0,8.0,Narail,Khulna,87.86,43.5
2019.0,8.0,Satkhira,Khulna,1578.43,782.0
2019.0,8.0,Habiganj,Sylhet,653.75,323.9
2019.0,8.0,Maulvibazar,Sylhet,397.34,196.9
2019.0,8.0,Sunamganj,Sylhet,1962.03,972.1
2019.0,8.0,Sylhet,Sylhet,681.61,337.7
2019.0,8.0,Bogra,Rajshahi,699.61,346.6
2019.0,8.0,Joypurhat,Rajshahi,775.18,384.1
2019.0,8.0,Naogaon,Rajshahi,659.81,326.9
2019.0,8.0,Natore,Rajshahi,348.84,172.8
2019.0,8.0,Nawabganj,Rajshahi,147.04,72.8
2019.0,8.0,Pabna,Rajshahi,433.42,214.7
2019.0,8.0,Rajshahi,Rajshahi,237.02,117.4
2019.0,8.0,Sirajganj,Rajshahi,667.49,330.7
2019.0,8.0,Dinajpur,Rangpur,2224.27,1102.0
2019.0,8.0,Gaibandha,Rangpur,332.79,164.9
2019.0,8.0,Kurigram,Rangpur,486.24,240.9
2019.0,8.0,Lalmonirhat,Rangpur,448.01,222.0
2019.0,8.0,Nilphamari,Rangpur,1007.52,499.2
2019.0,8.0,Panchagarh,Rangpur,936.92,464.2
2019.0,8.0,Rangpur,Rangpur,1519.2,752.7
2019.0,8.0,Thakurgaon,Rangpur,1380.54,684.0
2019.0,8.0,Barguna,Barisal,280.14,138.8
2019.0,9.0,Barisal,Barisal,520.4,257.8
2019.0,9.0,Bhola,Barisal,731.78,362.5
2019.0,9.0,Jhalokati,Barisal,147.08,72.9
2019.0,9.0,Patuakhali,Barisal,356.58,176.7
2019.0,9.0,Pirojpur,Barisal,326.09,161.6
2019.0,9.0,Bandarban,Chittagong,2707.82,1341.5
2019.0,9.0,Brahamanbaria,Chittagong,450.98,223.4
2019.0,9.0,Chandpur,Chittagong,297.29,147.3
2019.0,9.0,Chittagong,Chittagong,1443.13,715.0
2019.0,9.0,Comilla,Chittagong,998.62,494.8
2019.0,9.0,Cox's Bazar,Chittagong,175.16,86.8
2019.0,9.0,Feni,Chittagong,444.63,220.3
2019.0,9.0,Khagrachhari,Chittagong,654.83,324.4
2019.0,9.0,Lakshmipur,Chittagong,320.84,159.0
2019.0,9.0,Noakhali,Chittagong,216.86,107.4
2019.0,9.0,Rangamati,Chittagong,511.37,253.3
2019.0,9.0,Dhaka,Dhaka,122.66,60.8
2019.0,9.0,Faridpur,Dhaka,255.08,126.4
2019.0,9.0,Gazipur,Dhaka,151.59,75.1
2019.0,9.0,Gopalganj,Dhaka,275.37,136.4
2019.0,9.0,Jamalpur,Dhaka,193.13,95.7
2019.0,9.0,Kishoreganj,Dhaka,1158.16,573.8
2019.0,9.0,Madaripur,Dhaka,114.5,56.7
2019.0,9.0,Manikganj,Dhaka,268.58,133.1
2019.0,9.0,Munshiganj,Dhaka,111.87,55.4
2019.0,9.0,Mymensingh,Dhaka,2503.1,1240.1
2019.0,9.0,Narayanganj,Dhaka,68.99,34.2
2019.0,9.0,Narsingdi,Dhaka,138.86,68.8
2019.0,9.0,Netrakona,Dhaka,668.64,331.3
2019.0,9.0,Rajbari,Dhaka,182.81,90.6
2019.0,9.0,Shariatpur,Dhaka,193.2,95.7
2019.0,9.0,Sherpur,Dhaka,467.4,231.6
2019.0,9.0,Tangail,Dhaka,299.82,148.5
2019.0,9.0,Bagerhat,Khulna,1434.76,710.8
2019.0,9.0,Chuadanga,Khulna,622.49,308.4
2019.0,9.0,Jessore,Khulna,167.84,83.2
2019.0,9.0,Jhenaidah,Khulna,916.66,454.1
2019.0,9.0,Khulna,Khulna,1622.2,803.7
2019.0,9.0,Kushtia,Khulna,147.26,73.0
2019.0,9.0,Magura,Khulna,33.38,16.5
2019.0,9.0,Meherpur,Khulna,414.18,205.2
2019.0,9.0,Narail,Khulna,82.82,41.0
2019.0,9.0,Satkhira,Khulna,1405.4,696.3
2019.0,9.0,Habiganj,Sylhet,365.1,180.9
2019.0,9.0,Maulvibazar,Sylhet,274.03,135.8
2019.0,9.0,Sunamganj,Sylhet,1815.65,899.5
2019.0,9.0,Sylhet,Sylhet,508.34,251.8
2019.0,9.0,Bogra,Rajshahi,366.86,181.8
2019.0,9.0,Joypurhat,Rajshahi,799.09,395.9
2019.0,9.0,Naogaon,Rajshahi,871.31,431.7
2019.0,9.0,Natore,Rajshahi,170.16,84.3
2019.0,9.0,Nawabganj,Rajshahi,167.18,82.8
2019.0,9.0,Pabna,Rajshahi,394.38,195.4
2019.0,9.0,Rajshahi,Rajshahi,221.46,109.7
2019.0,9.0,Sirajganj,Rajshahi,568.21,281.5
2019.0,9.0,Dinajpur,Rangpur,2662.94,1319.3
2019.0,9.0,Gaibandha,Rangpur,309.04,153.1
2019.0,9.0,Kurigram,Rangpur,477.71,236.7
2019.0,9.0,Lalmonirhat,Rangpur,399.25,197.8
2019.0,9.0,Nilphamari,Rangpur,1120.65,555.2
2019.0,9.0,Panchagarh,Rangpur,949.23,470.3
2019.0,9.0,Rangpur,Rangpur,1799.48,891.5
2019.0,9.0,Thakurgaon,Rangpur,1434.62,710.8
2019.0,9.0,Barguna,Barisal,257.28,127.5
2019.0,10.0,Barisal,Barisal,488.77,242.2
2019.0,10.0,Bhola,Barisal,678.72,336.3
2019.0,10.0,Jhalokati,Barisal,35.81,17.7
2019.0,10.0,Patuakhali,Barisal,224.28,111.1
2019.0,10.0,Pirojpur,Barisal,96.13,47.6
2019.0,10.0,Bandarban,Chittagong,2993.63,1483.1
2019.0,10.0,Brahamanbaria,Chittagong,432.73,214.4
2019.0,10.0,Chandpur,Chittagong,286.87,142.1
2019.0,10.0,Chittagong,Chittagong,1720.19,852.2
2019.0,10.0,Comilla,Chittagong,1151.79,570.6
2019.0,10.0,Cox's Bazar,Chittagong,275.83,136.7
2019.0,10.0,Feni,Chittagong,395.53,196.0
2019.0,10.0,Khagrachhari,Chittagong,1590.57,788.0
2019.0,10.0,Lakshmipur,Chittagong,299.54,148.4
2019.0,10.0,Noakhali,Chittagong,150.0,74.3
2019.0,10.0,Rangamati,Chittagong,521.37,258.3
2019.0,10.0,Dhaka,Dhaka,117.51,58.2
2019.0,10.0,Faridpur,Dhaka,205.53,101.8
2019.0,10.0,Gazipur,Dhaka,169.29,83.9
2019.0,10.0,Gopalganj,Dhaka,129.76,64.3
2019.0,10.0,Jamalpur,Dhaka,201.7,99.9
2019.0,10.0,Kishoreganj,Dhaka,1099.3,544.6
2019.0,10.0,Madaripur,Dhaka,107.54,53.3
2019.0,10.0,Manikganj,Dhaka,260.77,129.2
2019.0,10.0,Munshiganj,Dhaka,105.52,52.3
2019.0,10.0,Mymensingh,Dhaka,2196.04,1088.0
2019.0,10.0,Narayanganj,Dhaka,61.63,30.5
2019.0,10.0,Narsingdi,Dhaka,115.13,57.0
2019.0,10.0,Netrakona,Dhaka,626.1,310.2
2019.0,10.0,Rajbari,Dhaka,163.86,81.2
2019.0,10.0,Shariatpur,Dhaka,198.03,98.1
2019.0,10.0,Sherpur,Dhaka,610.75,302.6
2019.0,10.0,Tangail,Dhaka,221.26,109.6
2019.0,10.0,Bagerhat,Khulna,1163.39,576.4
2019.0,10.0,Chuadanga,Khulna,432.28,214.2
2019.0,10.0,Jessore,Khulna,332.48,164.7
2019.0,10.0,Jhenaidah,Khulna,862.43,427.3
2019.0,10.0,Khulna,Khulna,905.82,448.8
2019.0,10.0,Kushtia,Khulna,148.87,73.8
2019.0,10.0,Magura,Khulna,38.19,18.9
2019.0,10.0,Meherpur,Khulna,280.86,139.1
2019.0,10.0,Narail,Khulna,77.13,38.2
2019.0,10.0,Satkhira,Khulna,1316.03,652.0
2019.0,10.0,Habiganj,Sylhet,349.53,173.2
2019.0,10.0,Maulvibazar,Sylhet,236.1,117.0
2019.0,10.0,Sunamganj,Sylhet,1722.29,853.3
2019.0,10.0,Sylhet,Sylhet,428.27,212.2
2019.0,10.0,Bogra,Rajshahi,257.54,127.6
2019.0,10.0,Joypurhat,Rajshahi,771.5,382.2
2019.0,10.0,Naogaon,Rajshahi,982.24,486.6
2019.0,10.0,Natore,Rajshahi,182.9,90.6
2019.0,10.0,Nawabganj,Rajshahi,186.77,92.5
2019.0,10.0,Pabna,Rajshahi,359.81,178.3
2019.0,10.0,Rajshahi,Rajshahi,260.56,129.1
2019.0,10.0,Sirajganj,Rajshahi,576.27,285.5
2019.0,10.0,Dinajpur,Rangpur,2607.33,1291.8
2019.0,10.0,Gaibandha,Rangpur,292.26,144.8
2019.0,10.0,Kurigram,Rangpur,413.41,204.8
2019.0,10.0,Lalmonirhat,Rangpur,711.33,352.4
2019.0,10.0,Nilphamari,Rangpur,1117.08,553.4
2019.0,10.0,Panchagarh,Rangpur,1036.9,513.7
2019.0,10.0,Rangpur,Rangpur,1767.42,875.6
2019.0,10.0,Thakurgaon,Rangpur,1360.59,674.1
2019.0,10.0,Barguna,Barisal,159.56,79.1
2019.0,11.0,Barisal,Barisal,465.35,230.6
2019.0,11.0,Bhola,Barisal,683.5,338.6
2019.0,11.0,Jhalokati,Barisal,38.71,19.2
2019.0,11.0,Patuakhali,Barisal,222.93,110.4
2019.0,11.0,Pirojpur,Barisal,106.77,52.9
2019.0,11.0,Bandarban,Chittagong,2581.37,1278.9
2019.0,11.0,Brahamanbaria,Chittagong,213.99,106.0
2019.0,11.0,Chandpur,Chittagong,266.37,132.0
2019.0,11.0,Chittagong,Chittagong,1114.99,552.4
2019.0,11.0,Comilla,Chittagong,1137.3,563.5
2019.0,11.0,Cox's Bazar,Chittagong,285.1,141.2
2019.0,11.0,Feni,Chittagong,400.98,198.7
2019.0,11.0,Khagrachhari,Chittagong,1398.09,692.7
2019.0,11.0,Lakshmipur,Chittagong,298.72,148.0
2019.0,11.0,Noakhali,Chittagong,149.68,74.2
2019.0,11.0,Rangamati,Chittagong,499.14,247.3
2019.0,11.0,Dhaka,Dhaka,150.46,74.5
2019.0,11.0,Faridpur,Dhaka,127.2,63.0
2019.0,11.0,Gazipur,Dhaka,803.06,397.9
2019.0,11.0,Gopalganj,Dhaka,129.17,64.0
2019.0,11.0,Jamalpur,Dhaka,199.19,98.7
2019.0,11.0,Kishoreganj,Dhaka,573.27,284.0
2019.0,11.0,Madaripur,Dhaka,100.55,49.8
2019.0,11.0,Manikganj,Dhaka,198.73,98.5
2019.0,11.0,Munshiganj,Dhaka,97.38,48.2
2019.0,11.0,Mymensingh,Dhaka,2215.21,1097.5
2019.0,11.0,Narayanganj,Dhaka,51.48,25.5
2019.0,11.0,Narsingdi,Dhaka,73.68,36.5
2019.0,11.0,Netrakona,Dhaka,450.06,223.0
2019.0,11.0,Rajbari,Dhaka,133.85,66.3
2019.0,11.0,Shariatpur,Dhaka,165.49,82.0
2019.0,11.0,Sherpur,Dhaka,737.8,365.5
2019.0,11.0,Tangail,Dhaka,542.56,268.8
2019.0,11.0,Bagerhat,Khulna,1002.19,496.5
2019.0,11.0,Chuadanga,Khulna,462.91,229.3
2019.0,11.0,Jessore,Khulna,187.15,92.7
2019.0,11.0,Jhenaidah,Khulna,863.48,427.8
2019.0,11.0,Khulna,Khulna,1040.09,515.3
2019.0,11.0,Kushtia,Khulna,132.02,65.4
2019.0,11.0,Magura,Khulna,22.49,11.1
2019.0,11.0,Meherpur,Khulna,289.2,143.3
2019.0,11.0,Narail,Khulna,74.95,37.1
2019.0,11.0,Satkhira,Khulna,1257.24,622.9
2019.0,11.0,Habiganj,Sylhet,464.16,230.0
2019.0,11.0,Maulvibazar,Sylhet,201.66,99.9
2019.0,11.0,Sunamganj,Sylhet,1390.95,689.1
2019.0,11.0,Sylhet,Sylhet,420.05,208.1
2019.0,11.0,Bogra,Rajshahi,241.32,119.6
2019.0,11.0,Joypurhat,Rajshahi,788.91,390.9
2019.0,11.0,Naogaon,Rajshahi,1195.73,592.4
2019.0,11.0,Natore,Rajshahi,158.97,78.8
2019.0,11.0,Nawabganj,Rajshahi,127.82,63.3
2019.0,11.0,Pabna,Rajshahi,163.26,80.9
2019.0,11.0,Rajshahi,Rajshahi,191.95,95.1
2019.0,11.0,Sirajganj,Rajshahi,383.44,190.0
2019.0,11.0,Dinajpur,Rangpur,2711.39,1343.3
2019.0,11.0,Gaibandha,Rangpur,255.39,126.5
2019.0,11.0,Kurigram,Rangpur,378.24,187.4
2019.0,11.0,Lalmonirhat,Rangpur,713.87,353.7
2019.0,11.0,Nilphamari,Rangpur,1056.63,523.5
2019.0,11.0,Panchagarh,Rangpur,994.46,492.7
2019.0,11.0,Rangpur,Rangpur,1741.11,862.6
2019.0,11.0,Thakurgaon,Rangpur,1601.36,793.4
2019.0,11.0,Barguna,Barisal,160.0,79.3
2019.0,12.0,Barisal,Barisal,458.4,227.1
2019.0,12.0,Bhola,Barisal,660.79,327.4
2019.0,12.0,Jhalokati,Barisal,36.31,18.0
2019.0,12.0,Patuakhali,Barisal,217.42,107.7
2019.0,12.0,Pirojpur,Barisal,102.98,51.0
2019.0,12.0,Bandarban,Chittagong,2891.61,1432.6
2019.0,12.0,Brahamanbaria,Chittagong,502.2,248.8
2019.0,12.0,Chandpur,Chittagong,256.48,127.1
2019.0,12.0,Chittagong,Chittagong,1505.01,745.6
2019.0,12.0,Comilla,Chittagong,1464.0,725.3
2019.0,12.0,Cox's Bazar,Chittagong,892.42,442.1
2019.0,12.0,Feni,Chittagong,365.73,181.2
2019.0,12.0,Khagrachhari,Chittagong,1853.54,918.3
2019.0,12.0,Lakshmipur,Chittagong,291.56,144.4
2019.0,12.0,Noakhali,Chittagong,157.82,78.2
2019.0,12.0,Rangamati,Chittagong,467.35,231.5
2019.0,12.0,Dhaka,Dhaka,792.88,392.8
2019.0,12.0,Faridpur,Dhaka,110.25,54.6
2019.0,12.0,Gazipur,Dhaka,847.63,419.9
2019.0,12.0,Gopalganj,Dhaka,203.37,100.8
2019.0,12.0,Jamalpur,Dhaka,304.12,150.7
2019.0,12.0,Kishoreganj,Dhaka,177.87,88.1
2019.0,12.0,Madaripur,Dhaka,102.34,50.7
2019.0,12.0,Manikganj,Dhaka,181.04,89.7
2019.0,12.0,Munshiganj,Dhaka,83.83,41.5
2019.0,12.0,Mymensingh,Dhaka,2132.24,1056.4
2019.0,12.0,Narayanganj,Dhaka,296.48,146.9
2019.0,12.0,Narsingdi,Dhaka,60.42,29.9
2019.0,12.0,Netrakona,Dhaka,453.86,224.9
2019.0,12.0,Rajbari,Dhaka,120.77,59.8
2019.0,12.0,Shariatpur,Dhaka,157.38,78.0
2019.0,12.0,Sherpur,Dhaka,942.52,467.0
2019.0,12.0,Tangail,Dhaka,1716.61,850.5
2019.0,12.0,Bagerhat,Khulna,951.07,471.2
2019.0,12.0,Chuadanga,Khulna,504.29,249.8
2019.0,12.0,Jessore,Khulna,212.59,105.3
2019.0,12.0,Jhenaidah,Khulna,875.91,434.0
2019.0,12.0,Khulna,Khulna,956.25,473.8
2019.0,12.0,Kushtia,Khulna,129.47,64.1
2019.0,12.0,Magura,Khulna,237.07,117.5
2019.0,12.0,Meherpur,Khulna,376.85,186.7
2019.0,12.0,Narail,Khulna,115.43,57.2
2019.0,12.0,Satkhira,Khulna,1221.49,605.2
2019.0,12.0,Habiganj,Sylhet,595.73,295.1
2019.0,12.0,Maulvibazar,Sylhet,215.77,106.9
2019.0,12.0,Sunamganj,Sylhet,827.09,409.8
2019.0,12.0,Sylhet,Sylhet,606.0,300.2
2019.0,12.0,Bogra,Rajshahi,287.94,142.7
2019.0,12.0,Joypurhat,Rajshahi,560.4,277.6
2019.0,12.0,Naogaon,Rajshahi,1777.57,880.7
2019.0,12.0,Natore,Rajshahi,294.35,145.8
2019.0,12.0,Nawabganj,Rajshahi,213.48,105.8
2019.0,12.0,Pabna,Rajshahi,182.26,90.3
2019.0,12.0,Rajshahi,Rajshahi,323.22,160.1
2019.0,12.0,Sirajganj,Rajshahi,326.88,161.9
2019.0,12.0,Dinajpur,Rangpur,2587.33,1281.9
2019.0,12.0,Gaibandha,Rangpur,262.02,129.8
2019.0,12.0,Kurigram,Rangpur,387.32,191.9
2019.0,12.0,Lalmonirhat,Rangpur,636.16,315.2
2019.0,12.0,Nilphamari,Rangpur,1080.88,535.5
2019.0,12.0,Panchagarh,Rangpur,969.21,480.2
2019.0,12.0,Rangpur,Rangpur,1501.63,744.0
2019.0,12.0,Thakurgaon,Rangpur,1328.48,658.2
2019.0,12.0,Barguna,Barisal,156.15,77.4
2020.0,1.0,Barisal,Barisal,408.85,202.6
2020.0,1.0,Bhola,Barisal,672.24,333.1
2020.0,1.0,Jhalokati,Barisal,35.02,17.4
2020.0,1.0,Patuakhali,Barisal,213.8,105.9
2020.0,1.0,Pirojpur,Barisal,94.85,47.0
2020.0,1.0,Bandarban,Chittagong,2414.66,1196.3
2020.0,1.0,Brahamanbaria,Chittagong,902.48,447.1
2020.0,1.0,Chandpur,Chittagong,244.23,121.0
2020.0,1.0,Chittagong,Chittagong,1709.96,847.2
2020.0,1.0,Comilla,Chittagong,1410.51,698.8
2020.0,1.0,Cox's Bazar,Chittagong,795.32,394.0
2020.0,1.0,Feni,Chittagong,356.49,176.6
2020.0,1.0,Khagrachhari,Chittagong,1551.42,768.6
2020.0,1.0,Lakshmipur,Chittagong,295.57,146.4
2020.0,1.0,Noakhali,Chittagong,147.72,73.2
2020.0,1.0,Rangamati,Chittagong,456.25,226.0
2020.0,1.0,Dhaka,Dhaka,689.5,341.6
2020.0,1.0,Faridpur,Dhaka,472.66,234.2
2020.0,1.0,Gazipur,Dhaka,760.79,376.9
2020.0,1.0,Gopalganj,Dhaka,572.73,283.7
2020.0,1.0,Jamalpur,Dhaka,161.92,80.2
2020.0,1.0,Kishoreganj,Dhaka,1191.83,590.5
2020.0,1.0,Madaripur,Dhaka,92.91,46.0
2020.0,1.0,Manikganj,Dhaka,175.71,87.1
2020.0,1.0,Munshiganj,Dhaka,78.33,38.8
2020.0,1.0,Mymensingh,Dhaka,2086.35,1033.6
2020.0,1.0,Narayanganj,Dhaka,279.07,138.3
2020.0,1.0,Narsingdi,Dhaka,60.42,29.9
2020.0,1.0,Netrakona,Dhaka,1407.98,697.6
2020.0,1.0,Rajbari,Dhaka,112.03,55.5
2020.0,1.0,Shariatpur,Dhaka,136.03,67.4
2020.0,1.0,Sherpur,Dhaka,849.39,420.8
2020.0,1.0,Tangail,Dhaka,1267.25,627.8
2020.0,1.0,Bagerhat,Khulna,814.0,403.3
2020.0,1.0,Chuadanga,Khulna,411.51,203.9
2020.0,1.0,Jessore,Khulna,453.12,224.5
2020.0,1.0,Jhenaidah,Khulna,663.14,328.5
2020.0,1.0,Khulna,Khulna,901.84,446.8
2020.0,1.0,Kushtia,Khulna,120.13,59.5
2020.0,1.0,Magura,Khulna,411.4,203.8
2020.0,1.0,Meherpur,Khulna,361.98,179.3
2020.0,1.0,Narail,Khulna,114.74,56.8
2020.0,1.0,Satkhira,Khulna,1006.08,498.4
2020.0,1.0,Habiganj,Sylhet,1536.54,761.3
2020.0,1.0,Maulvibazar,Sylhet,796.03,394.4
2020.0,1.0,Sunamganj,Sylhet,686.13,339.9
2020.0,1.0,Sylhet,Sylhet,1719.51,851.9
2020.0,1.0,Bogra,Rajshahi,168.82,83.6
2020.0,1.0,Joypurhat,Rajshahi,261.51,129.6
2020.0,1.0,Naogaon,Rajshahi,1806.43,895.0
2020.0,1.0,Natore,Rajshahi,745.47,369.3
2020.0,1.0,Nawabganj,Rajshahi,553.0,274.0
2020.0,1.0,Pabna,Rajshahi,498.76,247.1
2020.0,1.0,Rajshahi,Rajshahi,470.68,233.2
2020.0,1.0,Sirajganj,Rajshahi,330.49,163.7
2020.0,1.0,Dinajpur,Rangpur,930.64,461.1
2020.0,1.0,Gaibandha,Rangpur,146.04,72.4
2020.0,1.0,Kurigram,Rangpur,428.7,212.4
2020.0,1.0,Lalmonirhat,Rangpur,72.04,35.7
2020.0,1.0,Nilphamari,Rangpur,47.01,23.3
2020.0,1.0,Panchagarh,Rangpur,971.89,481.5
2020.0,1.0,Rangpur,Rangpur,77.85,38.6
2020.0,1.0,Thakurgaon,Rangpur,1246.88,617.7
2020.0,1.0,Barguna,Barisal,158.2,78.4
2020.0,2.0,Barisal,Barisal,428.23,212.2
2020.0,2.0,Bhola,Barisal,649.01,321.5
2020.0,2.0,Jhalokati,Barisal,34.36,17.0
2020.0,2.0,Patuakhali,Barisal,207.57,102.8
2020.0,2.0,Pirojpur,Barisal,92.1,45.6
2020.0,2.0,Bandarban,Chittagong,3265.23,1617.7
2020.0,2.0,Brahamanbaria,Chittagong,1107.2,548.5
2020.0,2.0,Chandpur,Chittagong,248.28,123.0
2020.0,2.0,Chittagong,Chittagong,1777.25,880.5
2020.0,2.0,Comilla,Chittagong,1806.26,894.9
2020.0,2.0,Cox's Bazar,Chittagong,866.72,429.4
2020.0,2.0,Feni,Chittagong,422.98,209.6
2020.0,2.0,Khagrachhari,Chittagong,1776.2,880.0
2020.0,2.0,Lakshmipur,Chittagong,290.29,143.8
2020.0,2.0,Noakhali,Chittagong,136.98,67.9
2020.0,2.0,Rangamati,Chittagong,373.92,185.3
2020.0,2.0,Dhaka,Dhaka,780.03,386.5
2020.0,2.0,Faridpur,Dhaka,1105.88,547.9
2020.0,2.0,Gazipur,Dhaka,1006.57,498.7
2020.0,2.0,Gopalganj,Dhaka,801.45,397.1
2020.0,2.0,Jamalpur,Dhaka,874.21,433.1
2020.0,2.0,Kishoreganj,Dhaka,1439.11,713.0
2020.0,2.0,Madaripur,Dhaka,82.82,41.0
2020.0,2.0,Manikganj,Dhaka,172.66,85.5
2020.0,2.0,Munshiganj,Dhaka,81.27,40.3
2020.0,2.0,Mymensingh,Dhaka,2839.65,1406.9
2020.0,2.0,Narayanganj,Dhaka,417.82,207.0
2020.0,2.0,Narsingdi,Dhaka,72.55,35.9
2020.0,2.0,Netrakona,Dhaka,1771.82,877.8
2020.0,2.0,Rajbari,Dhaka,112.99,56.0
2020.0,2.0,Shariatpur,Dhaka,137.71,68.2
2020.0,2.0,Sherpur,Dhaka,915.73,453.7
2020.0,2.0,Tangail,Dhaka,1683.91,834.3
2020.0,2.0,Bagerhat,Khulna,680.8,337.3
2020.0,2.0,Chuadanga,Khulna,706.09,349.8
2020.0,2.0,Jessore,Khulna,949.86,470.6
2020.0,2.0,Jhenaidah,Khulna,1118.5,554.1
2020.0,2.0,Khulna,Khulna,660.9,327.4
2020.0,2.0,Kushtia,Khulna,216.68,107.4
2020.0,2.0,Magura,Khulna,746.28,369.7
2020.0,2.0,Meherpur,Khulna,416.65,206.4
2020.0,2.0,Narail,Khulna,66.96,33.2
2020.0,2.0,Satkhira,Khulna,946.75,469.1
2020.0,2.0,Habiganj,Sylhet,1213.75,601.3
2020.0,2.0,Maulvibazar,Sylhet,1181.91,585.6
2020.0,2.0,Sunamganj,Sylhet,1093.0,541.5
2020.0,2.0,Sylhet,Sylhet,1672.88,828.8
2020.0,2.0,Bogra,Rajshahi,1532.9,759.5
2020.0,2.0,Joypurhat,Rajshahi,562.8,278.8
2020.0,2.0,Naogaon,Rajshahi,2738.14,1356.6
2020.0,2.0,Natore,Rajshahi,1396.25,691.7
2020.0,2.0,Nawabganj,Rajshahi,846.1,419.2
2020.0,2.0,Pabna,Rajshahi,1217.26,603.1
2020.0,2.0,Rajshahi,Rajshahi,1162.72,576.1
2020.0,2.0,Sirajganj,Rajshahi,304.5,150.9
2020.0,2.0,Dinajpur,Rangpur,1531.42,758.7
2020.0,2.0,Gaibandha,Rangpur,374.39,185.5
2020.0,2.0,Kurigram,Rangpur,433.44,214.7
2020.0,2.0,Lalmonirhat,Rangpur,445.02,220.5
2020.0,2.0,Nilphamari,Rangpur,663.47,328.7
2020.0,2.0,Panchagarh,Rangpur,1025.11,507.9
2020.0,2.0,Rangpur,Rangpur,959.72,475.5
2020.0,2.0,Thakurgaon,Rangpur,1208.14,598.6
2020.0,2.0,Barguna,Barisal,150.51,74.6
2020.0,3.0,Barisal,Barisal,404.23,200.3
2020.0,3.0,Bhola,Barisal,673.08,333.5
2020.0,3.0,Jhalokati,Barisal,33.39,16.5
2020.0,3.0,Patuakhali,Barisal,221.11,109.5
2020.0,3.0,Pirojpur,Barisal,90.96,45.1
2020.0,3.0,Bandarban,Chittagong,3377.77,1673.5
2020.0,3.0,Brahamanbaria,Chittagong,1193.43,591.3
2020.0,3.0,Chandpur,Chittagong,249.27,123.5
2020.0,3.0,Chittagong,Chittagong,2377.43,1177.9
2020.0,3.0,Comilla,Chittagong,1988.44,985.1
2020.0,3.0,Cox's Bazar,Chittagong,794.28,393.5
2020.0,3.0,Feni,Chittagong,512.86,254.1
2020.0,3.0,Khagrachhari,Chittagong,1934.23,958.3
2020.0,3.0,Lakshmipur,Chittagong,297.24,147.3
2020.0,3.0,Noakhali,Chittagong,144.3,71.5
2020.0,3.0,Rangamati,Chittagong,351.55,174.2
2020.0,3.0,Dhaka,Dhaka,824.08,408.3
2020.0,3.0,Faridpur,Dhaka,870.58,431.3
2020.0,3.0,Gazipur,Dhaka,1020.17,505.4
2020.0,3.0,Gopalganj,Dhaka,943.34,467.4
2020.0,3.0,Jamalpur,Dhaka,254.42,126.0
2020.0,3.0,Kishoreganj,Dhaka,1495.96,741.1
2020.0,3.0,Madaripur,Dhaka,78.37,38.8
2020.0,3.0,Manikganj,Dhaka,182.13,90.2
2020.0,3.0,Munshiganj,Dhaka,74.35,36.8
2020.0,3.0,Mymensingh,Dhaka,2530.34,1253.6
2020.0,3.0,Narayanganj,Dhaka,453.93,224.9
2020.0,3.0,Narsingdi,Dhaka,176.1,87.2
2020.0,3.0,Netrakona,Dhaka,1654.78,819.8
2020.0,3.0,Rajbari,Dhaka,115.17,57.1
2020.0,3.0,Shariatpur,Dhaka,138.01,68.4
2020.0,3.0,Sherpur,Dhaka,955.2,473.2
2020.0,3.0,Tangail,Dhaka,1727.58,855.9
2020.0,3.0,Bagerhat,Khulna,591.54,293.1
2020.0,3.0,Chuadanga,Khulna,543.45,269.2
2020.0,3.0,Jessore,Khulna,199.92,99.0
2020.0,3.0,Jhenaidah,Khulna,1100.36,545.2
2020.0,3.0,Khulna,Khulna,560.33,277.6
2020.0,3.0,Kushtia,Khulna,145.48,72.1
2020.0,3.0,Magura,Khulna,556.35,275.6
2020.0,3.0,Meherpur,Khulna,430.76,213.4
2020.0,3.0,Narail,Khulna,37.49,18.6
2020.0,3.0,Satkhira,Khulna,906.12,448.9
2020.0,3.0,Habiganj,Sylhet,1976.15,979.1
2020.0,3.0,Maulvibazar,Sylhet,1324.07,656.0
2020.0,3.0,Sunamganj,Sylhet,2088.29,1034.6
2020.0,3.0,Sylhet,Sylhet,2320.79,1149.8
2020.0,3.0,Bogra,Rajshahi,1294.28,641.2
2020.0,3.0,Joypurhat,Rajshahi,855.24,423.7
2020.0,3.0,Naogaon,Rajshahi,2875.74,1424.7
2020.0,3.0,Natore,Rajshahi,1330.32,659.1
2020.0,3.0,Nawabganj,Rajshahi,522.26,258.7
2020.0,3.0,Pabna,Rajshahi,1197.33,593.2
2020.0,3.0,Rajshahi,Rajshahi,272.11,134.8
2020.0,3.0,Sirajganj,Rajshahi,324.13,160.6
2020.0,3.0,Dinajpur,Rangpur,2444.99,1211.3
2020.0,3.0,Gaibandha,Rangpur,304.09,150.7
2020.0,3.0,Kurigram,Rangpur,582.72,288.7
2020.0,3.0,Lalmonirhat,Rangpur,239.87,118.8
2020.0,3.0,Nilphamari,Rangpur,946.27,468.8
2020.0,3.0,Panchagarh,Rangpur,690.93,342.3
2020.0,3.0,Rangpur,Rangpur,1941.65,962.0
2020.0,3.0,Thakurgaon,Rangpur,971.7,481.4
2020.0,3.0,Barguna,Barisal,159.12,78.8
2020.0,4.0,Barisal,Barisal,452.56,224.2
2020.0,4.0,Bhola,Barisal,672.03,332.9
2020.0,4.0,Jhalokati,Barisal,36.73,18.2
2020.0,4.0,Patuakhali,Barisal,229.54,113.7
2020.0,4.0,Pirojpur,Barisal,94.86,47.0
2020.0,4.0,Bandarban,Chittagong,2819.76,1397.0
2020.0,4.0,Brahamanbaria,Chittagong,1166.26,577.8
2020.0,4.0,Chandpur,Chittagong,260.03,128.8
2020.0,4.0,Chittagong,Chittagong,1927.51,955.0
2020.0,4.0,Comilla,Chittagong,1743.98,864.0
2020.0,4.0,Cox's Bazar,Chittagong,794.06,393.4
2020.0,4.0,Feni,Chittagong,487.96,241.8
2020.0,4.0,Khagrachhari,Chittagong,1856.82,919.9
2020.0,4.0,Lakshmipur,Chittagong,297.85,147.6
2020.0,4.0,Noakhali,Chittagong,140.74,69.7
2020.0,4.0,Rangamati,Chittagong,322.08,159.6
2020.0,4.0,Dhaka,Dhaka,919.28,455.4
2020.0,4.0,Faridpur,Dhaka,707.38,350.5
2020.0,4.0,Gazipur,Dhaka,1124.61,557.2
2020.0,4.0,Gopalganj,Dhaka,1081.41,535.8
2020.0,4.0,Jamalpur,Dhaka,1318.27,653.1
2020.0,4.0,Kishoreganj,Dhaka,1306.53,647.3
2020.0,4.0,Madaripur,Dhaka,79.63,39.5
2020.0,4.0,Manikganj,Dhaka,173.62,86.0
2020.0,4.0,Munshiganj,Dhaka,79.58,39.4
2020.0,4.0,Mymensingh,Dhaka,2638.43,1307.2
2020.0,4.0,Narayanganj,Dhaka,445.96,220.9
2020.0,4.0,Narsingdi,Dhaka,487.28,241.4
2020.0,4.0,Netrakona,Dhaka,1857.34,920.2
2020.0,4.0,Rajbari,Dhaka,127.73,63.3
2020.0,4.0,Shariatpur,Dhaka,145.63,72.2
2020.0,4.0,Sherpur,Dhaka,1089.1,539.6
2020.0,4.0,Tangail,Dhaka,1828.55,905.9
2020.0,4.0,Bagerhat,Khulna,1175.5,582.4
2020.0,4.0,Chuadanga,Khulna,603.71,299.1
2020.0,4.0,Jessore,Khulna,914.67,453.2
2020.0,4.0,Jhenaidah,Khulna,1248.75,618.7
2020.0,4.0,Khulna,Khulna,656.44,325.2
2020.0,4.0,Kushtia,Khulna,157.37,78.0
2020.0,4.0,Magura,Khulna,737.0,365.1
2020.0,4.0,Meherpur,Khulna,466.64,231.2
2020.0,4.0,Narail,Khulna,41.43,20.5
2020.0,4.0,Satkhira,Khulna,1065.27,527.8
2020.0,4.0,Habiganj,Sylhet,1812.74,898.1
2020.0,4.0,Maulvibazar,Sylhet,1137.76,563.7
2020.0,4.0,Sunamganj,Sylhet,1275.2,631.8
2020.0,4.0,Sylhet,Sylhet,1842.5,912.8
2020.0,4.0,Bogra,Rajshahi,1697.63,841.1
2020.0,4.0,Joypurhat,Rajshahi,838.8,415.6
2020.0,4.0,Naogaon,Rajshahi,3042.32,1507.3
2020.0,4.0,Natore,Rajshahi,1388.14,687.7
2020.0,4.0,Nawabganj,Rajshahi,847.45,419.9
2020.0,4.0,Pabna,Rajshahi,1481.79,734.1
2020.0,4.0,Rajshahi,Rajshahi,1094.65,542.3
2020.0,4.0,Sirajganj,Rajshahi,282.01,139.7
2020.0,4.0,Dinajpur,Rangpur,2793.18,1383.8
2020.0,4.0,Gaibandha,Rangpur,226.17,112.1
2020.0,4.0,Kurigram,Rangpur,369.6,183.1
2020.0,4.0,Lalmonirhat,Rangpur,529.84,262.5
2020.0,4.0,Nilphamari,Rangpur,1091.51,540.8
2020.0,4.0,Panchagarh,Rangpur,716.33,354.9
2020.0,4.0,Rangpur,Rangpur,1911.38,947.0
2020.0,4.0,Thakurgaon,Rangpur,1065.03,527.7
2020.0,4.0,Barguna,Barisal,156.45,77.5
2020.0,5.0,Barisal,Barisal,431.26,213.7
2020.0,5.0,Bhola,Barisal,685.84,339.8
2020.0,5.0,Jhalokati,Barisal,38.68,19.2
2020.0,5.0,Patuakhali,Barisal,254.71,126.2
2020.0,5.0,Pirojpur,Barisal,101.13,50.1
2020.0,5.0,Bandarban,Chittagong,2554.86,1265.8
2020.0,5.0,Brahamanbaria,Chittagong,149.04,73.8
2020.0,5.0,Chandpur,Chittagong,268.21,132.9
2020.0,5.0,Chittagong,Chittagong,1354.65,671.1
2020.0,5.0,Comilla,Chittagong,1454.71,720.7
2020.0,5.0,Cox's Bazar,Chittagong,481.45,238.5
2020.0,5.0,Feni,Chittagong,476.88,236.3
2020.0,5.0,Khagrachhari,Chittagong,1308.01,648.0
2020.0,5.0,Lakshmipur,Chittagong,298.28,147.8
2020.0,5.0,Noakhali,Chittagong,151.81,75.2
2020.0,5.0,Rangamati,Chittagong,326.75,161.9
2020.0,5.0,Dhaka,Dhaka,821.89,407.2
2020.0,5.0,Faridpur,Dhaka,111.52,55.3
2020.0,5.0,Gazipur,Dhaka,852.68,422.4
2020.0,5.0,Gopalganj,Dhaka,718.35,355.9
2020.0,5.0,Jamalpur,Dhaka,143.86,71.3
2020.0,5.0,Kishoreganj,Dhaka,277.3,137.4
2020.0,5.0,Madaripur,Dhaka,79.88,39.6
2020.0,5.0,Manikganj,Dhaka,177.92,88.1
2020.0,5.0,Munshiganj,Dhaka,82.06,40.7
2020.0,5.0,Mymensingh,Dhaka,2327.51,1153.1
2020.0,5.0,Narayanganj,Dhaka,66.47,32.9
2020.0,5.0,Narsingdi,Dhaka,68.08,33.7
2020.0,5.0,Netrakona,Dhaka,545.0,270.0
2020.0,5.0,Rajbari,Dhaka,130.6,64.7
2020.0,5.0,Shariatpur,Dhaka,149.34,74.0
2020.0,5.0,Sherpur,Dhaka,936.22,463.8
2020.0,5.0,Tangail,Dhaka,1046.38,518.4
2020.0,5.0,Bagerhat,Khulna,1128.11,558.9
2020.0,5.0,Chuadanga,Khulna,634.48,314.3
2020.0,5.0,Jessore,Khulna,424.3,210.2
2020.0,5.0,Jhenaidah,Khulna,897.43,444.6
2020.0,5.0,Khulna,Khulna,691.85,342.8
2020.0,5.0,Kushtia,Khulna,126.12,62.5
2020.0,5.0,Magura,Khulna,256.25,127.0
2020.0,5.0,Meherpur,Khulna,405.11,200.7
2020.0,5.0,Narail,Khulna,41.25,20.4
2020.0,5.0,Satkhira,Khulna,996.62,493.8
2020.0,5.0,Habiganj,Sylhet,502.91,249.2
2020.0,5.0,Maulvibazar,Sylhet,219.49,108.7
2020.0,5.0,Sunamganj,Sylhet,526.37,260.8
2020.0,5.0,Sylhet,Sylhet,534.83,265.0
2020.0,5.0,Bogra,Rajshahi,169.24,83.8
2020.0,5.0,Joypurhat,Rajshahi,785.61,389.2
2020.0,5.0,Naogaon,Rajshahi,1574.35,780.0
2020.0,5.0,Natore,Rajshahi,800.18,396.4
2020.0,5.0,Nawabganj,Rajshahi,161.22,79.9
2020.0,5.0,Pabna,Rajshahi,200.96,99.6
2020.0,5.0,Rajshahi,Rajshahi,243.54,120.7
2020.0,5.0,Sirajganj,Rajshahi,308.39,152.8
2020.0,5.0,Dinajpur,Rangpur,1692.16,838.4
2020.0,5.0,Gaibandha,Rangpur,250.68,124.2
2020.0,5.0,Kurigram,Rangpur,402.97,199.6
2020.0,5.0,Lalmonirhat,Rangpur,126.77,62.8
2020.0,5.0,Nilphamari,Rangpur,997.63,494.3
2020.0,5.0,Panchagarh,Rangpur,652.29,323.2
2020.0,5.0,Rangpur,Rangpur,1455.37,721.0
2020.0,5.0,Thakurgaon,Rangpur,789.47,391.1
2020.0,5.0,Barguna,Barisal,163.06,80.8
2020.0,6.0,Barisal,Barisal,602.65,298.6
2020.0,6.0,Bhola,Barisal,762.3,377.7
2020.0,6.0,Jhalokati,Barisal,128.14,63.5
2020.0,6.0,Patuakhali,Barisal,431.82,213.9
2020.0,6.0,Pirojpur,Barisal,272.04,134.8
2020.0,6.0,Bandarban,Chittagong,2693.66,1334.5
2020.0,6.0,Brahamanbaria,Chittagong,457.1,226.5
2020.0,6.0,Chandpur,Chittagong,310.34,153.8
2020.0,6.0,Chittagong,Chittagong,1915.23,948.9
2020.0,6.0,Comilla,Chittagong,1055.34,522.9
2020.0,6.0,Cox's Bazar,Chittagong,389.81,193.1
2020.0,6.0,Feni,Chittagong,426.53,211.3
2020.0,6.0,Khagrachhari,Chittagong,1644.47,814.7
2020.0,6.0,Lakshmipur,Chittagong,317.17,157.1
2020.0,6.0,Noakhali,Chittagong,320.7,158.9
2020.0,6.0,Rangamati,Chittagong,649.61,321.8
2020.0,6.0,Dhaka,Dhaka,450.51,223.2
2020.0,6.0,Faridpur,Dhaka,136.35,67.6
2020.0,6.0,Gazipur,Dhaka,303.11,150.2
2020.0,6.0,Gopalganj,Dhaka,459.95,227.9
2020.0,6.0,Jamalpur,Dhaka,185.26,91.8
2020.0,6.0,Kishoreganj,Dhaka,1178.53,583.9
2020.0,6.0,Madaripur,Dhaka,128.54,63.7
2020.0,6.0,Manikganj,Dhaka,205.72,101.9
2020.0,6.0,Munshiganj,Dhaka,110.44,54.7
2020.0,6.0,Mymensingh,Dhaka,1112.9,551.4
2020.0,6.0,Narayanganj,Dhaka,65.75,32.6
2020.0,6.0,Narsingdi,Dhaka,128.84,63.8
2020.0,6.0,Netrakona,Dhaka,1093.02,541.5
2020.0,6.0,Rajbari,Dhaka,141.31,70.0
2020.0,6.0,Shariatpur,Dhaka,187.17,92.7
2020.0,6.0,Sherpur,Dhaka,239.72,118.8
2020.0,6.0,Tangail,Dhaka,312.43,154.8
2020.0,6.0,Bagerhat,Khulna,1438.07,712.5
2020.0,6.0,Chuadanga,Khulna,310.34,153.8
2020.0,6.0,Jessore,Khulna,327.46,162.2
2020.0,6.0,Jhenaidah,Khulna,630.51,312.4
2020.0,6.0,Khulna,Khulna,1075.94,533.1
2020.0,6.0,Kushtia,Khulna,132.49,65.6
2020.0,6.0,Magura,Khulna,131.01,64.9
2020.0,6.0,Meherpur,Khulna,251.59,124.6
2020.0,6.0,Narail,Khulna,114.86,56.9
2020.0,6.0,Satkhira,Khulna,1306.08,647.1
2020.0,6.0,Habiganj,Sylhet,824.55,408.5
2020.0,6.0,Maulvibazar,Sylhet,400.04,198.2
2020.0,6.0,Sunamganj,Sylhet,2337.61,1158.1
2020.0,6.0,Sylhet,Sylhet,1027.7,509.2
2020.0,6.0,Bogra,Rajshahi,225.35,111.6
2020.0,6.0,Joypurhat,Rajshahi,528.11,261.6
2020.0,6.0,Naogaon,Rajshahi,1091.28,540.7
2020.0,6.0,Natore,Rajshahi,298.66,148.0
2020.0,6.0,Nawabganj,Rajshahi,139.69,69.2
2020.0,6.0,Pabna,Rajshahi,225.94,111.9
2020.0,6.0,Rajshahi,Rajshahi,233.52,115.7
2020.0,6.0,Sirajganj,Rajshahi,460.62,228.2
2020.0,6.0,Dinajpur,Rangpur,1456.96,721.8
2020.0,6.0,Gaibandha,Rangpur,340.64,168.8
2020.0,6.0,Kurigram,Rangpur,530.6,262.9
2020.0,6.0,Lalmonirhat,Rangpur,98.1,48.6
2020.0,6.0,Nilphamari,Rangpur,389.0,192.7
2020.0,6.0,Panchagarh,Rangpur,641.89,318.0
2020.0,6.0,Rangpur,Rangpur,1042.39,516.4
2020.0,6.0,Thakurgaon,Rangpur,934.86,463.2
2020.0,6.0,Barguna,Barisal,286.13,141.8
2020.0,7.0,Barisal,Barisal,623.72,309.0
2020.0,7.0,Bhola,Barisal,703.84,348.7
2020.0,7.0,Jhalokati,Barisal,174.58,86.5
2020.0,7.0,Patuakhali,Barisal,479.12,237.4
2020.0,7.0,Pirojpur,Barisal,280.53,139.0
2020.0,7.0,Bandarban,Chittagong,2547.18,1262.0
2020.0,7.0,Brahamanbaria,Chittagong,830.54,411.5
2020.0,7.0,Chandpur,Chittagong,391.92,194.2
2020.0,7.0,Chittagong,Chittagong,1818.38,900.9
2020.0,7.0,Comilla,Chittagong,748.14,370.7
2020.0,7.0,Cox's Bazar,Chittagong,454.29,225.1
2020.0,7.0,Feni,Chittagong,457.19,226.5
2020.0,7.0,Khagrachhari,Chittagong,1609.44,797.4
2020.0,7.0,Lakshmipur,Chittagong,345.27,171.1
2020.0,7.0,Noakhali,Chittagong,479.69,237.7
2020.0,7.0,Rangamati,Chittagong,370.83,183.7
2020.0,7.0,Dhaka,Dhaka,220.61,109.3
2020.0,7.0,Faridpur,Dhaka,463.84,229.8
2020.0,7.0,Gazipur,Dhaka,235.35,116.6
2020.0,7.0,Gopalganj,Dhaka,645.95,320.0
2020.0,7.0,Jamalpur,Dhaka,719.94,356.7
2020.0,7.0,Kishoreganj,Dhaka,1414.72,700.9
2020.0,7.0,Madaripur,Dhaka,249.52,123.6
2020.0,7.0,Manikganj,Dhaka,583.09,288.9
2020.0,7.0,Munshiganj,Dhaka,193.2,95.7
2020.0,7.0,Mymensingh,Dhaka,1967.75,974.9
2020.0,7.0,Narayanganj,Dhaka,86.58,42.9
2020.0,7.0,Narsingdi,Dhaka,234.49,116.2
2020.0,7.0,Netrakona,Dhaka,1370.03,678.8
2020.0,7.0,Rajbari,Dhaka,220.06,109.0
2020.0,7.0,Shariatpur,Dhaka,290.35,143.8
2020.0,7.0,Sherpur,Dhaka,621.28,307.8
2020.0,7.0,Tangail,Dhaka,1045.06,517.8
2020.0,7.0,Bagerhat,Khulna,1412.52,699.8
2020.0,7.0,Chuadanga,Khulna,714.57,354.0
2020.0,7.0,Jessore,Khulna,447.45,221.7
2020.0,7.0,Jhenaidah,Khulna,489.47,242.5
2020.0,7.0,Khulna,Khulna,1495.68,741.0
2020.0,7.0,Kushtia,Khulna,201.16,99.7
2020.0,7.0,Magura,Khulna,215.65,106.8
2020.0,7.0,Meherpur,Khulna,413.78,205.0
2020.0,7.0,Narail,Khulna,172.67,85.5
2020.0,7.0,Satkhira,Khulna,1488.8,737.6
2020.0,7.0,Habiganj,Sylhet,1320.14,654.0
2020.0,7.0,Maulvibazar,Sylhet,741.14,367.2
2020.0,7.0,Sunamganj,Sylhet,2666.3,1321.0
2020.0,7.0,Sylhet,Sylhet,1583.27,784.4
2020.0,7.0,Bogra,Rajshahi,853.82,423.0
2020.0,7.0,Joypurhat,Rajshahi,494.52,245.0
2020.0,7.0,Naogaon,Rajshahi,1579.48,782.5
2020.0,7.0,Natore,Rajshahi,519.94,257.6
2020.0,7.0,Nawabganj,Rajshahi,356.26,176.5
2020.0,7.0,Pabna,Rajshahi,616.62,305.5
2020.0,7.0,Rajshahi,Rajshahi,740.6,366.9
2020.0,7.0,Sirajganj,Rajshahi,1113.08,551.5
2020.0,7.0,Dinajpur,Rangpur,1795.56,889.6
2020.0,7.0,Gaibandha,Rangpur,582.94,288.8
2020.0,7.0,Kurigram,Rangpur,852.94,422.6
2020.0,7.0,Lalmonirhat,Rangpur,499.01,247.2
2020.0,7.0,Nilphamari,Rangpur,940.53,466.0
2020.0,7.0,Panchagarh,Rangpur,745.5,369.3
2020.0,7.0,Rangpur,Rangpur,1499.89,743.1
2020.0,7.0,Thakurgaon,Rangpur,756.14,374.6
2020.0,7.0,Barguna,Barisal,199.16,98.7
2020.0,8.0,Barisal,Barisal,878.06,435.0
2020.0,8.0,Bhola,Barisal,769.98,381.5
2020.0,8.0,Jhalokati,Barisal,266.16,131.9
2020.0,8.0,Patuakhali,Barisal,867.74,429.9
2020.0,8.0,Pirojpur,Barisal,454.56,225.2
2020.0,8.0,Bandarban,Chittagong,2623.42,1299.7
2020.0,8.0,Brahamanbaria,Chittagong,640.91,317.5
2020.0,8.0,Chandpur,Chittagong,386.96,191.7
2020.0,8.0,Chittagong,Chittagong,1997.47,989.6
2020.0,8.0,Comilla,Chittagong,653.94,324.0
2020.0,8.0,Cox's Bazar,Chittagong,484.33,240.0
2020.0,8.0,Feni,Chittagong,358.63,177.7
2020.0,8.0,Khagrachhari,Chittagong,1698.07,841.3
2020.0,8.0,Lakshmipur,Chittagong,425.37,210.7
2020.0,8.0,Noakhali,Chittagong,421.06,208.6
2020.0,8.0,Rangamati,Chittagong,420.99,208.6
2020.0,8.0,Dhaka,Dhaka,288.72,143.0
2020.0,8.0,Faridpur,Dhaka,623.37,308.8
2020.0,8.0,Gazipur,Dhaka,343.14,170.0
2020.0,8.0,Gopalganj,Dhaka,631.07,312.7
2020.0,8.0,Jamalpur,Dhaka,376.51,186.5
2020.0,8.0,Kishoreganj,Dhaka,1296.25,642.2
2020.0,8.0,Madaripur,Dhaka,346.68,171.8
2020.0,8.0,Manikganj,Dhaka,607.49,301.0
2020.0,8.0,Munshiganj,Dhaka,184.13,91.2
2020.0,8.0,Mymensingh,Dhaka,1984.94,983.4
2020.0,8.0,Narayanganj,Dhaka,89.31,44.2
2020.0,8.0,Narsingdi,Dhaka,214.57,106.3
2020.0,8.0,Netrakona,Dhaka,870.36,431.2
2020.0,8.0,Rajbari,Dhaka,270.13,133.8
2020.0,8.0,Shariatpur,Dhaka,343.47,170.2
2020.0,8.0,Sherpur,Dhaka,546.18,270.6
2020.0,8.0,Tangail,Dhaka,928.08,459.8
2020.0,8.0,Bagerhat,Khulna,1492.65,739.5
2020.0,8.0,Chuadanga,Khulna,598.03,296.3
2020.0,8.0,Jessore,Khulna,607.09,300.8
2020.0,8.0,Jhenaidah,Khulna,808.96,400.8
2020.0,8.0,Khulna,Khulna,1739.38,861.7
2020.0,8.0,Kushtia,Khulna,194.79,96.5
2020.0,8.0,Magura,Khulna,170.21,84.3
2020.0,8.0,Meherpur,Khulna,417.81,207.0
2020.0,8.0,Narail,Khulna,137.95,68.3
2020.0,8.0,Satkhira,Khulna,1600.61,793.0
2020.0,8.0,Habiganj,Sylhet,866.87,429.5
2020.0,8.0,Maulvibazar,Sylhet,366.79,181.7
2020.0,8.0,Sunamganj,Sylhet,2303.08,1141.0
2020.0,8.0,Sylhet,Sylhet,870.24,431.1
2020.0,8.0,Bogra,Rajshahi,649.3,321.7
2020.0,8.0,Joypurhat,Rajshahi,757.46,375.3
2020.0,8.0,Naogaon,Rajshahi,676.81,335.3
2020.0,8.0,Natore,Rajshahi,470.36,233.0
2020.0,8.0,Nawabganj,Rajshahi,238.04,117.9
2020.0,8.0,Pabna,Rajshahi,661.23,327.6
2020.0,8.0,Rajshahi,Rajshahi,328.43,162.7
2020.0,8.0,Sirajganj,Rajshahi,910.6,451.1
2020.0,8.0,Dinajpur,Rangpur,2195.18,1087.6
2020.0,8.0,Gaibandha,Rangpur,399.3,197.8
2020.0,8.0,Kurigram,Rangpur,623.55,308.9
2020.0,8.0,Lalmonirhat,Rangpur,442.09,219.0
2020.0,8.0,Nilphamari,Rangpur,968.64,479.9
2020.0,8.0,Panchagarh,Rangpur,842.57,417.4
2020.0,8.0,Rangpur,Rangpur,1467.26,726.9
2020.0,8.0,Thakurgaon,Rangpur,1317.37,652.7
2020.0,8.0,Barguna,Barisal,428.57,212.3
2020.0,9.0,Barisal,Barisal,531.55,263.3
2020.0,9.0,Bhola,Barisal,677.7,335.8
2020.0,9.0,Jhalokati,Barisal,103.15,51.1
2020.0,9.0,Patuakhali,Barisal,359.65,178.2
2020.0,9.0,Pirojpur,Barisal,266.46,132.0
2020.0,9.0,Bandarban,Chittagong,2964.33,1468.6
2020.0,9.0,Brahamanbaria,Chittagong,542.21,268.6
2020.0,9.0,Chandpur,Chittagong,333.42,165.2
2020.0,9.0,Chittagong,Chittagong,1492.73,739.5
2020.0,9.0,Comilla,Chittagong,1171.82,580.6
2020.0,9.0,Cox's Bazar,Chittagong,171.38,84.9
2020.0,9.0,Feni,Chittagong,450.46,223.2
2020.0,9.0,Khagrachhari,Chittagong,912.7,452.2
2020.0,9.0,Lakshmipur,Chittagong,313.72,155.4
2020.0,9.0,Noakhali,Chittagong,220.47,109.2
2020.0,9.0,Rangamati,Chittagong,433.84,214.9
2020.0,9.0,Dhaka,Dhaka,181.87,90.1
2020.0,9.0,Faridpur,Dhaka,462.55,229.2
2020.0,9.0,Gazipur,Dhaka,180.14,89.2
2020.0,9.0,Gopalganj,Dhaka,568.11,281.5
2020.0,9.0,Jamalpur,Dhaka,293.82,145.6
2020.0,9.0,Kishoreganj,Dhaka,1268.44,628.4
2020.0,9.0,Madaripur,Dhaka,199.21,98.7
2020.0,9.0,Manikganj,Dhaka,431.03,213.5
2020.0,9.0,Munshiganj,Dhaka,165.92,82.2
2020.0,9.0,Mymensingh,Dhaka,2035.34,1008.4
2020.0,9.0,Narayanganj,Dhaka,81.58,40.4
2020.0,9.0,Narsingdi,Dhaka,159.22,78.9
2020.0,9.0,Netrakona,Dhaka,983.69,487.4
2020.0,9.0,Rajbari,Dhaka,220.37,109.2
2020.0,9.0,Shariatpur,Dhaka,248.88,123.3
2020.0,9.0,Sherpur,Dhaka,397.3,196.8
2020.0,9.0,Tangail,Dhaka,551.77,273.4
2020.0,9.0,Bagerhat,Khulna,1429.55,708.2
2020.0,9.0,Chuadanga,Khulna,721.96,357.7
2020.0,9.0,Jessore,Khulna,249.83,123.8
2020.0,9.0,Jhenaidah,Khulna,1034.95,512.7
2020.0,9.0,Khulna,Khulna,1561.12,773.4
2020.0,9.0,Kushtia,Khulna,174.44,86.4
2020.0,9.0,Magura,Khulna,64.06,31.7
2020.0,9.0,Meherpur,Khulna,451.92,223.9
2020.0,9.0,Narail,Khulna,108.55,53.8
2020.0,9.0,Satkhira,Khulna,1334.17,661.0
2020.0,9.0,Habiganj,Sylhet,496.45,246.0
2020.0,9.0,Maulvibazar,Sylhet,309.59,153.4
2020.0,9.0,Sunamganj,Sylhet,2260.15,1119.8
2020.0,9.0,Sylhet,Sylhet,893.99,442.9
2020.0,9.0,Bogra,Rajshahi,430.28,213.2
2020.0,9.0,Joypurhat,Rajshahi,793.97,393.4
2020.0,9.0,Naogaon,Rajshahi,1016.53,503.6
2020.0,9.0,Natore,Rajshahi,299.85,148.6
2020.0,9.0,Nawabganj,Rajshahi,201.62,99.9
2020.0,9.0,Pabna,Rajshahi,560.7,277.8
2020.0,9.0,Rajshahi,Rajshahi,305.91,151.6
2020.0,9.0,Sirajganj,Rajshahi,815.21,403.9
2020.0,9.0,Dinajpur,Rangpur,2576.41,1276.4
2020.0,9.0,Gaibandha,Rangpur,397.2,196.8
2020.0,9.0,Kurigram,Rangpur,601.05,297.8
2020.0,9.0,Lalmonirhat,Rangpur,406.15,201.2
2020.0,9.0,Nilphamari,Rangpur,1101.71,545.8
2020.0,9.0,Panchagarh,Rangpur,910.28,451.0
2020.0,9.0,Rangpur,Rangpur,1797.18,890.4
2020.0,9.0,Thakurgaon,Rangpur,1435.87,711.4
2020.0,9.0,Barguna,Barisal,267.95,132.8
2020.0,10.0,Barisal,Barisal,557.05,276.0
2020.0,10.0,Bhola,Barisal,736.41,364.8
2020.0,10.0,Jhalokati,Barisal,40.31,20.0
2020.0,10.0,Patuakhali,Barisal,236.06,117.0
2020.0,10.0,Pirojpur,Barisal,102.38,50.7
2020.0,10.0,Bandarban,Chittagong,2741.92,1358.4
2020.0,10.0,Brahamanbaria,Chittagong,539.28,267.2
2020.0,10.0,Chandpur,Chittagong,331.6,164.3
2020.0,10.0,Chittagong,Chittagong,1646.5,815.7
2020.0,10.0,Comilla,Chittagong,1189.68,589.4
2020.0,10.0,Cox's Bazar,Chittagong,298.25,147.8
2020.0,10.0,Feni,Chittagong,425.8,211.0
2020.0,10.0,Khagrachhari,Chittagong,1364.38,676.0
2020.0,10.0,Lakshmipur,Chittagong,321.12,159.1
2020.0,10.0,Noakhali,Chittagong,164.38,81.4
2020.0,10.0,Rangamati,Chittagong,477.98,236.8
2020.0,10.0,Dhaka,Dhaka,143.94,71.3
2020.0,10.0,Faridpur,Dhaka,255.78,126.7
2020.0,10.0,Gazipur,Dhaka,188.12,93.2
2020.0,10.0,Gopalganj,Dhaka,263.68,130.6
2020.0,10.0,Jamalpur,Dhaka,219.42,108.7
2020.0,10.0,Kishoreganj,Dhaka,1241.15,614.9
2020.0,10.0,Madaripur,Dhaka,133.16,66.0
2020.0,10.0,Manikganj,Dhaka,307.86,152.5
2020.0,10.0,Munshiganj,Dhaka,152.27,75.4
2020.0,10.0,Mymensingh,Dhaka,2490.71,1234.0
2020.0,10.0,Narayanganj,Dhaka,69.98,34.7
2020.0,10.0,Narsingdi,Dhaka,137.49,68.1
2020.0,10.0,Netrakona,Dhaka,740.56,366.9
2020.0,10.0,Rajbari,Dhaka,157.67,78.1
2020.0,10.0,Shariatpur,Dhaka,229.77,113.8
2020.0,10.0,Sherpur,Dhaka,710.3,351.9
2020.0,10.0,Tangail,Dhaka,325.35,161.2
2020.0,10.0,Bagerhat,Khulna,1153.45,571.5
2020.0,10.0,Chuadanga,Khulna,504.95,250.2
2020.0,10.0,Jessore,Khulna,435.76,215.9
2020.0,10.0,Jhenaidah,Khulna,958.62,474.9
2020.0,10.0,Khulna,Khulna,986.95,489.0
2020.0,10.0,Kushtia,Khulna,149.13,73.9
2020.0,10.0,Magura,Khulna,62.28,30.9
2020.0,10.0,Meherpur,Khulna,304.71,151.0
2020.0,10.0,Narail,Khulna,99.46,49.3
2020.0,10.0,Satkhira,Khulna,1469.12,727.9
2020.0,10.0,Habiganj,Sylhet,502.72,249.1
2020.0,10.0,Maulvibazar,Sylhet,294.53,145.9
2020.0,10.0,Sunamganj,Sylhet,2099.18,1040.0
2020.0,10.0,Sylhet,Sylhet,612.49,303.4
2020.0,10.0,Bogra,Rajshahi,338.8,167.9
2020.0,10.0,Joypurhat,Rajshahi,781.35,387.1
2020.0,10.0,Naogaon,Rajshahi,1303.98,646.0
2020.0,10.0,Natore,Rajshahi,288.59,143.0
2020.0,10.0,Nawabganj,Rajshahi,199.3,98.7
2020.0,10.0,Pabna,Rajshahi,428.44,212.3
2020.0,10.0,Rajshahi,Rajshahi,371.3,184.0
2020.0,10.0,Sirajganj,Rajshahi,682.06,337.9
2020.0,10.0,Dinajpur,Rangpur,2680.63,1328.1
2020.0,10.0,Gaibandha,Rangpur,324.02,160.5
2020.0,10.0,Kurigram,Rangpur,443.81,219.9
2020.0,10.0,Lalmonirhat,Rangpur,640.94,317.5
2020.0,10.0,Nilphamari,Rangpur,973.95,482.5
2020.0,10.0,Panchagarh,Rangpur,960.15,475.7
2020.0,10.0,Rangpur,Rangpur,1701.2,842.8
2020.0,10.0,Thakurgaon,Rangpur,1334.29,661.1
2020.0,10.0,Barguna,Barisal,160.41,79.5
2020.0,11.0,Barisal,Barisal,481.02,238.3
2020.0,11.0,Bhola,Barisal,674.35,334.1
2020.0,11.0,Jhalokati,Barisal,38.36,19.0
2020.0,11.0,Patuakhali,Barisal,225.66,111.8
2020.0,11.0,Pirojpur,Barisal,104.99,52.0
2020.0,11.0,Bandarban,Chittagong,2854.86,1414.4
2020.0,11.0,Brahamanbaria,Chittagong,254.54,126.1
2020.0,11.0,Chandpur,Chittagong,297.21,147.2
2020.0,11.0,Chittagong,Chittagong,916.58,454.1
2020.0,11.0,Comilla,Chittagong,1119.36,554.6
2020.0,11.0,Cox's Bazar,Chittagong,264.48,131.0
2020.0,11.0,Feni,Chittagong,333.76,165.4
2020.0,11.0,Khagrachhari,Chittagong,1669.84,827.3
2020.0,11.0,Lakshmipur,Chittagong,297.05,147.2
2020.0,11.0,Noakhali,Chittagong,164.89,81.7
2020.0,11.0,Rangamati,Chittagong,513.48,254.4
2020.0,11.0,Dhaka,Dhaka,171.31,84.9
2020.0,11.0,Faridpur,Dhaka,136.25,67.5
2020.0,11.0,Gazipur,Dhaka,857.65,424.9
2020.0,11.0,Gopalganj,Dhaka,198.96,98.6
2020.0,11.0,Jamalpur,Dhaka,224.07,111.0
2020.0,11.0,Kishoreganj,Dhaka,647.49,320.8
2020.0,11.0,Madaripur,Dhaka,114.66,56.8
2020.0,11.0,Manikganj,Dhaka,209.67,103.9
2020.0,11.0,Munshiganj,Dhaka,121.31,60.1
2020.0,11.0,Mymensingh,Dhaka,2336.53,1157.6
2020.0,11.0,Narayanganj,Dhaka,54.85,27.2
2020.0,11.0,Narsingdi,Dhaka,82.1,40.7
2020.0,11.0,Netrakona,Dhaka,492.67,244.1
2020.0,11.0,Rajbari,Dhaka,132.38,65.6
2020.0,11.0,Shariatpur,Dhaka,180.83,89.6
2020.0,11.0,Sherpur,Dhaka,799.89,396.3
2020.0,11.0,Tangail,Dhaka,536.09,265.6
2020.0,11.0,Bagerhat,Khulna,1081.76,535.9
2020.0,11.0,Chuadanga,Khulna,616.83,305.6
2020.0,11.0,Jessore,Khulna,233.25,115.6
2020.0,11.0,Jhenaidah,Khulna,1101.18,545.6
2020.0,11.0,Khulna,Khulna,1267.67,628.0
2020.0,11.0,Kushtia,Khulna,139.63,69.2
2020.0,11.0,Magura,Khulna,32.8,16.3
2020.0,11.0,Meherpur,Khulna,408.59,202.4
2020.0,11.0,Narail,Khulna,97.54,48.3
2020.0,11.0,Satkhira,Khulna,1424.77,705.9
2020.0,11.0,Habiganj,Sylhet,585.68,290.2
2020.0,11.0,Maulvibazar,Sylhet,244.24,121.0
2020.0,11.0,Sunamganj,Sylhet,1582.72,784.1
2020.0,11.0,Sylhet,Sylhet,491.72,243.6
2020.0,11.0,Bogra,Rajshahi,305.79,151.5
2020.0,11.0,Joypurhat,Rajshahi,840.78,416.6
2020.0,11.0,Naogaon,Rajshahi,1645.51,815.2
2020.0,11.0,Natore,Rajshahi,173.7,86.1
2020.0,11.0,Nawabganj,Rajshahi,140.15,69.4
2020.0,11.0,Pabna,Rajshahi,185.49,91.9
2020.0,11.0,Rajshahi,Rajshahi,229.1,113.5
2020.0,11.0,Sirajganj,Rajshahi,398.33,197.3
2020.0,11.0,Dinajpur,Rangpur,2879.18,1426.4
2020.0,11.0,Gaibandha,Rangpur,283.55,140.5
2020.0,11.0,Kurigram,Rangpur,438.22,217.1
2020.0,11.0,Lalmonirhat,Rangpur,637.65,315.9
2020.0,11.0,Nilphamari,Rangpur,1087.89,539.0
2020.0,11.0,Panchagarh,Rangpur,977.49,484.3
2020.0,11.0,Rangpur,Rangpur,1732.13,858.2
2020.0,11.0,Thakurgaon,Rangpur,1637.34,811.2
2020.0,11.0,Barguna,Barisal,161.86,80.2
2020.0,12.0,Barisal,Barisal,497.73,246.6
2020.0,12.0,Bhola,Barisal,701.9,347.7
2020.0,12.0,Jhalokati,Barisal,37.31,18.5
2020.0,12.0,Patuakhali,Barisal,224.08,111.0
2020.0,12.0,Pirojpur,Barisal,115.44,57.2
2020.0,12.0,Bandarban,Chittagong,2494.35,1235.8
2020.0,12.0,Brahamanbaria,Chittagong,587.17,290.9
2020.0,12.0,Chandpur,Chittagong,275.03,136.3
2020.0,12.0,Chittagong,Chittagong,1498.76,742.5
2020.0,12.0,Comilla,Chittagong,1095.03,542.5
2020.0,12.0,Cox's Bazar,Chittagong,838.75,415.5
2020.0,12.0,Feni,Chittagong,360.25,178.5
2020.0,12.0,Khagrachhari,Chittagong,1458.88,722.8
2020.0,12.0,Lakshmipur,Chittagong,305.05,151.1
2020.0,12.0,Noakhali,Chittagong,170.34,84.4
2020.0,12.0,Rangamati,Chittagong,471.88,233.8
2020.0,12.0,Dhaka,Dhaka,805.65,399.1
2020.0,12.0,Faridpur,Dhaka,118.93,58.9
2020.0,12.0,Gazipur,Dhaka,959.85,475.5
2020.0,12.0,Gopalganj,Dhaka,309.54,153.4
2020.0,12.0,Jamalpur,Dhaka,321.95,159.5
2020.0,12.0,Kishoreganj,Dhaka,211.6,104.8
2020.0,12.0,Madaripur,Dhaka,123.92,61.4
2020.0,12.0,Manikganj,Dhaka,196.9,97.6
2020.0,12.0,Munshiganj,Dhaka,97.68,48.4
2020.0,12.0,Mymensingh,Dhaka,2389.33,1183.8
2020.0,12.0,Narayanganj,Dhaka,290.38,143.9
2020.0,12.0,Narsingdi,Dhaka,63.86,31.6
2020.0,12.0,Netrakona,Dhaka,546.26,270.6
2020.0,12.0,Rajbari,Dhaka,124.28,61.6
2020.0,12.0,Shariatpur,Dhaka,161.11,79.8
2020.0,12.0,Sherpur,Dhaka,985.1,488.1
2020.0,12.0,Tangail,Dhaka,1609.0,797.2
2020.0,12.0,Bagerhat,Khulna,954.13,472.7
2020.0,12.0,Chuadanga,Khulna,800.45,396.6
2020.0,12.0,Jessore,Khulna,252.56,125.1
2020.0,12.0,Jhenaidah,Khulna,1126.09,557.9
2020.0,12.0,Khulna,Khulna,970.79,481.0
2020.0,12.0,Kushtia,Khulna,147.71,73.2
2020.0,12.0,Magura,Khulna,323.83,160.4
2020.0,12.0,Meherpur,Khulna,431.6,213.8
2020.0,12.0,Narail,Khulna,150.45,74.5
2020.0,12.0,Satkhira,Khulna,1276.79,632.6
2020.0,12.0,Habiganj,Sylhet,810.58,401.6
2020.0,12.0,Maulvibazar,Sylhet,252.72,125.2
2020.0,12.0,Sunamganj,Sylhet,918.85,455.2
2020.0,12.0,Sylhet,Sylhet,680.67,337.2
2020.0,12.0,Bogra,Rajshahi,386.59,191.5
2020.0,12.0,Joypurhat,Rajshahi,567.48,281.1
2020.0,12.0,Naogaon,Rajshahi,2067.71,1024.4
2020.0,12.0,Natore,Rajshahi,502.38,248.9
2020.0,12.0,Nawabganj,Rajshahi,256.94,127.3
2020.0,12.0,Pabna,Rajshahi,194.53,96.4
2020.0,12.0,Rajshahi,Rajshahi,403.25,199.8
2020.0,12.0,Sirajganj,Rajshahi,365.98,181.3
2020.0,12.0,Dinajpur,Rangpur,2574.64,1275.6
2020.0,12.0,Gaibandha,Rangpur,300.0,148.6
2020.0,12.0,Kurigram,Rangpur,451.57,223.7
2020.0,12.0,Lalmonirhat,Rangpur,715.48,354.5
2020.0,12.0,Nilphamari,Rangpur,932.17,461.8
2020.0,12.0,Panchagarh,Rangpur,827.21,409.8
2020.0,12.0,Rangpur,Rangpur,1679.15,831.9
2020.0,12.0,Thakurgaon,Rangpur,1268.76,628.6
2020.0,12.0,Barguna,Barisal,158.93,78.7
2021.0,1.0,Barisal,Barisal,423.55,209.8
2021.0,1.0,Bhola,Barisal,673.37,333.6
2021.0,1.0,Jhalokati,Barisal,34.69,17.2
2021.0,1.0,Patuakhali,Barisal,218.65,108.3
2021.0,1.0,Pirojpur,Barisal,95.31,47.2
2021.0,1.0,Bandarban,Chittagong,2682.79,1329.1
2021.0,1.0,Brahamanbaria,Chittagong,1162.97,576.2
2021.0,1.0,Chandpur,Chittagong,262.76,130.2
2021.0,1.0,Chittagong,Chittagong,1964.74,973.4
2021.0,1.0,Comilla,Chittagong,1722.01,853.1
2021.0,1.0,Cox's Bazar,Chittagong,833.57,413.0
2021.0,1.0,Feni,Chittagong,430.59,213.3
2021.0,1.0,Khagrachhari,Chittagong,1697.23,840.9
2021.0,1.0,Lakshmipur,Chittagong,292.43,144.9
2021.0,1.0,Noakhali,Chittagong,154.9,76.7
2021.0,1.0,Rangamati,Chittagong,461.4,228.6
2021.0,1.0,Dhaka,Dhaka,773.32,383.1
2021.0,1.0,Faridpur,Dhaka,786.07,389.4
2021.0,1.0,Gazipur,Dhaka,872.7,432.4
2021.0,1.0,Gopalganj,Dhaka,784.04,388.4
2021.0,1.0,Jamalpur,Dhaka,193.91,96.1
2021.0,1.0,Kishoreganj,Dhaka,1349.4,668.5
2021.0,1.0,Madaripur,Dhaka,112.28,55.6
2021.0,1.0,Manikganj,Dhaka,192.42,95.3
2021.0,1.0,Munshiganj,Dhaka,92.15,45.7
2021.0,1.0,Mymensingh,Dhaka,2525.27,1251.1
2021.0,1.0,Narayanganj,Dhaka,314.2,155.7
2021.0,1.0,Narsingdi,Dhaka,62.1,30.8
2021.0,1.0,Netrakona,Dhaka,1636.36,810.7
2021.0,1.0,Rajbari,Dhaka,122.0,60.4
2021.0,1.0,Shariatpur,Dhaka,144.7,71.7
2021.0,1.0,Sherpur,Dhaka,901.06,446.4
2021.0,1.0,Tangail,Dhaka,1601.33,793.4
2021.0,1.0,Bagerhat,Khulna,843.41,417.9
2021.0,1.0,Chuadanga,Khulna,657.5,325.7
2021.0,1.0,Jessore,Khulna,781.63,387.2
2021.0,1.0,Jhenaidah,Khulna,1032.41,511.5
2021.0,1.0,Khulna,Khulna,919.43,455.5
2021.0,1.0,Kushtia,Khulna,139.92,69.3
2021.0,1.0,Magura,Khulna,611.26,302.8
2021.0,1.0,Meherpur,Khulna,445.46,220.7
2021.0,1.0,Narail,Khulna,127.27,63.1
2021.0,1.0,Satkhira,Khulna,1053.73,522.1
2021.0,1.0,Habiganj,Sylhet,1689.6,837.1
2021.0,1.0,Maulvibazar,Sylhet,1008.65,499.7
2021.0,1.0,Sunamganj,Sylhet,608.27,301.4
2021.0,1.0,Sylhet,Sylhet,1883.73,933.3
2021.0,1.0,Bogra,Rajshahi,206.25,102.2
2021.0,1.0,Joypurhat,Rajshahi,398.14,197.3
2021.0,1.0,Naogaon,Rajshahi,2278.03,1128.6
2021.0,1.0,Natore,Rajshahi,1224.03,606.4
2021.0,1.0,Nawabganj,Rajshahi,802.02,397.3
2021.0,1.0,Pabna,Rajshahi,946.08,468.7
2021.0,1.0,Rajshahi,Rajshahi,710.19,351.9
2021.0,1.0,Sirajganj,Rajshahi,430.79,213.4
2021.0,1.0,Dinajpur,Rangpur,1434.57,710.7
2021.0,1.0,Gaibandha,Rangpur,167.59,83.0
2021.0,1.0,Kurigram,Rangpur,474.23,234.9
2021.0,1.0,Lalmonirhat,Rangpur,108.48,53.7
2021.0,1.0,Nilphamari,Rangpur,125.55,62.2
2021.0,1.0,Panchagarh,Rangpur,1040.55,515.5
2021.0,1.0,Rangpur,Rangpur,229.91,113.9
2021.0,1.0,Thakurgaon,Rangpur,1282.36,635.3
2021.0,1.0,Barguna,Barisal,159.21,78.9
2021.0,2.0,Barisal,Barisal,439.7,217.8
2021.0,2.0,Bhola,Barisal,695.43,344.5
2021.0,2.0,Jhalokati,Barisal,35.64,17.7
2021.0,2.0,Patuakhali,Barisal,217.05,107.5
2021.0,2.0,Pirojpur,Barisal,92.63,45.9
2021.0,2.0,Bandarban,Chittagong,3530.87,1749.3
2021.0,2.0,Brahamanbaria,Chittagong,1087.46,538.8
2021.0,2.0,Chandpur,Chittagong,259.22,128.4
2021.0,2.0,Chittagong,Chittagong,2055.66,1018.4
2021.0,2.0,Comilla,Chittagong,1717.28,850.8
2021.0,2.0,Cox's Bazar,Chittagong,872.86,432.4
2021.0,2.0,Feni,Chittagong,485.04,240.3
2021.0,2.0,Khagrachhari,Chittagong,2014.72,998.2
2021.0,2.0,Lakshmipur,Chittagong,303.72,150.5
2021.0,2.0,Noakhali,Chittagong,153.25,75.9
2021.0,2.0,Rangamati,Chittagong,378.27,187.4
2021.0,2.0,Dhaka,Dhaka,786.23,389.5
2021.0,2.0,Faridpur,Dhaka,1080.01,535.1
2021.0,2.0,Gazipur,Dhaka,971.24,481.2
2021.0,2.0,Gopalganj,Dhaka,839.19,415.8
2021.0,2.0,Jamalpur,Dhaka,626.85,310.6
2021.0,2.0,Kishoreganj,Dhaka,1502.8,744.5
2021.0,2.0,Madaripur,Dhaka,90.75,45.0
2021.0,2.0,Manikganj,Dhaka,193.35,95.8
2021.0,2.0,Munshiganj,Dhaka,93.0,46.1
2021.0,2.0,Mymensingh,Dhaka,2496.66,1236.9
2021.0,2.0,Narayanganj,Dhaka,406.69,201.5
2021.0,2.0,Narsingdi,Dhaka,67.29,33.3
2021.0,2.0,Netrakona,Dhaka,1638.48,811.8
2021.0,2.0,Rajbari,Dhaka,116.05,57.5
2021.0,2.0,Shariatpur,Dhaka,138.27,68.5
2021.0,2.0,Sherpur,Dhaka,775.86,384.4
2021.0,2.0,Tangail,Dhaka,1603.71,794.5
2021.0,2.0,Bagerhat,Khulna,657.79,325.9
2021.0,2.0,Chuadanga,Khulna,807.32,400.0
2021.0,2.0,Jessore,Khulna,617.71,306.0
2021.0,2.0,Jhenaidah,Khulna,1037.31,513.9
2021.0,2.0,Khulna,Khulna,599.15,296.8
2021.0,2.0,Kushtia,Khulna,227.4,112.7
2021.0,2.0,Magura,Khulna,710.75,352.1
2021.0,2.0,Meherpur,Khulna,437.32,216.7
2021.0,2.0,Narail,Khulna,47.97,23.8
2021.0,2.0,Satkhira,Khulna,889.06,440.5
2021.0,2.0,Habiganj,Sylhet,1339.74,663.8
2021.0,2.0,Maulvibazar,Sylhet,1354.11,670.9
2021.0,2.0,Sunamganj,Sylhet,1188.67,588.9
2021.0,2.0,Sylhet,Sylhet,1793.4,888.5
2021.0,2.0,Bogra,Rajshahi,1489.11,737.8
2021.0,2.0,Joypurhat,Rajshahi,617.69,306.0
2021.0,2.0,Naogaon,Rajshahi,2808.65,1391.5
2021.0,2.0,Natore,Rajshahi,1451.38,719.1
2021.0,2.0,Nawabganj,Rajshahi,924.23,457.9
2021.0,2.0,Pabna,Rajshahi,1265.49,627.0
2021.0,2.0,Rajshahi,Rajshahi,1247.68,618.1
2021.0,2.0,Sirajganj,Rajshahi,341.07,169.0
2021.0,2.0,Dinajpur,Rangpur,1658.87,821.9
2021.0,2.0,Gaibandha,Rangpur,345.57,171.2
2021.0,2.0,Kurigram,Rangpur,459.96,227.9
2021.0,2.0,Lalmonirhat,Rangpur,481.14,238.4
2021.0,2.0,Nilphamari,Rangpur,715.33,354.4
2021.0,2.0,Panchagarh,Rangpur,1042.05,516.3
2021.0,2.0,Rangpur,Rangpur,995.11,493.0
2021.0,2.0,Thakurgaon,Rangpur,1229.16,609.0
2021.0,2.0,Barguna,Barisal,156.59,77.6
2021.0,3.0,Barisal,Barisal,419.89,208.0
2021.0,3.0,Bhola,Barisal,673.41,333.6
2021.0,3.0,Jhalokati,Barisal,32.66,16.2
2021.0,3.0,Patuakhali,Barisal,220.86,109.4
2021.0,3.0,Pirojpur,Barisal,88.77,44.0
2021.0,3.0,Bandarban,Chittagong,3380.86,1675.0
2021.0,3.0,Brahamanbaria,Chittagong,1201.54,595.3
2021.0,3.0,Chandpur,Chittagong,268.22,132.9
2021.0,3.0,Chittagong,Chittagong,2252.45,1115.9
2021.0,3.0,Comilla,Chittagong,2039.0,1010.2
2021.0,3.0,Cox's Bazar,Chittagong,713.73,353.6
2021.0,3.0,Feni,Chittagong,474.91,235.3
2021.0,3.0,Khagrachhari,Chittagong,1921.12,951.8
2021.0,3.0,Lakshmipur,Chittagong,300.37,148.8
2021.0,3.0,Noakhali,Chittagong,150.92,74.8
2021.0,3.0,Rangamati,Chittagong,343.75,170.3
2021.0,3.0,Dhaka,Dhaka,840.3,416.3
2021.0,3.0,Faridpur,Dhaka,1016.47,503.6
2021.0,3.0,Gazipur,Dhaka,1020.02,505.4
2021.0,3.0,Gopalganj,Dhaka,1010.98,500.9
2021.0,3.0,Jamalpur,Dhaka,272.02,134.8
2021.0,3.0,Kishoreganj,Dhaka,1634.37,809.7
2021.0,3.0,Madaripur,Dhaka,95.01,47.1
2021.0,3.0,Manikganj,Dhaka,199.99,99.1
2021.0,3.0,Munshiganj,Dhaka,85.18,42.2
2021.0,3.0,Mymensingh,Dhaka,2434.15,1206.0
2021.0,3.0,Narayanganj,Dhaka,441.63,218.8
2021.0,3.0,Narsingdi,Dhaka,218.86,108.4
2021.0,3.0,Netrakona,Dhaka,1925.2,953.8
2021.0,3.0,Rajbari,Dhaka,121.83,60.4
2021.0,3.0,Shariatpur,Dhaka,147.09,72.9
2021.0,3.0,Sherpur,Dhaka,983.04,487.0
2021.0,3.0,Tangail,Dhaka,1717.02,850.7
2021.0,3.0,Bagerhat,Khulna,798.09,395.4
2021.0,3.0,Chuadanga,Khulna,776.11,384.5
2021.0,3.0,Jessore,Khulna,391.97,194.2
2021.0,3.0,Jhenaidah,Khulna,1283.05,635.7
2021.0,3.0,Khulna,Khulna,698.55,346.1
2021.0,3.0,Kushtia,Khulna,153.8,76.2
2021.0,3.0,Magura,Khulna,639.14,316.7
2021.0,3.0,Meherpur,Khulna,471.5,233.6
2021.0,3.0,Narail,Khulna,50.95,25.2
2021.0,3.0,Satkhira,Khulna,1124.33,557.0
2021.0,3.0,Habiganj,Sylhet,1890.72,936.7
2021.0,3.0,Maulvibazar,Sylhet,1138.43,564.0
2021.0,3.0,Sunamganj,Sylhet,2339.92,1159.3
2021.0,3.0,Sylhet,Sylhet,2430.26,1204.0
2021.0,3.0,Bogra,Rajshahi,1328.14,658.0
2021.0,3.0,Joypurhat,Rajshahi,861.06,426.6
2021.0,3.0,Naogaon,Rajshahi,2999.34,1486.0
2021.0,3.0,Natore,Rajshahi,1388.56,687.9
2021.0,3.0,Nawabganj,Rajshahi,616.83,305.6
2021.0,3.0,Pabna,Rajshahi,1332.12,660.0
2021.0,3.0,Rajshahi,Rajshahi,317.86,157.5
2021.0,3.0,Sirajganj,Rajshahi,383.65,190.1
2021.0,3.0,Dinajpur,Rangpur,2762.55,1368.7
2021.0,3.0,Gaibandha,Rangpur,329.68,163.3
2021.0,3.0,Kurigram,Rangpur,597.21,295.9
2021.0,3.0,Lalmonirhat,Rangpur,355.03,175.9
2021.0,3.0,Nilphamari,Rangpur,1172.44,580.9
2021.0,3.0,Panchagarh,Rangpur,916.6,454.1
2021.0,3.0,Rangpur,Rangpur,1963.58,972.8
2021.0,3.0,Thakurgaon,Rangpur,1334.22,661.0
2021.0,3.0,Barguna,Barisal,156.43,77.5
2021.0,4.0,Barisal,Barisal,453.37,224.6
2021.0,4.0,Bhola,Barisal,705.14,349.4
2021.0,4.0,Jhalokati,Barisal,42.73,21.2
2021.0,4.0,Patuakhali,Barisal,242.47,120.1
2021.0,4.0,Pirojpur,Barisal,103.22,51.1
2021.0,4.0,Bandarban,Chittagong,3312.46,1641.1
2021.0,4.0,Brahamanbaria,Chittagong,1274.44,631.4
2021.0,4.0,Chandpur,Chittagong,279.02,138.2
2021.0,4.0,Chittagong,Chittagong,2512.1,1244.6
2021.0,4.0,Comilla,Chittagong,2059.73,1020.5
2021.0,4.0,Cox's Bazar,Chittagong,811.3,401.9
2021.0,4.0,Feni,Chittagong,609.92,302.2
2021.0,4.0,Khagrachhari,Chittagong,2406.33,1192.2
2021.0,4.0,Lakshmipur,Chittagong,308.71,152.9
2021.0,4.0,Noakhali,Chittagong,152.66,75.6
2021.0,4.0,Rangamati,Chittagong,371.2,183.9
2021.0,4.0,Dhaka,Dhaka,940.8,466.1
2021.0,4.0,Faridpur,Dhaka,724.09,358.7
2021.0,4.0,Gazipur,Dhaka,1202.11,595.6
2021.0,4.0,Gopalganj,Dhaka,1078.6,534.4
2021.0,4.0,Jamalpur,Dhaka,1366.45,677.0
2021.0,4.0,Kishoreganj,Dhaka,1045.17,517.8
2021.0,4.0,Madaripur,Dhaka,93.29,46.2
2021.0,4.0,Manikganj,Dhaka,191.12,94.7
2021.0,4.0,Munshiganj,Dhaka,96.43,47.8
2021.0,4.0,Mymensingh,Dhaka,2724.35,1349.7
2021.0,4.0,Narayanganj,Dhaka,455.0,225.4
2021.0,4.0,Narsingdi,Dhaka,459.4,227.6
2021.0,4.0,Netrakona,Dhaka,1609.74,797.5
2021.0,4.0,Rajbari,Dhaka,131.04,64.9
2021.0,4.0,Shariatpur,Dhaka,150.39,74.5
2021.0,4.0,Sherpur,Dhaka,1131.51,560.6
2021.0,4.0,Tangail,Dhaka,1916.59,949.5
2021.0,4.0,Bagerhat,Khulna,1166.19,577.8
2021.0,4.0,Chuadanga,Khulna,780.76,386.8
2021.0,4.0,Jessore,Khulna,1153.36,571.4
2021.0,4.0,Jhenaidah,Khulna,1452.06,719.4
2021.0,4.0,Khulna,Khulna,655.65,324.8
2021.0,4.0,Kushtia,Khulna,159.84,79.2
2021.0,4.0,Magura,Khulna,751.45,372.3
2021.0,4.0,Meherpur,Khulna,493.61,244.6
2021.0,4.0,Narail,Khulna,40.75,20.2
2021.0,4.0,Satkhira,Khulna,1053.61,522.0
2021.0,4.0,Habiganj,Sylhet,1902.67,942.6
2021.0,4.0,Maulvibazar,Sylhet,863.81,428.0
2021.0,4.0,Sunamganj,Sylhet,986.72,488.9
2021.0,4.0,Sylhet,Sylhet,941.42,466.4
2021.0,4.0,Bogra,Rajshahi,1797.33,890.5
2021.0,4.0,Joypurhat,Rajshahi,872.11,432.1
2021.0,4.0,Naogaon,Rajshahi,3088.17,1530.0
2021.0,4.0,Natore,Rajshahi,1326.72,657.3
2021.0,4.0,Nawabganj,Rajshahi,935.69,463.6
2021.0,4.0,Pabna,Rajshahi,1537.31,761.6
2021.0,4.0,Rajshahi,Rajshahi,1195.86,592.5
2021.0,4.0,Sirajganj,Rajshahi,308.69,152.9
2021.0,4.0,Dinajpur,Rangpur,2924.66,1449.0
2021.0,4.0,Gaibandha,Rangpur,322.58,159.8
2021.0,4.0,Kurigram,Rangpur,484.35,240.0
2021.0,4.0,Lalmonirhat,Rangpur,658.57,326.3
2021.0,4.0,Nilphamari,Rangpur,1165.91,577.6
2021.0,4.0,Panchagarh,Rangpur,849.07,420.7
2021.0,4.0,Rangpur,Rangpur,2041.16,1011.3
2021.0,4.0,Thakurgaon,Rangpur,1257.54,623.0
2021.0,4.0,Barguna,Barisal,161.26,79.9
2021.0,5.0,Barisal,Barisal,442.58,219.3
2021.0,5.0,Bhola,Barisal,679.04,336.4
2021.0,5.0,Jhalokati,Barisal,36.71,18.2
2021.0,5.0,Patuakhali,Barisal,244.92,121.3
2021.0,5.0,Pirojpur,Barisal,98.4,48.8
2021.0,5.0,Bandarban,Chittagong,3751.43,1858.6
2021.0,5.0,Brahamanbaria,Chittagong,79.2,39.2
2021.0,5.0,Chandpur,Chittagong,281.63,139.5
2021.0,5.0,Chittagong,Chittagong,2322.97,1150.9
2021.0,5.0,Comilla,Chittagong,2120.63,1050.6
2021.0,5.0,Cox's Bazar,Chittagong,513.3,254.3
2021.0,5.0,Feni,Chittagong,615.86,305.1
2021.0,5.0,Khagrachhari,Chittagong,2427.95,1202.9
2021.0,5.0,Lakshmipur,Chittagong,301.41,149.3
2021.0,5.0,Noakhali,Chittagong,152.64,75.6
2021.0,5.0,Rangamati,Chittagong,445.56,220.7
2021.0,5.0,Dhaka,Dhaka,905.12,448.4
2021.0,5.0,Faridpur,Dhaka,120.85,59.9
2021.0,5.0,Gazipur,Dhaka,1098.88,544.4
2021.0,5.0,Gopalganj,Dhaka,759.3,376.2
2021.0,5.0,Jamalpur,Dhaka,162.04,80.3
2021.0,5.0,Kishoreganj,Dhaka,174.13,86.3
2021.0,5.0,Madaripur,Dhaka,88.51,43.9
2021.0,5.0,Manikganj,Dhaka,186.93,92.6
2021.0,5.0,Munshiganj,Dhaka,94.89,47.0
2021.0,5.0,Mymensingh,Dhaka,2206.83,1093.3
2021.0,5.0,Narayanganj,Dhaka,81.58,40.4
2021.0,5.0,Narsingdi,Dhaka,62.66,31.0
2021.0,5.0,Netrakona,Dhaka,200.17,99.2
2021.0,5.0,Rajbari,Dhaka,138.04,68.4
2021.0,5.0,Shariatpur,Dhaka,159.12,78.8
2021.0,5.0,Sherpur,Dhaka,812.74,402.7
2021.0,5.0,Tangail,Dhaka,988.57,489.8
2021.0,5.0,Bagerhat,Khulna,1114.58,552.2
2021.0,5.0,Chuadanga,Khulna,577.97,286.3
2021.0,5.0,Jessore,Khulna,679.06,336.4
2021.0,5.0,Jhenaidah,Khulna,1069.71,530.0
2021.0,5.0,Khulna,Khulna,651.17,322.6
2021.0,5.0,Kushtia,Khulna,128.8,63.8
2021.0,5.0,Magura,Khulna,340.39,168.6
2021.0,5.0,Meherpur,Khulna,361.18,178.9
2021.0,5.0,Narail,Khulna,64.96,32.2
2021.0,5.0,Satkhira,Khulna,935.34,463.4
2021.0,5.0,Habiganj,Sylhet,408.27,202.3
2021.0,5.0,Maulvibazar,Sylhet,108.17,53.6
2021.0,5.0,Sunamganj,Sylhet,203.61,100.9
2021.0,5.0,Sylhet,Sylhet,207.2,102.7
2021.0,5.0,Bogra,Rajshahi,192.13,95.2
2021.0,5.0,Joypurhat,Rajshahi,641.49,317.8
2021.0,5.0,Naogaon,Rajshahi,1788.64,886.2
2021.0,5.0,Natore,Rajshahi,1246.84,617.7
2021.0,5.0,Nawabganj,Rajshahi,282.05,139.7
2021.0,5.0,Pabna,Rajshahi,341.86,169.4
2021.0,5.0,Rajshahi,Rajshahi,380.83,188.7
2021.0,5.0,Sirajganj,Rajshahi,334.25,165.6
2021.0,5.0,Dinajpur,Rangpur,1377.17,682.3
2021.0,5.0,Gaibandha,Rangpur,303.02,150.1
2021.0,5.0,Kurigram,Rangpur,463.28,229.5
2021.0,5.0,Lalmonirhat,Rangpur,128.69,63.8
2021.0,5.0,Nilphamari,Rangpur,997.9,494.4
2021.0,5.0,Panchagarh,Rangpur,780.13,386.5
2021.0,5.0,Rangpur,Rangpur,1233.71,611.2
2021.0,5.0,Thakurgaon,Rangpur,836.19,414.3
2021.0,5.0,Barguna,Barisal,161.4,80.0
2021.0,6.0,Barisal,Barisal,549.13,272.1
2021.0,6.0,Bhola,Barisal,765.57,379.3
2021.0,6.0,Jhalokati,Barisal,116.11,57.5
2021.0,6.0,Patuakhali,Barisal,393.79,195.1
2021.0,6.0,Pirojpur,Barisal,268.4,133.0
2021.0,6.0,Bandarban,Chittagong,2937.78,1455.5
2021.0,6.0,Brahamanbaria,Chittagong,306.41,151.8
2021.0,6.0,Chandpur,Chittagong,310.88,154.0
2021.0,6.0,Chittagong,Chittagong,2071.13,1026.1
2021.0,6.0,Comilla,Chittagong,718.49,356.0
2021.0,6.0,Cox's Bazar,Chittagong,438.55,217.3
2021.0,6.0,Feni,Chittagong,520.28,257.8
2021.0,6.0,Khagrachhari,Chittagong,1803.92,893.7
2021.0,6.0,Lakshmipur,Chittagong,329.6,163.3
2021.0,6.0,Noakhali,Chittagong,249.32,123.5
2021.0,6.0,Rangamati,Chittagong,367.04,181.8
2021.0,6.0,Dhaka,Dhaka,488.88,242.2
2021.0,6.0,Faridpur,Dhaka,137.19,68.0
2021.0,6.0,Gazipur,Dhaka,311.58,154.4
2021.0,6.0,Gopalganj,Dhaka,574.4,284.6
2021.0,6.0,Jamalpur,Dhaka,162.77,80.6
2021.0,6.0,Kishoreganj,Dhaka,674.17,334.0
2021.0,6.0,Madaripur,Dhaka,170.31,84.4
2021.0,6.0,Manikganj,Dhaka,211.18,104.6
2021.0,6.0,Munshiganj,Dhaka,130.19,64.5
2021.0,6.0,Mymensingh,Dhaka,1312.11,650.1
2021.0,6.0,Narayanganj,Dhaka,67.7,33.5
2021.0,6.0,Narsingdi,Dhaka,115.63,57.3
2021.0,6.0,Netrakona,Dhaka,642.71,318.4
2021.0,6.0,Rajbari,Dhaka,136.86,67.8
2021.0,6.0,Shariatpur,Dhaka,185.12,91.7
2021.0,6.0,Sherpur,Dhaka,201.21,99.7
2021.0,6.0,Tangail,Dhaka,197.37,97.8
2021.0,6.0,Bagerhat,Khulna,1417.12,702.1
2021.0,6.0,Chuadanga,Khulna,525.72,260.5
2021.0,6.0,Jessore,Khulna,264.93,131.3
2021.0,6.0,Jhenaidah,Khulna,748.25,370.7
2021.0,6.0,Khulna,Khulna,1029.45,510.0
2021.0,6.0,Kushtia,Khulna,131.21,65.0
2021.0,6.0,Magura,Khulna,145.52,72.1
2021.0,6.0,Meherpur,Khulna,337.6,167.3
2021.0,6.0,Narail,Khulna,140.77,69.7
2021.0,6.0,Satkhira,Khulna,1293.63,640.9
2021.0,6.0,Habiganj,Sylhet,301.78,149.5
2021.0,6.0,Maulvibazar,Sylhet,158.69,78.6
2021.0,6.0,Sunamganj,Sylhet,1710.95,847.7
2021.0,6.0,Sylhet,Sylhet,413.24,204.7
2021.0,6.0,Bogra,Rajshahi,222.28,110.1
2021.0,6.0,Joypurhat,Rajshahi,620.38,307.4
2021.0,6.0,Naogaon,Rajshahi,1233.42,611.1
2021.0,6.0,Natore,Rajshahi,245.29,121.5
2021.0,6.0,Nawabganj,Rajshahi,161.3,79.9
2021.0,6.0,Pabna,Rajshahi,175.1,86.8
2021.0,6.0,Rajshahi,Rajshahi,221.73,109.9
2021.0,6.0,Sirajganj,Rajshahi,413.95,205.1
2021.0,6.0,Dinajpur,Rangpur,2179.41,1079.8
2021.0,6.0,Gaibandha,Rangpur,313.56,155.3
2021.0,6.0,Kurigram,Rangpur,487.4,241.5
2021.0,6.0,Lalmonirhat,Rangpur,90.42,44.8
2021.0,6.0,Nilphamari,Rangpur,536.11,265.6
2021.0,6.0,Panchagarh,Rangpur,805.33,399.0
2021.0,6.0,Rangpur,Rangpur,1426.24,706.6
2021.0,6.0,Thakurgaon,Rangpur,1092.29,541.2
2021.0,6.0,Barguna,Barisal,254.74,126.2
2021.0,7.0,Barisal,Barisal,651.32,322.7
2021.0,7.0,Bhola,Barisal,706.58,350.1
2021.0,7.0,Jhalokati,Barisal,169.81,84.1
2021.0,7.0,Patuakhali,Barisal,468.37,232.0
2021.0,7.0,Pirojpur,Barisal,268.89,133.2
2021.0,7.0,Bandarban,Chittagong,2511.44,1244.3
2021.0,7.0,Brahamanbaria,Chittagong,510.25,252.8
2021.0,7.0,Chandpur,Chittagong,325.42,161.2
2021.0,7.0,Chittagong,Chittagong,1666.69,825.7
2021.0,7.0,Comilla,Chittagong,565.24,280.0
2021.0,7.0,Cox's Bazar,Chittagong,477.97,236.8
2021.0,7.0,Feni,Chittagong,390.72,193.6
2021.0,7.0,Khagrachhari,Chittagong,1766.32,875.1
2021.0,7.0,Lakshmipur,Chittagong,318.2,157.6
2021.0,7.0,Noakhali,Chittagong,381.77,189.1
2021.0,7.0,Rangamati,Chittagong,297.81,147.5
2021.0,7.0,Dhaka,Dhaka,133.31,66.0
2021.0,7.0,Faridpur,Dhaka,252.16,124.9
2021.0,7.0,Gazipur,Dhaka,192.9,95.6
2021.0,7.0,Gopalganj,Dhaka,735.92,364.6
2021.0,7.0,Jamalpur,Dhaka,204.84,101.5
2021.0,7.0,Kishoreganj,Dhaka,1190.86,590.0
2021.0,7.0,Madaripur,Dhaka,184.67,91.5
2021.0,7.0,Manikganj,Dhaka,275.03,136.3
2021.0,7.0,Munshiganj,Dhaka,138.96,68.8
2021.0,7.0,Mymensingh,Dhaka,1476.34,731.4
2021.0,7.0,Narayanganj,Dhaka,68.21,33.8
2021.0,7.0,Narsingdi,Dhaka,150.53,74.6
2021.0,7.0,Netrakona,Dhaka,1122.41,556.1
2021.0,7.0,Rajbari,Dhaka,176.92,87.7
2021.0,7.0,Shariatpur,Dhaka,220.86,109.4
2021.0,7.0,Sherpur,Dhaka,411.51,203.9
2021.0,7.0,Tangail,Dhaka,427.4,211.7
2021.0,7.0,Bagerhat,Khulna,1432.99,710.0
2021.0,7.0,Chuadanga,Khulna,649.12,321.6
2021.0,7.0,Jessore,Khulna,435.06,215.5
2021.0,7.0,Jhenaidah,Khulna,410.62,203.4
2021.0,7.0,Khulna,Khulna,1577.14,781.4
2021.0,7.0,Kushtia,Khulna,156.36,77.5
2021.0,7.0,Magura,Khulna,258.61,128.1
2021.0,7.0,Meherpur,Khulna,399.2,197.8
2021.0,7.0,Narail,Khulna,303.69,150.5
2021.0,7.0,Satkhira,Khulna,1480.67,733.6
2021.0,7.0,Habiganj,Sylhet,682.25,338.0
2021.0,7.0,Maulvibazar,Sylhet,505.75,250.6
2021.0,7.0,Sunamganj,Sylhet,2166.73,1073.5
2021.0,7.0,Sylhet,Sylhet,825.32,408.9
2021.0,7.0,Bogra,Rajshahi,515.22,255.3
2021.0,7.0,Joypurhat,Rajshahi,448.36,222.1
2021.0,7.0,Naogaon,Rajshahi,1148.05,568.8
2021.0,7.0,Natore,Rajshahi,309.54,153.4
2021.0,7.0,Nawabganj,Rajshahi,230.38,114.1
2021.0,7.0,Pabna,Rajshahi,407.51,201.9
2021.0,7.0,Rajshahi,Rajshahi,596.49,295.5
2021.0,7.0,Sirajganj,Rajshahi,667.76,330.8
2021.0,7.0,Dinajpur,Rangpur,1370.76,679.1
2021.0,7.0,Gaibandha,Rangpur,338.39,167.6
2021.0,7.0,Kurigram,Rangpur,512.63,254.0
2021.0,7.0,Lalmonirhat,Rangpur,392.91,194.7
2021.0,7.0,Nilphamari,Rangpur,668.85,331.4
2021.0,7.0,Panchagarh,Rangpur,554.33,274.6
2021.0,7.0,Rangpur,Rangpur,1188.05,588.6
2021.0,7.0,Thakurgaon,Rangpur,563.2,279.0
2021.0,7.0,Barguna,Barisal,191.99,95.1
2021.0,8.0,Barisal,Barisal,598.24,296.4
2021.0,8.0,Bhola,Barisal,806.69,399.7
2021.0,8.0,Jhalokati,Barisal,212.28,105.2
2021.0,8.0,Patuakhali,Barisal,640.34,317.2
2021.0,8.0,Pirojpur,Barisal,366.2,181.4
2021.0,8.0,Bandarban,Chittagong,2606.5,1291.3
2021.0,8.0,Brahamanbaria,Chittagong,480.37,238.0
2021.0,8.0,Chandpur,Chittagong,341.27,169.1
2021.0,8.0,Chittagong,Chittagong,2007.08,994.4
2021.0,8.0,Comilla,Chittagong,586.09,290.4
2021.0,8.0,Cox's Bazar,Chittagong,480.36,238.0
2021.0,8.0,Feni,Chittagong,401.44,198.9
2021.0,8.0,Khagrachhari,Chittagong,1469.41,728.0
2021.0,8.0,Lakshmipur,Chittagong,416.45,206.3
2021.0,8.0,Noakhali,Chittagong,475.04,235.4
2021.0,8.0,Rangamati,Chittagong,403.23,199.8
2021.0,8.0,Dhaka,Dhaka,130.97,64.9
2021.0,8.0,Faridpur,Dhaka,366.78,181.7
2021.0,8.0,Gazipur,Dhaka,276.57,137.0
2021.0,8.0,Gopalganj,Dhaka,538.23,266.7
2021.0,8.0,Jamalpur,Dhaka,184.91,91.6
2021.0,8.0,Kishoreganj,Dhaka,1110.4,550.1
2021.0,8.0,Madaripur,Dhaka,161.49,80.0
2021.0,8.0,Manikganj,Dhaka,281.44,139.4
2021.0,8.0,Munshiganj,Dhaka,127.57,63.2
2021.0,8.0,Mymensingh,Dhaka,2012.17,996.9
2021.0,8.0,Narayanganj,Dhaka,72.55,35.9
2021.0,8.0,Narsingdi,Dhaka,168.23,83.3
2021.0,8.0,Netrakona,Dhaka,858.18,425.2
2021.0,8.0,Rajbari,Dhaka,252.72,125.2
2021.0,8.0,Shariatpur,Dhaka,212.05,105.1
2021.0,8.0,Sherpur,Dhaka,418.4,207.3
2021.0,8.0,Tangail,Dhaka,370.22,183.4
2021.0,8.0,Bagerhat,Khulna,1477.98,732.2
2021.0,8.0,Chuadanga,Khulna,607.97,301.2
2021.0,8.0,Jessore,Khulna,521.98,258.6
2021.0,8.0,Jhenaidah,Khulna,876.26,434.1
2021.0,8.0,Khulna,Khulna,1755.7,869.8
2021.0,8.0,Kushtia,Khulna,232.54,115.2
2021.0,8.0,Magura,Khulna,153.4,76.0
2021.0,8.0,Meherpur,Khulna,428.62,212.4
2021.0,8.0,Narail,Khulna,193.76,96.0
2021.0,8.0,Satkhira,Khulna,1630.02,807.6
2021.0,8.0,Habiganj,Sylhet,636.79,315.5
2021.0,8.0,Maulvibazar,Sylhet,403.39,199.9
2021.0,8.0,Sunamganj,Sylhet,2105.26,1043.0
2021.0,8.0,Sylhet,Sylhet,1018.79,504.7
2021.0,8.0,Bogra,Rajshahi,584.64,289.7
2021.0,8.0,Joypurhat,Rajshahi,762.1,377.6
2021.0,8.0,Naogaon,Rajshahi,502.6,249.0
2021.0,8.0,Natore,Rajshahi,347.76,172.3
2021.0,8.0,Nawabganj,Rajshahi,257.51,127.6
2021.0,8.0,Pabna,Rajshahi,453.33,224.6
2021.0,8.0,Rajshahi,Rajshahi,309.31,153.2
2021.0,8.0,Sirajganj,Rajshahi,614.1,304.2
2021.0,8.0,Dinajpur,Rangpur,2110.45,1045.6
2021.0,8.0,Gaibandha,Rangpur,326.55,161.8
2021.0,8.0,Kurigram,Rangpur,511.86,253.6
2021.0,8.0,Lalmonirhat,Rangpur,508.89,252.1
2021.0,8.0,Nilphamari,Rangpur,982.75,486.9
2021.0,8.0,Panchagarh,Rangpur,878.86,435.4
2021.0,8.0,Rangpur,Rangpur,1507.76,747.0
2021.0,8.0,Thakurgaon,Rangpur,1305.35,646.7
2021.0,8.0,Barguna,Barisal,240.0,118.9
2021.0,9.0,Barisal,Barisal,624.29,309.3
2021.0,9.0,Bhola,Barisal,717.71,355.6
2021.0,9.0,Jhalokati,Barisal,125.41,62.1
2021.0,9.0,Patuakhali,Barisal,319.66,158.4
2021.0,9.0,Pirojpur,Barisal,334.15,165.5
2021.0,9.0,Bandarban,Chittagong,3013.49,1493.0
2021.0,9.0,Brahamanbaria,Chittagong,446.14,221.0
2021.0,9.0,Chandpur,Chittagong,335.63,166.3
2021.0,9.0,Chittagong,Chittagong,1493.6,740.0
2021.0,9.0,Comilla,Chittagong,1053.35,521.9
2021.0,9.0,Cox's Bazar,Chittagong,185.32,91.8
2021.0,9.0,Feni,Chittagong,442.53,219.2
2021.0,9.0,Khagrachhari,Chittagong,658.47,326.2
2021.0,9.0,Lakshmipur,Chittagong,317.21,157.2
2021.0,9.0,Noakhali,Chittagong,196.85,97.5
2021.0,9.0,Rangamati,Chittagong,474.65,235.2
2021.0,9.0,Dhaka,Dhaka,140.35,69.5
2021.0,9.0,Faridpur,Dhaka,306.18,151.7
2021.0,9.0,Gazipur,Dhaka,159.82,79.2
2021.0,9.0,Gopalganj,Dhaka,572.35,283.6
2021.0,9.0,Jamalpur,Dhaka,199.49,98.8
2021.0,9.0,Kishoreganj,Dhaka,1164.44,576.9
2021.0,9.0,Madaripur,Dhaka,148.34,73.5
2021.0,9.0,Manikganj,Dhaka,334.02,165.5
2021.0,9.0,Munshiganj,Dhaka,142.68,70.7
2021.0,9.0,Mymensingh,Dhaka,2486.55,1231.9
2021.0,9.0,Narayanganj,Dhaka,73.0,36.2
2021.0,9.0,Narsingdi,Dhaka,131.52,65.2
2021.0,9.0,Netrakona,Dhaka,708.84,351.2
2021.0,9.0,Rajbari,Dhaka,201.96,100.1
2021.0,9.0,Shariatpur,Dhaka,233.07,115.5
2021.0,9.0,Sherpur,Dhaka,537.3,266.2
2021.0,9.0,Tangail,Dhaka,357.59,177.2
2021.0,9.0,Bagerhat,Khulna,1436.19,711.5
2021.0,9.0,Chuadanga,Khulna,532.63,263.9
2021.0,9.0,Jessore,Khulna,263.22,130.4
2021.0,9.0,Jhenaidah,Khulna,943.16,467.3
2021.0,9.0,Khulna,Khulna,1612.78,799.0
2021.0,9.0,Kushtia,Khulna,186.76,92.5
2021.0,9.0,Magura,Khulna,68.24,33.8
2021.0,9.0,Meherpur,Khulna,404.97,200.6
2021.0,9.0,Narail,Khulna,176.99,87.7
2021.0,9.0,Satkhira,Khulna,1498.94,742.6
2021.0,9.0,Habiganj,Sylhet,332.2,164.6
2021.0,9.0,Maulvibazar,Sylhet,261.77,129.7
2021.0,9.0,Sunamganj,Sylhet,1857.86,920.4
2021.0,9.0,Sylhet,Sylhet,483.56,239.6
2021.0,9.0,Bogra,Rajshahi,382.63,189.6
2021.0,9.0,Joypurhat,Rajshahi,797.88,395.3
2021.0,9.0,Naogaon,Rajshahi,1223.58,606.2
2021.0,9.0,Natore,Rajshahi,208.64,103.4
2021.0,9.0,Nawabganj,Rajshahi,214.27,106.2
2021.0,9.0,Pabna,Rajshahi,453.84,224.8
2021.0,9.0,Rajshahi,Rajshahi,285.99,141.7
2021.0,9.0,Sirajganj,Rajshahi,627.81,311.0
2021.0,9.0,Dinajpur,Rangpur,2790.05,1382.3
2021.0,9.0,Gaibandha,Rangpur,335.91,166.4
2021.0,9.0,Kurigram,Rangpur,510.51,252.9
2021.0,9.0,Lalmonirhat,Rangpur,373.16,184.9
2021.0,9.0,Nilphamari,Rangpur,1061.85,526.1
2021.0,9.0,Panchagarh,Rangpur,901.7,446.7
2021.0,9.0,Rangpur,Rangpur,1798.29,890.9
2021.0,9.0,Thakurgaon,Rangpur,1518.87,752.5
2021.0,9.0,Barguna,Barisal,288.34,142.9
2021.0,10.0,Barisal,Barisal,504.37,249.9
2021.0,10.0,Bhola,Barisal,737.33,365.3
2021.0,10.0,Jhalokati,Barisal,37.96,18.8
2021.0,10.0,Patuakhali,Barisal,235.63,116.7
2021.0,10.0,Pirojpur,Barisal,98.74,48.9
2021.0,10.0,Bandarban,Chittagong,2971.81,1472.3
2021.0,10.0,Brahamanbaria,Chittagong,329.52,163.3
2021.0,10.0,Chandpur,Chittagong,313.38,155.3
2021.0,10.0,Chittagong,Chittagong,1726.45,855.3
2021.0,10.0,Comilla,Chittagong,1235.92,612.3
2021.0,10.0,Cox's Bazar,Chittagong,278.56,138.0
2021.0,10.0,Feni,Chittagong,434.47,215.3
2021.0,10.0,Khagrachhari,Chittagong,1570.79,778.2
2021.0,10.0,Lakshmipur,Chittagong,316.98,157.0
2021.0,10.0,Noakhali,Chittagong,178.63,88.5
2021.0,10.0,Rangamati,Chittagong,491.72,243.6
2021.0,10.0,Dhaka,Dhaka,117.33,58.1
2021.0,10.0,Faridpur,Dhaka,196.43,97.3
2021.0,10.0,Gazipur,Dhaka,168.38,83.4
2021.0,10.0,Gopalganj,Dhaka,285.24,141.3
2021.0,10.0,Jamalpur,Dhaka,184.35,91.3
2021.0,10.0,Kishoreganj,Dhaka,874.34,433.2
2021.0,10.0,Madaripur,Dhaka,121.59,60.2
2021.0,10.0,Manikganj,Dhaka,235.87,116.9
2021.0,10.0,Munshiganj,Dhaka,132.81,65.8
2021.0,10.0,Mymensingh,Dhaka,2737.71,1356.4
2021.0,10.0,Narayanganj,Dhaka,63.82,31.6
2021.0,10.0,Narsingdi,Dhaka,95.37,47.2
2021.0,10.0,Netrakona,Dhaka,534.95,265.0
2021.0,10.0,Rajbari,Dhaka,158.47,78.5
2021.0,10.0,Shariatpur,Dhaka,195.65,96.9
2021.0,10.0,Sherpur,Dhaka,892.31,442.1
2021.0,10.0,Tangail,Dhaka,188.11,93.2
2021.0,10.0,Bagerhat,Khulna,1184.42,586.8
2021.0,10.0,Chuadanga,Khulna,594.14,294.4
2021.0,10.0,Jessore,Khulna,495.94,245.7
2021.0,10.0,Jhenaidah,Khulna,992.53,491.7
2021.0,10.0,Khulna,Khulna,988.87,489.9
2021.0,10.0,Kushtia,Khulna,157.26,77.9
2021.0,10.0,Magura,Khulna,85.36,42.3
2021.0,10.0,Meherpur,Khulna,379.02,187.8
2021.0,10.0,Narail,Khulna,160.94,79.7
2021.0,10.0,Satkhira,Khulna,1398.26,692.7
2021.0,10.0,Habiganj,Sylhet,261.47,129.5
2021.0,10.0,Maulvibazar,Sylhet,195.22,96.7
2021.0,10.0,Sunamganj,Sylhet,1557.37,771.6
2021.0,10.0,Sylhet,Sylhet,363.76,180.2
2021.0,10.0,Bogra,Rajshahi,318.07,157.6
2021.0,10.0,Joypurhat,Rajshahi,854.16,423.2
2021.0,10.0,Naogaon,Rajshahi,1391.39,689.3
2021.0,10.0,Natore,Rajshahi,171.57,85.0
2021.0,10.0,Nawabganj,Rajshahi,191.3,94.8
2021.0,10.0,Pabna,Rajshahi,306.01,151.6
2021.0,10.0,Rajshahi,Rajshahi,354.07,175.4
2021.0,10.0,Sirajganj,Rajshahi,472.26,234.0
2021.0,10.0,Dinajpur,Rangpur,2835.39,1404.7
2021.0,10.0,Gaibandha,Rangpur,283.35,140.4
2021.0,10.0,Kurigram,Rangpur,427.46,211.8
2021.0,10.0,Lalmonirhat,Rangpur,644.21,319.2
2021.0,10.0,Nilphamari,Rangpur,977.99,484.5
2021.0,10.0,Panchagarh,Rangpur,952.11,471.7
2021.0,10.0,Rangpur,Rangpur,1833.15,908.2
2021.0,10.0,Thakurgaon,Rangpur,1407.7,697.4
2021.0,10.0,Barguna,Barisal,161.32,79.9
2021.0,11.0,Barisal,Barisal,518.68,257.0
2021.0,11.0,Bhola,Barisal,694.34,344.0
2021.0,11.0,Jhalokati,Barisal,41.45,20.5
2021.0,11.0,Patuakhali,Barisal,229.32,113.6
2021.0,11.0,Pirojpur,Barisal,115.0,57.0
2021.0,11.0,Bandarban,Chittagong,2905.83,1439.6
2021.0,11.0,Brahamanbaria,Chittagong,180.46,89.4
2021.0,11.0,Chandpur,Chittagong,300.3,148.8
2021.0,11.0,Chittagong,Chittagong,1477.48,732.0
2021.0,11.0,Comilla,Chittagong,1348.59,668.1
2021.0,11.0,Cox's Bazar,Chittagong,292.86,145.1
2021.0,11.0,Feni,Chittagong,473.63,234.7
2021.0,11.0,Khagrachhari,Chittagong,1711.45,847.9
2021.0,11.0,Lakshmipur,Chittagong,305.34,151.3
2021.0,11.0,Noakhali,Chittagong,168.53,83.5
2021.0,11.0,Rangamati,Chittagong,482.12,238.9
2021.0,11.0,Dhaka,Dhaka,149.12,73.9
2021.0,11.0,Faridpur,Dhaka,131.33,65.1
2021.0,11.0,Gazipur,Dhaka,788.03,390.4
2021.0,11.0,Gopalganj,Dhaka,258.16,127.9
2021.0,11.0,Jamalpur,Dhaka,254.16,125.9
2021.0,11.0,Kishoreganj,Dhaka,344.05,170.5
2021.0,11.0,Madaripur,Dhaka,119.21,59.1
2021.0,11.0,Manikganj,Dhaka,199.3,98.7
2021.0,11.0,Munshiganj,Dhaka,120.89,59.9
2021.0,11.0,Mymensingh,Dhaka,2603.12,1289.7
2021.0,11.0,Narayanganj,Dhaka,53.17,26.3
2021.0,11.0,Narsingdi,Dhaka,69.01,34.2
2021.0,11.0,Netrakona,Dhaka,324.2,160.6
2021.0,11.0,Rajbari,Dhaka,129.33,64.1
2021.0,11.0,Shariatpur,Dhaka,182.17,90.3
2021.0,11.0,Sherpur,Dhaka,926.53,459.0
2021.0,11.0,Tangail,Dhaka,667.81,330.9
2021.0,11.0,Bagerhat,Khulna,1087.6,538.8
2021.0,11.0,Chuadanga,Khulna,533.02,264.1
2021.0,11.0,Jessore,Khulna,242.27,120.0
2021.0,11.0,Jhenaidah,Khulna,957.92,474.6
2021.0,11.0,Khulna,Khulna,1203.35,596.2
2021.0,11.0,Kushtia,Khulna,139.77,69.2
2021.0,11.0,Magura,Khulna,35.22,17.4
2021.0,11.0,Meherpur,Khulna,378.13,187.3
2021.0,11.0,Narail,Khulna,143.67,71.2
2021.0,11.0,Satkhira,Khulna,1410.16,698.6
2021.0,11.0,Habiganj,Sylhet,424.59,210.4
2021.0,11.0,Maulvibazar,Sylhet,150.88,74.8
2021.0,11.0,Sunamganj,Sylhet,1062.64,526.5
2021.0,11.0,Sylhet,Sylhet,393.46,194.9
2021.0,11.0,Bogra,Rajshahi,310.76,154.0
2021.0,11.0,Joypurhat,Rajshahi,807.23,399.9
2021.0,11.0,Naogaon,Rajshahi,1468.23,727.4
2021.0,11.0,Natore,Rajshahi,109.94,54.5
2021.0,11.0,Nawabganj,Rajshahi,163.3,80.9
2021.0,11.0,Pabna,Rajshahi,156.08,77.3
2021.0,11.0,Rajshahi,Rajshahi,209.98,104.0
2021.0,11.0,Sirajganj,Rajshahi,342.6,169.7
2021.0,11.0,Dinajpur,Rangpur,2658.26,1317.0
2021.0,11.0,Gaibandha,Rangpur,247.24,122.5
2021.0,11.0,Kurigram,Rangpur,371.47,184.0
2021.0,11.0,Lalmonirhat,Rangpur,581.07,287.9
2021.0,11.0,Nilphamari,Rangpur,895.56,443.7
2021.0,11.0,Panchagarh,Rangpur,756.28,374.7
2021.0,11.0,Rangpur,Rangpur,1723.73,854.0
2021.0,11.0,Thakurgaon,Rangpur,1492.92,739.6
2021.0,11.0,Barguna,Barisal,160.67,79.6
2021.0,12.0,Barisal,Barisal,481.18,238.4
2021.0,12.0,Bhola,Barisal,694.79,344.2
2021.0,12.0,Jhalokati,Barisal,36.79,18.2
2021.0,12.0,Patuakhali,Barisal,227.41,112.7
2021.0,12.0,Pirojpur,Barisal,112.73,55.9
2021.0,12.0,Bandarban,Chittagong,2379.67,1179.0
2021.0,12.0,Brahamanbaria,Chittagong,326.6,161.8
2021.0,12.0,Chandpur,Chittagong,281.34,139.4
2021.0,12.0,Chittagong,Chittagong,1001.83,496.3
2021.0,12.0,Comilla,Chittagong,823.6,408.0
2021.0,12.0,Cox's Bazar,Chittagong,710.96,352.2
2021.0,12.0,Feni,Chittagong,220.92,109.5
2021.0,12.0,Khagrachhari,Chittagong,1239.0,613.8
2021.0,12.0,Lakshmipur,Chittagong,304.3,150.8
2021.0,12.0,Noakhali,Chittagong,190.73,94.5
2021.0,12.0,Rangamati,Chittagong,463.26,229.5
2021.0,12.0,Dhaka,Dhaka,723.82,358.6
2021.0,12.0,Faridpur,Dhaka,117.47,58.2
2021.0,12.0,Gazipur,Dhaka,783.06,388.0
2021.0,12.0,Gopalganj,Dhaka,316.29,156.7
2021.0,12.0,Jamalpur,Dhaka,449.74,222.8
2021.0,12.0,Kishoreganj,Dhaka,179.47,88.9
2021.0,12.0,Madaripur,Dhaka,121.58,60.2
2021.0,12.0,Manikganj,Dhaka,189.03,93.7
2021.0,12.0,Munshiganj,Dhaka,106.21,52.6
2021.0,12.0,Mymensingh,Dhaka,2459.66,1218.6
2021.0,12.0,Narayanganj,Dhaka,241.88,119.8
2021.0,12.0,Narsingdi,Dhaka,60.86,30.2
2021.0,12.0,Netrakona,Dhaka,415.52,205.9
2021.0,12.0,Rajbari,Dhaka,123.54,61.2
2021.0,12.0,Shariatpur,Dhaka,158.95,78.7
2021.0,12.0,Sherpur,Dhaka,1057.27,523.8
2021.0,12.0,Tangail,Dhaka,1614.55,799.9
2021.0,12.0,Bagerhat,Khulna,952.33,471.8
2021.0,12.0,Chuadanga,Khulna,650.35,322.2
2021.0,12.0,Jessore,Khulna,264.03,130.8
2021.0,12.0,Jhenaidah,Khulna,721.28,357.3
2021.0,12.0,Khulna,Khulna,959.23,475.2
2021.0,12.0,Kushtia,Khulna,143.9,71.3
2021.0,12.0,Magura,Khulna,192.21,95.2
2021.0,12.0,Meherpur,Khulna,406.12,201.2
2021.0,12.0,Narail,Khulna,185.45,91.9
2021.0,12.0,Satkhira,Khulna,1256.89,622.7
2021.0,12.0,Habiganj,Sylhet,581.03,287.9
2021.0,12.0,Maulvibazar,Sylhet,205.88,102.0
2021.0,12.0,Sunamganj,Sylhet,630.69,312.5
2021.0,12.0,Sylhet,Sylhet,577.8,286.3
2021.0,12.0,Bogra,Rajshahi,462.64,229.2
2021.0,12.0,Joypurhat,Rajshahi,605.24,299.9
2021.0,12.0,Naogaon,Rajshahi,2185.04,1082.5
2021.0,12.0,Natore,Rajshahi,591.12,292.9
2021.0,12.0,Nawabganj,Rajshahi,237.41,117.6
2021.0,12.0,Pabna,Rajshahi,184.14,91.2
2021.0,12.0,Rajshahi,Rajshahi,367.52,182.1
2021.0,12.0,Sirajganj,Rajshahi,334.89,165.9
2021.0,12.0,Dinajpur,Rangpur,2591.63,1284.0
2021.0,12.0,Gaibandha,Rangpur,296.81,147.0
2021.0,12.0,Kurigram,Rangpur,416.41,206.3
2021.0,12.0,Lalmonirhat,Rangpur,671.96,332.9
2021.0,12.0,Nilphamari,Rangpur,980.6,485.8
2021.0,12.0,Panchagarh,Rangpur,800.48,396.6
2021.0,12.0,Rangpur,Rangpur,1753.46,868.7
2021.0,12.0,Thakurgaon,Rangpur,1168.75,579.0
2021.0,12.0,Barguna,Barisal,160.7,79.6
2022.0,1.0,Barisal,Barisal,441.93,218.9
2022.0,1.0,Bhola,Barisal,676.47,335.1
2022.0,1.0,Jhalokati,Barisal,35.47,17.6
2022.0,1.0,Patuakhali,Barisal,214.4,106.2
2022.0,1.0,Pirojpur,Barisal,96.05,47.6
2022.0,1.0,Bandarban,Chittagong,2440.93,1209.3
2022.0,1.0,Brahamanbaria,Chittagong,939.51,465.5
2022.0,1.0,Chandpur,Chittagong,266.95,132.3
2022.0,1.0,Chittagong,Chittagong,1909.3,945.9
2022.0,1.0,Comilla,Chittagong,1398.48,692.9
2022.0,1.0,Cox's Bazar,Chittagong,849.04,420.6
2022.0,1.0,Feni,Chittagong,405.19,200.7
2022.0,1.0,Khagrachhari,Chittagong,1390.8,689.0
2022.0,1.0,Lakshmipur,Chittagong,298.5,147.9
2022.0,1.0,Noakhali,Chittagong,159.99,79.3
2022.0,1.0,Rangamati,Chittagong,433.75,214.9
2022.0,1.0,Dhaka,Dhaka,758.58,375.8
2022.0,1.0,Faridpur,Dhaka,487.46,241.5
2022.0,1.0,Gazipur,Dhaka,870.94,431.5
2022.0,1.0,Gopalganj,Dhaka,614.69,304.5
2022.0,1.0,Jamalpur,Dhaka,203.59,100.9
2022.0,1.0,Kishoreganj,Dhaka,1256.9,622.7
2022.0,1.0,Madaripur,Dhaka,109.6,54.3
2022.0,1.0,Manikganj,Dhaka,188.08,93.2
2022.0,1.0,Munshiganj,Dhaka,98.85,49.0
2022.0,1.0,Mymensingh,Dhaka,2664.19,1319.9
2022.0,1.0,Narayanganj,Dhaka,309.72,153.4
2022.0,1.0,Narsingdi,Dhaka,58.6,29.0
2022.0,1.0,Netrakona,Dhaka,1659.48,822.2
2022.0,1.0,Rajbari,Dhaka,110.75,54.9
2022.0,1.0,Shariatpur,Dhaka,138.99,68.9
2022.0,1.0,Sherpur,Dhaka,995.73,493.3
2022.0,1.0,Tangail,Dhaka,1709.76,847.1
2022.0,1.0,Bagerhat,Khulna,764.49,378.8
2022.0,1.0,Chuadanga,Khulna,701.87,347.7
2022.0,1.0,Jessore,Khulna,576.23,285.5
2022.0,1.0,Jhenaidah,Khulna,754.69,373.9
2022.0,1.0,Khulna,Khulna,925.1,458.3
2022.0,1.0,Kushtia,Khulna,131.23,65.0
2022.0,1.0,Magura,Khulna,402.86,199.6
2022.0,1.0,Meherpur,Khulna,416.38,206.3
2022.0,1.0,Narail,Khulna,150.73,74.7
2022.0,1.0,Satkhira,Khulna,1029.24,509.9
2022.0,1.0,Habiganj,Sylhet,1551.49,768.7
2022.0,1.0,Maulvibazar,Sylhet,876.62,434.3
2022.0,1.0,Sunamganj,Sylhet,419.28,207.7
2022.0,1.0,Sylhet,Sylhet,1827.95,905.6
2022.0,1.0,Bogra,Rajshahi,198.51,98.3
2022.0,1.0,Joypurhat,Rajshahi,364.93,180.8
2022.0,1.0,Naogaon,Rajshahi,2012.42,997.0
2022.0,1.0,Natore,Rajshahi,1194.49,591.8
2022.0,1.0,Nawabganj,Rajshahi,658.73,326.4
2022.0,1.0,Pabna,Rajshahi,650.99,322.5
2022.0,1.0,Rajshahi,Rajshahi,582.0,288.3
2022.0,1.0,Sirajganj,Rajshahi,365.36,181.0
2022.0,1.0,Dinajpur,Rangpur,1076.3,533.2
2022.0,1.0,Gaibandha,Rangpur,172.33,85.4
2022.0,1.0,Kurigram,Rangpur,459.51,227.7
2022.0,1.0,Lalmonirhat,Rangpur,80.53,39.9
2022.0,1.0,Nilphamari,Rangpur,67.28,33.3
2022.0,1.0,Panchagarh,Rangpur,906.39,449.1
2022.0,1.0,Rangpur,Rangpur,190.34,94.3
2022.0,1.0,Thakurgaon,Rangpur,1106.14,548.0
2022.0,1.0,Barguna,Barisal,155.9,77.2
2022.0,2.0,Barisal,Barisal,417.75,207.0
2022.0,2.0,Bhola,Barisal,680.53,337.2
2022.0,2.0,Jhalokati,Barisal,35.17,17.4
2022.0,2.0,Patuakhali,Barisal,218.91,108.5
2022.0,2.0,Pirojpur,Barisal,90.84,45.0
2022.0,2.0,Bandarban,Chittagong,3372.33,1670.8
2022.0,2.0,Brahamanbaria,Chittagong,1196.84,593.0
2022.0,2.0,Chandpur,Chittagong,259.94,128.8
2022.0,2.0,Chittagong,Chittagong,1879.61,931.2
2022.0,2.0,Comilla,Chittagong,1705.71,845.1
2022.0,2.0,Cox's Bazar,Chittagong,877.47,434.7
2022.0,2.0,Feni,Chittagong,418.74,207.5
2022.0,2.0,Khagrachhari,Chittagong,1761.54,872.7
2022.0,2.0,Lakshmipur,Chittagong,300.07,148.7
2022.0,2.0,Noakhali,Chittagong,163.77,81.1
2022.0,2.0,Rangamati,Chittagong,382.11,189.3
2022.0,2.0,Dhaka,Dhaka,768.88,380.9
2022.0,2.0,Faridpur,Dhaka,624.84,309.6
2022.0,2.0,Gazipur,Dhaka,927.89,459.7
2022.0,2.0,Gopalganj,Dhaka,752.84,373.0
2022.0,2.0,Jamalpur,Dhaka,801.17,396.9
2022.0,2.0,Kishoreganj,Dhaka,1630.47,807.8
2022.0,2.0,Madaripur,Dhaka,94.45,46.8
2022.0,2.0,Manikganj,Dhaka,171.96,85.2
2022.0,2.0,Munshiganj,Dhaka,97.35,48.2
2022.0,2.0,Mymensingh,Dhaka,2659.53,1317.6
2022.0,2.0,Narayanganj,Dhaka,384.3,190.4
2022.0,2.0,Narsingdi,Dhaka,66.49,32.9
2022.0,2.0,Netrakona,Dhaka,1916.09,949.3
2022.0,2.0,Rajbari,Dhaka,98.11,48.6
2022.0,2.0,Shariatpur,Dhaka,130.6,64.7
2022.0,2.0,Sherpur,Dhaka,827.65,410.0
2022.0,2.0,Tangail,Dhaka,1611.72,798.5
2022.0,2.0,Bagerhat,Khulna,640.45,317.3
2022.0,2.0,Chuadanga,Khulna,711.42,352.5
2022.0,2.0,Jessore,Khulna,946.57,469.0
2022.0,2.0,Jhenaidah,Khulna,1060.41,525.4
2022.0,2.0,Khulna,Khulna,587.26,290.9
2022.0,2.0,Kushtia,Khulna,200.38,99.3
2022.0,2.0,Magura,Khulna,669.22,331.6
2022.0,2.0,Meherpur,Khulna,369.97,183.3
2022.0,2.0,Narail,Khulna,80.68,40.0
2022.0,2.0,Satkhira,Khulna,866.27,429.2
2022.0,2.0,Habiganj,Sylhet,1257.05,622.8
2022.0,2.0,Maulvibazar,Sylhet,1138.03,563.8
2022.0,2.0,Sunamganj,Sylhet,1117.83,553.8
2022.0,2.0,Sylhet,Sylhet,1561.24,773.5
2022.0,2.0,Bogra,Rajshahi,1414.15,700.6
2022.0,2.0,Joypurhat,Rajshahi,465.43,230.6
2022.0,2.0,Naogaon,Rajshahi,2646.99,1311.4
2022.0,2.0,Natore,Rajshahi,1375.8,681.6
2022.0,2.0,Nawabganj,Rajshahi,808.48,400.5
2022.0,2.0,Pabna,Rajshahi,975.58,483.3
2022.0,2.0,Rajshahi,Rajshahi,1197.78,593.4
2022.0,2.0,Sirajganj,Rajshahi,261.92,129.8
2022.0,2.0,Dinajpur,Rangpur,1448.7,717.7
2022.0,2.0,Gaibandha,Rangpur,342.61,169.7
2022.0,2.0,Kurigram,Rangpur,368.92,182.8
2022.0,2.0,Lalmonirhat,Rangpur,458.85,227.3
2022.0,2.0,Nilphamari,Rangpur,712.56,353.0
2022.0,2.0,Panchagarh,Rangpur,877.46,434.7
2022.0,2.0,Rangpur,Rangpur,949.36,470.3
2022.0,2.0,Thakurgaon,Rangpur,961.31,476.3
2022.0,2.0,Barguna,Barisal,156.45,77.5
2022.0,3.0,Barisal,Barisal,448.0,222.0
2022.0,3.0,Bhola,Barisal,690.32,342.0
2022.0,3.0,Jhalokati,Barisal,34.14,16.9
2022.0,3.0,Patuakhali,Barisal,223.44,110.7
2022.0,3.0,Pirojpur,Barisal,91.58,45.4
2022.0,3.0,Bandarban,Chittagong,3328.22,1648.9
2022.0,3.0,Brahamanbaria,Chittagong,1135.35,562.5
2022.0,3.0,Chandpur,Chittagong,274.99,136.2
2022.0,3.0,Chittagong,Chittagong,2381.14,1179.7
2022.0,3.0,Comilla,Chittagong,1957.53,969.8
2022.0,3.0,Cox's Bazar,Chittagong,791.6,392.2
2022.0,3.0,Feni,Chittagong,512.36,253.8
2022.0,3.0,Khagrachhari,Chittagong,1920.55,951.5
2022.0,3.0,Lakshmipur,Chittagong,308.37,152.8
2022.0,3.0,Noakhali,Chittagong,158.64,78.6
2022.0,3.0,Rangamati,Chittagong,347.35,172.1
2022.0,3.0,Dhaka,Dhaka,813.35,403.0
2022.0,3.0,Faridpur,Dhaka,999.47,495.2
2022.0,3.0,Gazipur,Dhaka,952.99,472.1
2022.0,3.0,Gopalganj,Dhaka,924.37,458.0
2022.0,3.0,Jamalpur,Dhaka,275.99,136.7
2022.0,3.0,Kishoreganj,Dhaka,1695.39,840.0
2022.0,3.0,Madaripur,Dhaka,89.18,44.2
2022.0,3.0,Manikganj,Dhaka,196.19,97.2
2022.0,3.0,Munshiganj,Dhaka,89.05,44.1
2022.0,3.0,Mymensingh,Dhaka,2510.75,1243.9
2022.0,3.0,Narayanganj,Dhaka,406.42,201.4
2022.0,3.0,Narsingdi,Dhaka,158.82,78.7
2022.0,3.0,Netrakona,Dhaka,1875.18,929.0
2022.0,3.0,Rajbari,Dhaka,108.8,53.9
2022.0,3.0,Shariatpur,Dhaka,141.17,69.9
2022.0,3.0,Sherpur,Dhaka,966.59,478.9
2022.0,3.0,Tangail,Dhaka,1779.52,881.6
2022.0,3.0,Bagerhat,Khulna,687.29,340.5
2022.0,3.0,Chuadanga,Khulna,713.25,353.4
2022.0,3.0,Jessore,Khulna,281.94,139.7
2022.0,3.0,Jhenaidah,Khulna,1170.65,580.0
2022.0,3.0,Khulna,Khulna,574.05,284.4
2022.0,3.0,Kushtia,Khulna,140.51,69.6
2022.0,3.0,Magura,Khulna,596.36,295.5
2022.0,3.0,Meherpur,Khulna,435.0,215.5
2022.0,3.0,Narail,Khulna,42.83,21.2
2022.0,3.0,Satkhira,Khulna,1012.21,501.5
2022.0,3.0,Habiganj,Sylhet,1930.11,956.2
2022.0,3.0,Maulvibazar,Sylhet,1228.29,608.5
2022.0,3.0,Sunamganj,Sylhet,2446.24,1211.9
2022.0,3.0,Sylhet,Sylhet,2286.76,1132.9
2022.0,3.0,Bogra,Rajshahi,1411.4,699.3
2022.0,3.0,Joypurhat,Rajshahi,859.49,425.8
2022.0,3.0,Naogaon,Rajshahi,2932.7,1453.0
2022.0,3.0,Natore,Rajshahi,1366.59,677.1
2022.0,3.0,Nawabganj,Rajshahi,477.86,236.7
2022.0,3.0,Pabna,Rajshahi,1289.52,638.9
2022.0,3.0,Rajshahi,Rajshahi,265.33,131.5
2022.0,3.0,Sirajganj,Rajshahi,338.81,167.9
2022.0,3.0,Dinajpur,Rangpur,2583.62,1280.0
2022.0,3.0,Gaibandha,Rangpur,316.58,156.8
2022.0,3.0,Kurigram,Rangpur,518.41,256.8
2022.0,3.0,Lalmonirhat,Rangpur,332.86,164.9
2022.0,3.0,Nilphamari,Rangpur,1075.18,532.7
2022.0,3.0,Panchagarh,Rangpur,778.14,385.5
2022.0,3.0,Rangpur,Rangpur,1906.1,944.3
2022.0,3.0,Thakurgaon,Rangpur,1180.93,585.1
2022.0,3.0,Barguna,Barisal,155.0,76.8
2022.0,4.0,Barisal,Barisal,428.26,212.2
2022.0,4.0,Bhola,Barisal,693.22,343.4
2022.0,4.0,Jhalokati,Barisal,35.48,17.6
2022.0,4.0,Patuakhali,Barisal,245.38,121.6
2022.0,4.0,Pirojpur,Barisal,95.65,47.4
2022.0,4.0,Bandarban,Chittagong,3141.77,1556.5
2022.0,4.0,Brahamanbaria,Chittagong,1283.19,635.7
2022.0,4.0,Chandpur,Chittagong,278.74,138.1
2022.0,4.0,Chittagong,Chittagong,2262.17,1120.8
2022.0,4.0,Comilla,Chittagong,1888.59,935.7
2022.0,4.0,Cox's Bazar,Chittagong,872.75,432.4
2022.0,4.0,Feni,Chittagong,540.43,267.7
2022.0,4.0,Khagrachhari,Chittagong,1942.35,962.3
2022.0,4.0,Lakshmipur,Chittagong,305.24,151.2
2022.0,4.0,Noakhali,Chittagong,164.83,81.7
2022.0,4.0,Rangamati,Chittagong,370.45,183.5
2022.0,4.0,Dhaka,Dhaka,894.59,443.2
2022.0,4.0,Faridpur,Dhaka,638.68,316.4
2022.0,4.0,Gazipur,Dhaka,1040.68,515.6
2022.0,4.0,Gopalganj,Dhaka,1028.92,509.8
2022.0,4.0,Jamalpur,Dhaka,1135.54,562.6
2022.0,4.0,Kishoreganj,Dhaka,1256.08,622.3
2022.0,4.0,Madaripur,Dhaka,95.49,47.3
2022.0,4.0,Manikganj,Dhaka,192.54,95.4
2022.0,4.0,Munshiganj,Dhaka,105.2,52.1
2022.0,4.0,Mymensingh,Dhaka,2546.2,1261.5
2022.0,4.0,Narayanganj,Dhaka,431.54,213.8
2022.0,4.0,Narsingdi,Dhaka,471.95,233.8
2022.0,4.0,Netrakona,Dhaka,1565.52,775.6
2022.0,4.0,Rajbari,Dhaka,125.13,62.0
2022.0,4.0,Shariatpur,Dhaka,139.48,69.1
2022.0,4.0,Sherpur,Dhaka,1037.1,513.8
2022.0,4.0,Tangail,Dhaka,1758.39,871.2
2022.0,4.0,Bagerhat,Khulna,1201.95,595.5
2022.0,4.0,Chuadanga,Khulna,651.8,322.9
2022.0,4.0,Jessore,Khulna,1333.69,660.8
2022.0,4.0,Jhenaidah,Khulna,1336.84,662.3
2022.0,4.0,Khulna,Khulna,696.08,344.9
2022.0,4.0,Kushtia,Khulna,154.93,76.8
2022.0,4.0,Magura,Khulna,738.68,366.0
2022.0,4.0,Meherpur,Khulna,475.62,235.6
2022.0,4.0,Narail,Khulna,100.61,49.8
2022.0,4.0,Satkhira,Khulna,1233.89,611.3
2022.0,4.0,Habiganj,Sylhet,1917.81,950.1
2022.0,4.0,Maulvibazar,Sylhet,1106.33,548.1
2022.0,4.0,Sunamganj,Sylhet,1117.18,553.5
2022.0,4.0,Sylhet,Sylhet,1133.82,561.7
2022.0,4.0,Bogra,Rajshahi,1569.36,777.5
2022.0,4.0,Joypurhat,Rajshahi,832.83,412.6
2022.0,4.0,Naogaon,Rajshahi,3029.48,1500.9
2022.0,4.0,Natore,Rajshahi,1360.48,674.0
2022.0,4.0,Nawabganj,Rajshahi,896.68,444.2
2022.0,4.0,Pabna,Rajshahi,1406.35,696.8
2022.0,4.0,Rajshahi,Rajshahi,1173.84,581.6
2022.0,4.0,Sirajganj,Rajshahi,320.62,158.8
2022.0,4.0,Dinajpur,Rangpur,2705.19,1340.2
2022.0,4.0,Gaibandha,Rangpur,248.78,123.3
2022.0,4.0,Kurigram,Rangpur,370.78,183.7
2022.0,4.0,Lalmonirhat,Rangpur,397.82,197.1
2022.0,4.0,Nilphamari,Rangpur,955.54,473.4
2022.0,4.0,Panchagarh,Rangpur,590.46,292.5
2022.0,4.0,Rangpur,Rangpur,1797.59,890.6
2022.0,4.0,Thakurgaon,Rangpur,1017.17,503.9
2022.0,4.0,Barguna,Barisal,159.6,79.1
2022.0,5.0,Barisal,Barisal,509.38,252.4
2022.0,5.0,Bhola,Barisal,720.82,357.1
2022.0,5.0,Jhalokati,Barisal,58.45,29.0
2022.0,5.0,Patuakhali,Barisal,270.76,134.1
2022.0,5.0,Pirojpur,Barisal,119.09,59.0
2022.0,5.0,Bandarban,Chittagong,2675.88,1325.7
2022.0,5.0,Brahamanbaria,Chittagong,254.11,125.9
2022.0,5.0,Chandpur,Chittagong,300.68,149.0
2022.0,5.0,Chittagong,Chittagong,1135.16,562.4
2022.0,5.0,Comilla,Chittagong,1521.51,753.8
2022.0,5.0,Cox's Bazar,Chittagong,458.26,227.0
2022.0,5.0,Feni,Chittagong,459.44,227.6
2022.0,5.0,Khagrachhari,Chittagong,1331.98,659.9
2022.0,5.0,Lakshmipur,Chittagong,313.54,155.3
2022.0,5.0,Noakhali,Chittagong,167.48,83.0
2022.0,5.0,Rangamati,Chittagong,295.18,146.2
2022.0,5.0,Dhaka,Dhaka,833.67,413.0
2022.0,5.0,Faridpur,Dhaka,118.08,58.5
2022.0,5.0,Gazipur,Dhaka,914.21,452.9
2022.0,5.0,Gopalganj,Dhaka,709.18,351.4
2022.0,5.0,Jamalpur,Dhaka,134.6,66.7
2022.0,5.0,Kishoreganj,Dhaka,618.42,306.4
2022.0,5.0,Madaripur,Dhaka,99.39,49.2
2022.0,5.0,Manikganj,Dhaka,194.24,96.2
2022.0,5.0,Munshiganj,Dhaka,109.89,54.4
2022.0,5.0,Mymensingh,Dhaka,2076.56,1028.8
2022.0,5.0,Narayanganj,Dhaka,83.32,41.3
2022.0,5.0,Narsingdi,Dhaka,84.72,42.0
2022.0,5.0,Netrakona,Dhaka,898.92,445.4
2022.0,5.0,Rajbari,Dhaka,123.32,61.1
2022.0,5.0,Shariatpur,Dhaka,161.64,80.1
2022.0,5.0,Sherpur,Dhaka,815.41,404.0
2022.0,5.0,Tangail,Dhaka,814.38,403.5
2022.0,5.0,Bagerhat,Khulna,1162.96,576.2
2022.0,5.0,Chuadanga,Khulna,826.04,409.2
2022.0,5.0,Jessore,Khulna,525.42,260.3
2022.0,5.0,Jhenaidah,Khulna,1040.1,515.3
2022.0,5.0,Khulna,Khulna,596.73,295.6
2022.0,5.0,Kushtia,Khulna,127.45,63.1
2022.0,5.0,Magura,Khulna,182.85,90.6
2022.0,5.0,Meherpur,Khulna,497.33,246.4
2022.0,5.0,Narail,Khulna,42.7,21.2
2022.0,5.0,Satkhira,Khulna,995.01,493.0
2022.0,5.0,Habiganj,Sylhet,855.57,423.9
2022.0,5.0,Maulvibazar,Sylhet,369.16,182.9
2022.0,5.0,Sunamganj,Sylhet,1707.18,845.8
2022.0,5.0,Sylhet,Sylhet,1553.51,769.7
2022.0,5.0,Bogra,Rajshahi,185.13,91.7
2022.0,5.0,Joypurhat,Rajshahi,752.8,373.0
2022.0,5.0,Naogaon,Rajshahi,1761.13,872.5
2022.0,5.0,Natore,Rajshahi,1077.2,533.7
2022.0,5.0,Nawabganj,Rajshahi,184.43,91.4
2022.0,5.0,Pabna,Rajshahi,166.95,82.7
2022.0,5.0,Rajshahi,Rajshahi,293.95,145.6
2022.0,5.0,Sirajganj,Rajshahi,332.09,164.5
2022.0,5.0,Dinajpur,Rangpur,1778.36,881.1
2022.0,5.0,Gaibandha,Rangpur,274.35,135.9
2022.0,5.0,Kurigram,Rangpur,434.71,215.4
2022.0,5.0,Lalmonirhat,Rangpur,121.93,60.4
2022.0,5.0,Nilphamari,Rangpur,758.37,375.7
2022.0,5.0,Panchagarh,Rangpur,747.29,370.2
2022.0,5.0,Rangpur,Rangpur,1404.02,695.6
2022.0,5.0,Thakurgaon,Rangpur,1013.13,501.9
2022.0,5.0,Barguna,Barisal,174.63,86.5
2022.0,6.0,Barisal,Barisal,510.33,252.8
2022.0,6.0,Bhola,Barisal,696.97,345.3
2022.0,6.0,Jhalokati,Barisal,71.61,35.5
2022.0,6.0,Patuakhali,Barisal,303.21,150.2
2022.0,6.0,Pirojpur,Barisal,142.71,70.7
2022.0,6.0,Bandarban,Chittagong,2784.43,1379.5
2022.0,6.0,Brahamanbaria,Chittagong,876.18,434.1
2022.0,6.0,Chandpur,Chittagong,337.59,167.3
2022.0,6.0,Chittagong,Chittagong,1584.06,784.8
2022.0,6.0,Comilla,Chittagong,1088.86,539.5
2022.0,6.0,Cox's Bazar,Chittagong,392.84,194.6
2022.0,6.0,Feni,Chittagong,386.85,191.7
2022.0,6.0,Khagrachhari,Chittagong,1429.98,708.5
2022.0,6.0,Lakshmipur,Chittagong,308.18,152.7
2022.0,6.0,Noakhali,Chittagong,254.93,126.3
2022.0,6.0,Rangamati,Chittagong,357.22,177.0
2022.0,6.0,Dhaka,Dhaka,536.85,266.0
2022.0,6.0,Faridpur,Dhaka,161.67,80.1
2022.0,6.0,Gazipur,Dhaka,354.53,175.6
2022.0,6.0,Gopalganj,Dhaka,556.68,275.8
2022.0,6.0,Jamalpur,Dhaka,340.62,168.8
2022.0,6.0,Kishoreganj,Dhaka,1543.82,764.9
2022.0,6.0,Madaripur,Dhaka,186.24,92.3
2022.0,6.0,Manikganj,Dhaka,237.14,117.5
2022.0,6.0,Munshiganj,Dhaka,159.51,79.0
2022.0,6.0,Mymensingh,Dhaka,1503.81,745.0
2022.0,6.0,Narayanganj,Dhaka,77.54,38.4
2022.0,6.0,Narsingdi,Dhaka,202.03,100.1
2022.0,6.0,Netrakona,Dhaka,1541.6,763.8
2022.0,6.0,Rajbari,Dhaka,143.51,71.1
2022.0,6.0,Shariatpur,Dhaka,193.03,95.6
2022.0,6.0,Sherpur,Dhaka,387.99,192.2
2022.0,6.0,Tangail,Dhaka,506.65,251.0
2022.0,6.0,Bagerhat,Khulna,1370.17,678.8
2022.0,6.0,Chuadanga,Khulna,732.54,362.9
2022.0,6.0,Jessore,Khulna,302.75,150.0
2022.0,6.0,Jhenaidah,Khulna,1211.59,600.3
2022.0,6.0,Khulna,Khulna,1018.25,504.5
2022.0,6.0,Kushtia,Khulna,133.58,66.2
2022.0,6.0,Magura,Khulna,216.46,107.2
2022.0,6.0,Meherpur,Khulna,443.65,219.8
2022.0,6.0,Narail,Khulna,84.1,41.7
2022.0,6.0,Satkhira,Khulna,1193.38,591.2
2022.0,6.0,Habiganj,Sylhet,1326.08,657.0
2022.0,6.0,Maulvibazar,Sylhet,670.04,332.0
2022.0,6.0,Sunamganj,Sylhet,2909.21,1441.3
2022.0,6.0,Sylhet,Sylhet,1983.7,982.8
2022.0,6.0,Bogra,Rajshahi,257.28,127.5
2022.0,6.0,Joypurhat,Rajshahi,689.33,341.5
2022.0,6.0,Naogaon,Rajshahi,1329.3,658.6
2022.0,6.0,Natore,Rajshahi,286.61,142.0
2022.0,6.0,Nawabganj,Rajshahi,157.3,77.9
2022.0,6.0,Pabna,Rajshahi,217.69,107.9
2022.0,6.0,Rajshahi,Rajshahi,233.0,115.4
2022.0,6.0,Sirajganj,Rajshahi,588.7,291.7
2022.0,6.0,Dinajpur,Rangpur,2154.7,1067.5
2022.0,6.0,Gaibandha,Rangpur,439.97,218.0
2022.0,6.0,Kurigram,Rangpur,727.04,360.2
2022.0,6.0,Lalmonirhat,Rangpur,174.52,86.5
2022.0,6.0,Nilphamari,Rangpur,821.97,407.2
2022.0,6.0,Panchagarh,Rangpur,833.41,412.9
2022.0,6.0,Rangpur,Rangpur,1328.14,658.0
2022.0,6.0,Thakurgaon,Rangpur,1021.94,506.3
2022.0,6.0,Barguna,Barisal,182.96,90.6
2022.0,7.0,Barisal,Barisal,587.52,291.1
2022.0,7.0,Bhola,Barisal,730.87,362.1
2022.0,7.0,Jhalokati,Barisal,188.23,93.3
2022.0,7.0,Patuakhali,Barisal,455.18,225.5
2022.0,7.0,Pirojpur,Barisal,300.0,148.6
2022.0,7.0,Bandarban,Chittagong,2865.69,1419.8
2022.0,7.0,Brahamanbaria,Chittagong,742.74,368.0
2022.0,7.0,Chandpur,Chittagong,327.69,162.3
2022.0,7.0,Chittagong,Chittagong,1924.91,953.7
2022.0,7.0,Comilla,Chittagong,589.3,292.0
2022.0,7.0,Cox's Bazar,Chittagong,378.34,187.4
2022.0,7.0,Feni,Chittagong,356.18,176.5
2022.0,7.0,Khagrachhari,Chittagong,1739.13,861.6
2022.0,7.0,Lakshmipur,Chittagong,321.07,159.1
2022.0,7.0,Noakhali,Chittagong,291.42,144.4
2022.0,7.0,Rangamati,Chittagong,379.07,187.8
2022.0,7.0,Dhaka,Dhaka,156.27,77.4
2022.0,7.0,Faridpur,Dhaka,193.72,96.0
2022.0,7.0,Gazipur,Dhaka,206.71,102.4
2022.0,7.0,Gopalganj,Dhaka,654.19,324.1
2022.0,7.0,Jamalpur,Dhaka,171.11,84.8
2022.0,7.0,Kishoreganj,Dhaka,1368.38,677.9
2022.0,7.0,Madaripur,Dhaka,152.28,75.4
2022.0,7.0,Manikganj,Dhaka,259.31,128.5
2022.0,7.0,Munshiganj,Dhaka,158.08,78.3
2022.0,7.0,Mymensingh,Dhaka,1076.05,533.1
2022.0,7.0,Narayanganj,Dhaka,78.98,39.1
2022.0,7.0,Narsingdi,Dhaka,191.18,94.7
2022.0,7.0,Netrakona,Dhaka,959.31,475.3
2022.0,7.0,Rajbari,Dhaka,141.66,70.2
2022.0,7.0,Shariatpur,Dhaka,217.68,107.8
2022.0,7.0,Sherpur,Dhaka,177.11,87.7
2022.0,7.0,Tangail,Dhaka,460.07,227.9
2022.0,7.0,Bagerhat,Khulna,1368.19,677.8
2022.0,7.0,Chuadanga,Khulna,837.23,414.8
2022.0,7.0,Jessore,Khulna,244.84,121.3
2022.0,7.0,Jhenaidah,Khulna,513.19,254.3
2022.0,7.0,Khulna,Khulna,1468.46,727.5
2022.0,7.0,Kushtia,Khulna,143.4,71.0
2022.0,7.0,Magura,Khulna,226.78,112.4
2022.0,7.0,Meherpur,Khulna,465.34,230.5
2022.0,7.0,Narail,Khulna,117.37,58.1
2022.0,7.0,Satkhira,Khulna,1270.7,629.5
2022.0,7.0,Habiganj,Sylhet,1310.46,649.2
2022.0,7.0,Maulvibazar,Sylhet,782.09,387.5
2022.0,7.0,Sunamganj,Sylhet,2547.79,1262.3
2022.0,7.0,Sylhet,Sylhet,1518.79,752.5
2022.0,7.0,Bogra,Rajshahi,254.54,126.1
2022.0,7.0,Joypurhat,Rajshahi,83.32,41.3
2022.0,7.0,Naogaon,Rajshahi,415.2,205.7
2022.0,7.0,Natore,Rajshahi,254.81,126.2
2022.0,7.0,Nawabganj,Rajshahi,153.26,75.9
2022.0,7.0,Pabna,Rajshahi,293.07,145.2
2022.0,7.0,Rajshahi,Rajshahi,376.73,186.6
2022.0,7.0,Sirajganj,Rajshahi,560.38,277.6
2022.0,7.0,Dinajpur,Rangpur,654.72,324.4
2022.0,7.0,Gaibandha,Rangpur,317.49,157.3
2022.0,7.0,Kurigram,Rangpur,478.98,237.3
2022.0,7.0,Lalmonirhat,Rangpur,258.73,128.2
2022.0,7.0,Nilphamari,Rangpur,456.43,226.1
2022.0,7.0,Panchagarh,Rangpur,456.45,226.1
2022.0,7.0,Rangpur,Rangpur,1249.29,618.9
2022.0,7.0,Thakurgaon,Rangpur,505.92,250.6
2022.0,7.0,Barguna,Barisal,187.66,93.0
2022.0,8.0,Barisal,Barisal,607.22,300.8
2022.0,8.0,Bhola,Barisal,680.95,337.4
2022.0,8.0,Jhalokati,Barisal,204.86,101.5
2022.0,8.0,Patuakhali,Barisal,721.74,357.6
2022.0,8.0,Pirojpur,Barisal,376.61,186.6
2022.0,8.0,Bandarban,Chittagong,2975.75,1474.3
2022.0,8.0,Brahamanbaria,Chittagong,493.82,244.7
2022.0,8.0,Chandpur,Chittagong,321.98,159.5
2022.0,8.0,Chittagong,Chittagong,2088.28,1034.6
2022.0,8.0,Comilla,Chittagong,528.19,261.7
2022.0,8.0,Cox's Bazar,Chittagong,429.25,212.7
2022.0,8.0,Feni,Chittagong,320.9,159.0
2022.0,8.0,Khagrachhari,Chittagong,1632.79,808.9
2022.0,8.0,Lakshmipur,Chittagong,318.89,158.0
2022.0,8.0,Noakhali,Chittagong,341.66,169.3
2022.0,8.0,Rangamati,Chittagong,449.66,222.8
2022.0,8.0,Dhaka,Dhaka,133.44,66.1
2022.0,8.0,Faridpur,Dhaka,230.19,114.0
2022.0,8.0,Gazipur,Dhaka,266.38,132.0
2022.0,8.0,Gopalganj,Dhaka,434.42,215.2
2022.0,8.0,Jamalpur,Dhaka,147.91,73.3
2022.0,8.0,Kishoreganj,Dhaka,1093.58,541.8
2022.0,8.0,Madaripur,Dhaka,133.51,66.1
2022.0,8.0,Manikganj,Dhaka,258.03,127.8
2022.0,8.0,Munshiganj,Dhaka,137.31,68.0
2022.0,8.0,Mymensingh,Dhaka,1693.3,838.9
2022.0,8.0,Narayanganj,Dhaka,76.36,37.8
2022.0,8.0,Narsingdi,Dhaka,161.87,80.2
2022.0,8.0,Netrakona,Dhaka,643.34,318.7
2022.0,8.0,Rajbari,Dhaka,167.38,82.9
2022.0,8.0,Shariatpur,Dhaka,202.75,100.4
2022.0,8.0,Sherpur,Dhaka,342.01,169.4
2022.0,8.0,Tangail,Dhaka,336.28,166.6
2022.0,8.0,Bagerhat,Khulna,1451.76,719.3
2022.0,8.0,Chuadanga,Khulna,670.59,332.2
2022.0,8.0,Jessore,Khulna,465.93,230.8
2022.0,8.0,Jhenaidah,Khulna,903.25,447.5
2022.0,8.0,Khulna,Khulna,1655.15,820.0
2022.0,8.0,Kushtia,Khulna,152.93,75.8
2022.0,8.0,Magura,Khulna,95.24,47.2
2022.0,8.0,Meherpur,Khulna,409.42,202.8
2022.0,8.0,Narail,Khulna,100.92,50.0
2022.0,8.0,Satkhira,Khulna,1445.38,716.1
2022.0,8.0,Habiganj,Sylhet,844.36,418.3
2022.0,8.0,Maulvibazar,Sylhet,498.58,247.0
2022.0,8.0,Sunamganj,Sylhet,2098.98,1039.9
2022.0,8.0,Sylhet,Sylhet,793.44,393.1
2022.0,8.0,Bogra,Rajshahi,579.22,287.0
2022.0,8.0,Joypurhat,Rajshahi,769.17,381.1
2022.0,8.0,Naogaon,Rajshahi,421.74,208.9
2022.0,8.0,Natore,Rajshahi,276.94,137.2
2022.0,8.0,Nawabganj,Rajshahi,156.82,77.7
2022.0,8.0,Pabna,Rajshahi,380.75,188.6
2022.0,8.0,Rajshahi,Rajshahi,220.15,109.1
2022.0,8.0,Sirajganj,Rajshahi,502.5,249.0
2022.0,8.0,Dinajpur,Rangpur,2346.74,1162.7
2022.0,8.0,Gaibandha,Rangpur,281.06,139.2
2022.0,8.0,Kurigram,Rangpur,461.19,228.5
2022.0,8.0,Lalmonirhat,Rangpur,448.77,222.3
2022.0,8.0,Nilphamari,Rangpur,992.85,491.9
2022.0,8.0,Panchagarh,Rangpur,887.35,439.6
2022.0,8.0,Rangpur,Rangpur,1498.5,742.4
2022.0,8.0,Thakurgaon,Rangpur,1367.02,677.3
2022.0,8.0,Barguna,Barisal,350.0,173.4
2022.0,9.0,Barisal,Barisal,587.82,291.2
2022.0,9.0,Bhola,Barisal,765.82,379.4
2022.0,9.0,Jhalokati,Barisal,179.69,89.0
2022.0,9.0,Patuakhali,Barisal,411.81,204.0
2022.0,9.0,Pirojpur,Barisal,345.98,171.4
2022.0,9.0,Bandarban,Chittagong,3031.35,1501.8
2022.0,9.0,Brahamanbaria,Chittagong,443.62,219.8
2022.0,9.0,Chandpur,Chittagong,327.15,162.1
2022.0,9.0,Chittagong,Chittagong,1546.41,766.1
2022.0,9.0,Comilla,Chittagong,1126.44,558.1
2022.0,9.0,Cox's Bazar,Chittagong,169.5,84.0
2022.0,9.0,Feni,Chittagong,442.85,219.4
2022.0,9.0,Khagrachhari,Chittagong,851.06,421.6
2022.0,9.0,Lakshmipur,Chittagong,334.78,165.9
2022.0,9.0,Noakhali,Chittagong,219.43,108.7
2022.0,9.0,Rangamati,Chittagong,410.65,203.4
2022.0,9.0,Dhaka,Dhaka,116.71,57.8
2022.0,9.0,Faridpur,Dhaka,217.28,107.6
2022.0,9.0,Gazipur,Dhaka,138.46,68.6
2022.0,9.0,Gopalganj,Dhaka,423.53,209.8
2022.0,9.0,Jamalpur,Dhaka,160.58,79.6
2022.0,9.0,Kishoreganj,Dhaka,1193.18,591.1
2022.0,9.0,Madaripur,Dhaka,118.41,58.7
2022.0,9.0,Manikganj,Dhaka,254.71,126.2
2022.0,9.0,Munshiganj,Dhaka,140.84,69.8
2022.0,9.0,Mymensingh,Dhaka,2422.41,1200.1
2022.0,9.0,Narayanganj,Dhaka,72.95,36.1
2022.0,9.0,Narsingdi,Dhaka,148.9,73.8
2022.0,9.0,Netrakona,Dhaka,756.9,375.0
2022.0,9.0,Rajbari,Dhaka,174.42,86.4
2022.0,9.0,Shariatpur,Dhaka,196.83,97.5
2022.0,9.0,Sherpur,Dhaka,477.13,236.4
2022.0,9.0,Tangail,Dhaka,268.03,132.8
2022.0,9.0,Bagerhat,Khulna,1424.58,705.8
2022.0,9.0,Chuadanga,Khulna,725.69,359.5
2022.0,9.0,Jessore,Khulna,175.02,86.7
2022.0,9.0,Jhenaidah,Khulna,1034.43,512.5
2022.0,9.0,Khulna,Khulna,1584.62,785.1
2022.0,9.0,Kushtia,Khulna,160.59,79.6
2022.0,9.0,Magura,Khulna,40.58,20.1
2022.0,9.0,Meherpur,Khulna,434.75,215.4
2022.0,9.0,Narail,Khulna,91.28,45.2
2022.0,9.0,Satkhira,Khulna,1289.66,638.9
2022.0,9.0,Habiganj,Sylhet,499.03,247.2
2022.0,9.0,Maulvibazar,Sylhet,359.2,178.0
2022.0,9.0,Sunamganj,Sylhet,2139.48,1060.0
2022.0,9.0,Sylhet,Sylhet,753.98,373.5
2022.0,9.0,Bogra,Rajshahi,285.77,141.6
2022.0,9.0,Joypurhat,Rajshahi,795.55,394.1
2022.0,9.0,Naogaon,Rajshahi,732.37,362.8
2022.0,9.0,Natore,Rajshahi,183.13,90.7
2022.0,9.0,Nawabganj,Rajshahi,176.43,87.4
2022.0,9.0,Pabna,Rajshahi,373.4,185.0
2022.0,9.0,Rajshahi,Rajshahi,247.18,122.5
2022.0,9.0,Sirajganj,Rajshahi,580.38,287.5
2022.0,9.0,Dinajpur,Rangpur,2845.81,1409.9
2022.0,9.0,Gaibandha,Rangpur,308.97,153.1
2022.0,9.0,Kurigram,Rangpur,481.77,238.7
2022.0,9.0,Lalmonirhat,Rangpur,478.7,237.2
2022.0,9.0,Nilphamari,Rangpur,1146.41,568.0
2022.0,9.0,Panchagarh,Rangpur,957.79,474.5
2022.0,9.0,Rangpur,Rangpur,1853.02,918.0
2022.0,9.0,Thakurgaon,Rangpur,1516.32,751.2
2022.0,9.0,Barguna,Barisal,278.8,138.1
2022.0,10.0,Barisal,Barisal,523.52,259.4
2022.0,10.0,Bhola,Barisal,699.57,346.6
2022.0,10.0,Jhalokati,Barisal,38.04,18.8
2022.0,10.0,Patuakhali,Barisal,235.44,116.6
2022.0,10.0,Pirojpur,Barisal,99.18,49.1
2022.0,10.0,Bandarban,Chittagong,2803.79,1389.1
2022.0,10.0,Brahamanbaria,Chittagong,427.98,212.0
2022.0,10.0,Chandpur,Chittagong,320.1,158.6
2022.0,10.0,Chittagong,Chittagong,1668.72,826.7
2022.0,10.0,Comilla,Chittagong,1259.17,623.8
2022.0,10.0,Cox's Bazar,Chittagong,289.86,143.6
2022.0,10.0,Feni,Chittagong,417.38,206.8
2022.0,10.0,Khagrachhari,Chittagong,1473.52,730.0
2022.0,10.0,Lakshmipur,Chittagong,309.66,153.4
2022.0,10.0,Noakhali,Chittagong,183.28,90.8
2022.0,10.0,Rangamati,Chittagong,407.27,201.8
2022.0,10.0,Dhaka,Dhaka,114.58,56.8
2022.0,10.0,Faridpur,Dhaka,186.68,92.5
2022.0,10.0,Gazipur,Dhaka,172.2,85.3
2022.0,10.0,Gopalganj,Dhaka,234.44,116.1
2022.0,10.0,Jamalpur,Dhaka,175.6,87.0
2022.0,10.0,Kishoreganj,Dhaka,1127.35,558.5
2022.0,10.0,Madaripur,Dhaka,115.99,57.5
2022.0,10.0,Manikganj,Dhaka,251.27,124.5
2022.0,10.0,Munshiganj,Dhaka,141.34,70.0
2022.0,10.0,Mymensingh,Dhaka,2521.01,1249.0
2022.0,10.0,Narayanganj,Dhaka,67.43,33.4
2022.0,10.0,Narsingdi,Dhaka,132.13,65.5
2022.0,10.0,Netrakona,Dhaka,639.16,316.7
2022.0,10.0,Rajbari,Dhaka,151.68,75.1
2022.0,10.0,Shariatpur,Dhaka,195.3,96.8
2022.0,10.0,Sherpur,Dhaka,695.23,344.4
2022.0,10.0,Tangail,Dhaka,240.55,119.2
2022.0,10.0,Bagerhat,Khulna,1210.89,599.9
2022.0,10.0,Chuadanga,Khulna,514.47,254.9
2022.0,10.0,Jessore,Khulna,447.75,221.8
2022.0,10.0,Jhenaidah,Khulna,962.86,477.0
2022.0,10.0,Khulna,Khulna,945.63,468.5
2022.0,10.0,Kushtia,Khulna,145.15,71.9
2022.0,10.0,Magura,Khulna,38.59,19.1
2022.0,10.0,Meherpur,Khulna,341.78,169.3
2022.0,10.0,Narail,Khulna,93.24,46.2
2022.0,10.0,Satkhira,Khulna,1345.35,666.5
2022.0,10.0,Habiganj,Sylhet,533.38,264.3
2022.0,10.0,Maulvibazar,Sylhet,329.82,163.4
2022.0,10.0,Sunamganj,Sylhet,1980.22,981.1
2022.0,10.0,Sylhet,Sylhet,625.69,310.0
2022.0,10.0,Bogra,Rajshahi,245.4,121.6
2022.0,10.0,Joypurhat,Rajshahi,805.78,399.2
2022.0,10.0,Naogaon,Rajshahi,1026.54,508.6
2022.0,10.0,Natore,Rajshahi,156.77,77.7
2022.0,10.0,Nawabganj,Rajshahi,173.66,86.0
2022.0,10.0,Pabna,Rajshahi,330.74,163.9
2022.0,10.0,Rajshahi,Rajshahi,265.84,131.7
2022.0,10.0,Sirajganj,Rajshahi,560.77,277.8
2022.0,10.0,Dinajpur,Rangpur,2884.48,1429.1
2022.0,10.0,Gaibandha,Rangpur,293.64,145.5
2022.0,10.0,Kurigram,Rangpur,430.63,213.3
2022.0,10.0,Lalmonirhat,Rangpur,741.45,367.3
2022.0,10.0,Nilphamari,Rangpur,1087.85,539.0
2022.0,10.0,Panchagarh,Rangpur,971.26,481.2
2022.0,10.0,Rangpur,Rangpur,1803.76,893.6
2022.0,10.0,Thakurgaon,Rangpur,1397.01,692.1
2022.0,10.0,Barguna,Barisal,161.86,80.2
2022.0,11.0,Barisal,Barisal,510.49,252.9
2022.0,11.0,Bhola,Barisal,696.32,345.0
2022.0,11.0,Jhalokati,Barisal,41.59,20.6
2022.0,11.0,Patuakhali,Barisal,228.94,113.4
2022.0,11.0,Pirojpur,Barisal,111.27,55.1
2022.0,11.0,Bandarban,Chittagong,2936.15,1454.7
2022.0,11.0,Brahamanbaria,Chittagong,206.17,102.1
2022.0,11.0,Chandpur,Chittagong,297.65,147.5
2022.0,11.0,Chittagong,Chittagong,1482.34,734.4
2022.0,11.0,Comilla,Chittagong,1327.46,657.7
2022.0,11.0,Cox's Bazar,Chittagong,282.83,140.1
2022.0,11.0,Feni,Chittagong,477.9,236.8
2022.0,11.0,Khagrachhari,Chittagong,1841.42,912.3
2022.0,11.0,Lakshmipur,Chittagong,307.18,152.2
2022.0,11.0,Noakhali,Chittagong,178.71,88.5
2022.0,11.0,Rangamati,Chittagong,396.16,196.3
2022.0,11.0,Dhaka,Dhaka,156.59,77.6
2022.0,11.0,Faridpur,Dhaka,129.45,64.1
2022.0,11.0,Gazipur,Dhaka,757.04,375.1
2022.0,11.0,Gopalganj,Dhaka,246.3,122.0
2022.0,11.0,Jamalpur,Dhaka,189.85,94.1
2022.0,11.0,Kishoreganj,Dhaka,493.87,244.7
2022.0,11.0,Madaripur,Dhaka,113.53,56.2
2022.0,11.0,Manikganj,Dhaka,206.28,102.2
2022.0,11.0,Munshiganj,Dhaka,129.75,64.3
2022.0,11.0,Mymensingh,Dhaka,2520.38,1248.7
2022.0,11.0,Narayanganj,Dhaka,56.07,27.8
2022.0,11.0,Narsingdi,Dhaka,78.6,38.9
2022.0,11.0,Netrakona,Dhaka,425.05,210.6
2022.0,11.0,Rajbari,Dhaka,125.35,62.1
2022.0,11.0,Shariatpur,Dhaka,167.2,82.8
2022.0,11.0,Sherpur,Dhaka,862.57,427.3
2022.0,11.0,Tangail,Dhaka,633.83,314.0
2022.0,11.0,Bagerhat,Khulna,1120.38,555.1
2022.0,11.0,Chuadanga,Khulna,778.43,385.7
2022.0,11.0,Jessore,Khulna,204.79,101.5
2022.0,11.0,Jhenaidah,Khulna,1220.86,604.9
2022.0,11.0,Khulna,Khulna,1147.72,568.6
2022.0,11.0,Kushtia,Khulna,134.42,66.6
2022.0,11.0,Magura,Khulna,27.8,13.8
2022.0,11.0,Meherpur,Khulna,445.15,220.5
2022.0,11.0,Narail,Khulna,98.49,48.8
2022.0,11.0,Satkhira,Khulna,1410.31,698.7
2022.0,11.0,Habiganj,Sylhet,575.66,285.2
2022.0,11.0,Maulvibazar,Sylhet,247.73,122.7
2022.0,11.0,Sunamganj,Sylhet,1401.6,694.4
2022.0,11.0,Sylhet,Sylhet,556.89,275.9
2022.0,11.0,Bogra,Rajshahi,308.65,152.9
2022.0,11.0,Joypurhat,Rajshahi,872.78,432.4
2022.0,11.0,Naogaon,Rajshahi,1784.45,884.1
2022.0,11.0,Natore,Rajshahi,98.29,48.7
2022.0,11.0,Nawabganj,Rajshahi,135.64,67.2
2022.0,11.0,Pabna,Rajshahi,173.7,86.1
2022.0,11.0,Rajshahi,Rajshahi,191.46,94.9
2022.0,11.0,Sirajganj,Rajshahi,355.69,176.2
2022.0,11.0,Dinajpur,Rangpur,3032.61,1502.5
2022.0,11.0,Gaibandha,Rangpur,256.03,126.8
2022.0,11.0,Kurigram,Rangpur,384.88,190.7
2022.0,11.0,Lalmonirhat,Rangpur,757.84,375.5
2022.0,11.0,Nilphamari,Rangpur,1153.58,571.5
2022.0,11.0,Panchagarh,Rangpur,1025.18,507.9
2022.0,11.0,Rangpur,Rangpur,1855.82,919.4
2022.0,11.0,Thakurgaon,Rangpur,1699.23,841.9
2022.0,11.0,Barguna,Barisal,160.4,79.5
2022.0,12.0,Barisal,Barisal,482.45,239.0
2022.0,12.0,Bhola,Barisal,673.71,333.8
2022.0,12.0,Jhalokati,Barisal,38.13,18.9
2022.0,12.0,Patuakhali,Barisal,230.69,114.3
2022.0,12.0,Pirojpur,Barisal,112.18,55.6
2022.0,12.0,Bandarban,Chittagong,2776.42,1375.5
2022.0,12.0,Brahamanbaria,Chittagong,642.67,318.4
2022.0,12.0,Chandpur,Chittagong,281.88,139.7
2022.0,12.0,Chittagong,Chittagong,1867.36,925.2
2022.0,12.0,Comilla,Chittagong,1562.45,774.1
2022.0,12.0,Cox's Bazar,Chittagong,998.67,494.8
2022.0,12.0,Feni,Chittagong,454.99,225.4
2022.0,12.0,Khagrachhari,Chittagong,1878.49,930.7
2022.0,12.0,Lakshmipur,Chittagong,303.49,150.4
2022.0,12.0,Noakhali,Chittagong,186.36,92.3
2022.0,12.0,Rangamati,Chittagong,395.0,195.7
2022.0,12.0,Dhaka,Dhaka,827.96,410.2
2022.0,12.0,Faridpur,Dhaka,107.23,53.1
2022.0,12.0,Gazipur,Dhaka,1093.42,541.7
2022.0,12.0,Gopalganj,Dhaka,338.51,167.7
2022.0,12.0,Jamalpur,Dhaka,258.07,127.9
2022.0,12.0,Kishoreganj,Dhaka,207.8,103.0
2022.0,12.0,Madaripur,Dhaka,119.23,59.1
2022.0,12.0,Manikganj,Dhaka,189.51,93.9
2022.0,12.0,Munshiganj,Dhaka,107.11,53.1
2022.0,12.0,Mymensingh,Dhaka,2569.05,1272.8
2022.0,12.0,Narayanganj,Dhaka,340.88,168.9
2022.0,12.0,Narsingdi,Dhaka,65.06,32.2
2022.0,12.0,Netrakona,Dhaka,545.9,270.5
2022.0,12.0,Rajbari,Dhaka,114.02,56.5
2022.0,12.0,Shariatpur,Dhaka,154.45,76.5
2022.0,12.0,Sherpur,Dhaka,948.77,470.1
2022.0,12.0,Tangail,Dhaka,1679.73,832.2
2022.0,12.0,Bagerhat,Khulna,997.45,494.2
2022.0,12.0,Chuadanga,Khulna,632.73,313.5
2022.0,12.0,Jessore,Khulna,252.35,125.0
2022.0,12.0,Jhenaidah,Khulna,1068.63,529.4
2022.0,12.0,Khulna,Khulna,993.26,492.1
2022.0,12.0,Kushtia,Khulna,128.06,63.4
2022.0,12.0,Magura,Khulna,353.94,175.4
2022.0,12.0,Meherpur,Khulna,362.78,179.7
2022.0,12.0,Narail,Khulna,149.08,73.9
2022.0,12.0,Satkhira,Khulna,1368.77,678.1
2022.0,12.0,Habiganj,Sylhet,875.41,433.7
2022.0,12.0,Maulvibazar,Sylhet,283.55,140.5
2022.0,12.0,Sunamganj,Sylhet,814.58,403.6
2022.0,12.0,Sylhet,Sylhet,726.53,359.9
2022.0,12.0,Bogra,Rajshahi,302.42,149.8
2022.0,12.0,Joypurhat,Rajshahi,578.07,286.4
2022.0,12.0,Naogaon,Rajshahi,2048.77,1015.0
2022.0,12.0,Natore,Rajshahi,416.65,206.4
2022.0,12.0,Nawabganj,Rajshahi,197.45,97.8
2022.0,12.0,Pabna,Rajshahi,187.59,92.9
2022.0,12.0,Rajshahi,Rajshahi,342.53,169.7
2022.0,12.0,Sirajganj,Rajshahi,312.16,154.7
2022.0,12.0,Dinajpur,Rangpur,2605.86,1291.0
2022.0,12.0,Gaibandha,Rangpur,255.54,126.6
2022.0,12.0,Kurigram,Rangpur,381.55,189.0
2022.0,12.0,Lalmonirhat,Rangpur,663.39,328.7
2022.0,12.0,Nilphamari,Rangpur,1002.04,496.4
2022.0,12.0,Panchagarh,Rangpur,814.45,403.5
2022.0,12.0,Rangpur,Rangpur,1674.29,829.5
2022.0,12.0,Thakurgaon,Rangpur,1190.51,589.8
2022.0,12.0,Barguna,Barisal,161.39,80.0
2023.0,1.0,Barisal,Barisal,438.54,217.3
2023.0,1.0,Bhola,Barisal,690.04,341.9
2023.0,1.0,Jhalokati,Barisal,36.28,18.0
2023.0,1.0,Patuakhali,Barisal,222.55,110.3
2023.0,1.0,Pirojpur,Barisal,97.34,48.2
2023.0,1.0,Bandarban,Chittagong,2851.32,1412.6
2023.0,1.0,Brahamanbaria,Chittagong,1032.43,511.5
2023.0,1.0,Chandpur,Chittagong,265.31,131.4
2023.0,1.0,Chittagong,Chittagong,2060.04,1020.6
2023.0,1.0,Comilla,Chittagong,1614.01,799.6
2023.0,1.0,Cox's Bazar,Chittagong,906.37,449.0
2023.0,1.0,Feni,Chittagong,460.09,227.9
2023.0,1.0,Khagrachhari,Chittagong,1889.53,936.1
2023.0,1.0,Lakshmipur,Chittagong,305.81,151.5
2023.0,1.0,Noakhali,Chittagong,173.13,85.8
2023.0,1.0,Rangamati,Chittagong,385.42,191.0
2023.0,1.0,Dhaka,Dhaka,735.07,364.2
2023.0,1.0,Faridpur,Dhaka,644.19,319.2
2023.0,1.0,Gazipur,Dhaka,818.17,405.3
2023.0,1.0,Gopalganj,Dhaka,723.91,358.6
2023.0,1.0,Jamalpur,Dhaka,158.67,78.6
2023.0,1.0,Kishoreganj,Dhaka,1149.56,569.5
2023.0,1.0,Madaripur,Dhaka,108.06,53.5
2023.0,1.0,Manikganj,Dhaka,194.38,96.3
2023.0,1.0,Munshiganj,Dhaka,98.92,49.0
2023.0,1.0,Mymensingh,Dhaka,2334.11,1156.4
2023.0,1.0,Narayanganj,Dhaka,298.64,148.0
2023.0,1.0,Narsingdi,Dhaka,61.56,30.5
2023.0,1.0,Netrakona,Dhaka,1555.51,770.7
2023.0,1.0,Rajbari,Dhaka,111.4,55.2
2023.0,1.0,Shariatpur,Dhaka,133.86,66.3
2023.0,1.0,Sherpur,Dhaka,900.74,446.3
2023.0,1.0,Tangail,Dhaka,1610.63,798.0
2023.0,1.0,Bagerhat,Khulna,909.34,450.5
2023.0,1.0,Chuadanga,Khulna,765.54,379.3
2023.0,1.0,Jessore,Khulna,811.43,402.0
2023.0,1.0,Jhenaidah,Khulna,991.26,491.1
2023.0,1.0,Khulna,Khulna,959.66,475.4
2023.0,1.0,Kushtia,Khulna,129.94,64.4
2023.0,1.0,Magura,Khulna,583.55,289.1
2023.0,1.0,Meherpur,Khulna,430.25,213.2
2023.0,1.0,Narail,Khulna,147.36,73.0
2023.0,1.0,Satkhira,Khulna,1054.41,522.4
2023.0,1.0,Habiganj,Sylhet,1605.52,795.4
2023.0,1.0,Maulvibazar,Sylhet,1101.86,545.9
2023.0,1.0,Sunamganj,Sylhet,397.15,196.8
2023.0,1.0,Sylhet,Sylhet,2022.1,1001.8
2023.0,1.0,Bogra,Rajshahi,178.12,88.2
2023.0,1.0,Joypurhat,Rajshahi,436.38,216.2
2023.0,1.0,Naogaon,Rajshahi,2143.69,1062.1
2023.0,1.0,Natore,Rajshahi,1140.47,565.0
2023.0,1.0,Nawabganj,Rajshahi,733.48,363.4
2023.0,1.0,Pabna,Rajshahi,804.72,398.7
2023.0,1.0,Rajshahi,Rajshahi,624.26,309.3
2023.0,1.0,Sirajganj,Rajshahi,358.31,177.5
2023.0,1.0,Dinajpur,Rangpur,1434.1,710.5
2023.0,1.0,Gaibandha,Rangpur,160.89,79.7
2023.0,1.0,Kurigram,Rangpur,444.51,220.2
2023.0,1.0,Lalmonirhat,Rangpur,83.87,41.6
2023.0,1.0,Nilphamari,Rangpur,83.93,41.6
2023.0,1.0,Panchagarh,Rangpur,986.55,488.8
2023.0,1.0,Rangpur,Rangpur,210.05,104.1
2023.0,1.0,Thakurgaon,Rangpur,1160.41,574.9
2023.0,1.0,Barguna,Barisal,159.29,78.9
2023.0,2.0,Barisal,Barisal,426.27,211.2
2023.0,2.0,Bhola,Barisal,657.36,325.7
2023.0,2.0,Jhalokati,Barisal,34.78,17.2
2023.0,2.0,Patuakhali,Barisal,217.43,107.7
2023.0,2.0,Pirojpur,Barisal,90.43,44.8
2023.0,2.0,Bandarban,Chittagong,3397.18,1683.1
2023.0,2.0,Brahamanbaria,Chittagong,1096.57,543.3
2023.0,2.0,Chandpur,Chittagong,264.0,130.8
2023.0,2.0,Chittagong,Chittagong,2098.61,1039.7
2023.0,2.0,Comilla,Chittagong,1742.26,863.2
2023.0,2.0,Cox's Bazar,Chittagong,877.37,434.7
2023.0,2.0,Feni,Chittagong,477.49,236.6
2023.0,2.0,Khagrachhari,Chittagong,2140.98,1060.7
2023.0,2.0,Lakshmipur,Chittagong,297.81,147.5
2023.0,2.0,Noakhali,Chittagong,170.78,84.6
2023.0,2.0,Rangamati,Chittagong,290.36,143.9
2023.0,2.0,Dhaka,Dhaka,792.83,392.8
2023.0,2.0,Faridpur,Dhaka,1026.64,508.6
2023.0,2.0,Gazipur,Dhaka,1077.6,533.9
2023.0,2.0,Gopalganj,Dhaka,769.24,381.1
2023.0,2.0,Jamalpur,Dhaka,581.77,288.2
2023.0,2.0,Kishoreganj,Dhaka,1401.43,694.3
2023.0,2.0,Madaripur,Dhaka,88.18,43.7
2023.0,2.0,Manikganj,Dhaka,187.05,92.7
2023.0,2.0,Munshiganj,Dhaka,105.06,52.1
2023.0,2.0,Mymensingh,Dhaka,2421.68,1199.8
2023.0,2.0,Narayanganj,Dhaka,407.72,202.0
2023.0,2.0,Narsingdi,Dhaka,69.56,34.5
2023.0,2.0,Netrakona,Dhaka,1664.53,824.7
2023.0,2.0,Rajbari,Dhaka,101.13,50.1
2023.0,2.0,Shariatpur,Dhaka,132.16,65.5
2023.0,2.0,Sherpur,Dhaka,706.8,350.2
2023.0,2.0,Tangail,Dhaka,1561.98,773.9
2023.0,2.0,Bagerhat,Khulna,658.1,326.0
2023.0,2.0,Chuadanga,Khulna,767.18,380.1
2023.0,2.0,Jessore,Khulna,401.45,198.9
2023.0,2.0,Jhenaidah,Khulna,904.76,448.2
2023.0,2.0,Khulna,Khulna,566.79,280.8
2023.0,2.0,Kushtia,Khulna,225.56,111.8
2023.0,2.0,Magura,Khulna,675.5,334.7
2023.0,2.0,Meherpur,Khulna,407.66,202.0
2023.0,2.0,Narail,Khulna,49.89,24.7
2023.0,2.0,Satkhira,Khulna,814.83,403.7
2023.0,2.0,Habiganj,Sylhet,1341.4,664.6
2023.0,2.0,Maulvibazar,Sylhet,1326.88,657.4
2023.0,2.0,Sunamganj,Sylhet,1266.38,627.4
2023.0,2.0,Sylhet,Sylhet,1780.76,882.2
2023.0,2.0,Bogra,Rajshahi,1360.73,674.2
2023.0,2.0,Joypurhat,Rajshahi,580.57,287.6
2023.0,2.0,Naogaon,Rajshahi,2647.79,1311.8
2023.0,2.0,Natore,Rajshahi,1390.06,688.7
2023.0,2.0,Nawabganj,Rajshahi,694.11,343.9
2023.0,2.0,Pabna,Rajshahi,1122.1,555.9
2023.0,2.0,Rajshahi,Rajshahi,1292.85,640.5
2023.0,2.0,Sirajganj,Rajshahi,298.91,148.1
2023.0,2.0,Dinajpur,Rangpur,1454.19,720.5
2023.0,2.0,Gaibandha,Rangpur,311.0,154.1
2023.0,2.0,Kurigram,Rangpur,403.46,199.9
2023.0,2.0,Lalmonirhat,Rangpur,489.63,242.6
2023.0,2.0,Nilphamari,Rangpur,641.91,318.0
2023.0,2.0,Panchagarh,Rangpur,935.02,463.2
2023.0,2.0,Rangpur,Rangpur,954.61,472.9
2023.0,2.0,Thakurgaon,Rangpur,945.62,468.5
2023.0,2.0,Barguna,Barisal,155.54,77.1
2023.0,3.0,Barisal,Barisal,426.8,211.5
2023.0,3.0,Bhola,Barisal,696.19,344.9
2023.0,3.0,Jhalokati,Barisal,34.07,16.9
2023.0,3.0,Patuakhali,Barisal,227.17,112.5
2023.0,3.0,Pirojpur,Barisal,91.17,45.2
2023.0,3.0,Bandarban,Chittagong,3254.66,1612.5
2023.0,3.0,Brahamanbaria,Chittagong,1105.62,547.8
2023.0,3.0,Chandpur,Chittagong,267.44,132.5
2023.0,3.0,Chittagong,Chittagong,1983.38,982.6
2023.0,3.0,Comilla,Chittagong,1787.41,885.5
2023.0,3.0,Cox's Bazar,Chittagong,706.03,349.8
2023.0,3.0,Feni,Chittagong,383.03,189.8
2023.0,3.0,Khagrachhari,Chittagong,1591.13,788.3
2023.0,3.0,Lakshmipur,Chittagong,309.47,153.3
2023.0,3.0,Noakhali,Chittagong,172.27,85.3
2023.0,3.0,Rangamati,Chittagong,267.2,132.4
2023.0,3.0,Dhaka,Dhaka,800.93,396.8
2023.0,3.0,Faridpur,Dhaka,926.08,458.8
2023.0,3.0,Gazipur,Dhaka,1010.3,500.5
2023.0,3.0,Gopalganj,Dhaka,916.48,454.1
2023.0,3.0,Jamalpur,Dhaka,239.94,118.9
2023.0,3.0,Kishoreganj,Dhaka,1454.33,720.5
2023.0,3.0,Madaripur,Dhaka,86.8,43.0
2023.0,3.0,Manikganj,Dhaka,195.32,96.8
2023.0,3.0,Munshiganj,Dhaka,93.49,46.3
2023.0,3.0,Mymensingh,Dhaka,2141.93,1061.2
2023.0,3.0,Narayanganj,Dhaka,399.11,197.7
2023.0,3.0,Narsingdi,Dhaka,163.16,80.8
2023.0,3.0,Netrakona,Dhaka,1659.88,822.4
2023.0,3.0,Rajbari,Dhaka,99.43,49.3
2023.0,3.0,Shariatpur,Dhaka,133.39,66.1
2023.0,3.0,Sherpur,Dhaka,929.07,460.3
2023.0,3.0,Tangail,Dhaka,1663.09,824.0
2023.0,3.0,Bagerhat,Khulna,656.26,325.1
2023.0,3.0,Chuadanga,Khulna,807.11,399.9
2023.0,3.0,Jessore,Khulna,287.99,142.7
2023.0,3.0,Jhenaidah,Khulna,1201.59,595.3
2023.0,3.0,Khulna,Khulna,530.36,262.8
2023.0,3.0,Kushtia,Khulna,161.62,80.1
2023.0,3.0,Magura,Khulna,602.23,298.4
2023.0,3.0,Meherpur,Khulna,419.75,208.0
2023.0,3.0,Narail,Khulna,40.91,20.3
2023.0,3.0,Satkhira,Khulna,848.07,420.2
2023.0,3.0,Habiganj,Sylhet,1695.35,839.9
2023.0,3.0,Maulvibazar,Sylhet,908.65,450.2
2023.0,3.0,Sunamganj,Sylhet,1829.42,906.4
2023.0,3.0,Sylhet,Sylhet,1806.7,895.1
2023.0,3.0,Bogra,Rajshahi,1371.04,679.3
2023.0,3.0,Joypurhat,Rajshahi,880.06,436.0
2023.0,3.0,Naogaon,Rajshahi,3008.46,1490.5
2023.0,3.0,Natore,Rajshahi,1338.64,663.2
2023.0,3.0,Nawabganj,Rajshahi,556.69,275.8
2023.0,3.0,Pabna,Rajshahi,1121.89,555.8
2023.0,3.0,Rajshahi,Rajshahi,317.58,157.3
2023.0,3.0,Sirajganj,Rajshahi,335.78,166.4
2023.0,3.0,Dinajpur,Rangpur,2730.28,1352.7
2023.0,3.0,Gaibandha,Rangpur,298.13,147.7
2023.0,3.0,Kurigram,Rangpur,512.18,253.8
2023.0,3.0,Lalmonirhat,Rangpur,401.73,199.0
2023.0,3.0,Nilphamari,Rangpur,1130.3,560.0
2023.0,3.0,Panchagarh,Rangpur,758.24,375.7
2023.0,3.0,Rangpur,Rangpur,2009.77,995.7
2023.0,3.0,Thakurgaon,Rangpur,1214.0,601.5
2023.0,3.0,Barguna,Barisal,158.4,78.5
2023.0,4.0,Barisal,Barisal,443.91,219.9
2023.0,4.0,Bhola,Barisal,663.51,328.7
2023.0,4.0,Jhalokati,Barisal,34.3,17.0
2023.0,4.0,Patuakhali,Barisal,231.91,114.9
2023.0,4.0,Pirojpur,Barisal,91.45,45.3
2023.0,4.0,Bandarban,Chittagong,2777.51,1376.1
2023.0,4.0,Brahamanbaria,Chittagong,1148.43,569.0
2023.0,4.0,Chandpur,Chittagong,276.34,136.9
2023.0,4.0,Chittagong,Chittagong,1866.68,924.8
2023.0,4.0,Comilla,Chittagong,1821.12,902.2
2023.0,4.0,Cox's Bazar,Chittagong,747.29,370.2
2023.0,4.0,Feni,Chittagong,499.73,247.6
2023.0,4.0,Khagrachhari,Chittagong,1817.94,900.7
2023.0,4.0,Lakshmipur,Chittagong,303.04,150.1
2023.0,4.0,Noakhali,Chittagong,169.05,83.8
2023.0,4.0,Rangamati,Chittagong,307.53,152.4
2023.0,4.0,Dhaka,Dhaka,894.91,443.4
2023.0,4.0,Faridpur,Dhaka,675.8,334.8
2023.0,4.0,Gazipur,Dhaka,1082.25,536.2
2023.0,4.0,Gopalganj,Dhaka,910.83,451.3
2023.0,4.0,Jamalpur,Dhaka,1238.24,613.5
2023.0,4.0,Kishoreganj,Dhaka,1095.74,542.9
2023.0,4.0,Madaripur,Dhaka,88.28,43.7
2023.0,4.0,Manikganj,Dhaka,185.25,91.8
2023.0,4.0,Munshiganj,Dhaka,104.9,52.0
2023.0,4.0,Mymensingh,Dhaka,2622.41,1299.2
2023.0,4.0,Narayanganj,Dhaka,428.96,212.5
2023.0,4.0,Narsingdi,Dhaka,420.71,208.4
2023.0,4.0,Netrakona,Dhaka,1706.51,845.5
2023.0,4.0,Rajbari,Dhaka,119.21,59.1
2023.0,4.0,Shariatpur,Dhaka,137.34,68.0
2023.0,4.0,Sherpur,Dhaka,1065.33,527.8
2023.0,4.0,Tangail,Dhaka,1783.53,883.6
2023.0,4.0,Bagerhat,Khulna,883.78,437.9
2023.0,4.0,Chuadanga,Khulna,803.02,397.8
2023.0,4.0,Jessore,Khulna,964.29,477.7
2023.0,4.0,Jhenaidah,Khulna,1393.95,690.6
2023.0,4.0,Khulna,Khulna,553.93,274.4
2023.0,4.0,Kushtia,Khulna,168.72,83.6
2023.0,4.0,Magura,Khulna,724.51,358.9
2023.0,4.0,Meherpur,Khulna,515.72,255.5
2023.0,4.0,Narail,Khulna,38.02,18.8
2023.0,4.0,Satkhira,Khulna,947.48,469.4
2023.0,4.0,Habiganj,Sylhet,1731.48,857.8
2023.0,4.0,Maulvibazar,Sylhet,862.0,427.1
2023.0,4.0,Sunamganj,Sylhet,880.77,436.4
2023.0,4.0,Sylhet,Sylhet,825.82,409.1
2023.0,4.0,Bogra,Rajshahi,1768.3,876.1
2023.0,4.0,Joypurhat,Rajshahi,869.21,430.6
2023.0,4.0,Naogaon,Rajshahi,3135.18,1553.3
2023.0,4.0,Natore,Rajshahi,1336.38,662.1
2023.0,4.0,Nawabganj,Rajshahi,986.93,489.0
2023.0,4.0,Pabna,Rajshahi,1377.55,682.5
2023.0,4.0,Rajshahi,Rajshahi,1283.02,635.7
2023.0,4.0,Sirajganj,Rajshahi,287.74,142.6
2023.0,4.0,Dinajpur,Rangpur,2953.64,1463.3
2023.0,4.0,Gaibandha,Rangpur,261.56,129.6
2023.0,4.0,Kurigram,Rangpur,399.34,197.8
2023.0,4.0,Lalmonirhat,Rangpur,589.63,292.1
2023.0,4.0,Nilphamari,Rangpur,1120.77,555.3
2023.0,4.0,Panchagarh,Rangpur,689.74,341.7
2023.0,4.0,Rangpur,Rangpur,1999.5,990.6
2023.0,4.0,Thakurgaon,Rangpur,1262.47,625.5
2023.0,4.0,Barguna,Barisal,157.01,77.8
2023.0,5.0,Barisal,Barisal,435.36,215.7
2023.0,5.0,Bhola,Barisal,690.75,342.2
2023.0,5.0,Jhalokati,Barisal,38.36,19.0
2023.0,5.0,Patuakhali,Barisal,248.61,123.2
2023.0,5.0,Pirojpur,Barisal,98.02,48.6
2023.0,5.0,Bandarban,Chittagong,3541.44,1754.5
2023.0,5.0,Brahamanbaria,Chittagong,73.29,36.3
2023.0,5.0,Chandpur,Chittagong,278.97,138.2
2023.0,5.0,Chittagong,Chittagong,1740.55,862.3
2023.0,5.0,Comilla,Chittagong,1909.7,946.1
2023.0,5.0,Cox's Bazar,Chittagong,460.14,228.0
2023.0,5.0,Feni,Chittagong,524.81,260.0
2023.0,5.0,Khagrachhari,Chittagong,2384.22,1181.2
2023.0,5.0,Lakshmipur,Chittagong,306.94,152.1
2023.0,5.0,Noakhali,Chittagong,177.45,87.9
2023.0,5.0,Rangamati,Chittagong,339.17,168.0
2023.0,5.0,Dhaka,Dhaka,890.78,441.3
2023.0,5.0,Faridpur,Dhaka,111.07,55.0
2023.0,5.0,Gazipur,Dhaka,1108.08,549.0
2023.0,5.0,Gopalganj,Dhaka,843.0,417.7
2023.0,5.0,Jamalpur,Dhaka,142.72,70.7
2023.0,5.0,Kishoreganj,Dhaka,151.07,74.8
2023.0,5.0,Madaripur,Dhaka,92.19,45.7
2023.0,5.0,Manikganj,Dhaka,193.47,95.9
2023.0,5.0,Munshiganj,Dhaka,103.65,51.4
2023.0,5.0,Mymensingh,Dhaka,2576.88,1276.7
2023.0,5.0,Narayanganj,Dhaka,75.72,37.5
2023.0,5.0,Narsingdi,Dhaka,62.84,31.1
2023.0,5.0,Netrakona,Dhaka,192.46,95.4
2023.0,5.0,Rajbari,Dhaka,125.15,62.0
2023.0,5.0,Shariatpur,Dhaka,145.02,71.8
2023.0,5.0,Sherpur,Dhaka,1008.07,499.4
2023.0,5.0,Tangail,Dhaka,978.66,484.9
2023.0,5.0,Bagerhat,Khulna,1163.31,576.3
2023.0,5.0,Chuadanga,Khulna,641.99,318.1
2023.0,5.0,Jessore,Khulna,600.38,297.4
2023.0,5.0,Jhenaidah,Khulna,1180.2,584.7
2023.0,5.0,Khulna,Khulna,670.94,332.4
2023.0,5.0,Kushtia,Khulna,120.95,59.9
2023.0,5.0,Magura,Khulna,388.05,192.3
2023.0,5.0,Meherpur,Khulna,457.39,226.6
2023.0,5.0,Narail,Khulna,48.06,23.8
2023.0,5.0,Satkhira,Khulna,961.65,476.4
2023.0,5.0,Habiganj,Sylhet,640.96,317.6
2023.0,5.0,Maulvibazar,Sylhet,102.15,50.6
2023.0,5.0,Sunamganj,Sylhet,176.87,87.6
2023.0,5.0,Sylhet,Sylhet,206.43,102.3
2023.0,5.0,Bogra,Rajshahi,175.48,86.9
2023.0,5.0,Joypurhat,Rajshahi,883.85,437.9
2023.0,5.0,Naogaon,Rajshahi,2693.33,1334.4
2023.0,5.0,Natore,Rajshahi,1246.43,617.5
2023.0,5.0,Nawabganj,Rajshahi,319.13,158.1
2023.0,5.0,Pabna,Rajshahi,212.89,105.5
2023.0,5.0,Rajshahi,Rajshahi,320.07,158.6
2023.0,5.0,Sirajganj,Rajshahi,314.18,155.7
2023.0,5.0,Dinajpur,Rangpur,2706.34,1340.8
2023.0,5.0,Gaibandha,Rangpur,311.81,154.5
2023.0,5.0,Kurigram,Rangpur,472.72,234.2
2023.0,5.0,Lalmonirhat,Rangpur,143.94,71.3
2023.0,5.0,Nilphamari,Rangpur,1212.89,600.9
2023.0,5.0,Panchagarh,Rangpur,979.6,485.3
2023.0,5.0,Rangpur,Rangpur,1638.09,811.6
2023.0,5.0,Thakurgaon,Rangpur,1362.82,675.2
2023.0,5.0,Barguna,Barisal,161.92,80.2
2023.0,6.0,Barisal,Barisal,491.58,243.5
2023.0,6.0,Bhola,Barisal,674.25,334.0
2023.0,6.0,Jhalokati,Barisal,64.08,31.7
2023.0,6.0,Patuakhali,Barisal,279.11,138.3
2023.0,6.0,Pirojpur,Barisal,146.46,72.6
2023.0,6.0,Bandarban,Chittagong,3235.17,1602.8
2023.0,6.0,Brahamanbaria,Chittagong,187.81,93.0
2023.0,6.0,Chandpur,Chittagong,303.22,150.2
2023.0,6.0,Chittagong,Chittagong,2170.73,1075.5
2023.0,6.0,Comilla,Chittagong,1201.8,595.4
2023.0,6.0,Cox's Bazar,Chittagong,389.77,193.1
2023.0,6.0,Feni,Chittagong,518.44,256.9
2023.0,6.0,Khagrachhari,Chittagong,2103.95,1042.4
2023.0,6.0,Lakshmipur,Chittagong,302.87,150.1
2023.0,6.0,Noakhali,Chittagong,203.23,100.7
2023.0,6.0,Rangamati,Chittagong,337.99,167.5
2023.0,6.0,Dhaka,Dhaka,639.72,316.9
2023.0,6.0,Faridpur,Dhaka,119.39,59.1
2023.0,6.0,Gazipur,Dhaka,310.25,153.7
2023.0,6.0,Gopalganj,Dhaka,342.08,169.5
2023.0,6.0,Jamalpur,Dhaka,132.48,65.6
2023.0,6.0,Kishoreganj,Dhaka,346.78,171.8
2023.0,6.0,Madaripur,Dhaka,119.33,59.1
2023.0,6.0,Manikganj,Dhaka,213.86,106.0
2023.0,6.0,Munshiganj,Dhaka,122.38,60.6
2023.0,6.0,Mymensingh,Dhaka,1863.15,923.1
2023.0,6.0,Narayanganj,Dhaka,60.33,29.9
2023.0,6.0,Narsingdi,Dhaka,90.35,44.8
2023.0,6.0,Netrakona,Dhaka,349.01,172.9
2023.0,6.0,Rajbari,Dhaka,133.28,66.0
2023.0,6.0,Shariatpur,Dhaka,167.46,83.0
2023.0,6.0,Sherpur,Dhaka,432.54,214.3
2023.0,6.0,Tangail,Dhaka,161.62,80.1
2023.0,6.0,Bagerhat,Khulna,1346.57,667.1
2023.0,6.0,Chuadanga,Khulna,712.19,352.8
2023.0,6.0,Jessore,Khulna,294.35,145.8
2023.0,6.0,Jhenaidah,Khulna,1169.19,579.3
2023.0,6.0,Khulna,Khulna,1074.22,532.2
2023.0,6.0,Kushtia,Khulna,137.73,68.2
2023.0,6.0,Magura,Khulna,270.98,134.3
2023.0,6.0,Meherpur,Khulna,473.86,234.8
2023.0,6.0,Narail,Khulna,75.12,37.2
2023.0,6.0,Satkhira,Khulna,1167.06,578.2
2023.0,6.0,Habiganj,Sylhet,342.76,169.8
2023.0,6.0,Maulvibazar,Sylhet,315.66,156.4
2023.0,6.0,Sunamganj,Sylhet,1057.28,523.8
2023.0,6.0,Sylhet,Sylhet,1056.83,523.6
2023.0,6.0,Bogra,Rajshahi,202.17,100.2
2023.0,6.0,Joypurhat,Rajshahi,850.61,421.4
2023.0,6.0,Naogaon,Rajshahi,2313.03,1146.0
2023.0,6.0,Natore,Rajshahi,263.86,130.7
2023.0,6.0,Nawabganj,Rajshahi,190.35,94.3
2023.0,6.0,Pabna,Rajshahi,153.58,76.1
2023.0,6.0,Rajshahi,Rajshahi,203.2,100.7
2023.0,6.0,Sirajganj,Rajshahi,378.85,187.7
2023.0,6.0,Dinajpur,Rangpur,2949.05,1461.1
2023.0,6.0,Gaibandha,Rangpur,292.7,145.0
2023.0,6.0,Kurigram,Rangpur,460.88,228.3
2023.0,6.0,Lalmonirhat,Rangpur,97.53,48.3
2023.0,6.0,Nilphamari,Rangpur,916.8,454.2
2023.0,6.0,Panchagarh,Rangpur,1044.54,517.5
2023.0,6.0,Rangpur,Rangpur,1648.9,816.9
2023.0,6.0,Thakurgaon,Rangpur,1555.13,770.5
2023.0,6.0,Barguna,Barisal,188.34,93.3
2023.0,7.0,Barisal,Barisal,502.33,248.9
2023.0,7.0,Bhola,Barisal,711.7,352.6
2023.0,7.0,Jhalokati,Barisal,124.51,61.7
2023.0,7.0,Patuakhali,Barisal,378.9,187.7
2023.0,7.0,Pirojpur,Barisal,234.93,116.4
2023.0,7.0,Bandarban,Chittagong,3027.7,1500.0
2023.0,7.0,Brahamanbaria,Chittagong,547.75,271.4
2023.0,7.0,Chandpur,Chittagong,315.95,156.5
2023.0,7.0,Chittagong,Chittagong,1625.94,805.5
2023.0,7.0,Comilla,Chittagong,456.74,226.3
2023.0,7.0,Cox's Bazar,Chittagong,340.67,168.8
2023.0,7.0,Feni,Chittagong,291.3,144.3
2023.0,7.0,Khagrachhari,Chittagong,1840.1,911.6
2023.0,7.0,Lakshmipur,Chittagong,319.49,158.3
2023.0,7.0,Noakhali,Chittagong,298.24,147.8
2023.0,7.0,Rangamati,Chittagong,273.55,135.5
2023.0,7.0,Dhaka,Dhaka,143.11,70.9
2023.0,7.0,Faridpur,Dhaka,173.92,86.2
2023.0,7.0,Gazipur,Dhaka,203.17,100.7
2023.0,7.0,Gopalganj,Dhaka,452.86,224.4
2023.0,7.0,Jamalpur,Dhaka,189.69,94.0
2023.0,7.0,Kishoreganj,Dhaka,1300.14,644.1
2023.0,7.0,Madaripur,Dhaka,132.72,65.8
2023.0,7.0,Manikganj,Dhaka,257.34,127.5
2023.0,7.0,Munshiganj,Dhaka,168.16,83.3
2023.0,7.0,Mymensingh,Dhaka,1208.39,598.7
2023.0,7.0,Narayanganj,Dhaka,72.42,35.9
2023.0,7.0,Narsingdi,Dhaka,163.79,81.1
2023.0,7.0,Netrakona,Dhaka,1043.73,517.1
2023.0,7.0,Rajbari,Dhaka,138.51,68.6
2023.0,7.0,Shariatpur,Dhaka,195.37,96.8
2023.0,7.0,Sherpur,Dhaka,246.33,122.0
2023.0,7.0,Tangail,Dhaka,356.63,176.7
2023.0,7.0,Bagerhat,Khulna,1344.93,666.3
2023.0,7.0,Chuadanga,Khulna,743.02,368.1
2023.0,7.0,Jessore,Khulna,265.02,131.3
2023.0,7.0,Jhenaidah,Khulna,405.76,201.0
2023.0,7.0,Khulna,Khulna,1495.17,740.8
2023.0,7.0,Kushtia,Khulna,135.47,67.1
2023.0,7.0,Magura,Khulna,218.61,108.3
2023.0,7.0,Meherpur,Khulna,443.65,219.8
2023.0,7.0,Narail,Khulna,155.79,77.2
2023.0,7.0,Satkhira,Khulna,1366.48,677.0
2023.0,7.0,Habiganj,Sylhet,869.94,431.0
2023.0,7.0,Maulvibazar,Sylhet,552.44,273.7
2023.0,7.0,Sunamganj,Sylhet,2441.47,1209.6
2023.0,7.0,Sylhet,Sylhet,1098.59,544.3
2023.0,7.0,Bogra,Rajshahi,369.32,183.0
2023.0,7.0,Joypurhat,Rajshahi,281.31,139.4
2023.0,7.0,Naogaon,Rajshahi,579.7,287.2
2023.0,7.0,Natore,Rajshahi,136.22,67.5
2023.0,7.0,Nawabganj,Rajshahi,185.7,92.0
2023.0,7.0,Pabna,Rajshahi,325.84,161.4
2023.0,7.0,Rajshahi,Rajshahi,416.32,206.3
2023.0,7.0,Sirajganj,Rajshahi,593.02,293.8
2023.0,7.0,Dinajpur,Rangpur,1210.65,599.8
2023.0,7.0,Gaibandha,Rangpur,342.32,169.6
2023.0,7.0,Kurigram,Rangpur,544.1,269.6
2023.0,7.0,Lalmonirhat,Rangpur,411.7,204.0
2023.0,7.0,Nilphamari,Rangpur,792.95,392.9
2023.0,7.0,Panchagarh,Rangpur,665.28,329.6
2023.0,7.0,Rangpur,Rangpur,1278.23,633.3
2023.0,7.0,Thakurgaon,Rangpur,606.23,300.3
2023.0,7.0,Barguna,Barisal,179.55,89.0
2023.0,8.0,Barisal,Barisal,647.99,321.0
2023.0,8.0,Bhola,Barisal,691.47,342.6
2023.0,8.0,Jhalokati,Barisal,186.89,92.6
2023.0,8.0,Patuakhali,Barisal,646.69,320.4
2023.0,8.0,Pirojpur,Barisal,335.69,166.3
2023.0,8.0,Bandarban,Chittagong,2552.09,1264.4
2023.0,8.0,Brahamanbaria,Chittagong,412.6,204.4
2023.0,8.0,Chandpur,Chittagong,339.32,168.1
2023.0,8.0,Chittagong,Chittagong,1873.11,928.0
2023.0,8.0,Comilla,Chittagong,489.09,242.3
2023.0,8.0,Cox's Bazar,Chittagong,469.65,232.7
2023.0,8.0,Feni,Chittagong,352.25,174.5
2023.0,8.0,Khagrachhari,Chittagong,1274.45,631.4
2023.0,8.0,Lakshmipur,Chittagong,371.01,183.8
2023.0,8.0,Noakhali,Chittagong,412.61,204.4
2023.0,8.0,Rangamati,Chittagong,482.57,239.1
2023.0,8.0,Dhaka,Dhaka,119.13,59.0
2023.0,8.0,Faridpur,Dhaka,199.31,98.7
2023.0,8.0,Gazipur,Dhaka,248.63,123.2
2023.0,8.0,Gopalganj,Dhaka,216.05,107.0
2023.0,8.0,Jamalpur,Dhaka,267.26,132.4
2023.0,8.0,Kishoreganj,Dhaka,1139.27,564.4
2023.0,8.0,Madaripur,Dhaka,125.76,62.3
2023.0,8.0,Manikganj,Dhaka,262.77,130.2
2023.0,8.0,Munshiganj,Dhaka,141.1,69.9
2023.0,8.0,Mymensingh,Dhaka,1812.14,897.8
2023.0,8.0,Narayanganj,Dhaka,66.24,32.8
2023.0,8.0,Narsingdi,Dhaka,143.9,71.3
2023.0,8.0,Netrakona,Dhaka,782.54,387.7
2023.0,8.0,Rajbari,Dhaka,167.4,82.9
2023.0,8.0,Shariatpur,Dhaka,206.81,102.5
2023.0,8.0,Sherpur,Dhaka,393.51,195.0
2023.0,8.0,Tangail,Dhaka,381.75,189.1
2023.0,8.0,Bagerhat,Khulna,1358.09,672.8
2023.0,8.0,Chuadanga,Khulna,744.91,369.1
2023.0,8.0,Jessore,Khulna,360.57,178.6
2023.0,8.0,Jhenaidah,Khulna,846.39,419.3
2023.0,8.0,Khulna,Khulna,1652.59,818.7
2023.0,8.0,Kushtia,Khulna,157.25,77.9
2023.0,8.0,Magura,Khulna,79.26,39.3
2023.0,8.0,Meherpur,Khulna,433.82,214.9
2023.0,8.0,Narail,Khulna,117.64,58.3
2023.0,8.0,Satkhira,Khulna,1507.93,747.1
2023.0,8.0,Habiganj,Sylhet,557.06,276.0
2023.0,8.0,Maulvibazar,Sylhet,354.02,175.4
2023.0,8.0,Sunamganj,Sylhet,2158.96,1069.6
2023.0,8.0,Sylhet,Sylhet,846.07,419.2
2023.0,8.0,Bogra,Rajshahi,711.26,352.4
2023.0,8.0,Joypurhat,Rajshahi,770.53,381.7
2023.0,8.0,Naogaon,Rajshahi,779.64,386.3
2023.0,8.0,Natore,Rajshahi,310.58,153.9
2023.0,8.0,Nawabganj,Rajshahi,170.78,84.6
2023.0,8.0,Pabna,Rajshahi,380.74,188.6
2023.0,8.0,Rajshahi,Rajshahi,220.54,109.3
2023.0,8.0,Sirajganj,Rajshahi,655.64,324.8
2023.0,8.0,Dinajpur,Rangpur,2282.72,1130.9
2023.0,8.0,Gaibandha,Rangpur,396.56,196.5
2023.0,8.0,Kurigram,Rangpur,632.24,313.2
2023.0,8.0,Lalmonirhat,Rangpur,468.57,232.1
2023.0,8.0,Nilphamari,Rangpur,954.62,473.0
2023.0,8.0,Panchagarh,Rangpur,861.43,426.8
2023.0,8.0,Rangpur,Rangpur,1482.46,734.5
2023.0,8.0,Thakurgaon,Rangpur,1325.19,656.5
2023.0,8.0,Barguna,Barisal,271.93,134.7
2023.0,9.0,Barisal,Barisal,509.5,252.4
2023.0,9.0,Bhola,Barisal,731.73,362.5
2023.0,9.0,Jhalokati,Barisal,83.05,41.1
2023.0,9.0,Patuakhali,Barisal,382.97,189.7
2023.0,9.0,Pirojpur,Barisal,272.17,134.8
2023.0,9.0,Bandarban,Chittagong,2774.86,1374.8
2023.0,9.0,Brahamanbaria,Chittagong,363.09,179.9
2023.0,9.0,Chandpur,Chittagong,317.4,157.3
2023.0,9.0,Chittagong,Chittagong,1327.99,657.9
2023.0,9.0,Comilla,Chittagong,978.55,484.8
2023.0,9.0,Cox's Bazar,Chittagong,170.1,84.3
2023.0,9.0,Feni,Chittagong,402.32,199.3
2023.0,9.0,Khagrachhari,Chittagong,644.79,319.5
2023.0,9.0,Lakshmipur,Chittagong,328.65,162.8
2023.0,9.0,Noakhali,Chittagong,239.48,118.6
2023.0,9.0,Rangamati,Chittagong,490.72,243.1
2023.0,9.0,Dhaka,Dhaka,113.68,56.3
2023.0,9.0,Faridpur,Dhaka,176.36,87.4
2023.0,9.0,Gazipur,Dhaka,133.11,65.9
2023.0,9.0,Gopalganj,Dhaka,252.89,125.3
2023.0,9.0,Jamalpur,Dhaka,164.14,81.3
2023.0,9.0,Kishoreganj,Dhaka,1102.74,546.3
2023.0,9.0,Madaripur,Dhaka,110.27,54.6
2023.0,9.0,Manikganj,Dhaka,240.25,119.0
2023.0,9.0,Munshiganj,Dhaka,136.42,67.6
2023.0,9.0,Mymensingh,Dhaka,2267.95,1123.6
2023.0,9.0,Narayanganj,Dhaka,63.26,31.3
2023.0,9.0,Narsingdi,Dhaka,120.5,59.7
2023.0,9.0,Netrakona,Dhaka,725.37,359.4
2023.0,9.0,Rajbari,Dhaka,153.71,76.2
2023.0,9.0,Shariatpur,Dhaka,176.64,87.5
2023.0,9.0,Sherpur,Dhaka,481.68,238.6
2023.0,9.0,Tangail,Dhaka,235.08,116.5
2023.0,9.0,Bagerhat,Khulna,1371.2,679.3
2023.0,9.0,Chuadanga,Khulna,536.41,265.8
2023.0,9.0,Jessore,Khulna,161.85,80.2
2023.0,9.0,Jhenaidah,Khulna,925.03,458.3
2023.0,9.0,Khulna,Khulna,1553.03,769.4
2023.0,9.0,Kushtia,Khulna,141.72,70.2
2023.0,9.0,Magura,Khulna,32.25,16.0
2023.0,9.0,Meherpur,Khulna,354.45,175.6
2023.0,9.0,Narail,Khulna,108.62,53.8
2023.0,9.0,Satkhira,Khulna,1264.67,626.6
2023.0,9.0,Habiganj,Sylhet,350.96,173.9
2023.0,9.0,Maulvibazar,Sylhet,267.83,132.7
2023.0,9.0,Sunamganj,Sylhet,2036.91,1009.2
2023.0,9.0,Sylhet,Sylhet,549.31,272.1
2023.0,9.0,Bogra,Rajshahi,329.67,163.3
2023.0,9.0,Joypurhat,Rajshahi,784.45,388.6
2023.0,9.0,Naogaon,Rajshahi,826.76,409.6
2023.0,9.0,Natore,Rajshahi,154.47,76.5
2023.0,9.0,Nawabganj,Rajshahi,162.19,80.4
2023.0,9.0,Pabna,Rajshahi,352.97,174.9
2023.0,9.0,Rajshahi,Rajshahi,227.5,112.7
2023.0,9.0,Sirajganj,Rajshahi,484.0,239.8
2023.0,9.0,Dinajpur,Rangpur,2665.95,1320.8
2023.0,9.0,Gaibandha,Rangpur,299.02,148.1
2023.0,9.0,Kurigram,Rangpur,445.46,220.7
2023.0,9.0,Lalmonirhat,Rangpur,497.1,246.3
2023.0,9.0,Nilphamari,Rangpur,1150.26,569.9
2023.0,9.0,Panchagarh,Rangpur,960.23,475.7
2023.0,9.0,Rangpur,Rangpur,1760.89,872.4
2023.0,9.0,Thakurgaon,Rangpur,1466.47,726.5
2023.0,9.0,Barguna,Barisal,311.61,154.4
2023.0,10.0,Barisal,Barisal,525.24,260.2
2023.0,10.0,Bhola,Barisal,683.01,338.4
2023.0,10.0,Jhalokati,Barisal,37.55,18.6
2023.0,10.0,Patuakhali,Barisal,229.98,113.9
2023.0,10.0,Pirojpur,Barisal,98.18,48.6
2023.0,10.0,Bandarban,Chittagong,3032.15,1502.2
2023.0,10.0,Brahamanbaria,Chittagong,357.94,177.3
2023.0,10.0,Chandpur,Chittagong,313.31,155.2
2023.0,10.0,Chittagong,Chittagong,1797.5,890.5
2023.0,10.0,Comilla,Chittagong,1270.65,629.5
2023.0,10.0,Cox's Bazar,Chittagong,276.04,136.8
2023.0,10.0,Feni,Chittagong,435.81,215.9
2023.0,10.0,Khagrachhari,Chittagong,1550.34,768.1
2023.0,10.0,Lakshmipur,Chittagong,307.83,152.5
2023.0,10.0,Noakhali,Chittagong,187.52,92.9
2023.0,10.0,Rangamati,Chittagong,490.87,243.2
2023.0,10.0,Dhaka,Dhaka,108.41,53.7
2023.0,10.0,Faridpur,Dhaka,155.82,77.2
2023.0,10.0,Gazipur,Dhaka,149.0,73.8
2023.0,10.0,Gopalganj,Dhaka,184.73,91.5
2023.0,10.0,Jamalpur,Dhaka,164.71,81.6
2023.0,10.0,Kishoreganj,Dhaka,1076.05,533.1
2023.0,10.0,Madaripur,Dhaka,108.06,53.5
2023.0,10.0,Manikganj,Dhaka,238.75,118.3
2023.0,10.0,Munshiganj,Dhaka,135.87,67.3
2023.0,10.0,Mymensingh,Dhaka,2333.55,1156.1
2023.0,10.0,Narayanganj,Dhaka,58.33,28.9
2023.0,10.0,Narsingdi,Dhaka,104.97,52.0
2023.0,10.0,Netrakona,Dhaka,648.52,321.3
2023.0,10.0,Rajbari,Dhaka,136.19,67.5
2023.0,10.0,Shariatpur,Dhaka,182.1,90.2
2023.0,10.0,Sherpur,Dhaka,729.81,361.6
2023.0,10.0,Tangail,Dhaka,198.47,98.3
2023.0,10.0,Bagerhat,Khulna,1182.43,585.8
2023.0,10.0,Chuadanga,Khulna,649.94,322.0
2023.0,10.0,Jessore,Khulna,410.98,203.6
2023.0,10.0,Jhenaidah,Khulna,990.39,490.7
2023.0,10.0,Khulna,Khulna,931.84,461.7
2023.0,10.0,Kushtia,Khulna,127.56,63.2
2023.0,10.0,Magura,Khulna,40.45,20.0
2023.0,10.0,Meherpur,Khulna,322.59,159.8
2023.0,10.0,Narail,Khulna,109.64,54.3
2023.0,10.0,Satkhira,Khulna,1359.72,673.7
2023.0,10.0,Habiganj,Sylhet,369.52,183.1
2023.0,10.0,Maulvibazar,Sylhet,234.38,116.1
2023.0,10.0,Sunamganj,Sylhet,1917.7,950.1
2023.0,10.0,Sylhet,Sylhet,595.47,295.0
2023.0,10.0,Bogra,Rajshahi,303.05,150.1
2023.0,10.0,Joypurhat,Rajshahi,814.11,403.3
2023.0,10.0,Naogaon,Rajshahi,1326.85,657.4
2023.0,10.0,Natore,Rajshahi,175.35,86.9
2023.0,10.0,Nawabganj,Rajshahi,162.28,80.4
2023.0,10.0,Pabna,Rajshahi,314.27,155.7
2023.0,10.0,Rajshahi,Rajshahi,323.35,160.2
2023.0,10.0,Sirajganj,Rajshahi,530.46,262.8
2023.0,10.0,Dinajpur,Rangpur,2886.17,1429.9
2023.0,10.0,Gaibandha,Rangpur,307.18,152.2
2023.0,10.0,Kurigram,Rangpur,446.58,221.3
2023.0,10.0,Lalmonirhat,Rangpur,724.05,358.7
2023.0,10.0,Nilphamari,Rangpur,1108.14,549.0
2023.0,10.0,Panchagarh,Rangpur,1049.93,520.2
2023.0,10.0,Rangpur,Rangpur,1753.27,868.6
2023.0,10.0,Thakurgaon,Rangpur,1394.18,690.7
2023.0,10.0,Barguna,Barisal,159.34,78.9
2023.0,11.0,Barisal,Barisal,476.47,236.1
2023.0,11.0,Bhola,Barisal,659.75,326.9
2023.0,11.0,Jhalokati,Barisal,39.17,19.4
2023.0,11.0,Patuakhali,Barisal,226.56,112.2
2023.0,11.0,Pirojpur,Barisal,102.46,50.8
2023.0,11.0,Bandarban,Chittagong,2584.65,1280.5
2023.0,11.0,Brahamanbaria,Chittagong,135.93,67.3
2023.0,11.0,Chandpur,Chittagong,287.13,142.3
2023.0,11.0,Chittagong,Chittagong,1110.34,550.1
2023.0,11.0,Comilla,Chittagong,1273.57,631.0
2023.0,11.0,Cox's Bazar,Chittagong,222.65,110.3
2023.0,11.0,Feni,Chittagong,389.31,192.9
2023.0,11.0,Khagrachhari,Chittagong,1535.23,760.6
2023.0,11.0,Lakshmipur,Chittagong,297.45,147.4
2023.0,11.0,Noakhali,Chittagong,186.08,92.2
2023.0,11.0,Rangamati,Chittagong,442.68,219.3
2023.0,11.0,Dhaka,Dhaka,141.45,70.1
2023.0,11.0,Faridpur,Dhaka,112.12,55.5
2023.0,11.0,Gazipur,Dhaka,852.76,422.5
2023.0,11.0,Gopalganj,Dhaka,201.2,99.7
2023.0,11.0,Jamalpur,Dhaka,203.77,101.0
2023.0,11.0,Kishoreganj,Dhaka,405.33,200.8
2023.0,11.0,Madaripur,Dhaka,104.51,51.8
2023.0,11.0,Manikganj,Dhaka,196.81,97.5
2023.0,11.0,Munshiganj,Dhaka,121.15,60.0
2023.0,11.0,Mymensingh,Dhaka,2734.97,1355.0
2023.0,11.0,Narayanganj,Dhaka,49.82,24.7
2023.0,11.0,Narsingdi,Dhaka,67.45,33.4
2023.0,11.0,Netrakona,Dhaka,379.93,188.2
2023.0,11.0,Rajbari,Dhaka,112.48,55.7
2023.0,11.0,Shariatpur,Dhaka,156.95,77.8
2023.0,11.0,Sherpur,Dhaka,833.26,412.8
2023.0,11.0,Tangail,Dhaka,634.27,314.2
2023.0,11.0,Bagerhat,Khulna,1104.19,547.1
2023.0,11.0,Chuadanga,Khulna,516.1,255.7
2023.0,11.0,Jessore,Khulna,202.13,100.1
2023.0,11.0,Jhenaidah,Khulna,1056.47,523.4
2023.0,11.0,Khulna,Khulna,1206.53,597.8
2023.0,11.0,Kushtia,Khulna,113.9,56.4
2023.0,11.0,Magura,Khulna,30.03,14.9
2023.0,11.0,Meherpur,Khulna,336.72,166.8
2023.0,11.0,Narail,Khulna,117.6,58.3
2023.0,11.0,Satkhira,Khulna,1419.5,703.3
2023.0,11.0,Habiganj,Sylhet,461.55,228.7
2023.0,11.0,Maulvibazar,Sylhet,182.81,90.6
2023.0,11.0,Sunamganj,Sylhet,1288.03,638.1
2023.0,11.0,Sylhet,Sylhet,441.54,218.8
2023.0,11.0,Bogra,Rajshahi,342.83,169.8
2023.0,11.0,Joypurhat,Rajshahi,811.65,402.1
2023.0,11.0,Naogaon,Rajshahi,1536.45,761.2
2023.0,11.0,Natore,Rajshahi,105.69,52.4
2023.0,11.0,Nawabganj,Rajshahi,122.81,60.8
2023.0,11.0,Pabna,Rajshahi,154.01,76.3
2023.0,11.0,Rajshahi,Rajshahi,188.44,93.4
2023.0,11.0,Sirajganj,Rajshahi,343.8,170.3
2023.0,11.0,Dinajpur,Rangpur,2820.36,1397.3
2023.0,11.0,Gaibandha,Rangpur,255.3,126.5
2023.0,11.0,Kurigram,Rangpur,369.42,183.0
2023.0,11.0,Lalmonirhat,Rangpur,721.32,357.4
2023.0,11.0,Nilphamari,Rangpur,1069.92,530.1
2023.0,11.0,Panchagarh,Rangpur,955.82,473.5
2023.0,11.0,Rangpur,Rangpur,1684.22,834.4
2023.0,11.0,Thakurgaon,Rangpur,1564.17,774.9
2023.0,11.0,Barguna,Barisal,160.04,79.3
2023.0,12.0,Barisal,Barisal,487.75,241.6
2023.0,12.0,Bhola,Barisal,659.26,326.6
2023.0,12.0,Jhalokati,Barisal,37.49,18.6
2023.0,12.0,Patuakhali,Barisal,222.95,110.5
2023.0,12.0,Pirojpur,Barisal,106.01,52.5
2023.0,12.0,Bandarban,Chittagong,1997.74,989.7
2023.0,12.0,Brahamanbaria,Chittagong,389.94,193.2
2023.0,12.0,Chandpur,Chittagong,280.81,139.1
2023.0,12.0,Chittagong,Chittagong,1183.45,586.3
2023.0,12.0,Comilla,Chittagong,999.9,495.4
2023.0,12.0,Cox's Bazar,Chittagong,651.21,322.6
2023.0,12.0,Feni,Chittagong,275.45,136.5
2023.0,12.0,Khagrachhari,Chittagong,1138.28,563.9
2023.0,12.0,Lakshmipur,Chittagong,298.37,147.8
2023.0,12.0,Noakhali,Chittagong,198.26,98.2
2023.0,12.0,Rangamati,Chittagong,415.9,206.1
2023.0,12.0,Dhaka,Dhaka,744.94,369.1
2023.0,12.0,Faridpur,Dhaka,105.02,52.0
2023.0,12.0,Gazipur,Dhaka,965.83,478.5
2023.0,12.0,Gopalganj,Dhaka,313.72,155.4
2023.0,12.0,Jamalpur,Dhaka,221.24,109.6
2023.0,12.0,Kishoreganj,Dhaka,242.99,120.4
2023.0,12.0,Madaripur,Dhaka,120.91,59.9
2023.0,12.0,Manikganj,Dhaka,184.17,91.2
2023.0,12.0,Munshiganj,Dhaka,110.93,55.0
2023.0,12.0,Mymensingh,Dhaka,2495.07,1236.1
2023.0,12.0,Narayanganj,Dhaka,301.21,149.2
2023.0,12.0,Narsingdi,Dhaka,60.77,30.1
2023.0,12.0,Netrakona,Dhaka,505.59,250.5
2023.0,12.0,Rajbari,Dhaka,104.84,51.9
2023.0,12.0,Shariatpur,Dhaka,153.06,75.8
2023.0,12.0,Sherpur,Dhaka,910.45,451.1
2023.0,12.0,Tangail,Dhaka,1499.89,743.1
2023.0,12.0,Bagerhat,Khulna,975.75,483.4
2023.0,12.0,Chuadanga,Khulna,607.33,300.9
2023.0,12.0,Jessore,Khulna,211.3,104.7
2023.0,12.0,Jhenaidah,Khulna,939.44,465.4
2023.0,12.0,Khulna,Khulna,979.41,485.2
2023.0,12.0,Kushtia,Khulna,119.57,59.2
2023.0,12.0,Magura,Khulna,275.3,136.4
2023.0,12.0,Meherpur,Khulna,304.99,151.1
2023.0,12.0,Narail,Khulna,166.41,82.4
2023.0,12.0,Satkhira,Khulna,1285.02,636.6
2023.0,12.0,Habiganj,Sylhet,653.11,323.6
2023.0,12.0,Maulvibazar,Sylhet,272.53,135.0
2023.0,12.0,Sunamganj,Sylhet,819.62,406.1
2023.0,12.0,Sylhet,Sylhet,614.59,304.5
2023.0,12.0,Bogra,Rajshahi,224.84,111.4
2023.0,12.0,Joypurhat,Rajshahi,482.24,238.9
2023.0,12.0,Naogaon,Rajshahi,1556.1,770.9
2023.0,12.0,Natore,Rajshahi,295.88,146.6
2023.0,12.0,Nawabganj,Rajshahi,154.49,76.5
2023.0,12.0,Pabna,Rajshahi,158.1,78.3
2023.0,12.0,Rajshahi,Rajshahi,273.09,135.3
2023.0,12.0,Sirajganj,Rajshahi,309.91,153.5
2023.0,12.0,Dinajpur,Rangpur,2469.88,1223.7
2023.0,12.0,Gaibandha,Rangpur,249.97,123.8
2023.0,12.0,Kurigram,Rangpur,374.93,185.8
2023.0,12.0,Lalmonirhat,Rangpur,582.95,288.8
2023.0,12.0,Nilphamari,Rangpur,957.23,474.2
2023.0,12.0,Panchagarh,Rangpur,859.01,425.6
2023.0,12.0,Rangpur,Rangpur,1567.58,776.6
2023.0,12.0,Thakurgaon,Rangpur,1151.06,570.3
2023.0,12.0,Barguna,Barisal,153.73,76.2
2024.0,1.0,Barisal,Barisal,412.94,204.6
2024.0,1.0,Bhola,Barisal,647.95,321.0
2024.0,1.0,Jhalokati,Barisal,35.87,17.8
2024.0,1.0,Patuakhali,Barisal,224.14,111.0
2024.0,1.0,Pirojpur,Barisal,95.98,47.6
2024.0,1.0,Bandarban,Chittagong,2032.31,1006.9
2024.0,1.0,Brahamanbaria,Chittagong,979.32,485.2
2024.0,1.0,Chandpur,Chittagong,259.06,128.3
2024.0,1.0,Chittagong,Chittagong,1696.71,840.6
2024.0,1.0,Comilla,Chittagong,1648.91,816.9
2024.0,1.0,Cox's Bazar,Chittagong,730.77,362.0
2024.0,1.0,Feni,Chittagong,370.34,183.5
2024.0,1.0,Khagrachhari,Chittagong,1303.63,645.9
2024.0,1.0,Lakshmipur,Chittagong,292.26,144.8
2024.0,1.0,Noakhali,Chittagong,183.64,91.0
2024.0,1.0,Rangamati,Chittagong,378.46,187.5
2024.0,1.0,Dhaka,Dhaka,732.82,363.1
2024.0,1.0,Faridpur,Dhaka,518.37,256.8
2024.0,1.0,Gazipur,Dhaka,923.9,457.7
2024.0,1.0,Gopalganj,Dhaka,625.08,309.7
2024.0,1.0,Jamalpur,Dhaka,162.78,80.6
2024.0,1.0,Kishoreganj,Dhaka,1464.36,725.5
2024.0,1.0,Madaripur,Dhaka,102.63,50.8
2024.0,1.0,Manikganj,Dhaka,189.08,93.7
2024.0,1.0,Munshiganj,Dhaka,102.81,50.9
2024.0,1.0,Mymensingh,Dhaka,2692.05,1333.7
2024.0,1.0,Narayanganj,Dhaka,319.21,158.1
2024.0,1.0,Narsingdi,Dhaka,62.75,31.1
2024.0,1.0,Netrakona,Dhaka,1826.88,905.1
2024.0,1.0,Rajbari,Dhaka,97.6,48.4
2024.0,1.0,Shariatpur,Dhaka,134.68,66.7
2024.0,1.0,Sherpur,Dhaka,899.54,445.7
2024.0,1.0,Tangail,Dhaka,1761.68,872.8
2024.0,1.0,Bagerhat,Khulna,787.92,390.4
2024.0,1.0,Chuadanga,Khulna,558.04,276.5
2024.0,1.0,Jessore,Khulna,682.26,338.0
2024.0,1.0,Jhenaidah,Khulna,793.12,392.9
2024.0,1.0,Khulna,Khulna,918.13,454.9
2024.0,1.0,Kushtia,Khulna,108.53,53.8
2024.0,1.0,Magura,Khulna,486.11,240.8
2024.0,1.0,Meherpur,Khulna,322.69,159.9
2024.0,1.0,Narail,Khulna,172.04,85.2
2024.0,1.0,Satkhira,Khulna,1103.6,546.8
2024.0,1.0,Habiganj,Sylhet,1412.92,700.0
2024.0,1.0,Maulvibazar,Sylhet,663.1,328.5
2024.0,1.0,Sunamganj,Sylhet,395.98,196.2
2024.0,1.0,Sylhet,Sylhet,1717.29,850.8
2024.0,1.0,Bogra,Rajshahi,171.51,85.0
2024.0,1.0,Joypurhat,Rajshahi,308.8,153.0
2024.0,1.0,Naogaon,Rajshahi,1841.17,912.2
2024.0,1.0,Natore,Rajshahi,898.35,445.1
2024.0,1.0,Nawabganj,Rajshahi,636.39,315.3
2024.0,1.0,Pabna,Rajshahi,609.35,301.9
2024.0,1.0,Rajshahi,Rajshahi,550.17,272.6
2024.0,1.0,Sirajganj,Rajshahi,366.81,181.7
2024.0,1.0,Dinajpur,Rangpur,1103.47,546.7
2024.0,1.0,Gaibandha,Rangpur,156.99,77.8
2024.0,1.0,Kurigram,Rangpur,413.54,204.9
2024.0,1.0,Lalmonirhat,Rangpur,44.1,21.8
2024.0,1.0,Nilphamari,Rangpur,40.22,19.9
2024.0,1.0,Panchagarh,Rangpur,891.27,441.6
2024.0,1.0,Rangpur,Rangpur,95.86,47.5
2024.0,1.0,Thakurgaon,Rangpur,1013.98,502.4
2024.0,1.0,Barguna,Barisal,159.39,79.0
2024.0,2.0,Barisal,Barisal,437.04,216.5
2024.0,2.0,Bhola,Barisal,664.98,329.5
2024.0,2.0,Jhalokati,Barisal,35.92,17.8
2024.0,2.0,Patuakhali,Barisal,216.31,107.2
2024.0,2.0,Pirojpur,Barisal,92.83,46.0
2024.0,2.0,Bandarban,Chittagong,3037.84,1505.0
2024.0,2.0,Brahamanbaria,Chittagong,1047.97,519.2
2024.0,2.0,Chandpur,Chittagong,262.05,129.8
2024.0,2.0,Chittagong,Chittagong,1744.42,864.2
2024.0,2.0,Comilla,Chittagong,1575.24,780.4
2024.0,2.0,Cox's Bazar,Chittagong,807.09,399.9
2024.0,2.0,Feni,Chittagong,411.19,203.7
2024.0,2.0,Khagrachhari,Chittagong,1721.72,853.0
2024.0,2.0,Lakshmipur,Chittagong,298.54,147.9
2024.0,2.0,Noakhali,Chittagong,178.74,88.6
2024.0,2.0,Rangamati,Chittagong,305.6,151.4
2024.0,2.0,Dhaka,Dhaka,699.35,346.5
2024.0,2.0,Faridpur,Dhaka,722.59,358.0
2024.0,2.0,Gazipur,Dhaka,879.72,435.8
2024.0,2.0,Gopalganj,Dhaka,626.34,310.3
2024.0,2.0,Jamalpur,Dhaka,602.68,298.6
2024.0,2.0,Kishoreganj,Dhaka,1096.97,543.5
2024.0,2.0,Madaripur,Dhaka,84.66,41.9
2024.0,2.0,Manikganj,Dhaka,185.33,91.8
2024.0,2.0,Munshiganj,Dhaka,102.44,50.8
2024.0,2.0,Mymensingh,Dhaka,2271.6,1125.4
2024.0,2.0,Narayanganj,Dhaka,352.03,174.4
2024.0,2.0,Narsingdi,Dhaka,65.07,32.2
2024.0,2.0,Netrakona,Dhaka,1654.5,819.7
2024.0,2.0,Rajbari,Dhaka,98.29,48.7
2024.0,2.0,Shariatpur,Dhaka,132.17,65.5
2024.0,2.0,Sherpur,Dhaka,751.75,372.4
2024.0,2.0,Tangail,Dhaka,1493.43,739.9
2024.0,2.0,Bagerhat,Khulna,600.36,297.4
2024.0,2.0,Chuadanga,Khulna,786.84,389.8
2024.0,2.0,Jessore,Khulna,648.71,321.4
2024.0,2.0,Jhenaidah,Khulna,983.66,487.3
2024.0,2.0,Khulna,Khulna,566.87,280.8
2024.0,2.0,Kushtia,Khulna,206.4,102.3
2024.0,2.0,Magura,Khulna,670.13,332.0
2024.0,2.0,Meherpur,Khulna,363.99,180.3
2024.0,2.0,Narail,Khulna,52.03,25.8
2024.0,2.0,Satkhira,Khulna,807.11,399.9
2024.0,2.0,Habiganj,Sylhet,1104.34,547.1
2024.0,2.0,Maulvibazar,Sylhet,1042.87,516.7
2024.0,2.0,Sunamganj,Sylhet,995.53,493.2
2024.0,2.0,Sylhet,Sylhet,1288.84,638.5
2024.0,2.0,Bogra,Rajshahi,1298.67,643.4
2024.0,2.0,Joypurhat,Rajshahi,549.5,272.2
2024.0,2.0,Naogaon,Rajshahi,2714.15,1344.7
2024.0,2.0,Natore,Rajshahi,1354.2,670.9
2024.0,2.0,Nawabganj,Rajshahi,822.97,407.7
2024.0,2.0,Pabna,Rajshahi,1097.74,543.9
2024.0,2.0,Rajshahi,Rajshahi,1184.5,586.8
2024.0,2.0,Sirajganj,Rajshahi,301.3,149.3
2024.0,2.0,Dinajpur,Rangpur,1443.31,715.1
2024.0,2.0,Gaibandha,Rangpur,338.09,167.5
2024.0,2.0,Kurigram,Rangpur,410.3,203.3
2024.0,2.0,Lalmonirhat,Rangpur,476.75,236.2
2024.0,2.0,Nilphamari,Rangpur,678.24,336.0
2024.0,2.0,Panchagarh,Rangpur,1004.67,497.7
2024.0,2.0,Rangpur,Rangpur,1002.66,496.8
2024.0,2.0,Thakurgaon,Rangpur,1013.28,502.0
2024.0,2.0,Barguna,Barisal,154.3,76.4
2024.0,3.0,Barisal,Barisal,410.36,203.3
2024.0,3.0,Bhola,Barisal,651.14,322.6
2024.0,3.0,Jhalokati,Barisal,32.68,16.2
2024.0,3.0,Patuakhali,Barisal,223.2,110.6
2024.0,3.0,Pirojpur,Barisal,87.47,43.3
2024.0,3.0,Bandarban,Chittagong,2898.94,1436.2
2024.0,3.0,Brahamanbaria,Chittagong,1027.74,509.2
2024.0,3.0,Chandpur,Chittagong,260.5,129.1
2024.0,3.0,Chittagong,Chittagong,1960.41,971.3
2024.0,3.0,Comilla,Chittagong,1759.64,871.8
2024.0,3.0,Cox's Bazar,Chittagong,700.14,346.9
2024.0,3.0,Feni,Chittagong,401.32,198.8
2024.0,3.0,Khagrachhari,Chittagong,1395.86,691.6
2024.0,3.0,Lakshmipur,Chittagong,297.05,147.2
2024.0,3.0,Noakhali,Chittagong,179.62,89.0
2024.0,3.0,Rangamati,Chittagong,294.45,145.9
2024.0,3.0,Dhaka,Dhaka,732.83,363.1
2024.0,3.0,Faridpur,Dhaka,862.25,427.2
2024.0,3.0,Gazipur,Dhaka,944.85,468.1
2024.0,3.0,Gopalganj,Dhaka,918.58,455.1
2024.0,3.0,Jamalpur,Dhaka,190.12,94.2
2024.0,3.0,Kishoreganj,Dhaka,1471.03,728.8
2024.0,3.0,Madaripur,Dhaka,84.21,41.7
2024.0,3.0,Manikganj,Dhaka,191.15,94.7
2024.0,3.0,Munshiganj,Dhaka,94.33,46.7
2024.0,3.0,Mymensingh,Dhaka,2259.59,1119.5
2024.0,3.0,Narayanganj,Dhaka,385.11,190.8
2024.0,3.0,Narsingdi,Dhaka,142.85,70.8
2024.0,3.0,Netrakona,Dhaka,1784.39,884.0
2024.0,3.0,Rajbari,Dhaka,90.65,44.9
2024.0,3.0,Shariatpur,Dhaka,131.22,65.0
2024.0,3.0,Sherpur,Dhaka,831.45,411.9
2024.0,3.0,Tangail,Dhaka,1606.04,795.7
2024.0,3.0,Bagerhat,Khulna,606.44,300.5
2024.0,3.0,Chuadanga,Khulna,598.08,296.3
2024.0,3.0,Jessore,Khulna,212.3,105.2
2024.0,3.0,Jhenaidah,Khulna,1026.49,508.6
2024.0,3.0,Khulna,Khulna,549.29,272.1
2024.0,3.0,Kushtia,Khulna,124.55,61.7
2024.0,3.0,Magura,Khulna,532.36,263.7
2024.0,3.0,Meherpur,Khulna,342.12,169.5
2024.0,3.0,Narail,Khulna,43.36,21.5
2024.0,3.0,Satkhira,Khulna,971.03,481.1
2024.0,3.0,Habiganj,Sylhet,1667.83,826.3
2024.0,3.0,Maulvibazar,Sylhet,799.53,396.1
2024.0,3.0,Sunamganj,Sylhet,1962.58,972.3
2024.0,3.0,Sylhet,Sylhet,1926.17,954.3
2024.0,3.0,Bogra,Rajshahi,1271.37,629.9
2024.0,3.0,Joypurhat,Rajshahi,840.52,416.4
2024.0,3.0,Naogaon,Rajshahi,2797.27,1385.9
2024.0,3.0,Natore,Rajshahi,1162.22,575.8
2024.0,3.0,Nawabganj,Rajshahi,432.94,214.5
2024.0,3.0,Pabna,Rajshahi,1087.69,538.9
2024.0,3.0,Rajshahi,Rajshahi,271.07,134.3
2024.0,3.0,Sirajganj,Rajshahi,315.01,156.1
2024.0,3.0,Dinajpur,Rangpur,2400.52,1189.3
2024.0,3.0,Gaibandha,Rangpur,282.99,140.2
2024.0,3.0,Kurigram,Rangpur,465.95,230.8
2024.0,3.0,Lalmonirhat,Rangpur,300.38,148.8
2024.0,3.0,Nilphamari,Rangpur,1093.47,541.7
2024.0,3.0,Panchagarh,Rangpur,715.54,354.5
2024.0,3.0,Rangpur,Rangpur,1807.2,895.3
2024.0,3.0,Thakurgaon,Rangpur,977.2,484.1
2024.0,3.0,Barguna,Barisal,156.74,77.7
2024.0,4.0,Barisal,Barisal,433.4,214.7
2024.0,4.0,Bhola,Barisal,663.37,328.7
2024.0,4.0,Jhalokati,Barisal,35.73,17.7
2024.0,4.0,Patuakhali,Barisal,238.32,118.1
2024.0,4.0,Pirojpur,Barisal,93.57,46.4
2024.0,4.0,Bandarban,Chittagong,3176.11,1573.6
2024.0,4.0,Brahamanbaria,Chittagong,1132.64,561.1
2024.0,4.0,Chandpur,Chittagong,272.38,134.9
2024.0,4.0,Chittagong,Chittagong,2022.89,1002.2
2024.0,4.0,Comilla,Chittagong,1908.52,945.5
2024.0,4.0,Cox's Bazar,Chittagong,872.06,432.0
2024.0,4.0,Feni,Chittagong,452.29,224.1
2024.0,4.0,Khagrachhari,Chittagong,1790.7,887.2
2024.0,4.0,Lakshmipur,Chittagong,300.83,149.0
2024.0,4.0,Noakhali,Chittagong,179.04,88.7
2024.0,4.0,Rangamati,Chittagong,377.91,187.2
2024.0,4.0,Dhaka,Dhaka,856.66,424.4
2024.0,4.0,Faridpur,Dhaka,766.42,379.7
2024.0,4.0,Gazipur,Dhaka,982.91,487.0
2024.0,4.0,Gopalganj,Dhaka,1023.1,506.9
2024.0,4.0,Jamalpur,Dhaka,1233.97,611.4
2024.0,4.0,Kishoreganj,Dhaka,1131.34,560.5
2024.0,4.0,Madaripur,Dhaka,87.92,43.6
2024.0,4.0,Manikganj,Dhaka,179.34,88.9
2024.0,4.0,Munshiganj,Dhaka,102.46,50.8
2024.0,4.0,Mymensingh,Dhaka,2592.88,1284.6
2024.0,4.0,Narayanganj,Dhaka,418.98,207.6
2024.0,4.0,Narsingdi,Dhaka,419.49,207.8
2024.0,4.0,Netrakona,Dhaka,1898.83,940.7
2024.0,4.0,Rajbari,Dhaka,114.45,56.7
2024.0,4.0,Shariatpur,Dhaka,134.59,66.7
2024.0,4.0,Sherpur,Dhaka,1024.47,507.6
2024.0,4.0,Tangail,Dhaka,1793.84,888.7
2024.0,4.0,Bagerhat,Khulna,1145.5,567.5
2024.0,4.0,Chuadanga,Khulna,759.98,376.5
2024.0,4.0,Jessore,Khulna,1254.8,621.7
2024.0,4.0,Jhenaidah,Khulna,1412.49,699.8
2024.0,4.0,Khulna,Khulna,700.65,347.1
2024.0,4.0,Kushtia,Khulna,180.94,89.6
2024.0,4.0,Magura,Khulna,783.94,388.4
2024.0,4.0,Meherpur,Khulna,492.53,244.0
2024.0,4.0,Narail,Khulna,74.05,36.7
2024.0,4.0,Satkhira,Khulna,1081.05,535.6
2024.0,4.0,Habiganj,Sylhet,1707.1,845.8
2024.0,4.0,Maulvibazar,Sylhet,667.09,330.5
2024.0,4.0,Sunamganj,Sylhet,695.66,344.7
2024.0,4.0,Sylhet,Sylhet,860.42,426.3
2024.0,4.0,Bogra,Rajshahi,1910.6,946.6
2024.0,4.0,Joypurhat,Rajshahi,879.2,435.6
2024.0,4.0,Naogaon,Rajshahi,3119.41,1545.5
2024.0,4.0,Natore,Rajshahi,1405.31,696.2
2024.0,4.0,Nawabganj,Rajshahi,919.14,455.4
2024.0,4.0,Pabna,Rajshahi,1437.68,712.3
2024.0,4.0,Rajshahi,Rajshahi,1176.01,582.6
2024.0,4.0,Sirajganj,Rajshahi,282.67,140.0
2024.0,4.0,Dinajpur,Rangpur,3080.6,1526.2
2024.0,4.0,Gaibandha,Rangpur,245.85,121.8
2024.0,4.0,Kurigram,Rangpur,341.03,169.0
2024.0,4.0,Lalmonirhat,Rangpur,661.81,327.9
2024.0,4.0,Nilphamari,Rangpur,1308.54,648.3
2024.0,4.0,Panchagarh,Rangpur,866.37,429.2
2024.0,4.0,Rangpur,Rangpur,1957.14,969.6
2024.0,4.0,Thakurgaon,Rangpur,1286.55,637.4
2024.0,4.0,Barguna,Barisal,158.31,78.4
2024.0,5.0,Barisal,Barisal,432.35,214.2
2024.0,5.0,Bhola,Barisal,651.39,322.7
2024.0,5.0,Jhalokati,Barisal,39.73,19.7
2024.0,5.0,Patuakhali,Barisal,260.11,128.9
2024.0,5.0,Pirojpur,Barisal,105.37,52.2
2024.0,5.0,Bandarban,Chittagong,2983.46,1478.1
2024.0,5.0,Brahamanbaria,Chittagong,99.62,49.4
2024.0,5.0,Chandpur,Chittagong,277.81,137.6
2024.0,5.0,Chittagong,Chittagong,1307.68,647.9
2024.0,5.0,Comilla,Chittagong,1771.87,877.8
2024.0,5.0,Cox's Bazar,Chittagong,481.66,238.6
2024.0,5.0,Feni,Chittagong,476.5,236.1
2024.0,5.0,Khagrachhari,Chittagong,1670.14,827.4
2024.0,5.0,Lakshmipur,Chittagong,291.51,144.4
2024.0,5.0,Noakhali,Chittagong,180.62,89.5
2024.0,5.0,Rangamati,Chittagong,295.98,146.6
2024.0,5.0,Dhaka,Dhaka,864.22,428.2
2024.0,5.0,Faridpur,Dhaka,117.3,58.1
2024.0,5.0,Gazipur,Dhaka,977.02,484.0
2024.0,5.0,Gopalganj,Dhaka,896.25,444.0
2024.0,5.0,Jamalpur,Dhaka,112.26,55.6
2024.0,5.0,Kishoreganj,Dhaka,214.86,106.4
2024.0,5.0,Madaripur,Dhaka,93.59,46.4
2024.0,5.0,Manikganj,Dhaka,178.67,88.5
2024.0,5.0,Munshiganj,Dhaka,106.43,52.7
2024.0,5.0,Mymensingh,Dhaka,2848.52,1411.3
2024.0,5.0,Narayanganj,Dhaka,73.33,36.3
2024.0,5.0,Narsingdi,Dhaka,71.44,35.4
2024.0,5.0,Netrakona,Dhaka,409.37,202.8
2024.0,5.0,Rajbari,Dhaka,121.69,60.3
2024.0,5.0,Shariatpur,Dhaka,144.16,71.4
2024.0,5.0,Sherpur,Dhaka,1067.11,528.7
2024.0,5.0,Tangail,Dhaka,901.22,446.5
2024.0,5.0,Bagerhat,Khulna,1264.63,626.5
2024.0,5.0,Chuadanga,Khulna,878.39,435.2
2024.0,5.0,Jessore,Khulna,675.82,334.8
2024.0,5.0,Jhenaidah,Khulna,1242.58,615.6
2024.0,5.0,Khulna,Khulna,723.57,358.5
2024.0,5.0,Kushtia,Khulna,132.66,65.7
2024.0,5.0,Magura,Khulna,450.25,223.1
2024.0,5.0,Meherpur,Khulna,518.79,257.0
2024.0,5.0,Narail,Khulna,62.43,30.9
2024.0,5.0,Satkhira,Khulna,1041.21,515.9
2024.0,5.0,Habiganj,Sylhet,579.55,287.1
2024.0,5.0,Maulvibazar,Sylhet,187.06,92.7
2024.0,5.0,Sunamganj,Sylhet,320.16,158.6
2024.0,5.0,Sylhet,Sylhet,274.94,136.2
2024.0,5.0,Bogra,Rajshahi,157.11,77.8
2024.0,5.0,Joypurhat,Rajshahi,826.1,409.3
2024.0,5.0,Naogaon,Rajshahi,2588.72,1282.5
2024.0,5.0,Natore,Rajshahi,1471.85,729.2
2024.0,5.0,Nawabganj,Rajshahi,317.45,157.3
2024.0,5.0,Pabna,Rajshahi,267.52,132.5
2024.0,5.0,Rajshahi,Rajshahi,508.45,251.9
2024.0,5.0,Sirajganj,Rajshahi,288.36,142.9
2024.0,5.0,Dinajpur,Rangpur,2537.92,1257.4
2024.0,5.0,Gaibandha,Rangpur,232.29,115.1
2024.0,5.0,Kurigram,Rangpur,364.35,180.5
2024.0,5.0,Lalmonirhat,Rangpur,197.27,97.7
2024.0,5.0,Nilphamari,Rangpur,1264.63,626.5
2024.0,5.0,Panchagarh,Rangpur,1034.04,512.3
2024.0,5.0,Rangpur,Rangpur,1576.44,781.0
2024.0,5.0,Thakurgaon,Rangpur,1206.9,597.9
2024.0,5.0,Barguna,Barisal,163.59,81.0
2024.0,6.0,Barisal,Barisal,568.56,281.7
2024.0,6.0,Bhola,Barisal,758.02,375.5
2024.0,6.0,Jhalokati,Barisal,76.22,37.8
2024.0,6.0,Patuakhali,Barisal,293.93,145.6
2024.0,6.0,Pirojpur,Barisal,186.2,92.2
2024.0,6.0,Bandarban,Chittagong,3318.41,1644.1
2024.0,6.0,Brahamanbaria,Chittagong,469.55,232.6
2024.0,6.0,Chandpur,Chittagong,315.66,156.4
2024.0,6.0,Chittagong,Chittagong,1865.88,924.4
2024.0,6.0,Comilla,Chittagong,830.63,411.5
2024.0,6.0,Cox's Bazar,Chittagong,383.21,189.9
2024.0,6.0,Feni,Chittagong,332.27,164.6
2024.0,6.0,Khagrachhari,Chittagong,1655.46,820.2
2024.0,6.0,Lakshmipur,Chittagong,325.7,161.4
2024.0,6.0,Noakhali,Chittagong,230.04,114.0
2024.0,6.0,Rangamati,Chittagong,461.48,228.6
2024.0,6.0,Dhaka,Dhaka,618.87,306.6
2024.0,6.0,Faridpur,Dhaka,127.93,63.4
2024.0,6.0,Gazipur,Dhaka,296.77,147.0
2024.0,6.0,Gopalganj,Dhaka,536.56,265.8
2024.0,6.0,Jamalpur,Dhaka,154.55,76.6
2024.0,6.0,Kishoreganj,Dhaka,1331.47,659.7
2024.0,6.0,Madaripur,Dhaka,155.06,76.8
2024.0,6.0,Manikganj,Dhaka,211.51,104.8
2024.0,6.0,Munshiganj,Dhaka,141.83,70.3
2024.0,6.0,Mymensingh,Dhaka,1468.85,727.7
2024.0,6.0,Narayanganj,Dhaka,63.4,31.4
2024.0,6.0,Narsingdi,Dhaka,136.93,67.8
2024.0,6.0,Netrakona,Dhaka,1274.94,631.6
2024.0,6.0,Rajbari,Dhaka,129.56,64.2
2024.0,6.0,Shariatpur,Dhaka,169.83,84.1
2024.0,6.0,Sherpur,Dhaka,289.04,143.2
2024.0,6.0,Tangail,Dhaka,216.72,107.4
2024.0,6.0,Bagerhat,Khulna,1417.44,702.2
2024.0,6.0,Chuadanga,Khulna,868.39,430.2
2024.0,6.0,Jessore,Khulna,358.76,177.7
2024.0,6.0,Jhenaidah,Khulna,1516.39,751.3
2024.0,6.0,Khulna,Khulna,1006.22,498.5
2024.0,6.0,Kushtia,Khulna,134.94,66.9
2024.0,6.0,Magura,Khulna,523.64,259.4
2024.0,6.0,Meherpur,Khulna,550.21,272.6
2024.0,6.0,Narail,Khulna,120.35,59.6
2024.0,6.0,Satkhira,Khulna,1177.89,583.6
2024.0,6.0,Habiganj,Sylhet,1015.48,503.1
2024.0,6.0,Maulvibazar,Sylhet,652.08,323.1
2024.0,6.0,Sunamganj,Sylhet,2781.73,1378.2
2024.0,6.0,Sylhet,Sylhet,1936.52,959.4
2024.0,6.0,Bogra,Rajshahi,200.22,99.2
2024.0,6.0,Joypurhat,Rajshahi,743.66,368.4
2024.0,6.0,Naogaon,Rajshahi,1731.69,857.9
2024.0,6.0,Natore,Rajshahi,410.05,203.2
2024.0,6.0,Nawabganj,Rajshahi,272.86,135.2
2024.0,6.0,Pabna,Rajshahi,179.4,88.9
2024.0,6.0,Rajshahi,Rajshahi,264.24,130.9
2024.0,6.0,Sirajganj,Rajshahi,386.17,191.3
2024.0,6.0,Dinajpur,Rangpur,2338.0,1158.3
2024.0,6.0,Gaibandha,Rangpur,302.05,149.6
2024.0,6.0,Kurigram,Rangpur,495.18,245.3
2024.0,6.0,Lalmonirhat,Rangpur,83.53,41.4
2024.0,6.0,Nilphamari,Rangpur,574.47,284.6
2024.0,6.0,Panchagarh,Rangpur,862.84,427.5
2024.0,6.0,Rangpur,Rangpur,1325.23,656.6
2024.0,6.0,Thakurgaon,Rangpur,1258.23,623.4
2024.0,6.0,Barguna,Barisal,185.56,91.9
2024.0,7.0,Barisal,Barisal,575.35,285.0
2024.0,7.0,Bhola,Barisal,697.53,345.6
2024.0,7.0,Jhalokati,Barisal,115.7,57.3
2024.0,7.0,Patuakhali,Barisal,453.63,224.7
2024.0,7.0,Pirojpur,Barisal,277.06,137.3
2024.0,7.0,Bandarban,Chittagong,2407.85,1192.9
2024.0,7.0,Brahamanbaria,Chittagong,721.36,357.4
2024.0,7.0,Chandpur,Chittagong,357.85,177.3
2024.0,7.0,Chittagong,Chittagong,1970.98,976.5
2024.0,7.0,Comilla,Chittagong,618.78,306.6
2024.0,7.0,Cox's Bazar,Chittagong,482.68,239.1
2024.0,7.0,Feni,Chittagong,378.22,187.4
2024.0,7.0,Khagrachhari,Chittagong,1800.64,892.1
2024.0,7.0,Lakshmipur,Chittagong,311.7,154.4
2024.0,7.0,Noakhali,Chittagong,369.77,183.2
2024.0,7.0,Rangamati,Chittagong,465.59,230.7
2024.0,7.0,Dhaka,Dhaka,152.8,75.7
2024.0,7.0,Faridpur,Dhaka,239.03,118.4
2024.0,7.0,Gazipur,Dhaka,203.18,100.7
2024.0,7.0,Gopalganj,Dhaka,603.74,299.1
2024.0,7.0,Jamalpur,Dhaka,333.98,165.5
2024.0,7.0,Kishoreganj,Dhaka,1395.26,691.3
2024.0,7.0,Madaripur,Dhaka,155.41,77.0
2024.0,7.0,Manikganj,Dhaka,334.94,165.9
2024.0,7.0,Munshiganj,Dhaka,185.93,92.1
2024.0,7.0,Mymensingh,Dhaka,1380.22,683.8
2024.0,7.0,Narayanganj,Dhaka,76.09,37.7
2024.0,7.0,Narsingdi,Dhaka,190.74,94.5
2024.0,7.0,Netrakona,Dhaka,1239.71,614.2
2024.0,7.0,Rajbari,Dhaka,151.73,75.2
2024.0,7.0,Shariatpur,Dhaka,225.61,111.8
2024.0,7.0,Sherpur,Dhaka,366.53,181.6
2024.0,7.0,Tangail,Dhaka,582.52,288.6
2024.0,7.0,Bagerhat,Khulna,1430.3,708.6
2024.0,7.0,Chuadanga,Khulna,530.55,262.9
2024.0,7.0,Jessore,Khulna,379.82,188.2
2024.0,7.0,Jhenaidah,Khulna,427.96,212.0
2024.0,7.0,Khulna,Khulna,1495.02,740.7
2024.0,7.0,Kushtia,Khulna,139.65,69.2
2024.0,7.0,Magura,Khulna,176.41,87.4
2024.0,7.0,Meherpur,Khulna,292.95,145.1
2024.0,7.0,Narail,Khulna,221.54,109.8
2024.0,7.0,Satkhira,Khulna,1350.14,668.9
2024.0,7.0,Habiganj,Sylhet,1268.93,628.7
2024.0,7.0,Maulvibazar,Sylhet,771.41,382.2
2024.0,7.0,Sunamganj,Sylhet,2536.82,1256.8
2024.0,7.0,Sylhet,Sylhet,1793.11,888.4
2024.0,7.0,Bogra,Rajshahi,518.83,257.0
2024.0,7.0,Joypurhat,Rajshahi,339.27,168.1
2024.0,7.0,Naogaon,Rajshahi,1179.68,584.5
2024.0,7.0,Natore,Rajshahi,360.64,178.7
2024.0,7.0,Nawabganj,Rajshahi,240.74,119.3
2024.0,7.0,Pabna,Rajshahi,423.03,209.6
2024.0,7.0,Rajshahi,Rajshahi,551.25,273.1
2024.0,7.0,Sirajganj,Rajshahi,825.08,408.8
2024.0,7.0,Dinajpur,Rangpur,1199.36,594.2
2024.0,7.0,Gaibandha,Rangpur,435.25,215.6
2024.0,7.0,Kurigram,Rangpur,691.79,342.7
2024.0,7.0,Lalmonirhat,Rangpur,446.47,221.2
2024.0,7.0,Nilphamari,Rangpur,825.76,409.1
2024.0,7.0,Panchagarh,Rangpur,662.77,328.4
2024.0,7.0,Rangpur,Rangpur,1165.3,577.3
2024.0,7.0,Thakurgaon,Rangpur,701.04,347.3
2024.0,7.0,Barguna,Barisal,226.28,112.1
2024.0,8.0,Barisal,Barisal,698.39,346.0
2024.0,8.0,Bhola,Barisal,814.8,403.7
2024.0,8.0,Jhalokati,Barisal,201.98,100.1
2024.0,8.0,Patuakhali,Barisal,729.39,361.4
2024.0,8.0,Pirojpur,Barisal,375.08,185.8
2024.0,8.0,Bandarban,Chittagong,2442.28,1210.0
2024.0,8.0,Brahamanbaria,Chittagong,541.36,268.2
2024.0,8.0,Chandpur,Chittagong,379.35,187.9
2024.0,8.0,Chittagong,Chittagong,1796.8,890.2
2024.0,8.0,Comilla,Chittagong,678.71,336.3
2024.0,8.0,Cox's Bazar,Chittagong,478.61,237.1
2024.0,8.0,Feni,Chittagong,395.82,196.1
2024.0,8.0,Khagrachhari,Chittagong,1334.88,661.3
2024.0,8.0,Lakshmipur,Chittagong,466.94,231.3
2024.0,8.0,Noakhali,Chittagong,592.22,293.4
2024.0,8.0,Rangamati,Chittagong,472.71,234.2
2024.0,8.0,Dhaka,Dhaka,132.59,65.7
2024.0,8.0,Faridpur,Dhaka,302.18,149.7
2024.0,8.0,Gazipur,Dhaka,274.69,136.1
2024.0,8.0,Gopalganj,Dhaka,341.86,169.4
2024.0,8.0,Jamalpur,Dhaka,200.06,99.1
2024.0,8.0,Kishoreganj,Dhaka,1245.51,617.1
2024.0,8.0,Madaripur,Dhaka,149.53,74.1
2024.0,8.0,Manikganj,Dhaka,290.1,143.7
2024.0,8.0,Munshiganj,Dhaka,142.27,70.5
2024.0,8.0,Mymensingh,Dhaka,2126.24,1053.4
2024.0,8.0,Narayanganj,Dhaka,71.01,35.2
2024.0,8.0,Narsingdi,Dhaka,179.06,88.7
2024.0,8.0,Netrakona,Dhaka,929.06,460.3
2024.0,8.0,Rajbari,Dhaka,206.34,102.2
2024.0,8.0,Shariatpur,Dhaka,199.33,98.8
2024.0,8.0,Sherpur,Dhaka,579.71,287.2
2024.0,8.0,Tangail,Dhaka,415.57,205.9
2024.0,8.0,Bagerhat,Khulna,1430.89,708.9
2024.0,8.0,Chuadanga,Khulna,554.92,274.9
2024.0,8.0,Jessore,Khulna,683.77,338.8
2024.0,8.0,Jhenaidah,Khulna,825.98,409.2
2024.0,8.0,Khulna,Khulna,1690.8,837.7
2024.0,8.0,Kushtia,Khulna,184.24,91.3
2024.0,8.0,Magura,Khulna,188.39,93.3
2024.0,8.0,Meherpur,Khulna,362.11,179.4
2024.0,8.0,Narail,Khulna,188.83,93.6
2024.0,8.0,Satkhira,Khulna,1573.89,779.8
2024.0,8.0,Habiganj,Sylhet,750.02,371.6
2024.0,8.0,Maulvibazar,Sylhet,590.21,292.4
2024.0,8.0,Sunamganj,Sylhet,2371.98,1175.2
2024.0,8.0,Sylhet,Sylhet,1207.99,598.5
2024.0,8.0,Bogra,Rajshahi,653.56,323.8
2024.0,8.0,Joypurhat,Rajshahi,761.84,377.4
2024.0,8.0,Naogaon,Rajshahi,600.49,297.5
2024.0,8.0,Natore,Rajshahi,371.33,184.0
2024.0,8.0,Nawabganj,Rajshahi,219.57,108.8
2024.0,8.0,Pabna,Rajshahi,434.29,215.2
2024.0,8.0,Rajshahi,Rajshahi,259.39,128.5
2024.0,8.0,Sirajganj,Rajshahi,667.13,330.5
2024.0,8.0,Dinajpur,Rangpur,2323.63,1151.2
2024.0,8.0,Gaibandha,Rangpur,325.33,161.2
2024.0,8.0,Kurigram,Rangpur,481.32,238.5
2024.0,8.0,Lalmonirhat,Rangpur,518.92,257.1
2024.0,8.0,Nilphamari,Rangpur,1067.8,529.0
2024.0,8.0,Panchagarh,Rangpur,952.99,472.1
2024.0,8.0,Rangpur,Rangpur,1483.05,734.8
2024.0,8.0,Thakurgaon,Rangpur,1384.41,685.9
2024.0,8.0,Barguna,Barisal,303.97,150.6
2024.0,9.0,Barisal,Barisal,651.75,322.9
2024.0,9.0,Bhola,Barisal,705.37,349.5
2024.0,9.0,Jhalokati,Barisal,161.11,79.8
2024.0,9.0,Patuakhali,Barisal,414.12,205.2
2024.0,9.0,Pirojpur,Barisal,328.44,162.7
2024.0,9.0,Bandarban,Chittagong,2862.46,1418.2
2024.0,9.0,Brahamanbaria,Chittagong,416.61,206.4
2024.0,9.0,Chandpur,Chittagong,372.43,184.5
2024.0,9.0,Chittagong,Chittagong,1387.61,687.5
2024.0,9.0,Comilla,Chittagong,1198.66,593.9
2024.0,9.0,Cox's Bazar,Chittagong,202.63,100.4
2024.0,9.0,Feni,Chittagong,445.59,220.8
2024.0,9.0,Khagrachhari,Chittagong,726.8,360.1
2024.0,9.0,Lakshmipur,Chittagong,375.89,186.2
2024.0,9.0,Noakhali,Chittagong,391.52,194.0
2024.0,9.0,Rangamati,Chittagong,516.0,255.6
2024.0,9.0,Dhaka,Dhaka,108.44,53.7
2024.0,9.0,Faridpur,Dhaka,242.63,120.2
2024.0,9.0,Gazipur,Dhaka,127.94,63.4
2024.0,9.0,Gopalganj,Dhaka,406.91,201.6
2024.0,9.0,Jamalpur,Dhaka,132.83,65.8
2024.0,9.0,Kishoreganj,Dhaka,1151.87,570.7
2024.0,9.0,Madaripur,Dhaka,116.54,57.7
2024.0,9.0,Manikganj,Dhaka,248.32,123.0
2024.0,9.0,Munshiganj,Dhaka,138.78,68.8
2024.0,9.0,Mymensingh,Dhaka,2292.27,1135.7
2024.0,9.0,Narayanganj,Dhaka,65.06,32.2
2024.0,9.0,Narsingdi,Dhaka,130.55,64.7
2024.0,9.0,Netrakona,Dhaka,685.24,339.5
2024.0,9.0,Rajbari,Dhaka,164.3,81.4
2024.0,9.0,Shariatpur,Dhaka,193.31,95.8
2024.0,9.0,Sherpur,Dhaka,558.46,276.7
2024.0,9.0,Tangail,Dhaka,207.71,102.9
2024.0,9.0,Bagerhat,Khulna,1402.54,694.9
2024.0,9.0,Chuadanga,Khulna,658.02,326.0
2024.0,9.0,Jessore,Khulna,366.04,181.3
2024.0,9.0,Jhenaidah,Khulna,894.62,443.2
2024.0,9.0,Khulna,Khulna,1625.73,805.4
2024.0,9.0,Kushtia,Khulna,158.49,78.5
2024.0,9.0,Magura,Khulna,83.18,41.2
2024.0,9.0,Meherpur,Khulna,405.75,201.0
2024.0,9.0,Narail,Khulna,166.67,82.6
2024.0,9.0,Satkhira,Khulna,1385.43,686.4
2024.0,9.0,Habiganj,Sylhet,375.26,185.9
2024.0,9.0,Maulvibazar,Sylhet,438.97,217.5
2024.0,9.0,Sunamganj,Sylhet,2076.13,1028.6
2024.0,9.0,Sylhet,Sylhet,735.85,364.6
2024.0,9.0,Bogra,Rajshahi,290.73,144.0
2024.0,9.0,Joypurhat,Rajshahi,804.35,398.5
2024.0,9.0,Naogaon,Rajshahi,1023.52,507.1
2024.0,9.0,Natore,Rajshahi,147.78,73.2
2024.0,9.0,Nawabganj,Rajshahi,199.52,98.8
2024.0,9.0,Pabna,Rajshahi,328.31,162.7
2024.0,9.0,Rajshahi,Rajshahi,246.63,122.2
2024.0,9.0,Sirajganj,Rajshahi,467.12,231.4
2024.0,9.0,Dinajpur,Rangpur,2836.14,1405.1
2024.0,9.0,Gaibandha,Rangpur,285.43,141.4
2024.0,9.0,Kurigram,Rangpur,420.95,208.6
2024.0,9.0,Lalmonirhat,Rangpur,649.05,321.6
2024.0,9.0,Nilphamari,Rangpur,1195.36,592.2
2024.0,9.0,Panchagarh,Rangpur,1047.9,519.2
2024.0,9.0,Rangpur,Rangpur,1853.33,918.2
2024.0,9.0,Thakurgaon,Rangpur,1566.18,775.9
2024.0,9.0,Barguna,Barisal,267.62,132.6
2024.0,10.0,Barisal,Barisal,538.22,266.7
2024.0,10.0,Bhola,Barisal,754.53,373.8
2024.0,10.0,Jhalokati,Barisal,39.97,19.8
2024.0,10.0,Patuakhali,Barisal,249.9,123.8
2024.0,10.0,Pirojpur,Barisal,112.67,55.8
2024.0,10.0,Bandarban,Chittagong,2885.25,1429.5
2024.0,10.0,Brahamanbaria,Chittagong,408.19,202.2
2024.0,10.0,Chandpur,Chittagong,332.88,164.9
2024.0,10.0,Chittagong,Chittagong,1617.94,801.6
2024.0,10.0,Comilla,Chittagong,1435.87,711.4
2024.0,10.0,Cox's Bazar,Chittagong,274.73,136.1
2024.0,10.0,Feni,Chittagong,381.42,189.0
2024.0,10.0,Khagrachhari,Chittagong,1469.16,727.9
2024.0,10.0,Lakshmipur,Chittagong,334.75,165.8
2024.0,10.0,Noakhali,Chittagong,221.48,109.7
2024.0,10.0,Rangamati,Chittagong,497.71,246.6
2024.0,10.0,Dhaka,Dhaka,105.95,52.5
2024.0,10.0,Faridpur,Dhaka,193.54,95.9
2024.0,10.0,Gazipur,Dhaka,159.96,79.2
2024.0,10.0,Gopalganj,Dhaka,269.55,133.5
2024.0,10.0,Jamalpur,Dhaka,178.48,88.4
2024.0,10.0,Kishoreganj,Dhaka,1154.5,572.0
2024.0,10.0,Madaripur,Dhaka,113.15,56.1
2024.0,10.0,Manikganj,Dhaka,250.47,124.1
2024.0,10.0,Munshiganj,Dhaka,141.49,70.1
2024.0,10.0,Mymensingh,Dhaka,2410.58,1194.3
2024.0,10.0,Narayanganj,Dhaka,61.61,30.5
2024.0,10.0,Narsingdi,Dhaka,120.17,59.5
2024.0,10.0,Netrakona,Dhaka,852.6,422.4
2024.0,10.0,Rajbari,Dhaka,146.86,72.8
2024.0,10.0,Shariatpur,Dhaka,175.38,86.9
2024.0,10.0,Sherpur,Dhaka,796.27,394.5
2024.0,10.0,Tangail,Dhaka,230.09,114.0
2024.0,10.0,Bagerhat,Khulna,1228.61,608.7
2024.0,10.0,Chuadanga,Khulna,438.93,217.5
2024.0,10.0,Jessore,Khulna,500.25,247.8
2024.0,10.0,Jhenaidah,Khulna,791.9,392.3
2024.0,10.0,Khulna,Khulna,1011.8,501.3
2024.0,10.0,Kushtia,Khulna,145.26,72.0
2024.0,10.0,Magura,Khulna,81.7,40.5
2024.0,10.0,Meherpur,Khulna,252.55,125.1
2024.0,10.0,Narail,Khulna,149.76,74.2
2024.0,10.0,Satkhira,Khulna,1399.2,693.2
2024.0,10.0,Habiganj,Sylhet,363.54,180.1
2024.0,10.0,Maulvibazar,Sylhet,336.48,166.7
2024.0,10.0,Sunamganj,Sylhet,2006.88,994.3
2024.0,10.0,Sylhet,Sylhet,626.42,310.3
2024.0,10.0,Bogra,Rajshahi,265.73,131.7
2024.0,10.0,Joypurhat,Rajshahi,812.9,402.7
2024.0,10.0,Naogaon,Rajshahi,1130.21,559.9
2024.0,10.0,Natore,Rajshahi,152.16,75.4
2024.0,10.0,Nawabganj,Rajshahi,193.42,95.8
2024.0,10.0,Pabna,Rajshahi,336.92,166.9
2024.0,10.0,Rajshahi,Rajshahi,270.66,134.1
2024.0,10.0,Sirajganj,Rajshahi,538.36,266.7
2024.0,10.0,Dinajpur,Rangpur,2922.54,1447.9
2024.0,10.0,Gaibandha,Rangpur,296.5,146.9
2024.0,10.0,Kurigram,Rangpur,416.09,206.1
2024.0,10.0,Lalmonirhat,Rangpur,748.68,370.9
2024.0,10.0,Nilphamari,Rangpur,1194.27,591.7
2024.0,10.0,Panchagarh,Rangpur,1025.92,508.3
2024.0,10.0,Rangpur,Rangpur,1788.26,886.0
2024.0,10.0,Thakurgaon,Rangpur,1408.84,698.0
2024.0,10.0,Barguna,Barisal,164.26,81.4
2024.0,11.0,Barisal,Barisal,515.12,255.2
2024.0,11.0,Bhola,Barisal,662.14,328.0
2024.0,11.0,Jhalokati,Barisal,39.46,19.5
2024.0,11.0,Patuakhali,Barisal,230.84,114.4
2024.0,11.0,Pirojpur,Barisal,110.91,54.9
2024.0,11.0,Bandarban,Chittagong,3046.82,1509.5
2024.0,11.0,Brahamanbaria,Chittagong,189.54,93.9
2024.0,11.0,Chandpur,Chittagong,294.96,146.1
2024.0,11.0,Chittagong,Chittagong,1523.35,754.7
2024.0,11.0,Comilla,Chittagong,1267.1,627.8
2024.0,11.0,Cox's Bazar,Chittagong,326.11,161.6
2024.0,11.0,Feni,Chittagong,464.88,230.3
2024.0,11.0,Khagrachhari,Chittagong,1777.19,880.5
2024.0,11.0,Lakshmipur,Chittagong,296.2,146.7
2024.0,11.0,Noakhali,Chittagong,199.01,98.6
2024.0,11.0,Rangamati,Chittagong,472.06,233.9
2024.0,11.0,Dhaka,Dhaka,132.98,65.9
2024.0,11.0,Faridpur,Dhaka,113.47,56.2
2024.0,11.0,Gazipur,Dhaka,739.59,366.4
2024.0,11.0,Gopalganj,Dhaka,240.54,119.2
2024.0,11.0,Jamalpur,Dhaka,171.59,85.0
2024.0,11.0,Kishoreganj,Dhaka,458.68,227.2
2024.0,11.0,Madaripur,Dhaka,107.17,53.1
2024.0,11.0,Manikganj,Dhaka,206.08,102.1
2024.0,11.0,Munshiganj,Dhaka,121.93,60.4
2024.0,11.0,Mymensingh,Dhaka,2310.32,1144.6
2024.0,11.0,Narayanganj,Dhaka,51.91,25.7
2024.0,11.0,Narsingdi,Dhaka,74.31,36.8
2024.0,11.0,Netrakona,Dhaka,411.63,203.9
2024.0,11.0,Rajbari,Dhaka,120.56,59.7
2024.0,11.0,Shariatpur,Dhaka,163.59,81.0
2024.0,11.0,Sherpur,Dhaka,850.6,421.4
2024.0,11.0,Tangail,Dhaka,553.76,274.4
2024.0,11.0,Bagerhat,Khulna,1121.63,555.7
2024.0,11.0,Chuadanga,Khulna,633.56,313.9
2024.0,11.0,Jessore,Khulna,295.57,146.4
2024.0,11.0,Jhenaidah,Khulna,881.23,436.6
2024.0,11.0,Khulna,Khulna,1219.67,604.3
2024.0,11.0,Kushtia,Khulna,129.59,64.2
2024.0,11.0,Magura,Khulna,35.15,17.4
2024.0,11.0,Meherpur,Khulna,386.98,191.7
2024.0,11.0,Narail,Khulna,134.57,66.7
2024.0,11.0,Satkhira,Khulna,1364.46,676.0
2024.0,11.0,Habiganj,Sylhet,522.27,258.8
2024.0,11.0,Maulvibazar,Sylhet,240.06,118.9
2024.0,11.0,Sunamganj,Sylhet,1382.79,685.1
2024.0,11.0,Sylhet,Sylhet,549.12,272.1
2024.0,11.0,Bogra,Rajshahi,229.6,113.8
2024.0,11.0,Joypurhat,Rajshahi,830.58,411.5
2024.0,11.0,Naogaon,Rajshahi,1279.53,633.9
2024.0,11.0,Natore,Rajshahi,103.84,51.4
2024.0,11.0,Nawabganj,Rajshahi,138.36,68.5
2024.0,11.0,Pabna,Rajshahi,167.99,83.2
2024.0,11.0,Rajshahi,Rajshahi,202.33,100.2
2024.0,11.0,Sirajganj,Rajshahi,342.56,169.7
2024.0,11.0,Dinajpur,Rangpur,2923.69,1448.5
2024.0,11.0,Gaibandha,Rangpur,250.22,124.0
2024.0,11.0,Kurigram,Rangpur,368.96,182.8
2024.0,11.0,Lalmonirhat,Rangpur,753.12,373.1
2024.0,11.0,Nilphamari,Rangpur,1120.3,555.0
2024.0,11.0,Panchagarh,Rangpur,961.14,476.2
2024.0,11.0,Rangpur,Rangpur,1815.54,899.5
2024.0,11.0,Thakurgaon,Rangpur,1656.94,820.9
2024.0,11.0,Barguna,Barisal,159.42,79.0
2024.0,12.0,Barisal,Barisal,492.14,243.8
2024.0,12.0,Bhola,Barisal,682.33,338.0
2024.0,12.0,Jhalokati,Barisal,38.92,19.3
2024.0,12.0,Patuakhali,Barisal,237.06,117.4
2024.0,12.0,Pirojpur,Barisal,120.53,59.7
2024.0,12.0,Bandarban,Chittagong,2814.67,1394.5
2024.0,12.0,Brahamanbaria,Chittagong,592.55,293.6
2024.0,12.0,Chandpur,Chittagong,272.23,134.9
2024.0,12.0,Chittagong,Chittagong,1914.36,948.4
2024.0,12.0,Comilla,Chittagong,1415.02,701.0
2024.0,12.0,Cox's Bazar,Chittagong,965.84,478.5
2024.0,12.0,Feni,Chittagong,486.97,241.3
2024.0,12.0,Khagrachhari,Chittagong,1733.68,858.9
2024.0,12.0,Lakshmipur,Chittagong,304.39,150.8
2024.0,12.0,Noakhali,Chittagong,213.79,105.9
2024.0,12.0,Rangamati,Chittagong,463.67,229.7
2024.0,12.0,Dhaka,Dhaka,781.27,387.1
2024.0,12.0,Faridpur,Dhaka,103.05,51.1
2024.0,12.0,Gazipur,Dhaka,1055.99,523.2
2024.0,12.0,Gopalganj,Dhaka,364.61,180.6
2024.0,12.0,Jamalpur,Dhaka,300.71,149.0
2024.0,12.0,Kishoreganj,Dhaka,197.0,97.6
2024.0,12.0,Madaripur,Dhaka,122.04,60.5
2024.0,12.0,Manikganj,Dhaka,189.03,93.7
2024.0,12.0,Munshiganj,Dhaka,104.61,51.8
2024.0,12.0,Mymensingh,Dhaka,2538.69,1257.8
2024.0,12.0,Narayanganj,Dhaka,309.3,153.2
2024.0,12.0,Narsingdi,Dhaka,63.84,31.6
2024.0,12.0,Netrakona,Dhaka,551.99,273.5
2024.0,12.0,Rajbari,Dhaka,110.66,54.8
2024.0,12.0,Shariatpur,Dhaka,150.28,74.5
2024.0,12.0,Sherpur,Dhaka,1004.21,497.5
2024.0,12.0,Tangail,Dhaka,1765.54,874.7
2024.0,12.0,Bagerhat,Khulna,1041.4,515.9
2024.0,12.0,Chuadanga,Khulna,702.91,348.2
2024.0,12.0,Jessore,Khulna,309.44,153.3
2024.0,12.0,Jhenaidah,Khulna,956.58,473.9
2024.0,12.0,Khulna,Khulna,1042.77,516.6
2024.0,12.0,Kushtia,Khulna,132.34,65.6
2024.0,12.0,Magura,Khulna,314.95,156.0
2024.0,12.0,Meherpur,Khulna,365.86,181.3
2024.0,12.0,Narail,Khulna,183.71,91.0
2024.0,12.0,Satkhira,Khulna,1295.65,641.9
2024.0,12.0,Habiganj,Sylhet,836.83,414.6
2024.0,12.0,Maulvibazar,Sylhet,280.33,138.9
2024.0,12.0,Sunamganj,Sylhet,710.08,351.8
2024.0,12.0,Sylhet,Sylhet,806.54,399.6
2024.0,12.0,Bogra,Rajshahi,256.68,127.2
2024.0,12.0,Joypurhat,Rajshahi,505.11,250.2
2024.0,12.0,Naogaon,Rajshahi,1787.99,885.8
2024.0,12.0,Natore,Rajshahi,363.81,180.2
2024.0,12.0,Nawabganj,Rajshahi,216.66,107.3
2024.0,12.0,Pabna,Rajshahi,193.71,96.0
2024.0,12.0,Rajshahi,Rajshahi,324.27,160.7
2024.0,12.0,Sirajganj,Rajshahi,319.21,158.1
2024.0,12.0,Dinajpur,Rangpur,2525.92,1251.4
2024.0,12.0,Gaibandha,Rangpur,258.08,127.9
2024.0,12.0,Kurigram,Rangpur,363.16,179.9
2024.0,12.0,Lalmonirhat,Rangpur,685.05,339.4
2024.0,12.0,Nilphamari,Rangpur,987.87,489.4
2024.0,12.0,Panchagarh,Rangpur,794.81,393.8
2024.0,12.0,Rangpur,Rangpur,1585.59,785.6
2024.0,12.0,Thakurgaon,Rangpur,1190.53,589.8
2024.0,12.0,Barguna,Barisal,161.01,79.8
2025.0,1.0,Barisal,Barisal,441.26,218.6
2025.0,1.0,Bhola,Barisal,641.1,317.6
2025.0,1.0,Jhalokati,Barisal,35.69,17.7
2025.0,1.0,Patuakhali,Barisal,220.33,109.2
2025.0,1.0,Pirojpur,Barisal,95.72,47.4
2025.0,1.0,Bandarban,Chittagong,2818.16,1396.2
2025.0,1.0,Brahamanbaria,Chittagong,1036.85,513.7
2025.0,1.0,Chandpur,Chittagong,261.58,129.6
2025.0,1.0,Chittagong,Chittagong,2079.72,1030.4
2025.0,1.0,Comilla,Chittagong,1568.66,777.2
2025.0,1.0,Cox's Bazar,Chittagong,958.6,474.9
2025.0,1.0,Feni,Chittagong,474.75,235.2
2025.0,1.0,Khagrachhari,Chittagong,1693.9,839.2
2025.0,1.0,Lakshmipur,Chittagong,289.44,143.4
2025.0,1.0,Noakhali,Chittagong,187.88,93.1
2025.0,1.0,Rangamati,Chittagong,463.68,229.7
2025.0,1.0,Dhaka,Dhaka,736.73,365.0
2025.0,1.0,Faridpur,Dhaka,679.03,336.4
2025.0,1.0,Gazipur,Dhaka,891.23,441.5
2025.0,1.0,Gopalganj,Dhaka,763.55,378.3
2025.0,1.0,Jamalpur,Dhaka,159.41,79.0
2025.0,1.0,Kishoreganj,Dhaka,1109.03,549.5
2025.0,1.0,Madaripur,Dhaka,106.67,52.8
2025.0,1.0,Manikganj,Dhaka,191.27,94.8
2025.0,1.0,Munshiganj,Dhaka,102.67,50.9
2025.0,1.0,Mymensingh,Dhaka,2486.46,1231.9
2025.0,1.0,Narayanganj,Dhaka,300.04,148.6
2025.0,1.0,Narsingdi,Dhaka,60.56,30.0
2025.0,1.0,Netrakona,Dhaka,1488.98,737.7
2025.0,1.0,Rajbari,Dhaka,107.98,53.5
2025.0,1.0,Shariatpur,Dhaka,136.84,67.8
2025.0,1.0,Sherpur,Dhaka,939.14,465.3
2025.0,1.0,Tangail,Dhaka,1799.64,891.6
2025.0,1.0,Bagerhat,Khulna,902.5,447.1
2025.0,1.0,Chuadanga,Khulna,712.45,353.0
2025.0,1.0,Jessore,Khulna,811.34,402.0
2025.0,1.0,Jhenaidah,Khulna,916.64,454.1
2025.0,1.0,Khulna,Khulna,982.58,486.8
2025.0,1.0,Kushtia,Khulna,129.92,64.4
2025.0,1.0,Magura,Khulna,597.94,296.2
2025.0,1.0,Meherpur,Khulna,408.0,202.1
2025.0,1.0,Narail,Khulna,161.43,80.0
2025.0,1.0,Satkhira,Khulna,1101.68,545.8
2025.0,1.0,Habiganj,Sylhet,1550.75,768.3
2025.0,1.0,Maulvibazar,Sylhet,1030.16,510.4
2025.0,1.0,Sunamganj,Sylhet,323.57,160.3
2025.0,1.0,Sylhet,Sylhet,1896.05,939.4
2025.0,1.0,Bogra,Rajshahi,170.69,84.6
2025.0,1.0,Joypurhat,Rajshahi,268.39,133.0
2025.0,1.0,Naogaon,Rajshahi,1968.28,975.2
2025.0,1.0,Natore,Rajshahi,1118.28,554.0
2025.0,1.0,Nawabganj,Rajshahi,704.92,349.2
2025.0,1.0,Pabna,Rajshahi,870.37,431.2
2025.0,1.0,Rajshahi,Rajshahi,588.02,291.3
2025.0,1.0,Sirajganj,Rajshahi,363.05,179.9
2025.0,1.0,Dinajpur,Rangpur,1263.41,625.9
2025.0,1.0,Gaibandha,Rangpur,174.83,86.6
2025.0,1.0,Kurigram,Rangpur,412.29,204.3
2025.0,1.0,Lalmonirhat,Rangpur,59.64,29.5
2025.0,1.0,Nilphamari,Rangpur,58.87,29.2
2025.0,1.0,Panchagarh,Rangpur,929.62,460.6
2025.0,1.0,Rangpur,Rangpur,148.45,73.5
2025.0,1.0,Thakurgaon,Rangpur,1096.44,543.2
2025.0,1.0,Barguna,Barisal,156.21,77.4
2025.0,2.0,Barisal,Barisal,419.82,208.0
2025.0,2.0,Bhola,Barisal,671.22,332.5
2025.0,2.0,Jhalokati,Barisal,35.6,17.6
2025.0,2.0,Patuakhali,Barisal,226.48,112.2
2025.0,2.0,Pirojpur,Barisal,91.56,45.4
2025.0,2.0,Bandarban,Chittagong,3283.93,1627.0
2025.0,2.0,Brahamanbaria,Chittagong,1029.04,509.8
2025.0,2.0,Chandpur,Chittagong,254.86,126.3
2025.0,2.0,Chittagong,Chittagong,1878.77,930.8
2025.0,2.0,Comilla,Chittagong,1568.48,777.1
2025.0,2.0,Cox's Bazar,Chittagong,799.16,395.9
2025.0,2.0,Feni,Chittagong,436.79,216.4
2025.0,2.0,Khagrachhari,Chittagong,1815.09,899.3
2025.0,2.0,Lakshmipur,Chittagong,302.89,150.1
2025.0,2.0,Noakhali,Chittagong,193.34,95.8
2025.0,2.0,Rangamati,Chittagong,353.64,175.2
2025.0,2.0,Dhaka,Dhaka,717.52,355.5
2025.0,2.0,Faridpur,Dhaka,943.08,467.2
2025.0,2.0,Gazipur,Dhaka,916.27,454.0
2025.0,2.0,Gopalganj,Dhaka,667.24,330.6
2025.0,2.0,Jamalpur,Dhaka,606.78,300.6
2025.0,2.0,Kishoreganj,Dhaka,1310.7,649.4
2025.0,2.0,Madaripur,Dhaka,87.82,43.5
2025.0,2.0,Manikganj,Dhaka,183.29,90.8
2025.0,2.0,Munshiganj,Dhaka,104.19,51.6
2025.0,2.0,Mymensingh,Dhaka,2399.29,1188.7
2025.0,2.0,Narayanganj,Dhaka,369.37,183.0
2025.0,2.0,Narsingdi,Dhaka,66.42,32.9
2025.0,2.0,Netrakona,Dhaka,1580.33,782.9
2025.0,2.0,Rajbari,Dhaka,101.6,50.3
2025.0,2.0,Shariatpur,Dhaka,129.96,64.4
2025.0,2.0,Sherpur,Dhaka,779.5,386.2
2025.0,2.0,Tangail,Dhaka,1543.18,764.5
2025.0,2.0,Bagerhat,Khulna,679.47,336.6
2025.0,2.0,Chuadanga,Khulna,603.29,298.9
2025.0,2.0,Jessore,Khulna,421.03,208.6
2025.0,2.0,Jhenaidah,Khulna,784.24,388.5
2025.0,2.0,Khulna,Khulna,629.73,312.0
2025.0,2.0,Kushtia,Khulna,171.7,85.1
2025.0,2.0,Magura,Khulna,660.68,327.3
2025.0,2.0,Meherpur,Khulna,281.03,139.2
2025.0,2.0,Narail,Khulna,51.48,25.5
2025.0,2.0,Satkhira,Khulna,774.63,383.8
2025.0,2.0,Habiganj,Sylhet,1255.1,621.8
2025.0,2.0,Maulvibazar,Sylhet,1289.68,639.0
2025.0,2.0,Sunamganj,Sylhet,1182.77,586.0
2025.0,2.0,Sylhet,Sylhet,1777.32,880.5
2025.0,2.0,Bogra,Rajshahi,1214.53,601.7
2025.0,2.0,Joypurhat,Rajshahi,409.94,203.1
2025.0,2.0,Naogaon,Rajshahi,2428.93,1203.4
2025.0,2.0,Natore,Rajshahi,1230.72,609.7
2025.0,2.0,Nawabganj,Rajshahi,775.0,384.0
2025.0,2.0,Pabna,Rajshahi,1026.1,508.4
2025.0,2.0,Rajshahi,Rajshahi,1030.93,510.8
2025.0,2.0,Sirajganj,Rajshahi,296.55,146.9
2025.0,2.0,Dinajpur,Rangpur,1328.3,658.1
2025.0,2.0,Gaibandha,Rangpur,336.86,166.9
2025.0,2.0,Kurigram,Rangpur,389.58,193.0
2025.0,2.0,Lalmonirhat,Rangpur,287.37,142.4
2025.0,2.0,Nilphamari,Rangpur,500.16,247.8
2025.0,2.0,Panchagarh,Rangpur,805.86,399.3
2025.0,2.0,Rangpur,Rangpur,763.89,378.5
2025.0,2.0,Thakurgaon,Rangpur,650.4,322.2
2025.0,2.0,Barguna,Barisal,158.85,78.7
2025.0,3.0,Barisal,Barisal,450.68,223.3
2025.0,3.0,Bhola,Barisal,664.87,329.4
2025.0,3.0,Jhalokati,Barisal,33.75,16.7
2025.0,3.0,Patuakhali,Barisal,227.23,112.6
2025.0,3.0,Pirojpur,Barisal,86.82,43.0
2025.0,3.0,Bandarban,Chittagong,3452.26,1710.4
2025.0,3.0,Brahamanbaria,Chittagong,1227.68,608.2
2025.0,3.0,Chandpur,Chittagong,271.03,134.3
2025.0,3.0,Chittagong,Chittagong,2416.07,1197.0
2025.0,3.0,Comilla,Chittagong,1981.11,981.5
2025.0,3.0,Cox's Bazar,Chittagong,862.08,427.1
2025.0,3.0,Feni,Chittagong,517.35,256.3
2025.0,3.0,Khagrachhari,Chittagong,2002.33,992.0
2025.0,3.0,Lakshmipur,Chittagong,300.19,148.7
2025.0,3.0,Noakhali,Chittagong,185.96,92.1
2025.0,3.0,Rangamati,Chittagong,349.41,173.1
2025.0,3.0,Dhaka,Dhaka,761.49,377.3
2025.0,3.0,Faridpur,Dhaka,974.74,482.9
2025.0,3.0,Gazipur,Dhaka,1059.15,524.7
2025.0,3.0,Gopalganj,Dhaka,919.47,455.5
2025.0,3.0,Jamalpur,Dhaka,211.75,104.9
2025.0,3.0,Kishoreganj,Dhaka,1621.44,803.3
2025.0,3.0,Madaripur,Dhaka,86.59,42.9
2025.0,3.0,Manikganj,Dhaka,191.53,94.9
2025.0,3.0,Munshiganj,Dhaka,99.41,49.3
2025.0,3.0,Mymensingh,Dhaka,2371.01,1174.7
2025.0,3.0,Narayanganj,Dhaka,402.7,199.5
2025.0,3.0,Narsingdi,Dhaka,164.88,81.7
2025.0,3.0,Netrakona,Dhaka,1874.75,928.8
2025.0,3.0,Rajbari,Dhaka,107.86,53.4
2025.0,3.0,Shariatpur,Dhaka,141.5,70.1
2025.0,3.0,Sherpur,Dhaka,892.38,442.1
2025.0,3.0,Tangail,Dhaka,1700.19,842.3
2025.0,3.0,Bagerhat,Khulna,748.67,370.9
2025.0,3.0,Chuadanga,Khulna,789.12,391.0
2025.0,3.0,Jessore,Khulna,503.08,249.2
2025.0,3.0,Jhenaidah,Khulna,1225.96,607.4
2025.0,3.0,Khulna,Khulna,650.15,322.1
2025.0,3.0,Kushtia,Khulna,145.38,72.0
2025.0,3.0,Magura,Khulna,662.09,328.0
2025.0,3.0,Meherpur,Khulna,404.37,200.3
2025.0,3.0,Narail,Khulna,53.2,26.4
2025.0,3.0,Satkhira,Khulna,1100.4,545.2
2025.0,3.0,Habiganj,Sylhet,1936.4,959.4
2025.0,3.0,Maulvibazar,Sylhet,1230.4,609.6
2025.0,3.0,Sunamganj,Sylhet,2516.71,1246.9
2025.0,3.0,Sylhet,Sylhet,2219.86,1099.8
2025.0,3.0,Bogra,Rajshahi,1371.32,679.4
2025.0,3.0,Joypurhat,Rajshahi,867.2,429.6
2025.0,3.0,Naogaon,Rajshahi,2923.31,1448.3
2025.0,3.0,Natore,Rajshahi,1303.15,645.6
2025.0,3.0,Nawabganj,Rajshahi,660.55,327.3
2025.0,3.0,Pabna,Rajshahi,1236.54,612.6
2025.0,3.0,Rajshahi,Rajshahi,322.29,159.7
2025.0,3.0,Sirajganj,Rajshahi,327.78,162.4
2025.0,3.0,Dinajpur,Rangpur,2660.67,1318.2
2025.0,3.0,Gaibandha,Rangpur,302.25,149.7
2025.0,3.0,Kurigram,Rangpur,501.41,248.4
2025.0,3.0,Lalmonirhat,Rangpur,361.21,179.0
2025.0,3.0,Nilphamari,Rangpur,1128.17,558.9
2025.0,3.0,Panchagarh,Rangpur,779.09,386.0
2025.0,3.0,Rangpur,Rangpur,1948.81,965.5
2025.0,3.0,Thakurgaon,Rangpur,1041.73,516.1
2025.0,3.0,Barguna,Barisal,155.39,77.0
2025.0,4.0,Barisal,Barisal,435.29,215.7
2025.0,4.0,Bhola,Barisal,683.01,338.4
2025.0,4.0,Jhalokati,Barisal,34.55,17.1
2025.0,4.0,Patuakhali,Barisal,249.48,123.6
2025.0,4.0,Pirojpur,Barisal,93.06,46.1
2025.0,4.0,Bandarban,Chittagong,2908.92,1441.2
2025.0,4.0,Brahamanbaria,Chittagong,1306.81,647.4
2025.0,4.0,Chandpur,Chittagong,274.94,136.2
2025.0,4.0,Chittagong,Chittagong,2090.9,1035.9
2025.0,4.0,Comilla,Chittagong,1904.36,943.5
2025.0,4.0,Cox's Bazar,Chittagong,776.16,384.5
2025.0,4.0,Feni,Chittagong,518.43,256.8
2025.0,4.0,Khagrachhari,Chittagong,2108.49,1044.6
2025.0,4.0,Lakshmipur,Chittagong,307.38,152.3
2025.0,4.0,Noakhali,Chittagong,192.91,95.6
2025.0,4.0,Rangamati,Chittagong,348.11,172.5
2025.0,4.0,Dhaka,Dhaka,855.59,423.9
2025.0,4.0,Faridpur,Dhaka,606.63,300.5
2025.0,4.0,Gazipur,Dhaka,1074.09,532.1
2025.0,4.0,Gopalganj,Dhaka,872.95,432.5
2025.0,4.0,Jamalpur,Dhaka,1177.72,583.5
2025.0,4.0,Kishoreganj,Dhaka,1133.66,561.7
2025.0,4.0,Madaripur,Dhaka,86.08,42.6
2025.0,4.0,Manikganj,Dhaka,179.38,88.9
2025.0,4.0,Munshiganj,Dhaka,103.71,51.4
2025.0,4.0,Mymensingh,Dhaka,2566.13,1271.3
2025.0,4.0,Narayanganj,Dhaka,415.79,206.0
2025.0,4.0,Narsingdi,Dhaka,426.27,211.2
2025.0,4.0,Netrakona,Dhaka,1717.29,850.8
2025.0,4.0,Rajbari,Dhaka,112.97,56.0
2025.0,4.0,Shariatpur,Dhaka,135.32,67.0
2025.0,4.0,Sherpur,Dhaka,1033.52,512.0
2025.0,4.0,Tangail,Dhaka,1849.66,916.4
2025.0,4.0,Bagerhat,Khulna,909.59,450.6
2025.0,4.0,Chuadanga,Khulna,585.99,290.3
2025.0,4.0,Jessore,Khulna,986.59,488.8
2025.0,4.0,Jhenaidah,Khulna,1189.1,589.1
2025.0,4.0,Khulna,Khulna,599.82,297.2
2025.0,4.0,Kushtia,Khulna,148.86,73.8
2025.0,4.0,Magura,Khulna,617.52,305.9
2025.0,4.0,Meherpur,Khulna,410.45,203.4
2025.0,4.0,Narail,Khulna,38.45,19.0
2025.0,4.0,Satkhira,Khulna,951.34,471.3
2025.0,4.0,Habiganj,Sylhet,1959.33,970.7
2025.0,4.0,Maulvibazar,Sylhet,888.83,440.4
2025.0,4.0,Sunamganj,Sylhet,873.59,432.8
2025.0,4.0,Sylhet,Sylhet,689.47,341.6
2025.0,4.0,Bogra,Rajshahi,1743.81,863.9
2025.0,4.0,Joypurhat,Rajshahi,840.35,416.3
2025.0,4.0,Naogaon,Rajshahi,2954.88,1463.9
2025.0,4.0,Natore,Rajshahi,1215.26,602.1
2025.0,4.0,Nawabganj,Rajshahi,897.63,444.7
2025.0,4.0,Pabna,Rajshahi,1208.27,598.6
2025.0,4.0,Rajshahi,Rajshahi,1098.45,544.2
2025.0,4.0,Sirajganj,Rajshahi,287.01,142.2
2025.0,4.0,Dinajpur,Rangpur,2509.41,1243.2
2025.0,4.0,Gaibandha,Rangpur,250.11,123.9
2025.0,4.0,Kurigram,Rangpur,362.37,179.5
2025.0,4.0,Lalmonirhat,Rangpur,437.89,216.9
2025.0,4.0,Nilphamari,Rangpur,914.42,453.0
2025.0,4.0,Panchagarh,Rangpur,468.72,232.2
2025.0,4.0,Rangpur,Rangpur,1890.44,936.6
2025.0,4.0,Thakurgaon,Rangpur,680.22,337.0
2025.0,4.0,Barguna,Barisal,158.96,78.8
2025.0,5.0,Barisal,Barisal,478.11,236.9
2025.0,5.0,Bhola,Barisal,674.48,334.2
2025.0,5.0,Jhalokati,Barisal,38.53,19.1
2025.0,5.0,Patuakhali,Barisal,255.73,126.7
2025.0,5.0,Pirojpur,Barisal,101.5,50.3
2025.0,5.0,Bandarban,Chittagong,2854.9,1414.4
2025.0,5.0,Brahamanbaria,Chittagong,123.36,61.1
2025.0,5.0,Chandpur,Chittagong,284.56,141.0
2025.0,5.0,Chittagong,Chittagong,1600.21,792.8
2025.0,5.0,Comilla,Chittagong,1468.18,727.4
2025.0,5.0,Cox's Bazar,Chittagong,455.64,225.7
2025.0,5.0,Feni,Chittagong,442.26,219.1
2025.0,5.0,Khagrachhari,Chittagong,1689.19,836.9
2025.0,5.0,Lakshmipur,Chittagong,301.72,149.5
2025.0,5.0,Noakhali,Chittagong,193.48,95.9
2025.0,5.0,Rangamati,Chittagong,362.76,179.7
2025.0,5.0,Dhaka,Dhaka,811.44,402.0
2025.0,5.0,Faridpur,Dhaka,117.53,58.2
2025.0,5.0,Gazipur,Dhaka,883.0,437.5
2025.0,5.0,Gopalganj,Dhaka,662.59,328.3
2025.0,5.0,Jamalpur,Dhaka,132.18,65.5
2025.0,5.0,Kishoreganj,Dhaka,229.56,113.7
2025.0,5.0,Madaripur,Dhaka,92.56,45.9
2025.0,5.0,Manikganj,Dhaka,195.84,97.0
2025.0,5.0,Munshiganj,Dhaka,105.59,52.3
2025.0,5.0,Mymensingh,Dhaka,2071.94,1026.5
2025.0,5.0,Narayanganj,Dhaka,69.38,34.4
2025.0,5.0,Narsingdi,Dhaka,68.5,33.9
2025.0,5.0,Netrakona,Dhaka,460.9,228.3
2025.0,5.0,Rajbari,Dhaka,131.34,65.1
2025.0,5.0,Shariatpur,Dhaka,148.89,73.8
2025.0,5.0,Sherpur,Dhaka,886.52,439.2
2025.0,5.0,Tangail,Dhaka,1109.61,549.7
2025.0,5.0,Bagerhat,Khulna,1083.62,536.9
2025.0,5.0,Chuadanga,Khulna,865.73,428.9
2025.0,5.0,Jessore,Khulna,743.12,368.2
2025.0,5.0,Jhenaidah,Khulna,1256.71,622.6
2025.0,5.0,Khulna,Khulna,758.16,375.6
2025.0,5.0,Kushtia,Khulna,121.96,60.4
2025.0,5.0,Magura,Khulna,468.9,232.3
2025.0,5.0,Meherpur,Khulna,528.0,261.6
2025.0,5.0,Narail,Khulna,66.39,32.9
2025.0,5.0,Satkhira,Khulna,1039.65,515.1
2025.0,5.0,Habiganj,Sylhet,576.34,285.5
2025.0,5.0,Maulvibazar,Sylhet,271.88,134.7
2025.0,5.0,Sunamganj,Sylhet,589.58,292.1
2025.0,5.0,Sylhet,Sylhet,643.62,318.9
2025.0,5.0,Bogra,Rajshahi,188.26,93.3
2025.0,5.0,Joypurhat,Rajshahi,913.42,452.5
2025.0,5.0,Naogaon,Rajshahi,2496.66,1236.9
2025.0,5.0,Natore,Rajshahi,1305.8,646.9
2025.0,5.0,Nawabganj,Rajshahi,339.04,168.0
2025.0,5.0,Pabna,Rajshahi,256.3,127.0
2025.0,5.0,Rajshahi,Rajshahi,480.61,238.1
2025.0,5.0,Sirajganj,Rajshahi,338.14,167.5
2025.0,5.0,Dinajpur,Rangpur,2361.21,1169.8
2025.0,5.0,Gaibandha,Rangpur,286.86,142.1
2025.0,5.0,Kurigram,Rangpur,407.99,202.1
2025.0,5.0,Lalmonirhat,Rangpur,138.74,68.7
2025.0,5.0,Nilphamari,Rangpur,1014.72,502.7
2025.0,5.0,Panchagarh,Rangpur,813.01,402.8
2025.0,5.0,Rangpur,Rangpur,1610.07,797.7
2025.0,5.0,Thakurgaon,Rangpur,881.57,436.8
2025.0,5.0,Barguna,Barisal,162.0,80.3
2025.0,6.0,Barisal,Barisal,525.43,260.3
2025.0,6.0,Bhola,Barisal,721.1,357.3
2025.0,6.0,Jhalokati,Barisal,83.87,41.6
2025.0,6.0,Patuakhali,Barisal,440.89,218.4
2025.0,6.0,Pirojpur,Barisal,242.99,120.4
2025.0,6.0,Bandarban,Chittagong,2782.63,1378.6
2025.0,6.0,Brahamanbaria,Chittagong,465.66,230.7
2025.0,6.0,Chandpur,Chittagong,343.42,170.1
2025.0,6.0,Chittagong,Chittagong,1942.95,962.6
2025.0,6.0,Comilla,Chittagong,996.18,493.5
2025.0,6.0,Cox's Bazar,Chittagong,429.53,212.8
2025.0,6.0,Feni,Chittagong,397.1,196.7
2025.0,6.0,Khagrachhari,Chittagong,1616.86,801.0
2025.0,6.0,Lakshmipur,Chittagong,324.68,160.9
2025.0,6.0,Noakhali,Chittagong,364.6,180.6
2025.0,6.0,Rangamati,Chittagong,618.4,306.4
2025.0,6.0,Dhaka,Dhaka,445.91,220.9
2025.0,6.0,Faridpur,Dhaka,136.77,67.8
2025.0,6.0,Gazipur,Dhaka,316.69,156.9
2025.0,6.0,Gopalganj,Dhaka,523.23,259.2
2025.0,6.0,Jamalpur,Dhaka,192.56,95.4
2025.0,6.0,Kishoreganj,Dhaka,1275.93,632.1
2025.0,6.0,Madaripur,Dhaka,169.84,84.1
2025.0,6.0,Manikganj,Dhaka,221.85,109.9
2025.0,6.0,Munshiganj,Dhaka,149.89,74.3
2025.0,6.0,Mymensingh,Dhaka,1594.69,790.1
2025.0,6.0,Narayanganj,Dhaka,66.56,33.0
2025.0,6.0,Narsingdi,Dhaka,134.39,66.6
2025.0,6.0,Netrakona,Dhaka,1164.14,576.8
2025.0,6.0,Rajbari,Dhaka,127.56,63.2
2025.0,6.0,Shariatpur,Dhaka,174.36,86.4
2025.0,6.0,Sherpur,Dhaka,387.21,191.8
2025.0,6.0,Tangail,Dhaka,275.87,136.7
2025.0,6.0,Bagerhat,Khulna,1394.87,691.1
2025.0,6.0,Chuadanga,Khulna,523.11,259.2
2025.0,6.0,Jessore,Khulna,289.16,143.3
2025.0,6.0,Jhenaidah,Khulna,745.47,369.3
2025.0,6.0,Khulna,Khulna,995.57,493.2
2025.0,6.0,Kushtia,Khulna,117.77,58.3
2025.0,6.0,Magura,Khulna,113.66,56.3
2025.0,6.0,Meherpur,Khulna,331.52,164.2
2025.0,6.0,Narail,Khulna,174.1,86.3
2025.0,6.0,Satkhira,Khulna,1144.97,567.3
2025.0,6.0,Habiganj,Sylhet,811.21,401.9
2025.0,6.0,Maulvibazar,Sylhet,522.02,258.6
2025.0,6.0,Sunamganj,Sylhet,2545.31,1261.0
2025.0,6.0,Sylhet,Sylhet,1276.86,632.6
2025.0,6.0,Bogra,Rajshahi,233.86,115.9
2025.0,6.0,Joypurhat,Rajshahi,675.96,334.9
2025.0,6.0,Naogaon,Rajshahi,895.04,443.4
2025.0,6.0,Natore,Rajshahi,240.98,119.4
2025.0,6.0,Nawabganj,Rajshahi,148.87,73.8
2025.0,6.0,Pabna,Rajshahi,192.23,95.2
2025.0,6.0,Rajshahi,Rajshahi,233.04,115.5
2025.0,6.0,Sirajganj,Rajshahi,461.38,228.6
2025.0,6.0,Dinajpur,Rangpur,2375.61,1177.0
2025.0,6.0,Gaibandha,Rangpur,378.57,187.6
2025.0,6.0,Kurigram,Rangpur,532.96,264.0
2025.0,6.0,Lalmonirhat,Rangpur,83.88,41.6
2025.0,6.0,Nilphamari,Rangpur,476.2,235.9
2025.0,6.0,Panchagarh,Rangpur,821.74,407.1
2025.0,6.0,Rangpur,Rangpur,1310.08,649.1
2025.0,6.0,Thakurgaon,Rangpur,1237.7,613.2
2025.0,6.0,Barguna,Barisal,281.4,139.4
2025.0,7.0,Barisal,Barisal,744.38,368.8
2025.0,7.0,Bhola,Barisal,722.4,357.9
2025.0,7.0,Jhalokati,Barisal,182.86,90.6
2025.0,7.0,Patuakhali,Barisal,555.51,275.2
2025.0,7.0,Pirojpur,Barisal,316.1,156.6
2025.0,7.0,Bandarban,Chittagong,2642.19,1309.0
2025.0,7.0,Brahamanbaria,Chittagong,356.02,176.4
2025.0,7.0,Chandpur,Chittagong,338.6,167.8
2025.0,7.0,Chittagong,Chittagong,1624.5,804.8
2025.0,7.0,Comilla,Chittagong,572.96,283.9
2025.0,7.0,Cox's Bazar,Chittagong,425.29,210.7
2025.0,7.0,Feni,Chittagong,380.08,188.3
2025.0,7.0,Khagrachhari,Chittagong,1708.05,846.2
2025.0,7.0,Lakshmipur,Chittagong,348.91,172.9
2025.0,7.0,Noakhali,Chittagong,461.34,228.6
2025.0,7.0,Rangamati,Chittagong,467.95,231.8
2025.0,7.0,Dhaka,Dhaka,110.79,54.9
2025.0,7.0,Faridpur,Dhaka,175.18,86.8
2025.0,7.0,Gazipur,Dhaka,151.45,75.0
2025.0,7.0,Gopalganj,Dhaka,544.48,269.8
2025.0,7.0,Jamalpur,Dhaka,131.12,65.0
2025.0,7.0,Kishoreganj,Dhaka,1049.8,520.1
2025.0,7.0,Madaripur,Dhaka,134.2,66.5
2025.0,7.0,Manikganj,Dhaka,229.98,113.9
2025.0,7.0,Munshiganj,Dhaka,138.17,68.5
2025.0,7.0,Mymensingh,Dhaka,1305.62,646.8
2025.0,7.0,Narayanganj,Dhaka,63.87,31.6
2025.0,7.0,Narsingdi,Dhaka,123.28,61.1
2025.0,7.0,Netrakona,Dhaka,695.49,344.6
2025.0,7.0,Rajbari,Dhaka,145.91,72.3
2025.0,7.0,Shariatpur,Dhaka,203.66,100.9
2025.0,7.0,Sherpur,Dhaka,209.49,103.8
2025.0,7.0,Tangail,Dhaka,211.7,104.9
2025.0,7.0,Bagerhat,Khulna,1406.42,696.8
2025.0,7.0,Chuadanga,Khulna,554.11,274.5
2025.0,7.0,Jessore,Khulna,792.33,392.5
2025.0,7.0,Jhenaidah,Khulna,580.84,287.8
2025.0,7.0,Khulna,Khulna,1554.99,770.4
2025.0,7.0,Kushtia,Khulna,148.56,73.6
2025.0,7.0,Magura,Khulna,293.73,145.5
2025.0,7.0,Meherpur,Khulna,357.25,177.0
2025.0,7.0,Narail,Khulna,254.78,126.2
2025.0,7.0,Satkhira,Khulna,1525.66,755.9
2025.0,7.0,Habiganj,Sylhet,589.35,292.0
2025.0,7.0,Maulvibazar,Sylhet,643.73,318.9
2025.0,7.0,Sunamganj,Sylhet,2033.21,1007.3
2025.0,7.0,Sylhet,Sylhet,753.24,373.2
2025.0,7.0,Bogra,Rajshahi,504.37,249.9
2025.0,7.0,Joypurhat,Rajshahi,270.5,134.0
2025.0,7.0,Naogaon,Rajshahi,947.53,469.4
2025.0,7.0,Natore,Rajshahi,198.41,98.3
2025.0,7.0,Nawabganj,Rajshahi,275.37,136.4
2025.0,7.0,Pabna,Rajshahi,290.39,143.9
2025.0,7.0,Rajshahi,Rajshahi,543.53,269.3
2025.0,7.0,Sirajganj,Rajshahi,465.05,230.4
2025.0,7.0,Dinajpur,Rangpur,858.51,425.3
2025.0,7.0,Gaibandha,Rangpur,296.19,146.7
2025.0,7.0,Kurigram,Rangpur,409.39,202.8
2025.0,7.0,Lalmonirhat,Rangpur,230.72,114.3
2025.0,7.0,Nilphamari,Rangpur,489.4,242.5
2025.0,7.0,Panchagarh,Rangpur,466.37,231.1
2025.0,7.0,Rangpur,Rangpur,1116.21,553.0
2025.0,7.0,Thakurgaon,Rangpur,480.96,238.3
2025.0,7.0,Barguna,Barisal,221.57,109.8
2025.0,8.0,Barisal,Barisal,579.56,287.1
2025.0,8.0,Bhola,Barisal,736.28,364.8
2025.0,8.0,Jhalokati,Barisal,174.59,86.5
2025.0,8.0,Patuakhali,Barisal,544.79,269.9
2025.0,8.0,Pirojpur,Barisal,338.91,167.9
2025.0,8.0,Bandarban,Chittagong,2522.1,1249.5
2025.0,8.0,Brahamanbaria,Chittagong,428.51,212.3
2025.0,8.0,Chandpur,Chittagong,330.89,163.9
2025.0,8.0,Chittagong,Chittagong,1810.63,897.0
2025.0,8.0,Comilla,Chittagong,463.89,229.8
2025.0,8.0,Cox's Bazar,Chittagong,456.1,226.0
2025.0,8.0,Feni,Chittagong,302.64,149.9
2025.0,8.0,Khagrachhari,Chittagong,1375.73,681.6
2025.0,8.0,Lakshmipur,Chittagong,351.04,173.9
2025.0,8.0,Noakhali,Chittagong,387.07,191.8
2025.0,8.0,Rangamati,Chittagong,537.56,266.3
2025.0,8.0,Dhaka,Dhaka,111.84,55.4
2025.0,8.0,Faridpur,Dhaka,306.79,152.0
2025.0,8.0,Gazipur,Dhaka,231.52,114.7
2025.0,8.0,Gopalganj,Dhaka,420.04,208.1
2025.0,8.0,Jamalpur,Dhaka,157.17,77.9
2025.0,8.0,Kishoreganj,Dhaka,1098.89,544.4
2025.0,8.0,Madaripur,Dhaka,140.53,69.6
2025.0,8.0,Manikganj,Dhaka,258.13,127.9
2025.0,8.0,Munshiganj,Dhaka,135.55,67.2
2025.0,8.0,Mymensingh,Dhaka,1876.11,929.5
2025.0,8.0,Narayanganj,Dhaka,65.82,32.6
2025.0,8.0,Narsingdi,Dhaka,150.98,74.8
2025.0,8.0,Netrakona,Dhaka,791.97,392.4
2025.0,8.0,Rajbari,Dhaka,230.87,114.4
2025.0,8.0,Shariatpur,Dhaka,186.34,92.3
2025.0,8.0,Sherpur,Dhaka,516.89,256.1
2025.0,8.0,Tangail,Dhaka,262.19,129.9
2025.0,8.0,Bagerhat,Khulna,1414.8,700.9
2025.0,8.0,Chuadanga,Khulna,578.1,286.4
2025.0,8.0,Jessore,Khulna,579.86,287.3
2025.0,8.0,Jhenaidah,Khulna,891.84,441.8
2025.0,8.0,Khulna,Khulna,1670.1,827.4
2025.0,8.0,Kushtia,Khulna,197.22,97.7
2025.0,8.0,Magura,Khulna,214.87,106.5
2025.0,8.0,Meherpur,Khulna,404.92,200.6
2025.0,8.0,Narail,Khulna,159.53,79.0
2025.0,8.0,Satkhira,Khulna,1585.25,785.4
2025.0,8.0,Habiganj,Sylhet,504.82,250.1
2025.0,8.0,Maulvibazar,Sylhet,434.89,215.5
2025.0,8.0,Sunamganj,Sylhet,2114.33,1047.5
2025.0,8.0,Sylhet,Sylhet,788.21,390.5
2025.0,8.0,Bogra,Rajshahi,717.45,355.4
2025.0,8.0,Joypurhat,Rajshahi,763.91,378.5
2025.0,8.0,Naogaon,Rajshahi,639.49,316.8
2025.0,8.0,Natore,Rajshahi,430.12,213.1
2025.0,8.0,Nawabganj,Rajshahi,266.09,131.8
2025.0,8.0,Pabna,Rajshahi,405.82,201.1
2025.0,8.0,Rajshahi,Rajshahi,337.32,167.1
2025.0,8.0,Sirajganj,Rajshahi,599.51,297.0
2025.0,8.0,Dinajpur,Rangpur,2273.44,1126.3
2025.0,8.0,Gaibandha,Rangpur,335.72,166.3
2025.0,8.0,Kurigram,Rangpur,462.7,229.2
2025.0,8.0,Lalmonirhat,Rangpur,560.43,277.7
2025.0,8.0,Nilphamari,Rangpur,1029.8,510.2
2025.0,8.0,Panchagarh,Rangpur,880.98,436.5
2025.0,8.0,Rangpur,Rangpur,1528.54,757.3
2025.0,8.0,Thakurgaon,Rangpur,1331.23,659.5
2025.0,8.0,Barguna,Barisal,274.52,136.0
2025.0,9.0,Barisal,Barisal,770.78,381.9
2025.0,9.0,Bhola,Barisal,758.4,375.7
2025.0,9.0,Jhalokati,Barisal,213.97,106.0
2025.0,9.0,Patuakhali,Barisal,393.4,194.9
2025.0,9.0,Pirojpur,Barisal,378.0,187.3
2025.0,9.0,Bandarban,Chittagong,2870.76,1422.3
2025.0,9.0,Brahamanbaria,Chittagong,358.35,177.5
2025.0,9.0,Chandpur,Chittagong,339.49,168.2
2025.0,9.0,Chittagong,Chittagong,1403.52,695.4
2025.0,9.0,Comilla,Chittagong,877.72,434.9
2025.0,9.0,Cox's Bazar,Chittagong,175.4,86.9
2025.0,9.0,Feni,Chittagong,414.62,205.4
2025.0,9.0,Khagrachhari,Chittagong,714.22,353.8
2025.0,9.0,Lakshmipur,Chittagong,335.26,166.1
2025.0,9.0,Noakhali,Chittagong,232.24,115.1
2025.0,9.0,Rangamati,Chittagong,519.53,257.4
2025.0,9.0,Dhaka,Dhaka,106.29,52.7
2025.0,9.0,Faridpur,Dhaka,221.43,109.7
2025.0,9.0,Gazipur,Dhaka,127.08,63.0
2025.0,9.0,Gopalganj,Dhaka,459.82,227.8
2025.0,9.0,Jamalpur,Dhaka,153.6,76.1
2025.0,9.0,Kishoreganj,Dhaka,1098.66,544.3
2025.0,9.0,Madaripur,Dhaka,125.84,62.3
2025.0,9.0,Manikganj,Dhaka,244.93,121.3
2025.0,9.0,Munshiganj,Dhaka,135.3,67.0
2025.0,9.0,Mymensingh,Dhaka,2322.39,1150.6
2025.0,9.0,Narayanganj,Dhaka,63.42,31.4
2025.0,9.0,Narsingdi,Dhaka,117.44,58.2
2025.0,9.0,Netrakona,Dhaka,701.0,347.3
2025.0,9.0,Rajbari,Dhaka,184.62,91.5
2025.0,9.0,Shariatpur,Dhaka,215.25,106.6
2025.0,9.0,Sherpur,Dhaka,556.11,275.5
2025.0,9.0,Tangail,Dhaka,202.68,100.4
2025.0,9.0,Bagerhat,Khulna,1467.26,726.9
2025.0,9.0,Chuadanga,Khulna,564.79,279.8
2025.0,9.0,Jessore,Khulna,304.54,150.9
2025.0,9.0,Jhenaidah,Khulna,1046.71,518.6
2025.0,9.0,Khulna,Khulna,1625.99,805.6
2025.0,9.0,Kushtia,Khulna,183.75,91.0
2025.0,9.0,Magura,Khulna,86.93,43.1
2025.0,9.0,Meherpur,Khulna,370.3,183.5
2025.0,9.0,Narail,Khulna,147.57,73.1
2025.0,9.0,Satkhira,Khulna,1389.42,688.4
2025.0,9.0,Habiganj,Sylhet,274.89,136.2
2025.0,9.0,Maulvibazar,Sylhet,345.59,171.2
2025.0,9.0,Sunamganj,Sylhet,1985.66,983.8
2025.0,9.0,Sylhet,Sylhet,601.68,298.1
2025.0,9.0,Bogra,Rajshahi,307.2,152.2
2025.0,9.0,Joypurhat,Rajshahi,792.72,392.7
2025.0,9.0,Naogaon,Rajshahi,1018.19,504.4
2025.0,9.0,Natore,Rajshahi,206.93,102.5
2025.0,9.0,Nawabganj,Rajshahi,249.08,123.4
2025.0,9.0,Pabna,Rajshahi,369.88,183.3
2025.0,9.0,Rajshahi,Rajshahi,290.12,143.7
2025.0,9.0,Sirajganj,Rajshahi,548.69,271.8
2025.0,9.0,Dinajpur,Rangpur,2763.93,1369.3
2025.0,9.0,Gaibandha,Rangpur,323.83,160.4
2025.0,9.0,Kurigram,Rangpur,458.27,227.0
2025.0,9.0,Lalmonirhat,Rangpur,524.59,259.9
2025.0,9.0,Nilphamari,Rangpur,1112.09,551.0
2025.0,9.0,Panchagarh,Rangpur,923.45,457.5
2025.0,9.0,Rangpur,Rangpur,1786.08,884.9
2025.0,9.0,Thakurgaon,Rangpur,1505.53,745.9
2025.0,9.0,Barguna,Barisal,280.57,139.0
2025.0,10.0,Barisal,Barisal,521.52,258.4
2025.0,10.0,Bhola,Barisal,695.91,344.8
2025.0,10.0,Jhalokati,Barisal,36.85,18.3
2025.0,10.0,Patuakhali,Barisal,241.93,119.9
2025.0,10.0,Pirojpur,Barisal,99.79,49.4
2025.0,10.0,Bandarban,Chittagong,2663.33,1319.5
2025.0,10.0,Brahamanbaria,Chittagong,314.89,156.0
2025.0,10.0,Chandpur,Chittagong,304.28,150.8
2025.0,10.0,Chittagong,Chittagong,1768.56,876.2
2025.0,10.0,Comilla,Chittagong,1268.47,628.4
2025.0,10.0,Cox's Bazar,Chittagong,311.43,154.3
2025.0,10.0,Feni,Chittagong,448.45,222.2
2025.0,10.0,Khagrachhari,Chittagong,1374.63,681.0
2025.0,10.0,Lakshmipur,Chittagong,306.96,152.1
2025.0,10.0,Noakhali,Chittagong,212.82,105.4
2025.0,10.0,Rangamati,Chittagong,513.0,254.2
2025.0,10.0,Dhaka,Dhaka,96.33,47.7
2025.0,10.0,Faridpur,Dhaka,154.27,76.4
2025.0,10.0,Gazipur,Dhaka,138.02,68.4
2025.0,10.0,Gopalganj,Dhaka,246.66,122.2
2025.0,10.0,Jamalpur,Dhaka,140.16,69.4
2025.0,10.0,Kishoreganj,Dhaka,972.93,482.0
2025.0,10.0,Madaripur,Dhaka,111.32,55.2
2025.0,10.0,Manikganj,Dhaka,226.4,112.2
2025.0,10.0,Munshiganj,Dhaka,127.88,63.4
2025.0,10.0,Mymensingh,Dhaka,2377.03,1177.7
2025.0,10.0,Narayanganj,Dhaka,56.38,27.9
2025.0,10.0,Narsingdi,Dhaka,93.22,46.2
2025.0,10.0,Netrakona,Dhaka,577.04,285.9
2025.0,10.0,Rajbari,Dhaka,137.45,68.1
2025.0,10.0,Shariatpur,Dhaka,173.41,85.9
2025.0,10.0,Sherpur,Dhaka,753.3,373.2
2025.0,10.0,Tangail,Dhaka,154.02,76.3
2025.0,10.0,Bagerhat,Khulna,1201.76,595.4
2025.0,10.0,Chuadanga,Khulna,498.35,246.9
2025.0,10.0,Jessore,Khulna,611.27,302.8
2025.0,10.0,Jhenaidah,Khulna,985.11,488.1
2025.0,10.0,Khulna,Khulna,1040.4,515.4
2025.0,10.0,Kushtia,Khulna,138.62,68.7
2025.0,10.0,Magura,Khulna,73.97,36.6
2025.0,10.0,Meherpur,Khulna,279.58,138.5
2025.0,10.0,Narail,Khulna,114.76,56.9
2025.0,10.0,Satkhira,Khulna,1417.98,702.5
2025.0,10.0,Habiganj,Sylhet,244.42,121.1
2025.0,10.0,Maulvibazar,Sylhet,267.59,132.6
2025.0,10.0,Sunamganj,Sylhet,1770.6,877.2
2025.0,10.0,Sylhet,Sylhet,484.02,239.8
2025.0,10.0,Bogra,Rajshahi,242.59,120.2
2025.0,10.0,Joypurhat,Rajshahi,801.1,396.9
2025.0,10.0,Naogaon,Rajshahi,1209.52,599.2
2025.0,10.0,Natore,Rajshahi,130.08,64.4
2025.0,10.0,Nawabganj,Rajshahi,201.71,99.9
2025.0,10.0,Pabna,Rajshahi,275.01,136.2
2025.0,10.0,Rajshahi,Rajshahi,313.74,155.4
2025.0,10.0,Sirajganj,Rajshahi,431.01,213.5
2025.0,10.0,Dinajpur,Rangpur,2780.98,1377.8
2025.0,10.0,Gaibandha,Rangpur,266.95,132.3
2025.0,10.0,Kurigram,Rangpur,371.28,183.9
2025.0,10.0,Lalmonirhat,Rangpur,759.47,376.3
2025.0,10.0,Nilphamari,Rangpur,1112.38,551.1
2025.0,10.0,Panchagarh,Rangpur,958.44,474.8
2025.0,10.0,Rangpur,Rangpur,1790.7,887.2
2025.0,10.0,Thakurgaon,Rangpur,1389.9,688.6
2025.0,10.0,Barguna,Barisal,161.4,80.0
2025.0,11.0,Barisal,Barisal,537.81,266.4
2025.0,11.0,Bhola,Barisal,691.96,342.8
2025.0,11.0,Jhalokati,Barisal,41.05,20.3
2025.0,11.0,Patuakhali,Barisal,236.84,117.3
2025.0,11.0,Pirojpur,Barisal,114.15,56.6
2025.0,11.0,Bandarban,Chittagong,2942.32,1457.7
2025.0,11.0,Brahamanbaria,Chittagong,171.54,85.0
2025.0,11.0,Chandpur,Chittagong,293.68,145.5
2025.0,11.0,Chittagong,Chittagong,1316.06,652.0
2025.0,11.0,Comilla,Chittagong,1490.85,738.6
2025.0,11.0,Cox's Bazar,Chittagong,267.64,132.6
2025.0,11.0,Feni,Chittagong,465.76,230.8
2025.0,11.0,Khagrachhari,Chittagong,1594.32,789.9
2025.0,11.0,Lakshmipur,Chittagong,303.16,150.2
2025.0,11.0,Noakhali,Chittagong,205.76,101.9
2025.0,11.0,Rangamati,Chittagong,496.63,246.0
2025.0,11.0,Dhaka,Dhaka,134.98,66.9
2025.0,11.0,Faridpur,Dhaka,111.45,55.2
2025.0,11.0,Gazipur,Dhaka,713.62,353.6
2025.0,11.0,Gopalganj,Dhaka,285.81,141.6
2025.0,11.0,Jamalpur,Dhaka,152.91,75.8
2025.0,11.0,Kishoreganj,Dhaka,410.74,203.5
2025.0,11.0,Madaripur,Dhaka,111.91,55.4
2025.0,11.0,Manikganj,Dhaka,206.45,102.3
2025.0,11.0,Munshiganj,Dhaka,121.99,60.4
2025.0,11.0,Mymensingh,Dhaka,2362.29,1170.4
2025.0,11.0,Narayanganj,Dhaka,50.99,25.3
2025.0,11.0,Narsingdi,Dhaka,71.37,35.4
2025.0,11.0,Netrakona,Dhaka,378.96,187.7
2025.0,11.0,Rajbari,Dhaka,123.23,61.1
2025.0,11.0,Shariatpur,Dhaka,165.63,82.1
2025.0,11.0,Sherpur,Dhaka,777.41,385.2
2025.0,11.0,Tangail,Dhaka,465.09,230.4
2025.0,11.0,Bagerhat,Khulna,1159.92,574.7
2025.0,11.0,Chuadanga,Khulna,541.02,268.0
2025.0,11.0,Jessore,Khulna,239.6,118.7
2025.0,11.0,Jhenaidah,Khulna,1107.86,548.9
2025.0,11.0,Khulna,Khulna,1304.38,646.2
2025.0,11.0,Kushtia,Khulna,135.07,66.9
2025.0,11.0,Magura,Khulna,36.84,18.3
2025.0,11.0,Meherpur,Khulna,340.29,168.6
2025.0,11.0,Narail,Khulna,127.53,63.2
2025.0,11.0,Satkhira,Khulna,1459.4,723.0
2025.0,11.0,Habiganj,Sylhet,431.89,214.0
2025.0,11.0,Maulvibazar,Sylhet,212.27,105.2
2025.0,11.0,Sunamganj,Sylhet,1245.51,617.1
2025.0,11.0,Sylhet,Sylhet,447.18,221.5
2025.0,11.0,Bogra,Rajshahi,232.22,115.0
2025.0,11.0,Joypurhat,Rajshahi,797.93,395.3
2025.0,11.0,Naogaon,Rajshahi,1103.1,546.5
2025.0,11.0,Natore,Rajshahi,143.16,70.9
2025.0,11.0,Nawabganj,Rajshahi,179.57,89.0
2025.0,11.0,Pabna,Rajshahi,168.58,83.5
2025.0,11.0,Rajshahi,Rajshahi,233.03,115.5
2025.0,11.0,Sirajganj,Rajshahi,365.14,180.9
2025.0,11.0,Dinajpur,Rangpur,2691.71,1333.6
2025.0,11.0,Gaibandha,Rangpur,257.38,127.5
2025.0,11.0,Kurigram,Rangpur,350.11,173.5
2025.0,11.0,Lalmonirhat,Rangpur,681.28,337.5
2025.0,11.0,Nilphamari,Rangpur,950.98,471.1
2025.0,11.0,Panchagarh,Rangpur,807.07,399.8
2025.0,11.0,Rangpur,Rangpur,1706.1,845.3
2025.0,11.0,Thakurgaon,Rangpur,1517.21,751.7
2025.0,11.0,Barguna,Barisal,159.49,79.0
2025.0,12.0,Barisal,Barisal,477.97,236.8
2025.0,12.0,Bhola,Barisal,662.46,328.2
2025.0,12.0,Jhalokati,Barisal,37.17,18.4
2025.0,12.0,Patuakhali,Barisal,233.6,115.7
2025.0,12.0,Pirojpur,Barisal,108.22,53.6
2025.0,12.0,Bandarban,Chittagong,2665.99,1320.8
2025.0,12.0,Brahamanbaria,Chittagong,741.65,367.4
2025.0,12.0,Chandpur,Chittagong,267.56,132.6
2025.0,12.0,Chittagong,Chittagong,1889.62,936.2
2025.0,12.0,Comilla,Chittagong,1528.41,757.2
2025.0,12.0,Cox's Bazar,Chittagong,901.58,446.7
2025.0,12.0,Feni,Chittagong,502.87,249.1
2025.0,12.0,Khagrachhari,Chittagong,1732.83,858.5
2025.0,12.0,Lakshmipur,Chittagong,293.91,145.6
2025.0,12.0,Noakhali,Chittagong,213.13,105.6
2025.0,12.0,Rangamati,Chittagong,487.48,241.5
2025.0,12.0,Dhaka,Dhaka,753.64,373.4
2025.0,12.0,Faridpur,Dhaka,96.65,47.9
2025.0,12.0,Gazipur,Dhaka,846.87,419.6
2025.0,12.0,Gopalganj,Dhaka,334.46,165.7
2025.0,12.0,Jamalpur,Dhaka,264.58,131.1
2025.0,12.0,Kishoreganj,Dhaka,175.18,86.8
2025.0,12.0,Madaripur,Dhaka,109.34,54.2
2025.0,12.0,Manikganj,Dhaka,179.84,89.1
2025.0,12.0,Munshiganj,Dhaka,102.4,50.7
2025.0,12.0,Mymensingh,Dhaka,2322.07,1150.4
2025.0,12.0,Narayanganj,Dhaka,299.18,148.2
2025.0,12.0,Narsingdi,Dhaka,60.81,30.1
2025.0,12.0,Netrakona,Dhaka,465.18,230.5
2025.0,12.0,Rajbari,Dhaka,110.58,54.8
2025.0,12.0,Shariatpur,Dhaka,151.45,75.0
2025.0,12.0,Sherpur,Dhaka,976.15,483.6
2025.0,12.0,Tangail,Dhaka,1592.28,788.9
2025.0,12.0,Bagerhat,Khulna,1044.43,517.4
2025.0,12.0,Chuadanga,Khulna,844.95,418.6
2025.0,12.0,Jessore,Khulna,264.5,131.0
2025.0,12.0,Jhenaidah,Khulna,1167.81,578.6
2025.0,12.0,Khulna,Khulna,1079.27,534.7
2025.0,12.0,Kushtia,Khulna,140.07,69.4
2025.0,12.0,Magura,Khulna,434.03,215.0
2025.0,12.0,Meherpur,Khulna,445.78,220.9
2025.0,12.0,Narail,Khulna,179.09,88.7
2025.0,12.0,Satkhira,Khulna,1346.61,667.2
2025.0,12.0,Habiganj,Sylhet,1029.37,510.0
2025.0,12.0,Maulvibazar,Sylhet,314.83,156.0
2025.0,12.0,Sunamganj,Sylhet,719.05,356.2
2025.0,12.0,Sylhet,Sylhet,737.91,365.6
2025.0,12.0,Bogra,Rajshahi,267.01,132.3
2025.0,12.0,Joypurhat,Rajshahi,665.09,329.5
2025.0,12.0,Naogaon,Rajshahi,2004.43,993.1
2025.0,12.0,Natore,Rajshahi,470.17,232.9
2025.0,12.0,Nawabganj,Rajshahi,257.75,127.7
2025.0,12.0,Pabna,Rajshahi,182.3,90.3
2025.0,12.0,Rajshahi,Rajshahi,377.05,186.8
2025.0,12.0,Sirajganj,Rajshahi,299.01,148.1
2025.0,12.0,Dinajpur,Rangpur,2744.67,1359.8
2025.0,12.0,Gaibandha,Rangpur,253.34,125.5
2025.0,12.0,Kurigram,Rangpur,343.88,170.4
2025.0,12.0,Lalmonirhat,Rangpur,756.69,374.9
2025.0,12.0,Nilphamari,Rangpur,1041.62,516.1
2025.0,12.0,Panchagarh,Rangpur,731.77,362.5
2025.0,12.0,Rangpur,Rangpur,1781.96,882.8
2025.0,12.0,Thakurgaon,Rangpur,1303.34,645.7
2025.0,12.0,Barguna,Barisal,160.31,79.4
